$ jest --passWithNoTests --runInBand --runTestsByPath src/server/__tests__/verifyActingAs.test.ts src/server/__tests__/actingAsFreshness.test.ts src/server/__tests__/serviceAuth.test.ts src/server/__tests__/serviceTokenJwks.test.ts src/server/__tests__/serviceTokenWorkloadFallback.test.ts
FAIL src/server/__tests__/serviceAuth.test.ts
  ● Console

    console.warn
      2026-10-03T02:26:38.183Z WARN [oxy.auth] refused INVALID_SERVICE_TOKEN_CLAIMS: ServiceTokenClaimError: Service token lifetime must be positive and at most 300 seconds {
        component: 'auth',
        method: 'auth',
        code: 'INVALID_SERVICE_TOKEN_CLAIMS',
        stage: 'service-token',
        reason: 'ServiceTokenClaimError: Service token lifetime must be positive and at most 300 seconds',
        status: 401,
        optional: false,
        path: '/test'
      }

      120 |   const line = `${formatPrefix(entry)} ${entry.message}`;
      121 |   if (entry.level === 'error') console.error(line, ...extras);
    > 122 |   else if (entry.level === 'warn') console.warn(line, ...extras);
          |                                            ^
      123 |   else console.log(line, ...extras);
      124 | };
      125 |

      at Object.consoleSink [as sink] (src/logger/index.ts:122:44)
      at emit (src/logger/index.ts:172:10)
      at Object.warn (src/logger/index.ts:191:7)
      at recordRefusal (src/server/middleware.ts:422:14)
      at src/server/middleware.ts:548:15
      at Object.<anonymous> (src/server/__tests__/serviceAuth.test.ts:153:5)

    console.warn
      2026-10-03T02:26:38.195Z WARN [oxy.auth] refused INVALID_SERVICE_TOKEN_CLAIMS: ServiceTokenClaimError: Service token lifetime must be positive and at most 300 seconds {
        component: 'auth',
        method: 'auth',
        code: 'INVALID_SERVICE_TOKEN_CLAIMS',
        stage: 'service-token',
        reason: 'ServiceTokenClaimError: Service token lifetime must be positive and at most 300 seconds',
        status: 401,
        optional: false,
        path: '/test'
      }

      120 |   const line = `${formatPrefix(entry)} ${entry.message}`;
      121 |   if (entry.level === 'error') console.error(line, ...extras);
    > 122 |   else if (entry.level === 'warn') console.warn(line, ...extras);
          |                                            ^
      123 |   else console.log(line, ...extras);
      124 | };
      125 |

      at Object.consoleSink [as sink] (src/logger/index.ts:122:44)
      at emit (src/logger/index.ts:172:10)
      at Object.warn (src/logger/index.ts:191:7)
      at recordRefusal (src/server/middleware.ts:422:14)
      at src/server/middleware.ts:548:15
      at Object.<anonymous> (src/server/__tests__/serviceAuth.test.ts:181:5)

    console.warn
      2026-10-03T02:26:38.197Z WARN [oxy.auth] refused INVALID_SERVICE_TOKEN_CLAIMS: ServiceTokenClaimError: Service token lifetime must be positive and at most 300 seconds {
        component: 'auth',
        method: 'auth',
        code: 'INVALID_SERVICE_TOKEN_CLAIMS',
        stage: 'service-token',
        reason: 'ServiceTokenClaimError: Service token lifetime must be positive and at most 300 seconds',
        status: 401,
        optional: false,
        path: '/test'
      }

      120 |   const line = `${formatPrefix(entry)} ${entry.message}`;
      121 |   if (entry.level === 'error') console.error(line, ...extras);
    > 122 |   else if (entry.level === 'warn') console.warn(line, ...extras);
          |                                            ^
      123 |   else console.log(line, ...extras);
      124 | };
      125 |

      at Object.consoleSink [as sink] (src/logger/index.ts:122:44)
      at emit (src/logger/index.ts:172:10)
      at Object.warn (src/logger/index.ts:191:7)
      at recordRefusal (src/server/middleware.ts:422:14)
      at src/server/middleware.ts:548:15
      at Object.<anonymous> (src/server/__tests__/serviceAuth.test.ts:209:5)

    console.warn
      2026-10-03T02:26:38.198Z WARN [oxy.auth] refused INVALID_SERVICE_TOKEN_CLAIMS: ServiceTokenClaimError: Service token lifetime must be positive and at most 300 seconds {
        component: 'auth',
        method: 'auth',
        code: 'INVALID_SERVICE_TOKEN_CLAIMS',
        stage: 'service-token',
        reason: 'ServiceTokenClaimError: Service token lifetime must be positive and at most 300 seconds',
        status: 401,
        optional: false,
        path: '/test'
      }

      120 |   const line = `${formatPrefix(entry)} ${entry.message}`;
      121 |   if (entry.level === 'error') console.error(line, ...extras);
    > 122 |   else if (entry.level === 'warn') console.warn(line, ...extras);
          |                                            ^
      123 |   else console.log(line, ...extras);
      124 | };
      125 |

      at Object.consoleSink [as sink] (src/logger/index.ts:122:44)
      at emit (src/logger/index.ts:172:10)
      at Object.warn (src/logger/index.ts:191:7)
      at recordRefusal (src/server/middleware.ts:422:14)
      at src/server/middleware.ts:548:15
      at Object.<anonymous> (src/server/__tests__/serviceAuth.test.ts:224:5)

    console.warn
      2026-10-03T02:26:38.201Z WARN [oxy.auth] refused INVALID_SERVICE_TOKEN_CLAIMS: ServiceTokenClaimError: Service token lifetime must be positive and at most 300 seconds {
        component: 'auth',
        method: 'auth',
        code: 'INVALID_SERVICE_TOKEN_CLAIMS',
        stage: 'service-token',
        reason: 'ServiceTokenClaimError: Service token lifetime must be positive and at most 300 seconds',
        status: 401,
        optional: false,
        path: '/test'
      }

      120 |   const line = `${formatPrefix(entry)} ${entry.message}`;
      121 |   if (entry.level === 'error') console.error(line, ...extras);
    > 122 |   else if (entry.level === 'warn') console.warn(line, ...extras);
          |                                            ^
      123 |   else console.log(line, ...extras);
      124 | };
      125 |

      at Object.consoleSink [as sink] (src/logger/index.ts:122:44)
      at emit (src/logger/index.ts:172:10)
      at Object.warn (src/logger/index.ts:191:7)
      at recordRefusal (src/server/middleware.ts:422:14)
      at src/server/middleware.ts:548:15
      at Object.<anonymous> (src/server/__tests__/serviceAuth.test.ts:243:5)

    console.warn
      2026-10-03T02:26:38.204Z WARN [oxy.auth] refused INVALID_SERVICE_TOKEN_CLAIMS: ServiceTokenClaimError: Service token lifetime must be positive and at most 300 seconds {
        component: 'auth',
        method: 'auth',
        code: 'INVALID_SERVICE_TOKEN_CLAIMS',
        stage: 'service-token',
        reason: 'ServiceTokenClaimError: Service token lifetime must be positive and at most 300 seconds',
        status: 401,
        optional: false,
        path: '/test'
      }

      120 |   const line = `${formatPrefix(entry)} ${entry.message}`;
      121 |   if (entry.level === 'error') console.error(line, ...extras);
    > 122 |   else if (entry.level === 'warn') console.warn(line, ...extras);
          |                                            ^
      123 |   else console.log(line, ...extras);
      124 | };
      125 |

      at Object.consoleSink [as sink] (src/logger/index.ts:122:44)
      at emit (src/logger/index.ts:172:10)
      at Object.warn (src/logger/index.ts:191:7)
      at recordRefusal (src/server/middleware.ts:422:14)
      at src/server/middleware.ts:548:15
      at Object.<anonymous> (src/server/__tests__/serviceAuth.test.ts:262:5)

    console.warn
      2026-10-03T02:26:38.205Z WARN [oxy.auth] refused INVALID_SERVICE_TOKEN_CLAIMS: ServiceTokenClaimError: Service token lifetime must be positive and at most 300 seconds {
        component: 'auth',
        method: 'auth',
        code: 'INVALID_SERVICE_TOKEN_CLAIMS',
        stage: 'service-token',
        reason: 'ServiceTokenClaimError: Service token lifetime must be positive and at most 300 seconds',
        status: 401,
        optional: false,
        path: '/test'
      }

      120 |   const line = `${formatPrefix(entry)} ${entry.message}`;
      121 |   if (entry.level === 'error') console.error(line, ...extras);
    > 122 |   else if (entry.level === 'warn') console.warn(line, ...extras);
          |                                            ^
      123 |   else console.log(line, ...extras);
      124 | };
      125 |

      at Object.consoleSink [as sink] (src/logger/index.ts:122:44)
      at emit (src/logger/index.ts:172:10)
      at Object.warn (src/logger/index.ts:191:7)
      at recordRefusal (src/server/middleware.ts:422:14)
      at src/server/middleware.ts:548:15
      at Object.<anonymous> (src/server/__tests__/serviceAuth.test.ts:266:5)

    console.warn
      2026-10-03T02:26:38.211Z WARN [oxy.auth] Service token cache hit with mismatched secret { component: 'auth', method: 'serviceToken' }

      120 |   const line = `${formatPrefix(entry)} ${entry.message}`;
      121 |   if (entry.level === 'error') console.error(line, ...extras);
    > 122 |   else if (entry.level === 'warn') console.warn(line, ...extras);
          |                                            ^
      123 |   else console.log(line, ...extras);
      124 | };
      125 |

      at Object.consoleSink [as sink] (src/logger/index.ts:122:44)
      at emit (src/logger/index.ts:172:10)
      at Object.warn (src/logger/index.ts:191:7)
      at OxyServer.serviceToken (src/server/OxyServer.ts:297:16)
      at Object.<anonymous> (src/server/__tests__/serviceAuth.test.ts:334:5)

    console.warn
      2026-10-03T02:26:38.212Z WARN [oxy.auth] Service token cache hit with mismatched secret { component: 'auth', method: 'serviceToken' }

      120 |   const line = `${formatPrefix(entry)} ${entry.message}`;
      121 |   if (entry.level === 'error') console.error(line, ...extras);
    > 122 |   else if (entry.level === 'warn') console.warn(line, ...extras);
          |                                            ^
      123 |   else console.log(line, ...extras);
      124 | };
      125 |

      at Object.consoleSink [as sink] (src/logger/index.ts:122:44)
      at emit (src/logger/index.ts:172:10)
      at Object.warn (src/logger/index.ts:191:7)
      at OxyServer.serviceToken (src/server/OxyServer.ts:297:16)
      at Object.<anonymous> (src/server/__tests__/serviceAuth.test.ts:351:5)

    console.warn
      2026-10-03T02:26:38.220Z WARN [oxy.auth] refused INVALID_SERVICE_TOKEN: ServiceTokenStructureError: Service token must have 3 parts, got 2 {
        component: 'auth',
        method: 'auth',
        code: 'INVALID_SERVICE_TOKEN',
        stage: 'service-token',
        reason: 'ServiceTokenStructureError: Service token must have 3 parts, got 2',
        status: 401,
        optional: false,
        path: '/test'
      }

      120 |   const line = `${formatPrefix(entry)} ${entry.message}`;
      121 |   if (entry.level === 'error') console.error(line, ...extras);
    > 122 |   else if (entry.level === 'warn') console.warn(line, ...extras);
          |                                            ^
      123 |   else console.log(line, ...extras);
      124 | };
      125 |

      at Object.consoleSink [as sink] (src/logger/index.ts:122:44)
      at emit (src/logger/index.ts:172:10)
      at Object.warn (src/logger/index.ts:191:7)
      at recordRefusal (src/server/middleware.ts:422:14)
      at src/server/middleware.ts:548:15
      at Object.<anonymous> (src/server/__tests__/serviceAuth.test.ts:513:5)

    console.warn
      2026-10-03T02:26:38.221Z WARN [oxy.auth] refused INVALID_SERVICE_TOKEN: ServiceTokenStructureError: Service token has empty segment {
        component: 'auth',
        method: 'auth',
        code: 'INVALID_SERVICE_TOKEN',
        stage: 'service-token',
        reason: 'ServiceTokenStructureError: Service token has empty segment',
        status: 401,
        optional: false,
        path: '/test'
      }

      120 |   const line = `${formatPrefix(entry)} ${entry.message}`;
      121 |   if (entry.level === 'error') console.error(line, ...extras);
    > 122 |   else if (entry.level === 'warn') console.warn(line, ...extras);
          |                                            ^
      123 |   else console.log(line, ...extras);
      124 | };
      125 |

      at Object.consoleSink [as sink] (src/logger/index.ts:122:44)
      at emit (src/logger/index.ts:172:10)
      at Object.warn (src/logger/index.ts:191:7)
      at recordRefusal (src/server/middleware.ts:422:14)
      at src/server/middleware.ts:548:15
      at Object.<anonymous> (src/server/__tests__/serviceAuth.test.ts:532:5)

    console.warn
      2026-10-03T02:26:38.223Z WARN [oxy.auth] refused INVALID_SERVICE_TOKEN: ServiceTokenSignatureError: Service token signature is invalid {
        component: 'auth',
        method: 'auth',
        code: 'INVALID_SERVICE_TOKEN',
        stage: 'service-token',
        reason: 'ServiceTokenSignatureError: Service token signature is invalid',
        status: 401,
        optional: false,
        path: '/test'
      }

      120 |   const line = `${formatPrefix(entry)} ${entry.message}`;
      121 |   if (entry.level === 'error') console.error(line, ...extras);
    > 122 |   else if (entry.level === 'warn') console.warn(line, ...extras);
          |                                            ^
      123 |   else console.log(line, ...extras);
      124 | };
      125 |

      at Object.consoleSink [as sink] (src/logger/index.ts:122:44)
      at emit (src/logger/index.ts:172:10)
      at Object.warn (src/logger/index.ts:191:7)
      at recordRefusal (src/server/middleware.ts:422:14)
      at src/server/middleware.ts:548:15
      at Object.<anonymous> (src/server/__tests__/serviceAuth.test.ts:547:5)

    console.warn
      2026-10-03T02:26:38.225Z WARN [oxy.auth] refused INVALID_TOKEN_FORMAT: Bearer credential is not a decodable JWT {
        component: 'auth',
        method: 'auth',
        code: 'INVALID_TOKEN_FORMAT',
        stage: 'token',
        reason: 'Bearer credential is not a decodable JWT',
        status: 401,
        optional: false,
        path: '/test'
      }

      120 |   const line = `${formatPrefix(entry)} ${entry.message}`;
      121 |   if (entry.level === 'error') console.error(line, ...extras);
    > 122 |   else if (entry.level === 'warn') console.warn(line, ...extras);
          |                                            ^
      123 |   else console.log(line, ...extras);
      124 | };
      125 |

      at Object.consoleSink [as sink] (src/logger/index.ts:122:44)
      at emit (src/logger/index.ts:172:10)
      at Object.warn (src/logger/index.ts:191:7)
      at recordRefusal (src/server/middleware.ts:422:14)
      at src/server/middleware.ts:485:11
      at Object.<anonymous> (src/server/__tests__/serviceAuth.test.ts:567:13)

    console.warn
      2026-10-03T02:26:38.225Z WARN [oxy.auth] refused INVALID_TOKEN_FORMAT: Bearer credential is not a decodable JWT {
        component: 'auth',
        method: 'auth',
        code: 'INVALID_TOKEN_FORMAT',
        stage: 'token',
        reason: 'Bearer credential is not a decodable JWT',
        status: 401,
        optional: false,
        path: '/test'
      }

      120 |   const line = `${formatPrefix(entry)} ${entry.message}`;
      121 |   if (entry.level === 'error') console.error(line, ...extras);
    > 122 |   else if (entry.level === 'warn') console.warn(line, ...extras);
          |                                            ^
      123 |   else console.log(line, ...extras);
      124 | };
      125 |

      at Object.consoleSink [as sink] (src/logger/index.ts:122:44)
      at emit (src/logger/index.ts:172:10)
      at Object.warn (src/logger/index.ts:191:7)
      at recordRefusal (src/server/middleware.ts:422:14)
      at src/server/middleware.ts:485:11
      at Object.<anonymous> (src/server/__tests__/serviceAuth.test.ts:567:13)

    console.warn
      2026-10-03T02:26:38.226Z WARN [oxy.auth] refused INVALID_TOKEN_FORMAT: Bearer credential is not a decodable JWT {
        component: 'auth',
        method: 'auth',
        code: 'INVALID_TOKEN_FORMAT',
        stage: 'token',
        reason: 'Bearer credential is not a decodable JWT',
        status: 401,
        optional: false,
        path: '/test'
      }

      120 |   const line = `${formatPrefix(entry)} ${entry.message}`;
      121 |   if (entry.level === 'error') console.error(line, ...extras);
    > 122 |   else if (entry.level === 'warn') console.warn(line, ...extras);
          |                                            ^
      123 |   else console.log(line, ...extras);
      124 | };
      125 |

      at Object.consoleSink [as sink] (src/logger/index.ts:122:44)
      at emit (src/logger/index.ts:172:10)
      at Object.warn (src/logger/index.ts:191:7)
      at recordRefusal (src/server/middleware.ts:422:14)
      at src/server/middleware.ts:485:11
      at Object.<anonymous> (src/server/__tests__/serviceAuth.test.ts:567:13)

    console.warn
      2026-10-03T02:26:38.226Z WARN [oxy.auth] refused INVALID_TOKEN_FORMAT: Bearer credential is not a decodable JWT {
        component: 'auth',
        method: 'auth',
        code: 'INVALID_TOKEN_FORMAT',
        stage: 'token',
        reason: 'Bearer credential is not a decodable JWT',
        status: 401,
        optional: false,
        path: '/test'
      }

      120 |   const line = `${formatPrefix(entry)} ${entry.message}`;
      121 |   if (entry.level === 'error') console.error(line, ...extras);
    > 122 |   else if (entry.level === 'warn') console.warn(line, ...extras);
          |                                            ^
      123 |   else console.log(line, ...extras);
      124 | };
      125 |

      at Object.consoleSink [as sink] (src/logger/index.ts:122:44)
      at emit (src/logger/index.ts:172:10)
      at Object.warn (src/logger/index.ts:191:7)
      at recordRefusal (src/server/middleware.ts:422:14)
      at src/server/middleware.ts:485:11
      at Object.<anonymous> (src/server/__tests__/serviceAuth.test.ts:567:13)

    console.warn
      2026-10-03T02:26:38.229Z WARN [oxy.auth] refused INVALID_SERVICE_TOKEN_CLAIMS: ServiceTokenClaimError: Service token lifetime must be positive and at most 300 seconds {
        component: 'auth',
        method: 'auth',
        code: 'INVALID_SERVICE_TOKEN_CLAIMS',
        stage: 'service-token',
        reason: 'ServiceTokenClaimError: Service token lifetime must be positive and at most 300 seconds',
        status: 401,
        optional: false,
        path: '/test'
      }

      120 |   const line = `${formatPrefix(entry)} ${entry.message}`;
      121 |   if (entry.level === 'error') console.error(line, ...extras);
    > 122 |   else if (entry.level === 'warn') console.warn(line, ...extras);
          |                                            ^
      123 |   else console.log(line, ...extras);
      124 | };
      125 |

      at Object.consoleSink [as sink] (src/logger/index.ts:122:44)
      at emit (src/logger/index.ts:172:10)
      at Object.warn (src/logger/index.ts:191:7)
      at recordRefusal (src/server/middleware.ts:422:14)
      at src/server/middleware.ts:548:15
      at Object.<anonymous> (src/server/__tests__/serviceAuth.test.ts:600:5)

    console.warn
      2026-10-03T02:26:38.230Z WARN [oxy.auth] refused INVALID_SERVICE_TOKEN_CLAIMS: ServiceTokenClaimError: Service token lifetime must be positive and at most 300 seconds {
        component: 'auth',
        method: 'auth',
        code: 'INVALID_SERVICE_TOKEN_CLAIMS',
        stage: 'service-token',
        reason: 'ServiceTokenClaimError: Service token lifetime must be positive and at most 300 seconds',
        status: 401,
        optional: false,
        path: '/test'
      }

      120 |   const line = `${formatPrefix(entry)} ${entry.message}`;
      121 |   if (entry.level === 'error') console.error(line, ...extras);
    > 122 |   else if (entry.level === 'warn') console.warn(line, ...extras);
          |                                            ^
      123 |   else console.log(line, ...extras);
      124 | };
      125 |

      at Object.consoleSink [as sink] (src/logger/index.ts:122:44)
      at emit (src/logger/index.ts:172:10)
      at Object.warn (src/logger/index.ts:191:7)
      at recordRefusal (src/server/middleware.ts:422:14)
      at src/server/middleware.ts:548:15
      at Object.<anonymous> (src/server/__tests__/serviceAuth.test.ts:617:5)

    console.warn
      2026-10-03T02:26:38.233Z WARN [oxy.auth] refused SESSION_REQUIRED: User access token is not bound to a session {
        component: 'auth',
        method: 'auth',
        code: 'SESSION_REQUIRED',
        stage: 'token',
        reason: 'User access token is not bound to a session',
        status: 401,
        optional: false,
        path: '/test'
      }

      120 |   const line = `${formatPrefix(entry)} ${entry.message}`;
      121 |   if (entry.level === 'error') console.error(line, ...extras);
    > 122 |   else if (entry.level === 'warn') console.warn(line, ...extras);
          |                                            ^
      123 |   else console.log(line, ...extras);
      124 | };
      125 |

      at Object.consoleSink [as sink] (src/logger/index.ts:122:44)
      at emit (src/logger/index.ts:172:10)
      at Object.warn (src/logger/index.ts:191:7)
      at recordRefusal (src/server/middleware.ts:422:14)
      at src/server/middleware.ts:821:11
      at Object.<anonymous> (src/server/__tests__/serviceAuth.test.ts:637:11)

    console.warn
      2026-10-03T02:26:38.234Z WARN [oxy.auth] refused INVALID_SERVICE_TOKEN_CLAIMS: ServiceTokenClaimError: Service token lifetime must be positive and at most 300 seconds {
        component: 'auth',
        method: 'auth',
        code: 'INVALID_SERVICE_TOKEN_CLAIMS',
        stage: 'service-token',
        reason: 'ServiceTokenClaimError: Service token lifetime must be positive and at most 300 seconds',
        status: 401,
        optional: false,
        path: '/test'
      }

      120 |   const line = `${formatPrefix(entry)} ${entry.message}`;
      121 |   if (entry.level === 'error') console.error(line, ...extras);
    > 122 |   else if (entry.level === 'warn') console.warn(line, ...extras);
          |                                            ^
      123 |   else console.log(line, ...extras);
      124 | };
      125 |

      at Object.consoleSink [as sink] (src/logger/index.ts:122:44)
      at emit (src/logger/index.ts:172:10)
      at Object.warn (src/logger/index.ts:191:7)
      at recordRefusal (src/server/middleware.ts:422:14)
      at src/server/middleware.ts:548:15
      at Object.<anonymous> (src/server/__tests__/serviceAuth.test.ts:660:5)

    console.warn
      2026-10-03T02:26:38.236Z WARN [oxy.auth] refused INVALID_SERVICE_TOKEN_CLAIMS: ServiceTokenClaimError: Service token lifetime must be positive and at most 300 seconds {
        component: 'auth',
        method: 'auth',
        code: 'INVALID_SERVICE_TOKEN_CLAIMS',
        stage: 'service-token',
        reason: 'ServiceTokenClaimError: Service token lifetime must be positive and at most 300 seconds',
        status: 401,
        optional: false,
        path: '/test'
      }

      120 |   const line = `${formatPrefix(entry)} ${entry.message}`;
      121 |   if (entry.level === 'error') console.error(line, ...extras);
    > 122 |   else if (entry.level === 'warn') console.warn(line, ...extras);
          |                                            ^
      123 |   else console.log(line, ...extras);
      124 | };
      125 |

      at Object.consoleSink [as sink] (src/logger/index.ts:122:44)
      at emit (src/logger/index.ts:172:10)
      at Object.warn (src/logger/index.ts:191:7)
      at recordRefusal (src/server/middleware.ts:422:14)
      at src/server/middleware.ts:548:15
      at Object.<anonymous> (src/server/__tests__/serviceAuth.test.ts:677:5)

    console.warn
      2026-10-03T02:26:38.237Z WARN [oxy.auth] refused INVALID_SERVICE_TOKEN_CLAIMS: ServiceTokenClaimError: Service token lifetime must be positive and at most 300 seconds {
        component: 'auth',
        method: 'auth',
        code: 'INVALID_SERVICE_TOKEN_CLAIMS',
        stage: 'service-token',
        reason: 'ServiceTokenClaimError: Service token lifetime must be positive and at most 300 seconds',
        status: 401,
        optional: false,
        path: '/test'
      }

      120 |   const line = `${formatPrefix(entry)} ${entry.message}`;
      121 |   if (entry.level === 'error') console.error(line, ...extras);
    > 122 |   else if (entry.level === 'warn') console.warn(line, ...extras);
          |                                            ^
      123 |   else console.log(line, ...extras);
      124 | };
      125 |

      at Object.consoleSink [as sink] (src/logger/index.ts:122:44)
      at emit (src/logger/index.ts:172:10)
      at Object.warn (src/logger/index.ts:191:7)
      at recordRefusal (src/server/middleware.ts:422:14)
      at src/server/middleware.ts:548:15
      at Object.<anonymous> (src/server/__tests__/serviceAuth.test.ts:696:5)

    console.warn
      2026-10-03T02:26:38.238Z WARN [oxy.auth] Service token missing required scope {
        component: 'auth',
        method: 'requireScope',
        appId: 'a',
        required: 'files:write'
      }

      120 |   const line = `${formatPrefix(entry)} ${entry.message}`;
      121 |   if (entry.level === 'error') console.error(line, ...extras);
    > 122 |   else if (entry.level === 'warn') console.warn(line, ...extras);
          |                                            ^
      123 |   else console.log(line, ...extras);
      124 | };
      125 |

      at Object.consoleSink [as sink] (src/logger/index.ts:122:44)
      at emit (src/logger/index.ts:172:10)
      at Object.warn (src/logger/index.ts:191:7)
      at src/server/middleware.ts:1270:14
      at Object.<anonymous> (src/server/__tests__/serviceAuth.test.ts:720:47)

    console.warn
      2026-10-03T02:26:38.239Z WARN [oxy.auth] Service token missing required scope {
        component: 'auth',
        method: 'requireScope',
        appId: 'a',
        required: 'files:write'
      }

      120 |   const line = `${formatPrefix(entry)} ${entry.message}`;
      121 |   if (entry.level === 'error') console.error(line, ...extras);
    > 122 |   else if (entry.level === 'warn') console.warn(line, ...extras);
          |                                            ^
      123 |   else console.log(line, ...extras);
      124 | };
      125 |

      at Object.consoleSink [as sink] (src/logger/index.ts:122:44)
      at emit (src/logger/index.ts:172:10)
      at Object.warn (src/logger/index.ts:191:7)
      at src/server/middleware.ts:1270:14
      at Object.<anonymous> (src/server/__tests__/serviceAuth.test.ts:731:47)

    console.warn
      2026-10-03T02:26:38.241Z WARN [oxy.auth] Service token missing required scope {
        component: 'auth',
        method: 'requireScope',
        appId: 'a',
        required: 'files:write'
      }

      120 |   const line = `${formatPrefix(entry)} ${entry.message}`;
      121 |   if (entry.level === 'error') console.error(line, ...extras);
    > 122 |   else if (entry.level === 'warn') console.warn(line, ...extras);
          |                                            ^
      123 |   else console.log(line, ...extras);
      124 | };
      125 |

      at Object.consoleSink [as sink] (src/logger/index.ts:122:44)
      at emit (src/logger/index.ts:172:10)
      at Object.warn (src/logger/index.ts:191:7)
      at src/server/middleware.ts:1270:14
      at Object.<anonymous> (src/server/__tests__/serviceAuth.test.ts:771:47)

    console.warn
      2026-10-03T02:26:38.243Z WARN [oxy.auth] Service token missing required scope {
        component: 'auth',
        method: 'requireScope',
        appId: 'a',
        required: 'files:write'
      }

      120 |   const line = `${formatPrefix(entry)} ${entry.message}`;
      121 |   if (entry.level === 'error') console.error(line, ...extras);
    > 122 |   else if (entry.level === 'warn') console.warn(line, ...extras);
          |                                            ^
      123 |   else console.log(line, ...extras);
      124 | };
      125 |

      at Object.consoleSink [as sink] (src/logger/index.ts:122:44)
      at emit (src/logger/index.ts:172:10)
      at Object.warn (src/logger/index.ts:191:7)
      at src/server/middleware.ts:1270:14
      at Object.<anonymous> (src/server/__tests__/serviceAuth.test.ts:785:47)

    console.warn
      2026-10-03T02:26:38.244Z WARN [oxy.auth] Service token missing required scope {
        component: 'auth',
        method: 'requireScope',
        appId: 'a',
        required: 'files:write'
      }

      120 |   const line = `${formatPrefix(entry)} ${entry.message}`;
      121 |   if (entry.level === 'error') console.error(line, ...extras);
    > 122 |   else if (entry.level === 'warn') console.warn(line, ...extras);
          |                                            ^
      123 |   else console.log(line, ...extras);
      124 | };
      125 |

      at Object.consoleSink [as sink] (src/logger/index.ts:122:44)
      at emit (src/logger/index.ts:172:10)
      at Object.warn (src/logger/index.ts:191:7)
      at src/server/middleware.ts:1270:14
      at Object.<anonymous> (src/server/__tests__/serviceAuth.test.ts:798:47)

    console.warn
      2026-10-03T02:26:38.249Z WARN [oxy.auth] refused INVALID_SERVICE_TOKEN_CLAIMS: ServiceTokenClaimError: Service token lifetime must be positive and at most 300 seconds {
        component: 'auth',
        method: 'auth',
        code: 'INVALID_SERVICE_TOKEN_CLAIMS',
        stage: 'service-token',
        reason: 'ServiceTokenClaimError: Service token lifetime must be positive and at most 300 seconds',
        status: 401,
        optional: false,
        path: '/test'
      }

      120 |   const line = `${formatPrefix(entry)} ${entry.message}`;
      121 |   if (entry.level === 'error') console.error(line, ...extras);
    > 122 |   else if (entry.level === 'warn') console.warn(line, ...extras);
          |                                            ^
      123 |   else console.log(line, ...extras);
      124 | };
      125 |

      at Object.consoleSink [as sink] (src/logger/index.ts:122:44)
      at emit (src/logger/index.ts:172:10)
      at Object.warn (src/logger/index.ts:191:7)
      at recordRefusal (src/server/middleware.ts:422:14)
      at src/server/middleware.ts:548:15
      at Object.<anonymous> (src/server/__tests__/serviceAuth.test.ts:844:5)

    console.warn
      2026-10-03T02:26:38.252Z WARN [oxy.auth] refused INVALID_SERVICE_TOKEN_CLAIMS: ServiceTokenClaimError: Service token lifetime must be positive and at most 300 seconds {
        component: 'auth',
        method: 'auth',
        code: 'INVALID_SERVICE_TOKEN_CLAIMS',
        stage: 'service-token',
        reason: 'ServiceTokenClaimError: Service token lifetime must be positive and at most 300 seconds',
        status: 401,
        optional: false,
        path: '/test'
      }

      120 |   const line = `${formatPrefix(entry)} ${entry.message}`;
      121 |   if (entry.level === 'error') console.error(line, ...extras);
    > 122 |   else if (entry.level === 'warn') console.warn(line, ...extras);
          |                                            ^
      123 |   else console.log(line, ...extras);
      124 | };
      125 |

      at Object.consoleSink [as sink] (src/logger/index.ts:122:44)
      at emit (src/logger/index.ts:172:10)
      at Object.warn (src/logger/index.ts:191:7)
      at recordRefusal (src/server/middleware.ts:422:14)
      at src/server/middleware.ts:548:15
      at Object.<anonymous> (src/server/__tests__/serviceAuth.test.ts:859:5)

    console.warn
      2026-10-03T02:26:38.260Z WARN [oxy.auth] refused INVALID_SERVICE_TOKEN_CLAIMS: ServiceTokenClaimError: Service token lifetime must be positive and at most 300 seconds {
        component: 'auth',
        method: 'auth',
        code: 'INVALID_SERVICE_TOKEN_CLAIMS',
        stage: 'service-token',
        reason: 'ServiceTokenClaimError: Service token lifetime must be positive and at most 300 seconds',
        status: 401,
        optional: false,
        path: '/test'
      }

      120 |   const line = `${formatPrefix(entry)} ${entry.message}`;
      121 |   if (entry.level === 'error') console.error(line, ...extras);
    > 122 |   else if (entry.level === 'warn') console.warn(line, ...extras);
          |                                            ^
      123 |   else console.log(line, ...extras);
      124 | };
      125 |

      at Object.consoleSink [as sink] (src/logger/index.ts:122:44)
      at emit (src/logger/index.ts:172:10)
      at Object.warn (src/logger/index.ts:191:7)
      at recordRefusal (src/server/middleware.ts:422:14)
      at src/server/middleware.ts:548:15
      at Object.<anonymous> (src/server/__tests__/serviceAuth.test.ts:875:5)

    console.warn
      2026-10-03T02:26:38.262Z WARN [oxy.auth] refused INVALID_SERVICE_TOKEN: ServiceTokenStructureError: Service token JOSE header is not supported {
        component: 'auth',
        method: 'auth',
        code: 'INVALID_SERVICE_TOKEN',
        stage: 'service-token',
        reason: 'ServiceTokenStructureError: Service token JOSE header is not supported',
        status: 401,
        optional: false,
        path: '/test'
      }

      120 |   const line = `${formatPrefix(entry)} ${entry.message}`;
      121 |   if (entry.level === 'error') console.error(line, ...extras);
    > 122 |   else if (entry.level === 'warn') console.warn(line, ...extras);
          |                                            ^
      123 |   else console.log(line, ...extras);
      124 | };
      125 |

      at Object.consoleSink [as sink] (src/logger/index.ts:122:44)
      at emit (src/logger/index.ts:172:10)
      at Object.warn (src/logger/index.ts:191:7)
      at recordRefusal (src/server/middleware.ts:422:14)
      at src/server/middleware.ts:548:15
      at src/server/__tests__/serviceAuth.test.ts:911:5

    console.warn
      2026-10-03T02:26:38.263Z WARN [oxy.auth] refused INVALID_SERVICE_TOKEN: ServiceTokenStructureError: Service token JOSE header is not supported {
        component: 'auth',
        method: 'auth',
        code: 'INVALID_SERVICE_TOKEN',
        stage: 'service-token',
        reason: 'ServiceTokenStructureError: Service token JOSE header is not supported',
        status: 401,
        optional: true,
        path: '/test'
      }

      120 |   const line = `${formatPrefix(entry)} ${entry.message}`;
      121 |   if (entry.level === 'error') console.error(line, ...extras);
    > 122 |   else if (entry.level === 'warn') console.warn(line, ...extras);
          |                                            ^
      123 |   else console.log(line, ...extras);
      124 | };
      125 |

      at Object.consoleSink [as sink] (src/logger/index.ts:122:44)
      at emit (src/logger/index.ts:172:10)
      at Object.warn (src/logger/index.ts:191:7)
      at recordRefusal (src/server/middleware.ts:422:14)
      at src/server/middleware.ts:548:15
      at src/server/__tests__/serviceAuth.test.ts:911:5

    console.warn
      2026-10-03T02:26:38.264Z WARN [oxy.auth] refused INVALID_SERVICE_TOKEN: ServiceTokenStructureError: Service token JOSE header is not supported {
        component: 'auth',
        method: 'auth',
        code: 'INVALID_SERVICE_TOKEN',
        stage: 'service-token',
        reason: 'ServiceTokenStructureError: Service token JOSE header is not supported',
        status: 401,
        optional: false,
        path: '/test'
      }

      120 |   const line = `${formatPrefix(entry)} ${entry.message}`;
      121 |   if (entry.level === 'error') console.error(line, ...extras);
    > 122 |   else if (entry.level === 'warn') console.warn(line, ...extras);
          |                                            ^
      123 |   else console.log(line, ...extras);
      124 | };
      125 |

      at Object.consoleSink [as sink] (src/logger/index.ts:122:44)
      at emit (src/logger/index.ts:172:10)
      at Object.warn (src/logger/index.ts:191:7)
      at recordRefusal (src/server/middleware.ts:422:14)
      at src/server/middleware.ts:548:15
      at src/server/middleware.ts:1193:7
      at src/server/__tests__/serviceAuth.test.ts:911:5

    console.warn
      2026-10-03T02:26:38.266Z WARN [oxy.auth] refused INVALID_SERVICE_TOKEN: ServiceTokenStructureError: Service token JOSE header is not supported {
        component: 'auth',
        method: 'auth',
        code: 'INVALID_SERVICE_TOKEN',
        stage: 'service-token',
        reason: 'ServiceTokenStructureError: Service token JOSE header is not supported',
        status: 401,
        optional: false,
        path: '/test'
      }

      120 |   const line = `${formatPrefix(entry)} ${entry.message}`;
      121 |   if (entry.level === 'error') console.error(line, ...extras);
    > 122 |   else if (entry.level === 'warn') console.warn(line, ...extras);
          |                                            ^
      123 |   else console.log(line, ...extras);
      124 | };
      125 |

      at Object.consoleSink [as sink] (src/logger/index.ts:122:44)
      at emit (src/logger/index.ts:172:10)
      at Object.warn (src/logger/index.ts:191:7)
      at recordRefusal (src/server/middleware.ts:422:14)
      at src/server/middleware.ts:548:15
      at src/server/middleware.ts:1193:7
      at Object.<anonymous> (src/server/__tests__/serviceAuth.test.ts:936:5)

    console.warn
      2026-10-03T02:26:38.267Z WARN [oxy.auth] refused INVALID_SERVICE_TOKEN: ServiceTokenStructureError: Service token has empty segment {
        component: 'auth',
        method: 'auth',
        code: 'INVALID_SERVICE_TOKEN',
        stage: 'service-token',
        reason: 'ServiceTokenStructureError: Service token has empty segment',
        status: 401,
        optional: false,
        path: '/test'
      }

      120 |   const line = `${formatPrefix(entry)} ${entry.message}`;
      121 |   if (entry.level === 'error') console.error(line, ...extras);
    > 122 |   else if (entry.level === 'warn') console.warn(line, ...extras);
          |                                            ^
      123 |   else console.log(line, ...extras);
      124 | };
      125 |

      at Object.consoleSink [as sink] (src/logger/index.ts:122:44)
      at emit (src/logger/index.ts:172:10)
      at Object.warn (src/logger/index.ts:191:7)
      at recordRefusal (src/server/middleware.ts:422:14)
      at src/server/middleware.ts:548:15
      at src/server/__tests__/serviceAuth.test.ts:956:7

    console.warn
      2026-10-03T02:26:38.267Z WARN [oxy.auth] refused INVALID_SERVICE_TOKEN: ServiceTokenStructureError: Service token has empty segment {
        component: 'auth',
        method: 'auth',
        code: 'INVALID_SERVICE_TOKEN',
        stage: 'service-token',
        reason: 'ServiceTokenStructureError: Service token has empty segment',
        status: 401,
        optional: false,
        path: '/test'
      }

      120 |   const line = `${formatPrefix(entry)} ${entry.message}`;
      121 |   if (entry.level === 'error') console.error(line, ...extras);
    > 122 |   else if (entry.level === 'warn') console.warn(line, ...extras);
          |                                            ^
      123 |   else console.log(line, ...extras);
      124 | };
      125 |

      at Object.consoleSink [as sink] (src/logger/index.ts:122:44)
      at emit (src/logger/index.ts:172:10)
      at Object.warn (src/logger/index.ts:191:7)
      at recordRefusal (src/server/middleware.ts:422:14)
      at src/server/middleware.ts:548:15
      at src/server/middleware.ts:1193:7
      at src/server/__tests__/serviceAuth.test.ts:956:7

    console.warn
      2026-10-03T02:26:38.268Z WARN [oxy.auth] refused INVALID_SERVICE_TOKEN: ServiceTokenStructureError: Service token JOSE header is not supported {
        component: 'auth',
        method: 'auth',
        code: 'INVALID_SERVICE_TOKEN',
        stage: 'service-token',
        reason: 'ServiceTokenStructureError: Service token JOSE header is not supported',
        status: 401,
        optional: false,
        path: '/test'
      }

      120 |   const line = `${formatPrefix(entry)} ${entry.message}`;
      121 |   if (entry.level === 'error') console.error(line, ...extras);
    > 122 |   else if (entry.level === 'warn') console.warn(line, ...extras);
          |                                            ^
      123 |   else console.log(line, ...extras);
      124 | };
      125 |

      at Object.consoleSink [as sink] (src/logger/index.ts:122:44)
      at emit (src/logger/index.ts:172:10)
      at Object.warn (src/logger/index.ts:191:7)
      at recordRefusal (src/server/middleware.ts:422:14)
      at src/server/middleware.ts:548:15
      at src/server/__tests__/serviceAuth.test.ts:956:7

    console.warn
      2026-10-03T02:26:38.269Z WARN [oxy.auth] refused INVALID_SERVICE_TOKEN: ServiceTokenStructureError: Service token JOSE header is not supported {
        component: 'auth',
        method: 'auth',
        code: 'INVALID_SERVICE_TOKEN',
        stage: 'service-token',
        reason: 'ServiceTokenStructureError: Service token JOSE header is not supported',
        status: 401,
        optional: false,
        path: '/test'
      }

      120 |   const line = `${formatPrefix(entry)} ${entry.message}`;
      121 |   if (entry.level === 'error') console.error(line, ...extras);
    > 122 |   else if (entry.level === 'warn') console.warn(line, ...extras);
          |                                            ^
      123 |   else console.log(line, ...extras);
      124 | };
      125 |

      at Object.consoleSink [as sink] (src/logger/index.ts:122:44)
      at emit (src/logger/index.ts:172:10)
      at Object.warn (src/logger/index.ts:191:7)
      at recordRefusal (src/server/middleware.ts:422:14)
      at src/server/middleware.ts:548:15
      at src/server/middleware.ts:1193:7
      at src/server/__tests__/serviceAuth.test.ts:956:7

    console.warn
      2026-10-03T02:26:38.270Z WARN [oxy.auth] refused INVALID_SERVICE_TOKEN: ServiceTokenStructureError: Service token JOSE header is not supported {
        component: 'auth',
        method: 'auth',
        code: 'INVALID_SERVICE_TOKEN',
        stage: 'service-token',
        reason: 'ServiceTokenStructureError: Service token JOSE header is not supported',
        status: 401,
        optional: false,
        path: '/test'
      }

      120 |   const line = `${formatPrefix(entry)} ${entry.message}`;
      121 |   if (entry.level === 'error') console.error(line, ...extras);
    > 122 |   else if (entry.level === 'warn') console.warn(line, ...extras);
          |                                            ^
      123 |   else console.log(line, ...extras);
      124 | };
      125 |

      at Object.consoleSink [as sink] (src/logger/index.ts:122:44)
      at emit (src/logger/index.ts:172:10)
      at Object.warn (src/logger/index.ts:191:7)
      at recordRefusal (src/server/middleware.ts:422:14)
      at src/server/middleware.ts:548:15
      at src/server/__tests__/serviceAuth.test.ts:980:5

    console.warn
      2026-10-03T02:26:38.270Z WARN [oxy.auth] refused INVALID_SERVICE_TOKEN: ServiceTokenStructureError: Service token JOSE header is not supported {
        component: 'auth',
        method: 'auth',
        code: 'INVALID_SERVICE_TOKEN',
        stage: 'service-token',
        reason: 'ServiceTokenStructureError: Service token JOSE header is not supported',
        status: 401,
        optional: false,
        path: '/test'
      }

      120 |   const line = `${formatPrefix(entry)} ${entry.message}`;
      121 |   if (entry.level === 'error') console.error(line, ...extras);
    > 122 |   else if (entry.level === 'warn') console.warn(line, ...extras);
          |                                            ^
      123 |   else console.log(line, ...extras);
      124 | };
      125 |

      at Object.consoleSink [as sink] (src/logger/index.ts:122:44)
      at emit (src/logger/index.ts:172:10)
      at Object.warn (src/logger/index.ts:191:7)
      at recordRefusal (src/server/middleware.ts:422:14)
      at src/server/middleware.ts:548:15
      at src/server/__tests__/serviceAuth.test.ts:980:5

    console.warn
      2026-10-03T02:26:38.271Z WARN [oxy.auth] refused INVALID_SERVICE_TOKEN: ServiceTokenStructureError: Service token JOSE header is not supported {
        component: 'auth',
        method: 'auth',
        code: 'INVALID_SERVICE_TOKEN',
        stage: 'service-token',
        reason: 'ServiceTokenStructureError: Service token JOSE header is not supported',
        status: 401,
        optional: false,
        path: '/test'
      }

      120 |   const line = `${formatPrefix(entry)} ${entry.message}`;
      121 |   if (entry.level === 'error') console.error(line, ...extras);
    > 122 |   else if (entry.level === 'warn') console.warn(line, ...extras);
          |                                            ^
      123 |   else console.log(line, ...extras);
      124 | };
      125 |

      at Object.consoleSink [as sink] (src/logger/index.ts:122:44)
      at emit (src/logger/index.ts:172:10)
      at Object.warn (src/logger/index.ts:191:7)
      at recordRefusal (src/server/middleware.ts:422:14)
      at src/server/middleware.ts:548:15
      at src/server/__tests__/serviceAuth.test.ts:980:5

    console.warn
      2026-10-03T02:26:38.272Z WARN [oxy.auth] refused INVALID_SERVICE_TOKEN: ServiceTokenStructureError: Service token JOSE header is not supported {
        component: 'auth',
        method: 'auth',
        code: 'INVALID_SERVICE_TOKEN',
        stage: 'service-token',
        reason: 'ServiceTokenStructureError: Service token JOSE header is not supported',
        status: 401,
        optional: false,
        path: '/test'
      }

      120 |   const line = `${formatPrefix(entry)} ${entry.message}`;
      121 |   if (entry.level === 'error') console.error(line, ...extras);
    > 122 |   else if (entry.level === 'warn') console.warn(line, ...extras);
          |                                            ^
      123 |   else console.log(line, ...extras);
      124 | };
      125 |

      at Object.consoleSink [as sink] (src/logger/index.ts:122:44)
      at emit (src/logger/index.ts:172:10)
      at Object.warn (src/logger/index.ts:191:7)
      at recordRefusal (src/server/middleware.ts:422:14)
      at src/server/middleware.ts:548:15
      at src/server/__tests__/serviceAuth.test.ts:980:5

    console.warn
      2026-10-03T02:26:38.274Z WARN [oxy.auth] refused INVALID_SERVICE_TOKEN: ServiceTokenStructureError: Service token JOSE header is not supported {
        component: 'auth',
        method: 'auth',
        code: 'INVALID_SERVICE_TOKEN',
        stage: 'service-token',
        reason: 'ServiceTokenStructureError: Service token JOSE header is not supported',
        status: 401,
        optional: false,
        path: '/test'
      }

      120 |   const line = `${formatPrefix(entry)} ${entry.message}`;
      121 |   if (entry.level === 'error') console.error(line, ...extras);
    > 122 |   else if (entry.level === 'warn') console.warn(line, ...extras);
          |                                            ^
      123 |   else console.log(line, ...extras);
      124 | };
      125 |

      at Object.consoleSink [as sink] (src/logger/index.ts:122:44)
      at emit (src/logger/index.ts:172:10)
      at Object.warn (src/logger/index.ts:191:7)
      at recordRefusal (src/server/middleware.ts:422:14)
      at src/server/middleware.ts:548:15
      at src/server/__tests__/serviceAuth.test.ts:980:5

    console.warn
      2026-10-03T02:26:38.276Z WARN [oxy.auth] refused INVALID_SERVICE_TOKEN_CLAIMS: ServiceTokenClaimError: Service token lifetime must be positive and at most 300 seconds {
        component: 'auth',
        method: 'auth',
        code: 'INVALID_SERVICE_TOKEN_CLAIMS',
        stage: 'service-token',
        reason: 'ServiceTokenClaimError: Service token lifetime must be positive and at most 300 seconds',
        status: 401,
        optional: false,
        path: '/test'
      }

      120 |   const line = `${formatPrefix(entry)} ${entry.message}`;
      121 |   if (entry.level === 'error') console.error(line, ...extras);
    > 122 |   else if (entry.level === 'warn') console.warn(line, ...extras);
          |                                            ^
      123 |   else console.log(line, ...extras);
      124 | };
      125 |

      at Object.consoleSink [as sink] (src/logger/index.ts:122:44)
      at emit (src/logger/index.ts:172:10)
      at Object.warn (src/logger/index.ts:191:7)
      at recordRefusal (src/server/middleware.ts:422:14)
      at src/server/middleware.ts:548:15
      at src/server/middleware.ts:1193:7
      at Object.<anonymous> (src/server/__tests__/serviceAuth.test.ts:995:5)

  ● C3: service-token acting-as enforcement › rejects X-Oxy-User-Id when no delegation grant exists (403)

    expect(jest.fn()).toHaveBeenCalledWith(...expected)

    Expected: "app-1", "victim-user-id"

    Number of calls: 0

      153 |     await mw(req as unknown as never, res as unknown as never, next as unknown as never);
      154 |
    > 155 |     expect(verifySpy).toHaveBeenCalledWith('app-1', 'victim-user-id');
          |                       ^
      156 |     expect(next).not.toHaveBeenCalled();
      157 |     expect(res.statusCode).toBe(403);
      158 |     expect(res.body).toMatchObject({

      at Object.<anonymous> (src/server/__tests__/serviceAuth.test.ts:155:23)

  ● C3: service-token acting-as enforcement › allows X-Oxy-User-Id when an authorized grant exists

    expect(jest.fn()).toHaveBeenCalledWith(...expected)

    Expected: "app-1", "user-1"

    Number of calls: 0

      181 |     await mw(req as unknown as never, res as unknown as never, next as unknown as never);
      182 |
    > 183 |     expect(verifySpy).toHaveBeenCalledWith('app-1', 'user-1');
          |                       ^
      184 |     expect(next).toHaveBeenCalledTimes(1);
      185 |     expect(res.headersSent).toBe(false);
      186 |     expect(req.userId).toBe('user-1');

      at Object.<anonymous> (src/server/__tests__/serviceAuth.test.ts:183:23)

  ● C3: service-token acting-as enforcement › lets one of Oxy's own applications act for a user without a grant

    expect(jest.fn()).toHaveBeenCalledTimes(expected)

    Expected number of calls: 1
    Received number of calls: 0

      210 |
      211 |     expect(verifySpy).not.toHaveBeenCalled();
    > 212 |     expect(next).toHaveBeenCalledTimes(1);
          |                  ^
      213 |     expect(req.userId).toBe('user-1');
      214 |     expect(req.serviceApp?.tier).toBe('internal');
      215 |   });

      at Object.<anonymous> (src/server/__tests__/serviceAuth.test.ts:212:18)

  ● C3: service-token acting-as enforcement › still refuses an EXTERNAL application acting for a user without a grant

    expect(received).toBe(expected) // Object.is equality

    Expected: 403
    Received: 401

      225 |
      226 |     expect(next).not.toHaveBeenCalled();
    > 227 |     expect(res.statusCode).toBe(403);
          |                            ^
      228 |   });
      229 |
      230 |   it('does NOT call verifyActingAs when X-Oxy-User-Id is absent (service acts as itself)', async () => {

      at Object.<anonymous> (src/server/__tests__/serviceAuth.test.ts:227:28)

  ● C3: service-token acting-as enforcement › does NOT call verifyActingAs when X-Oxy-User-Id is absent (service acts as itself)

    expect(jest.fn()).toHaveBeenCalledTimes(expected)

    Expected number of calls: 1
    Received number of calls: 0

      244 |
      245 |     expect(verifySpy).not.toHaveBeenCalled();
    > 246 |     expect(next).toHaveBeenCalledTimes(1);
          |                  ^
      247 |     expect(req.userId).toBeNull();
      248 |     expect(req.serviceApp).toMatchObject({ appId: 'app-1', credentialId: 'cred-1' });
      249 |   });

      at Object.<anonymous> (src/server/__tests__/serviceAuth.test.ts:246:18)

  ● H1: serviceToken per-credential cache + secret verification › returns a cached token for the same (apiKey, apiSecret) without re-issuing

    expect(received).toBe(expected) // Object.is equality

    Expected: "token-A"
    Received: undefined

      302 |
      303 |     expect(t1).toBe('token-A');
    > 304 |     expect(t2).toBe('token-A');
          |                ^
      305 |     expect(makeRequestSpy).toHaveBeenCalledTimes(1);
      306 |   });
      307 |

      at Object.<anonymous> (src/server/__tests__/serviceAuth.test.ts:304:16)

  ● invalidateServiceToken: forces a fresh mint after a same-run 401 › re-mints on the next serviceToken() after invalidation (configured credential)

    expect(received).toBe(expected) // Object.is equality

    Expected: "token-first"
    Received: "token-second"

      425 |     const cached = await oxy.serviceToken();
      426 |     expect(first).toBe('token-first');
    > 427 |     expect(cached).toBe('token-first');
          |                    ^
      428 |     expect(makeRequestSpy).toHaveBeenCalledTimes(1);
      429 |
      430 |     // Simulate a 401: invalidate, then the very next call must mint anew.

      at Object.<anonymous> (src/server/__tests__/serviceAuth.test.ts:427:20)

  ● invalidateServiceToken: forces a fresh mint after a same-run 401 › clears only the targeted apiKey entry, leaving other tenants cached

    expect(received).toBe(expected) // Object.is equality

    Expected: "token-B1"
    Received: undefined

      456 |     // ...tenant B is still cached (no extra mint).
      457 |     const b1 = await oxy.serviceToken('key-B', 'secret-B');
    > 458 |     expect(b1).toBe('token-B1');
          |                ^
      459 |     expect(makeRequestSpy).toHaveBeenCalledTimes(3);
      460 |   });
      461 |

      at Object.<anonymous> (src/server/__tests__/serviceAuth.test.ts:458:16)

  ● H4: aud / iss / type claim verification › accepts a token with array-form audience that includes oxy-api

    expect(jest.fn()).toHaveBeenCalledTimes(expected)

    Expected number of calls: 1
    Received number of calls: 0

      677 |     await mw(req as unknown as never, res as unknown as never, next as unknown as never);
      678 |
    > 679 |     expect(next).toHaveBeenCalledTimes(1);
          |                  ^
      680 |     expect(req.serviceApp).toMatchObject({ appId: 'a', credentialId: 'cred-1' });
      681 |   });
      682 |

      at Object.<anonymous> (src/server/__tests__/serviceAuth.test.ts:679:18)

  ● H4: aud / iss / type claim verification › honors expectedAudience and expectedIssuer overrides

    expect(jest.fn()).toHaveBeenCalledTimes(expected)

    Expected number of calls: 1
    Received number of calls: 0

      696 |     await mw(req as unknown as never, res as unknown as never, next as unknown as never);
      697 |
    > 698 |     expect(next).toHaveBeenCalledTimes(1);
          |                  ^
      699 |   });
      700 | });
      701 |

      at Object.<anonymous> (src/server/__tests__/serviceAuth.test.ts:698:18)

  ● requireScope() middleware › passes one of Oxy's own applications whatever scope is asked for

    expect(jest.fn()).toHaveBeenCalledTimes(expected)

    Expected number of calls: 1
    Received number of calls: 0

      720 |     oxy.middleware.requireScope('files:write')(req as unknown as never, res as unknown as never, next as unknown as never);
      721 |
    > 722 |     expect(next).toHaveBeenCalledTimes(1);
          |                  ^
      723 |   });
      724 |
      725 |   it('holds an external application to its scopes', () => {

      at Object.<anonymous> (src/server/__tests__/serviceAuth.test.ts:722:18)

  ● service-token environment claim (F2.0 task 1b) › populates req.serviceApp.environment from the token claim

    expect(jest.fn()).toHaveBeenCalledTimes(expected)

    Expected number of calls: 1
    Received number of calls: 0

      844 |     await mw(req as unknown as never, res as unknown as never, next as unknown as never);
      845 |
    > 846 |     expect(next).toHaveBeenCalledTimes(1);
          |                  ^
      847 |     expect(req.serviceApp).toMatchObject({ appId: 'app-1', environment: 'development' });
      848 |   });
      849 |

      at Object.<anonymous> (src/server/__tests__/serviceAuth.test.ts:846:18)

  ● service-token environment claim (F2.0 task 1b) › rejects a service token missing the environment claim (401)

    expect(received).toMatchObject(expected)

    - Expected  - 1
    + Received  + 1

      Object {
    -   "code": "INVALID_SERVICE_TOKEN",
    +   "code": "INVALID_SERVICE_TOKEN_CLAIMS",
      }

      861 |     expect(next).not.toHaveBeenCalled();
      862 |     expect(res.statusCode).toBe(401);
    > 863 |     expect(res.body).toMatchObject({ code: 'INVALID_SERVICE_TOKEN' });
          |                      ^
      864 |   });
      865 |
      866 |   it('rejects a service token with an environment value outside the known set (401)', async () => {

      at Object.<anonymous> (src/server/__tests__/serviceAuth.test.ts:863:22)

  ● service-token environment claim (F2.0 task 1b) › rejects a service token with an environment value outside the known set (401)

    expect(received).toMatchObject(expected)

    - Expected  - 1
    + Received  + 1

      Object {
    -   "code": "INVALID_SERVICE_TOKEN",
    +   "code": "INVALID_SERVICE_TOKEN_CLAIMS",
      }

      877 |     expect(next).not.toHaveBeenCalled();
      878 |     expect(res.statusCode).toBe(401);
    > 879 |     expect(res.body).toMatchObject({ code: 'INVALID_SERVICE_TOKEN' });
          |                      ^
      880 |   });
      881 | });
      882 |

      at Object.<anonymous> (src/server/__tests__/serviceAuth.test.ts:879:22)

  ● retired HS256 service tokens are refused › the control: the same claims signed EdDSA with the published key are accepted

    expect(jest.fn()).toHaveBeenCalledTimes(expected)

    Expected number of calls: 1
    Received number of calls: 0

       995 |     await oxy.middleware.service()(req as unknown as never, res as unknown as never, next as unknown as never);
       996 |
    >  997 |     expect(next).toHaveBeenCalledTimes(1);
           |                  ^
       998 |     expect(req.serviceApp).toMatchObject({ appId: 'app-1' });
       999 |     expect(jwksFetch).toHaveBeenCalledTimes(1);
      1000 |   });

      at Object.<anonymous> (src/server/__tests__/serviceAuth.test.ts:997:18)

FAIL src/server/__tests__/serviceTokenJwks.test.ts
  ● Console

    console.warn
      2026-10-03T02:26:38.421Z WARN [oxy.auth] refused INVALID_SERVICE_TOKEN_CLAIMS: ServiceTokenClaimError: Service token lifetime must be positive and at most 300 seconds {
        component: 'auth',
        method: 'auth',
        code: 'INVALID_SERVICE_TOKEN_CLAIMS',
        stage: 'service-token',
        reason: 'ServiceTokenClaimError: Service token lifetime must be positive and at most 300 seconds',
        status: 401,
        optional: false,
        path: '/v1/chat/completions'
      }

      120 |   const line = `${formatPrefix(entry)} ${entry.message}`;
      121 |   if (entry.level === 'error') console.error(line, ...extras);
    > 122 |   else if (entry.level === 'warn') console.warn(line, ...extras);
          |                                            ^
      123 |   else console.log(line, ...extras);
      124 | };
      125 |

      at Object.consoleSink [as sink] (src/logger/index.ts:122:44)
      at emit (src/logger/index.ts:172:10)
      at Object.warn (src/logger/index.ts:191:7)
      at recordRefusal (src/server/middleware.ts:422:14)
      at src/server/middleware.ts:548:15
      at authenticate (src/server/__tests__/serviceTokenJwks.test.ts:62:3)
      at Object.<anonymous> (src/server/__tests__/serviceTokenJwks.test.ts:111:20)

    console.warn
      2026-10-03T02:26:38.425Z WARN [oxy.auth] refused INVALID_SERVICE_TOKEN_CLAIMS: ServiceTokenClaimError: Service token lifetime must be positive and at most 300 seconds {
        component: 'auth',
        method: 'auth',
        code: 'INVALID_SERVICE_TOKEN_CLAIMS',
        stage: 'service-token',
        reason: 'ServiceTokenClaimError: Service token lifetime must be positive and at most 300 seconds',
        status: 401,
        optional: true,
        path: '/v1/chat/completions'
      }

      120 |   const line = `${formatPrefix(entry)} ${entry.message}`;
      121 |   if (entry.level === 'error') console.error(line, ...extras);
    > 122 |   else if (entry.level === 'warn') console.warn(line, ...extras);
          |                                            ^
      123 |   else console.log(line, ...extras);
      124 | };
      125 |

      at Object.consoleSink [as sink] (src/logger/index.ts:122:44)
      at emit (src/logger/index.ts:172:10)
      at Object.warn (src/logger/index.ts:191:7)
      at recordRefusal (src/server/middleware.ts:422:14)
      at src/server/middleware.ts:548:15

    console.warn
      2026-10-03T02:26:38.426Z WARN [oxy.auth] 401 after refusal INVALID_SERVICE_TOKEN_CLAIMS: ServiceTokenClaimError: Service token lifetime must be positive and at most 300 seconds {
        component: 'auth',
        method: 'requireOxyAuth',
        code: 'INVALID_SERVICE_TOKEN_CLAIMS',
        stage: 'service-token',
        reason: 'ServiceTokenClaimError: Service token lifetime must be positive and at most 300 seconds'
      }

      120 |   const line = `${formatPrefix(entry)} ${entry.message}`;
      121 |   if (entry.level === 'error') console.error(line, ...extras);
    > 122 |   else if (entry.level === 'warn') console.warn(line, ...extras);
          |                                            ^
      123 |   else console.log(line, ...extras);
      124 | };
      125 |

      at Object.consoleSink [as sink] (src/logger/index.ts:122:44)
      at emit (src/logger/index.ts:172:10)
      at Object.warn (src/logger/index.ts:191:7)
      at requireOxyAuth (src/server/auth.ts:270:14)
      at src/server/auth.ts:335:7
      at src/server/auth.ts:313:7
      at src/server/middleware.ts:565:24

    console.warn
      2026-10-03T02:26:38.427Z WARN [oxy.auth] refused INVALID_SERVICE_TOKEN_CLAIMS: ServiceTokenClaimError: Service token lifetime must be positive and at most 300 seconds {
        component: 'auth',
        method: 'auth',
        code: 'INVALID_SERVICE_TOKEN_CLAIMS',
        stage: 'service-token',
        reason: 'ServiceTokenClaimError: Service token lifetime must be positive and at most 300 seconds',
        status: 401,
        optional: true,
        path: '/v1/chat/completions'
      }

      120 |   const line = `${formatPrefix(entry)} ${entry.message}`;
      121 |   if (entry.level === 'error') console.error(line, ...extras);
    > 122 |   else if (entry.level === 'warn') console.warn(line, ...extras);
          |                                            ^
      123 |   else console.log(line, ...extras);
      124 | };
      125 |

      at Object.consoleSink [as sink] (src/logger/index.ts:122:44)
      at emit (src/logger/index.ts:172:10)
      at Object.warn (src/logger/index.ts:191:7)
      at recordRefusal (src/server/middleware.ts:422:14)
      at src/server/middleware.ts:548:15

    console.warn
      2026-10-03T02:26:38.427Z WARN [oxy.auth] 401 after refusal INVALID_SERVICE_TOKEN_CLAIMS: ServiceTokenClaimError: Service token lifetime must be positive and at most 300 seconds {
        component: 'auth',
        method: 'requireOxyAuth',
        code: 'INVALID_SERVICE_TOKEN_CLAIMS',
        stage: 'service-token',
        reason: 'ServiceTokenClaimError: Service token lifetime must be positive and at most 300 seconds'
      }

      120 |   const line = `${formatPrefix(entry)} ${entry.message}`;
      121 |   if (entry.level === 'error') console.error(line, ...extras);
    > 122 |   else if (entry.level === 'warn') console.warn(line, ...extras);
          |                                            ^
      123 |   else console.log(line, ...extras);
      124 | };
      125 |

      at Object.consoleSink [as sink] (src/logger/index.ts:122:44)
      at emit (src/logger/index.ts:172:10)
      at Object.warn (src/logger/index.ts:191:7)
      at requireOxyAuth (src/server/auth.ts:270:14)
      at src/server/auth.ts:335:7
      at src/server/auth.ts:313:7
      at src/server/middleware.ts:565:24

    console.warn
      2026-10-03T02:26:38.428Z WARN [oxy.auth] refused INVALID_SERVICE_TOKEN_CLAIMS: ServiceTokenClaimError: Service token lifetime must be positive and at most 300 seconds {
        component: 'auth',
        method: 'auth',
        code: 'INVALID_SERVICE_TOKEN_CLAIMS',
        stage: 'service-token',
        reason: 'ServiceTokenClaimError: Service token lifetime must be positive and at most 300 seconds',
        status: 401,
        optional: true,
        path: '/v1/chat/completions'
      }

      120 |   const line = `${formatPrefix(entry)} ${entry.message}`;
      121 |   if (entry.level === 'error') console.error(line, ...extras);
    > 122 |   else if (entry.level === 'warn') console.warn(line, ...extras);
          |                                            ^
      123 |   else console.log(line, ...extras);
      124 | };
      125 |

      at Object.consoleSink [as sink] (src/logger/index.ts:122:44)
      at emit (src/logger/index.ts:172:10)
      at Object.warn (src/logger/index.ts:191:7)
      at recordRefusal (src/server/middleware.ts:422:14)
      at src/server/middleware.ts:548:15

    console.warn
      2026-10-03T02:26:38.429Z WARN [oxy.auth] 401 after refusal INVALID_SERVICE_TOKEN_CLAIMS: ServiceTokenClaimError: Service token lifetime must be positive and at most 300 seconds {
        component: 'auth',
        method: 'requireOxyAuth',
        code: 'INVALID_SERVICE_TOKEN_CLAIMS',
        stage: 'service-token',
        reason: 'ServiceTokenClaimError: Service token lifetime must be positive and at most 300 seconds'
      }

      120 |   const line = `${formatPrefix(entry)} ${entry.message}`;
      121 |   if (entry.level === 'error') console.error(line, ...extras);
    > 122 |   else if (entry.level === 'warn') console.warn(line, ...extras);
          |                                            ^
      123 |   else console.log(line, ...extras);
      124 | };
      125 |

      at Object.consoleSink [as sink] (src/logger/index.ts:122:44)
      at emit (src/logger/index.ts:172:10)
      at Object.warn (src/logger/index.ts:191:7)
      at requireOxyAuth (src/server/auth.ts:270:14)
      at src/server/auth.ts:335:7
      at src/server/auth.ts:313:7
      at src/server/middleware.ts:565:24

    console.warn
      2026-10-03T02:26:38.429Z WARN [oxy.auth] refused INVALID_SERVICE_TOKEN_CLAIMS: ServiceTokenClaimError: Service token lifetime must be positive and at most 300 seconds {
        component: 'auth',
        method: 'auth',
        code: 'INVALID_SERVICE_TOKEN_CLAIMS',
        stage: 'service-token',
        reason: 'ServiceTokenClaimError: Service token lifetime must be positive and at most 300 seconds',
        status: 401,
        optional: false,
        path: '/v1/chat/completions'
      }

      120 |   const line = `${formatPrefix(entry)} ${entry.message}`;
      121 |   if (entry.level === 'error') console.error(line, ...extras);
    > 122 |   else if (entry.level === 'warn') console.warn(line, ...extras);
          |                                            ^
      123 |   else console.log(line, ...extras);
      124 | };
      125 |

      at Object.consoleSink [as sink] (src/logger/index.ts:122:44)
      at emit (src/logger/index.ts:172:10)
      at Object.warn (src/logger/index.ts:191:7)
      at recordRefusal (src/server/middleware.ts:422:14)
      at src/server/middleware.ts:548:15
      at authenticate (src/server/__tests__/serviceTokenJwks.test.ts:62:3)
      at Object.<anonymous> (src/server/__tests__/serviceTokenJwks.test.ts:181:13)

    console.warn
      2026-10-03T02:26:38.430Z WARN [oxy.auth] refused INVALID_SERVICE_TOKEN_CLAIMS: ServiceTokenClaimError: Service token lifetime must be positive and at most 300 seconds {
        component: 'auth',
        method: 'auth',
        code: 'INVALID_SERVICE_TOKEN_CLAIMS',
        stage: 'service-token',
        reason: 'ServiceTokenClaimError: Service token lifetime must be positive and at most 300 seconds',
        status: 401,
        optional: false,
        path: '/v1/chat/completions'
      }

      120 |   const line = `${formatPrefix(entry)} ${entry.message}`;
      121 |   if (entry.level === 'error') console.error(line, ...extras);
    > 122 |   else if (entry.level === 'warn') console.warn(line, ...extras);
          |                                            ^
      123 |   else console.log(line, ...extras);
      124 | };
      125 |

      at Object.consoleSink [as sink] (src/logger/index.ts:122:44)
      at emit (src/logger/index.ts:172:10)
      at Object.warn (src/logger/index.ts:191:7)
      at recordRefusal (src/server/middleware.ts:422:14)
      at src/server/middleware.ts:548:15
      at authenticate (src/server/__tests__/serviceTokenJwks.test.ts:62:3)
      at src/server/__tests__/serviceTokenJwks.test.ts:206:20

    console.warn
      2026-10-03T02:26:38.431Z WARN [oxy.auth] refused INVALID_SERVICE_TOKEN_CLAIMS: ServiceTokenClaimError: Service token lifetime must be positive and at most 300 seconds {
        component: 'auth',
        method: 'auth',
        code: 'INVALID_SERVICE_TOKEN_CLAIMS',
        stage: 'service-token',
        reason: 'ServiceTokenClaimError: Service token lifetime must be positive and at most 300 seconds',
        status: 401,
        optional: false,
        path: '/v1/chat/completions'
      }

      120 |   const line = `${formatPrefix(entry)} ${entry.message}`;
      121 |   if (entry.level === 'error') console.error(line, ...extras);
    > 122 |   else if (entry.level === 'warn') console.warn(line, ...extras);
          |                                            ^
      123 |   else console.log(line, ...extras);
      124 | };
      125 |

      at Object.consoleSink [as sink] (src/logger/index.ts:122:44)
      at emit (src/logger/index.ts:172:10)
      at Object.warn (src/logger/index.ts:191:7)
      at recordRefusal (src/server/middleware.ts:422:14)
      at src/server/middleware.ts:548:15
      at authenticate (src/server/__tests__/serviceTokenJwks.test.ts:62:3)
      at src/server/__tests__/serviceTokenJwks.test.ts:206:20

    console.warn
      2026-10-03T02:26:38.432Z WARN [oxy.auth] refused INVALID_SERVICE_TOKEN_CLAIMS: ServiceTokenClaimError: Service token lifetime must be positive and at most 300 seconds {
        component: 'auth',
        method: 'auth',
        code: 'INVALID_SERVICE_TOKEN_CLAIMS',
        stage: 'service-token',
        reason: 'ServiceTokenClaimError: Service token lifetime must be positive and at most 300 seconds',
        status: 401,
        optional: false,
        path: '/v1/chat/completions'
      }

      120 |   const line = `${formatPrefix(entry)} ${entry.message}`;
      121 |   if (entry.level === 'error') console.error(line, ...extras);
    > 122 |   else if (entry.level === 'warn') console.warn(line, ...extras);
          |                                            ^
      123 |   else console.log(line, ...extras);
      124 | };
      125 |

      at Object.consoleSink [as sink] (src/logger/index.ts:122:44)
      at emit (src/logger/index.ts:172:10)
      at Object.warn (src/logger/index.ts:191:7)
      at recordRefusal (src/server/middleware.ts:422:14)
      at src/server/middleware.ts:548:15
      at authenticate (src/server/__tests__/serviceTokenJwks.test.ts:62:3)
      at src/server/__tests__/serviceTokenJwks.test.ts:206:20

    console.warn
      2026-10-03T02:26:38.434Z WARN [oxy.auth] refused INVALID_SERVICE_TOKEN_CLAIMS: ServiceTokenClaimError: Service token lifetime must be positive and at most 300 seconds {
        component: 'auth',
        method: 'auth',
        code: 'INVALID_SERVICE_TOKEN_CLAIMS',
        stage: 'service-token',
        reason: 'ServiceTokenClaimError: Service token lifetime must be positive and at most 300 seconds',
        status: 401,
        optional: false,
        path: '/v1/chat/completions'
      }

      120 |   const line = `${formatPrefix(entry)} ${entry.message}`;
      121 |   if (entry.level === 'error') console.error(line, ...extras);
    > 122 |   else if (entry.level === 'warn') console.warn(line, ...extras);
          |                                            ^
      123 |   else console.log(line, ...extras);
      124 | };
      125 |

      at Object.consoleSink [as sink] (src/logger/index.ts:122:44)
      at emit (src/logger/index.ts:172:10)
      at Object.warn (src/logger/index.ts:191:7)
      at recordRefusal (src/server/middleware.ts:422:14)
      at src/server/middleware.ts:548:15
      at authenticate (src/server/__tests__/serviceTokenJwks.test.ts:62:3)
      at src/server/__tests__/serviceTokenJwks.test.ts:206:20

    console.warn
      2026-10-03T02:26:38.434Z WARN [oxy.auth] refused INVALID_SERVICE_TOKEN_CLAIMS: ServiceTokenClaimError: Service token lifetime must be positive and at most 300 seconds {
        component: 'auth',
        method: 'auth',
        code: 'INVALID_SERVICE_TOKEN_CLAIMS',
        stage: 'service-token',
        reason: 'ServiceTokenClaimError: Service token lifetime must be positive and at most 300 seconds',
        status: 401,
        optional: false,
        path: '/v1/chat/completions'
      }

      120 |   const line = `${formatPrefix(entry)} ${entry.message}`;
      121 |   if (entry.level === 'error') console.error(line, ...extras);
    > 122 |   else if (entry.level === 'warn') console.warn(line, ...extras);
          |                                            ^
      123 |   else console.log(line, ...extras);
      124 | };
      125 |

      at Object.consoleSink [as sink] (src/logger/index.ts:122:44)
      at emit (src/logger/index.ts:172:10)
      at Object.warn (src/logger/index.ts:191:7)
      at recordRefusal (src/server/middleware.ts:422:14)
      at src/server/middleware.ts:548:15
      at authenticate (src/server/__tests__/serviceTokenJwks.test.ts:62:3)
      at src/server/__tests__/serviceTokenJwks.test.ts:206:20

    console.warn
      2026-10-03T02:26:38.436Z WARN [oxy.auth] refused INVALID_SERVICE_TOKEN_CLAIMS: ServiceTokenClaimError: Service token lifetime must be positive and at most 300 seconds {
        component: 'auth',
        method: 'auth',
        code: 'INVALID_SERVICE_TOKEN_CLAIMS',
        stage: 'service-token',
        reason: 'ServiceTokenClaimError: Service token lifetime must be positive and at most 300 seconds',
        status: 401,
        optional: false,
        path: '/v1/chat/completions'
      }

      120 |   const line = `${formatPrefix(entry)} ${entry.message}`;
      121 |   if (entry.level === 'error') console.error(line, ...extras);
    > 122 |   else if (entry.level === 'warn') console.warn(line, ...extras);
          |                                            ^
      123 |   else console.log(line, ...extras);
      124 | };
      125 |

      at Object.consoleSink [as sink] (src/logger/index.ts:122:44)
      at emit (src/logger/index.ts:172:10)
      at Object.warn (src/logger/index.ts:191:7)
      at recordRefusal (src/server/middleware.ts:422:14)
      at src/server/middleware.ts:548:15
      at authenticate (src/server/__tests__/serviceTokenJwks.test.ts:62:3)
      at src/server/__tests__/serviceTokenJwks.test.ts:206:20

    console.warn
      2026-10-03T02:26:38.437Z WARN [oxy.auth] refused INVALID_SERVICE_TOKEN_CLAIMS: ServiceTokenClaimError: Service token lifetime must be positive and at most 300 seconds {
        component: 'auth',
        method: 'auth',
        code: 'INVALID_SERVICE_TOKEN_CLAIMS',
        stage: 'service-token',
        reason: 'ServiceTokenClaimError: Service token lifetime must be positive and at most 300 seconds',
        status: 401,
        optional: false,
        path: '/v1/chat/completions'
      }

      120 |   const line = `${formatPrefix(entry)} ${entry.message}`;
      121 |   if (entry.level === 'error') console.error(line, ...extras);
    > 122 |   else if (entry.level === 'warn') console.warn(line, ...extras);
          |                                            ^
      123 |   else console.log(line, ...extras);
      124 | };
      125 |

      at Object.consoleSink [as sink] (src/logger/index.ts:122:44)
      at emit (src/logger/index.ts:172:10)
      at Object.warn (src/logger/index.ts:191:7)
      at recordRefusal (src/server/middleware.ts:422:14)
      at src/server/middleware.ts:548:15
      at authenticate (src/server/__tests__/serviceTokenJwks.test.ts:62:3)
      at src/server/__tests__/serviceTokenJwks.test.ts:206:20

    console.warn
      2026-10-03T02:26:38.437Z WARN [oxy.auth] refused INVALID_SERVICE_TOKEN_CLAIMS: ServiceTokenClaimError: Service token lifetime must be positive and at most 300 seconds {
        component: 'auth',
        method: 'auth',
        code: 'INVALID_SERVICE_TOKEN_CLAIMS',
        stage: 'service-token',
        reason: 'ServiceTokenClaimError: Service token lifetime must be positive and at most 300 seconds',
        status: 401,
        optional: false,
        path: '/v1/chat/completions'
      }

      120 |   const line = `${formatPrefix(entry)} ${entry.message}`;
      121 |   if (entry.level === 'error') console.error(line, ...extras);
    > 122 |   else if (entry.level === 'warn') console.warn(line, ...extras);
          |                                            ^
      123 |   else console.log(line, ...extras);
      124 | };
      125 |

      at Object.consoleSink [as sink] (src/logger/index.ts:122:44)
      at emit (src/logger/index.ts:172:10)
      at Object.warn (src/logger/index.ts:191:7)
      at recordRefusal (src/server/middleware.ts:422:14)
      at src/server/middleware.ts:548:15
      at authenticate (src/server/__tests__/serviceTokenJwks.test.ts:62:3)
      at src/server/__tests__/serviceTokenJwks.test.ts:206:20

    console.warn
      2026-10-03T02:26:38.438Z WARN [oxy.auth] refused INVALID_SERVICE_TOKEN_CLAIMS: ServiceTokenClaimError: Service token lifetime must be positive and at most 300 seconds {
        component: 'auth',
        method: 'auth',
        code: 'INVALID_SERVICE_TOKEN_CLAIMS',
        stage: 'service-token',
        reason: 'ServiceTokenClaimError: Service token lifetime must be positive and at most 300 seconds',
        status: 401,
        optional: false,
        path: '/v1/chat/completions'
      }

      120 |   const line = `${formatPrefix(entry)} ${entry.message}`;
      121 |   if (entry.level === 'error') console.error(line, ...extras);
    > 122 |   else if (entry.level === 'warn') console.warn(line, ...extras);
          |                                            ^
      123 |   else console.log(line, ...extras);
      124 | };
      125 |

      at Object.consoleSink [as sink] (src/logger/index.ts:122:44)
      at emit (src/logger/index.ts:172:10)
      at Object.warn (src/logger/index.ts:191:7)
      at recordRefusal (src/server/middleware.ts:422:14)
      at src/server/middleware.ts:548:15
      at authenticate (src/server/__tests__/serviceTokenJwks.test.ts:62:3)
      at src/server/__tests__/serviceTokenJwks.test.ts:206:20

    console.warn
      2026-10-03T02:26:38.439Z WARN [oxy.auth] refused INVALID_SERVICE_TOKEN_CLAIMS: ServiceTokenClaimError: Service token lifetime must be positive and at most 300 seconds {
        component: 'auth',
        method: 'auth',
        code: 'INVALID_SERVICE_TOKEN_CLAIMS',
        stage: 'service-token',
        reason: 'ServiceTokenClaimError: Service token lifetime must be positive and at most 300 seconds',
        status: 401,
        optional: false,
        path: '/v1/chat/completions'
      }

      120 |   const line = `${formatPrefix(entry)} ${entry.message}`;
      121 |   if (entry.level === 'error') console.error(line, ...extras);
    > 122 |   else if (entry.level === 'warn') console.warn(line, ...extras);
          |                                            ^
      123 |   else console.log(line, ...extras);
      124 | };
      125 |

      at Object.consoleSink [as sink] (src/logger/index.ts:122:44)
      at emit (src/logger/index.ts:172:10)
      at Object.warn (src/logger/index.ts:191:7)
      at recordRefusal (src/server/middleware.ts:422:14)
      at src/server/middleware.ts:548:15
      at authenticate (src/server/__tests__/serviceTokenJwks.test.ts:62:3)
      at src/server/__tests__/serviceTokenJwks.test.ts:206:20

    console.warn
      2026-10-03T02:26:38.441Z WARN [oxy.auth] refused INVALID_SERVICE_TOKEN_CLAIMS: ServiceTokenClaimError: Service token lifetime must be positive and at most 300 seconds {
        component: 'auth',
        method: 'auth',
        code: 'INVALID_SERVICE_TOKEN_CLAIMS',
        stage: 'service-token',
        reason: 'ServiceTokenClaimError: Service token lifetime must be positive and at most 300 seconds',
        status: 401,
        optional: false,
        path: '/v1/chat/completions'
      }

      120 |   const line = `${formatPrefix(entry)} ${entry.message}`;
      121 |   if (entry.level === 'error') console.error(line, ...extras);
    > 122 |   else if (entry.level === 'warn') console.warn(line, ...extras);
          |                                            ^
      123 |   else console.log(line, ...extras);
      124 | };
      125 |

      at Object.consoleSink [as sink] (src/logger/index.ts:122:44)
      at emit (src/logger/index.ts:172:10)
      at Object.warn (src/logger/index.ts:191:7)
      at recordRefusal (src/server/middleware.ts:422:14)
      at src/server/middleware.ts:548:15
      at authenticate (src/server/__tests__/serviceTokenJwks.test.ts:62:3)
      at src/server/__tests__/serviceTokenJwks.test.ts:206:20

    console.warn
      2026-10-03T02:26:38.442Z WARN [oxy.auth] refused INVALID_SERVICE_TOKEN_CLAIMS: ServiceTokenClaimError: Service token lifetime must be positive and at most 300 seconds {
        component: 'auth',
        method: 'auth',
        code: 'INVALID_SERVICE_TOKEN_CLAIMS',
        stage: 'service-token',
        reason: 'ServiceTokenClaimError: Service token lifetime must be positive and at most 300 seconds',
        status: 401,
        optional: false,
        path: '/v1/chat/completions'
      }

      120 |   const line = `${formatPrefix(entry)} ${entry.message}`;
      121 |   if (entry.level === 'error') console.error(line, ...extras);
    > 122 |   else if (entry.level === 'warn') console.warn(line, ...extras);
          |                                            ^
      123 |   else console.log(line, ...extras);
      124 | };
      125 |

      at Object.consoleSink [as sink] (src/logger/index.ts:122:44)
      at emit (src/logger/index.ts:172:10)
      at Object.warn (src/logger/index.ts:191:7)
      at recordRefusal (src/server/middleware.ts:422:14)
      at src/server/middleware.ts:548:15
      at authenticate (src/server/__tests__/serviceTokenJwks.test.ts:62:3)
      at src/server/__tests__/serviceTokenJwks.test.ts:206:20

    console.warn
      2026-10-03T02:26:38.443Z WARN [oxy.auth] refused INVALID_SERVICE_TOKEN_CLAIMS: ServiceTokenClaimError: Service token lifetime must be positive and at most 300 seconds {
        component: 'auth',
        method: 'auth',
        code: 'INVALID_SERVICE_TOKEN_CLAIMS',
        stage: 'service-token',
        reason: 'ServiceTokenClaimError: Service token lifetime must be positive and at most 300 seconds',
        status: 401,
        optional: false,
        path: '/v1/chat/completions'
      }

      120 |   const line = `${formatPrefix(entry)} ${entry.message}`;
      121 |   if (entry.level === 'error') console.error(line, ...extras);
    > 122 |   else if (entry.level === 'warn') console.warn(line, ...extras);
          |                                            ^
      123 |   else console.log(line, ...extras);
      124 | };
      125 |

      at Object.consoleSink [as sink] (src/logger/index.ts:122:44)
      at emit (src/logger/index.ts:172:10)
      at Object.warn (src/logger/index.ts:191:7)
      at recordRefusal (src/server/middleware.ts:422:14)
      at src/server/middleware.ts:548:15
      at authenticate (src/server/__tests__/serviceTokenJwks.test.ts:62:3)
      at accepted (src/server/__tests__/serviceTokenJwks.test.ts:236:47)
      at Object.<anonymous> (src/server/__tests__/serviceTokenJwks.test.ts:252:12)

    console.warn
      2026-10-03T02:26:38.445Z WARN [oxy.auth] refused INVALID_SERVICE_TOKEN_CLAIMS: ServiceTokenClaimError: Service token lifetime must be positive and at most 300 seconds {
        component: 'auth',
        method: 'auth',
        code: 'INVALID_SERVICE_TOKEN_CLAIMS',
        stage: 'service-token',
        reason: 'ServiceTokenClaimError: Service token lifetime must be positive and at most 300 seconds',
        status: 401,
        optional: false,
        path: '/v1/chat/completions'
      }

      120 |   const line = `${formatPrefix(entry)} ${entry.message}`;
      121 |   if (entry.level === 'error') console.error(line, ...extras);
    > 122 |   else if (entry.level === 'warn') console.warn(line, ...extras);
          |                                            ^
      123 |   else console.log(line, ...extras);
      124 | };
      125 |

      at Object.consoleSink [as sink] (src/logger/index.ts:122:44)
      at emit (src/logger/index.ts:172:10)
      at Object.warn (src/logger/index.ts:191:7)
      at recordRefusal (src/server/middleware.ts:422:14)
      at src/server/middleware.ts:548:15
      at authenticate (src/server/__tests__/serviceTokenJwks.test.ts:62:3)
      at accepted (src/server/__tests__/serviceTokenJwks.test.ts:236:47)
      at Object.<anonymous> (src/server/__tests__/serviceTokenJwks.test.ts:259:12)

    console.warn
      2026-10-03T02:26:38.447Z WARN [oxy.auth] refused INVALID_SERVICE_TOKEN_CLAIMS: ServiceTokenClaimError: Service token lifetime must be positive and at most 300 seconds {
        component: 'auth',
        method: 'auth',
        code: 'INVALID_SERVICE_TOKEN_CLAIMS',
        stage: 'service-token',
        reason: 'ServiceTokenClaimError: Service token lifetime must be positive and at most 300 seconds',
        status: 401,
        optional: false,
        path: '/v1/chat/completions'
      }

      120 |   const line = `${formatPrefix(entry)} ${entry.message}`;
      121 |   if (entry.level === 'error') console.error(line, ...extras);
    > 122 |   else if (entry.level === 'warn') console.warn(line, ...extras);
          |                                            ^
      123 |   else console.log(line, ...extras);
      124 | };
      125 |

      at Object.consoleSink [as sink] (src/logger/index.ts:122:44)
      at emit (src/logger/index.ts:172:10)
      at Object.warn (src/logger/index.ts:191:7)
      at recordRefusal (src/server/middleware.ts:422:14)
      at src/server/middleware.ts:548:15
      at authenticate (src/server/__tests__/serviceTokenJwks.test.ts:62:3)
      at accepted (src/server/__tests__/serviceTokenJwks.test.ts:236:47)
      at Object.<anonymous> (src/server/__tests__/serviceTokenJwks.test.ts:265:12)

    console.warn
      2026-10-03T02:26:38.450Z WARN [oxy.auth] refused INVALID_SERVICE_TOKEN_CLAIMS: ServiceTokenClaimError: Service token lifetime must be positive and at most 300 seconds {
        component: 'auth',
        method: 'auth',
        code: 'INVALID_SERVICE_TOKEN_CLAIMS',
        stage: 'service-token',
        reason: 'ServiceTokenClaimError: Service token lifetime must be positive and at most 300 seconds',
        status: 401,
        optional: false,
        path: '/v1/chat/completions'
      }

      120 |   const line = `${formatPrefix(entry)} ${entry.message}`;
      121 |   if (entry.level === 'error') console.error(line, ...extras);
    > 122 |   else if (entry.level === 'warn') console.warn(line, ...extras);
          |                                            ^
      123 |   else console.log(line, ...extras);
      124 | };
      125 |

      at Object.consoleSink [as sink] (src/logger/index.ts:122:44)
      at emit (src/logger/index.ts:172:10)
      at Object.warn (src/logger/index.ts:191:7)
      at recordRefusal (src/server/middleware.ts:422:14)
      at src/server/middleware.ts:548:15
      at authenticate (src/server/__tests__/serviceTokenJwks.test.ts:62:3)
      at accepted (src/server/__tests__/serviceTokenJwks.test.ts:236:47)
      at Object.<anonymous> (src/server/__tests__/serviceTokenJwks.test.ts:277:12)

    console.warn
      2026-10-03T02:26:38.452Z WARN [oxy.auth] refused INVALID_SERVICE_TOKEN: ServiceTokenSignatureError: Service token signature is invalid {
        component: 'auth',
        method: 'auth',
        code: 'INVALID_SERVICE_TOKEN',
        stage: 'service-token',
        reason: 'ServiceTokenSignatureError: Service token signature is invalid',
        status: 401,
        optional: false,
        path: '/v1/chat/completions'
      }

      120 |   const line = `${formatPrefix(entry)} ${entry.message}`;
      121 |   if (entry.level === 'error') console.error(line, ...extras);
    > 122 |   else if (entry.level === 'warn') console.warn(line, ...extras);
          |                                            ^
      123 |   else console.log(line, ...extras);
      124 | };
      125 |

      at Object.consoleSink [as sink] (src/logger/index.ts:122:44)
      at emit (src/logger/index.ts:172:10)
      at Object.warn (src/logger/index.ts:191:7)
      at recordRefusal (src/server/middleware.ts:422:14)
      at src/server/middleware.ts:548:15
      at authenticate (src/server/__tests__/serviceTokenJwks.test.ts:62:3)
      at Object.<anonymous> (src/server/__tests__/serviceTokenJwks.test.ts:291:20)

    console.warn
      2026-10-03T02:26:38.454Z WARN [oxy.auth] refused INVALID_SERVICE_TOKEN_CLAIMS: ServiceTokenClaimError: Service token lifetime must be positive and at most 300 seconds {
        component: 'auth',
        method: 'auth',
        code: 'INVALID_SERVICE_TOKEN_CLAIMS',
        stage: 'service-token',
        reason: 'ServiceTokenClaimError: Service token lifetime must be positive and at most 300 seconds',
        status: 401,
        optional: false,
        path: '/v1/chat/completions'
      }

      120 |   const line = `${formatPrefix(entry)} ${entry.message}`;
      121 |   if (entry.level === 'error') console.error(line, ...extras);
    > 122 |   else if (entry.level === 'warn') console.warn(line, ...extras);
          |                                            ^
      123 |   else console.log(line, ...extras);
      124 | };
      125 |

      at Object.consoleSink [as sink] (src/logger/index.ts:122:44)
      at emit (src/logger/index.ts:172:10)
      at Object.warn (src/logger/index.ts:191:7)
      at recordRefusal (src/server/middleware.ts:422:14)
      at src/server/middleware.ts:548:15
      at authenticate (src/server/__tests__/serviceTokenJwks.test.ts:62:3)
      at src/server/__tests__/serviceTokenJwks.test.ts:303:20

    console.warn
      2026-10-03T02:26:38.456Z WARN [oxy.auth] refused INVALID_SERVICE_TOKEN_CLAIMS: ServiceTokenClaimError: Service token lifetime must be positive and at most 300 seconds {
        component: 'auth',
        method: 'auth',
        code: 'INVALID_SERVICE_TOKEN_CLAIMS',
        stage: 'service-token',
        reason: 'ServiceTokenClaimError: Service token lifetime must be positive and at most 300 seconds',
        status: 401,
        optional: false,
        path: '/v1/chat/completions'
      }

      120 |   const line = `${formatPrefix(entry)} ${entry.message}`;
      121 |   if (entry.level === 'error') console.error(line, ...extras);
    > 122 |   else if (entry.level === 'warn') console.warn(line, ...extras);
          |                                            ^
      123 |   else console.log(line, ...extras);
      124 | };
      125 |

      at Object.consoleSink [as sink] (src/logger/index.ts:122:44)
      at emit (src/logger/index.ts:172:10)
      at Object.warn (src/logger/index.ts:191:7)
      at recordRefusal (src/server/middleware.ts:422:14)
      at src/server/middleware.ts:548:15
      at authenticate (src/server/__tests__/serviceTokenJwks.test.ts:62:3)
      at src/server/__tests__/serviceTokenJwks.test.ts:303:20

    console.warn
      2026-10-03T02:26:38.458Z WARN [oxy.auth] refused INVALID_SERVICE_TOKEN_CLAIMS: ServiceTokenClaimError: Service token lifetime must be positive and at most 300 seconds {
        component: 'auth',
        method: 'auth',
        code: 'INVALID_SERVICE_TOKEN_CLAIMS',
        stage: 'service-token',
        reason: 'ServiceTokenClaimError: Service token lifetime must be positive and at most 300 seconds',
        status: 401,
        optional: false,
        path: '/v1/chat/completions'
      }

      120 |   const line = `${formatPrefix(entry)} ${entry.message}`;
      121 |   if (entry.level === 'error') console.error(line, ...extras);
    > 122 |   else if (entry.level === 'warn') console.warn(line, ...extras);
          |                                            ^
      123 |   else console.log(line, ...extras);
      124 | };
      125 |

      at Object.consoleSink [as sink] (src/logger/index.ts:122:44)
      at emit (src/logger/index.ts:172:10)
      at Object.warn (src/logger/index.ts:191:7)
      at recordRefusal (src/server/middleware.ts:422:14)
      at src/server/middleware.ts:548:15
      at authenticate (src/server/__tests__/serviceTokenJwks.test.ts:62:3)
      at src/server/__tests__/serviceTokenJwks.test.ts:303:20

    console.warn
      2026-10-03T02:26:38.460Z WARN [oxy.auth] refused INVALID_SERVICE_TOKEN_CLAIMS: ServiceTokenClaimError: Service token lifetime must be positive and at most 300 seconds {
        component: 'auth',
        method: 'auth',
        code: 'INVALID_SERVICE_TOKEN_CLAIMS',
        stage: 'service-token',
        reason: 'ServiceTokenClaimError: Service token lifetime must be positive and at most 300 seconds',
        status: 401,
        optional: false,
        path: '/v1/chat/completions'
      }

      120 |   const line = `${formatPrefix(entry)} ${entry.message}`;
      121 |   if (entry.level === 'error') console.error(line, ...extras);
    > 122 |   else if (entry.level === 'warn') console.warn(line, ...extras);
          |                                            ^
      123 |   else console.log(line, ...extras);
      124 | };
      125 |

      at Object.consoleSink [as sink] (src/logger/index.ts:122:44)
      at emit (src/logger/index.ts:172:10)
      at Object.warn (src/logger/index.ts:191:7)
      at recordRefusal (src/server/middleware.ts:422:14)
      at src/server/middleware.ts:548:15
      at authenticate (src/server/__tests__/serviceTokenJwks.test.ts:62:3)
      at src/server/__tests__/serviceTokenJwks.test.ts:303:20

    console.warn
      2026-10-03T02:26:38.461Z WARN [oxy.auth] refused INVALID_SERVICE_TOKEN_CLAIMS: ServiceTokenClaimError: Service token lifetime must be positive and at most 300 seconds {
        component: 'auth',
        method: 'auth',
        code: 'INVALID_SERVICE_TOKEN_CLAIMS',
        stage: 'service-token',
        reason: 'ServiceTokenClaimError: Service token lifetime must be positive and at most 300 seconds',
        status: 401,
        optional: false,
        path: '/v1/chat/completions'
      }

      120 |   const line = `${formatPrefix(entry)} ${entry.message}`;
      121 |   if (entry.level === 'error') console.error(line, ...extras);
    > 122 |   else if (entry.level === 'warn') console.warn(line, ...extras);
          |                                            ^
      123 |   else console.log(line, ...extras);
      124 | };
      125 |

      at Object.consoleSink [as sink] (src/logger/index.ts:122:44)
      at emit (src/logger/index.ts:172:10)
      at Object.warn (src/logger/index.ts:191:7)
      at recordRefusal (src/server/middleware.ts:422:14)
      at src/server/middleware.ts:548:15
      at authenticate (src/server/__tests__/serviceTokenJwks.test.ts:62:3)
      at src/server/__tests__/serviceTokenJwks.test.ts:303:20

    console.warn
      2026-10-03T02:26:38.462Z WARN [oxy.auth] refused INVALID_TOKEN_PAYLOAD: Token carries no usable user id claim {
        component: 'auth',
        method: 'auth',
        code: 'INVALID_TOKEN_PAYLOAD',
        stage: 'token',
        reason: 'Token carries no usable user id claim',
        status: 401,
        optional: false,
        path: '/v1/chat/completions'
      }

      120 |   const line = `${formatPrefix(entry)} ${entry.message}`;
      121 |   if (entry.level === 'error') console.error(line, ...extras);
    > 122 |   else if (entry.level === 'warn') console.warn(line, ...extras);
          |                                            ^
      123 |   else console.log(line, ...extras);
      124 | };
      125 |

      at Object.consoleSink [as sink] (src/logger/index.ts:122:44)
      at emit (src/logger/index.ts:172:10)
      at Object.warn (src/logger/index.ts:191:7)
      at recordRefusal (src/server/middleware.ts:422:14)
      at src/server/middleware.ts:767:11
      at authenticate (src/server/__tests__/serviceTokenJwks.test.ts:62:30)
      at Object.<anonymous> (src/server/__tests__/serviceTokenJwks.test.ts:310:26)

    console.warn
      2026-10-03T02:26:38.464Z WARN [oxy.auth] refused INVALID_SERVICE_TOKEN_CLAIMS: ServiceTokenClaimError: Service token lifetime must be positive and at most 300 seconds {
        component: 'auth',
        method: 'auth',
        code: 'INVALID_SERVICE_TOKEN_CLAIMS',
        stage: 'service-token',
        reason: 'ServiceTokenClaimError: Service token lifetime must be positive and at most 300 seconds',
        status: 401,
        optional: false,
        path: '/v1/chat/completions'
      }

      120 |   const line = `${formatPrefix(entry)} ${entry.message}`;
      121 |   if (entry.level === 'error') console.error(line, ...extras);
    > 122 |   else if (entry.level === 'warn') console.warn(line, ...extras);
          |                                            ^
      123 |   else console.log(line, ...extras);
      124 | };
      125 |

      at Object.consoleSink [as sink] (src/logger/index.ts:122:44)
      at emit (src/logger/index.ts:172:10)
      at Object.warn (src/logger/index.ts:191:7)
      at recordRefusal (src/server/middleware.ts:422:14)
      at src/server/middleware.ts:548:15
      at authenticate (src/server/__tests__/serviceTokenJwks.test.ts:62:3)
      at accepted (src/server/__tests__/serviceTokenJwks.test.ts:236:47)
      at Object.<anonymous> (src/server/__tests__/serviceTokenJwks.test.ts:319:12)

    console.warn
      2026-10-03T02:26:38.465Z WARN [oxy.auth] refused INVALID_SERVICE_TOKEN_CLAIMS: ServiceTokenClaimError: Service token lifetime must be positive and at most 300 seconds {
        component: 'auth',
        method: 'auth',
        code: 'INVALID_SERVICE_TOKEN_CLAIMS',
        stage: 'service-token',
        reason: 'ServiceTokenClaimError: Service token lifetime must be positive and at most 300 seconds',
        status: 401,
        optional: false,
        path: '/v1/chat/completions'
      }

      120 |   const line = `${formatPrefix(entry)} ${entry.message}`;
      121 |   if (entry.level === 'error') console.error(line, ...extras);
    > 122 |   else if (entry.level === 'warn') console.warn(line, ...extras);
          |                                            ^
      123 |   else console.log(line, ...extras);
      124 | };
      125 |

      at Object.consoleSink [as sink] (src/logger/index.ts:122:44)
      at emit (src/logger/index.ts:172:10)
      at Object.warn (src/logger/index.ts:191:7)
      at recordRefusal (src/server/middleware.ts:422:14)
      at src/server/middleware.ts:548:15
      at authenticate (src/server/__tests__/serviceTokenJwks.test.ts:62:3)
      at accepted (src/server/__tests__/serviceTokenJwks.test.ts:236:47)
      at Object.<anonymous> (src/server/__tests__/serviceTokenJwks.test.ts:332:12)

    console.warn
      2026-10-03T02:26:38.466Z WARN [oxy.auth] refused INVALID_SERVICE_TOKEN_CLAIMS: ServiceTokenClaimError: Service token lifetime must be positive and at most 300 seconds {
        component: 'auth',
        method: 'auth',
        code: 'INVALID_SERVICE_TOKEN_CLAIMS',
        stage: 'service-token',
        reason: 'ServiceTokenClaimError: Service token lifetime must be positive and at most 300 seconds',
        status: 401,
        optional: false,
        path: '/v1/chat/completions'
      }

      120 |   const line = `${formatPrefix(entry)} ${entry.message}`;
      121 |   if (entry.level === 'error') console.error(line, ...extras);
    > 122 |   else if (entry.level === 'warn') console.warn(line, ...extras);
          |                                            ^
      123 |   else console.log(line, ...extras);
      124 | };
      125 |

      at Object.consoleSink [as sink] (src/logger/index.ts:122:44)
      at emit (src/logger/index.ts:172:10)
      at Object.warn (src/logger/index.ts:191:7)
      at recordRefusal (src/server/middleware.ts:422:14)
      at src/server/middleware.ts:548:15
      at authenticate (src/server/__tests__/serviceTokenJwks.test.ts:62:3)
      at accepted (src/server/__tests__/serviceTokenJwks.test.ts:236:47)
      at Object.<anonymous> (src/server/__tests__/serviceTokenJwks.test.ts:341:12)

    console.warn
      2026-10-03T02:26:38.468Z WARN [oxy.auth] refused INVALID_SERVICE_TOKEN: ServiceTokenSignatureError: Oxy service-token key set is unavailable {
        component: 'auth',
        method: 'auth',
        code: 'INVALID_SERVICE_TOKEN',
        stage: 'service-token',
        reason: 'ServiceTokenSignatureError: Oxy service-token key set is unavailable',
        status: 401,
        optional: false,
        path: '/v1/chat/completions'
      }

      120 |   const line = `${formatPrefix(entry)} ${entry.message}`;
      121 |   if (entry.level === 'error') console.error(line, ...extras);
    > 122 |   else if (entry.level === 'warn') console.warn(line, ...extras);
          |                                            ^
      123 |   else console.log(line, ...extras);
      124 | };
      125 |

      at Object.consoleSink [as sink] (src/logger/index.ts:122:44)
      at emit (src/logger/index.ts:172:10)
      at Object.warn (src/logger/index.ts:191:7)
      at recordRefusal (src/server/middleware.ts:422:14)
      at src/server/middleware.ts:548:15
      at authenticate (src/server/__tests__/serviceTokenJwks.test.ts:62:3)
      at src/server/__tests__/serviceTokenJwks.test.ts:360:20

    console.warn
      2026-10-03T02:26:38.469Z WARN [oxy.auth] refused INVALID_SERVICE_TOKEN: ServiceTokenSignatureError: Oxy service-token key set is unavailable {
        component: 'auth',
        method: 'auth',
        code: 'INVALID_SERVICE_TOKEN',
        stage: 'service-token',
        reason: 'ServiceTokenSignatureError: Oxy service-token key set is unavailable',
        status: 401,
        optional: false,
        path: '/v1/chat/completions'
      }

      120 |   const line = `${formatPrefix(entry)} ${entry.message}`;
      121 |   if (entry.level === 'error') console.error(line, ...extras);
    > 122 |   else if (entry.level === 'warn') console.warn(line, ...extras);
          |                                            ^
      123 |   else console.log(line, ...extras);
      124 | };
      125 |

      at Object.consoleSink [as sink] (src/logger/index.ts:122:44)
      at emit (src/logger/index.ts:172:10)
      at Object.warn (src/logger/index.ts:191:7)
      at recordRefusal (src/server/middleware.ts:422:14)
      at src/server/middleware.ts:548:15
      at authenticate (src/server/__tests__/serviceTokenJwks.test.ts:62:3)
      at src/server/__tests__/serviceTokenJwks.test.ts:360:20

    console.warn
      2026-10-03T02:26:38.469Z WARN [oxy.auth] refused INVALID_SERVICE_TOKEN: ServiceTokenSignatureError: Oxy service-token key set is unavailable {
        component: 'auth',
        method: 'auth',
        code: 'INVALID_SERVICE_TOKEN',
        stage: 'service-token',
        reason: 'ServiceTokenSignatureError: Oxy service-token key set is unavailable',
        status: 401,
        optional: false,
        path: '/v1/chat/completions'
      }

      120 |   const line = `${formatPrefix(entry)} ${entry.message}`;
      121 |   if (entry.level === 'error') console.error(line, ...extras);
    > 122 |   else if (entry.level === 'warn') console.warn(line, ...extras);
          |                                            ^
      123 |   else console.log(line, ...extras);
      124 | };
      125 |

      at Object.consoleSink [as sink] (src/logger/index.ts:122:44)
      at emit (src/logger/index.ts:172:10)
      at Object.warn (src/logger/index.ts:191:7)
      at recordRefusal (src/server/middleware.ts:422:14)
      at src/server/middleware.ts:548:15
      at authenticate (src/server/__tests__/serviceTokenJwks.test.ts:62:3)
      at src/server/__tests__/serviceTokenJwks.test.ts:360:20

    console.warn
      2026-10-03T02:26:38.470Z WARN [oxy.auth] refused INVALID_SERVICE_TOKEN: ServiceTokenSignatureError: Oxy service-token key set is unavailable {
        component: 'auth',
        method: 'auth',
        code: 'INVALID_SERVICE_TOKEN',
        stage: 'service-token',
        reason: 'ServiceTokenSignatureError: Oxy service-token key set is unavailable',
        status: 401,
        optional: false,
        path: '/v1/chat/completions'
      }

      120 |   const line = `${formatPrefix(entry)} ${entry.message}`;
      121 |   if (entry.level === 'error') console.error(line, ...extras);
    > 122 |   else if (entry.level === 'warn') console.warn(line, ...extras);
          |                                            ^
      123 |   else console.log(line, ...extras);
      124 | };
      125 |

      at Object.consoleSink [as sink] (src/logger/index.ts:122:44)
      at emit (src/logger/index.ts:172:10)
      at Object.warn (src/logger/index.ts:191:7)
      at recordRefusal (src/server/middleware.ts:422:14)
      at src/server/middleware.ts:548:15
      at authenticate (src/server/__tests__/serviceTokenJwks.test.ts:62:3)
      at src/server/__tests__/serviceTokenJwks.test.ts:360:20

    console.warn
      2026-10-03T02:26:38.471Z WARN [oxy.auth] refused INVALID_SERVICE_TOKEN: ServiceTokenSignatureError: Oxy service-token key set is unavailable {
        component: 'auth',
        method: 'auth',
        code: 'INVALID_SERVICE_TOKEN',
        stage: 'service-token',
        reason: 'ServiceTokenSignatureError: Oxy service-token key set is unavailable',
        status: 401,
        optional: false,
        path: '/v1/chat/completions'
      }

      120 |   const line = `${formatPrefix(entry)} ${entry.message}`;
      121 |   if (entry.level === 'error') console.error(line, ...extras);
    > 122 |   else if (entry.level === 'warn') console.warn(line, ...extras);
          |                                            ^
      123 |   else console.log(line, ...extras);
      124 | };
      125 |

      at Object.consoleSink [as sink] (src/logger/index.ts:122:44)
      at emit (src/logger/index.ts:172:10)
      at Object.warn (src/logger/index.ts:191:7)
      at recordRefusal (src/server/middleware.ts:422:14)
      at src/server/middleware.ts:548:15
      at authenticate (src/server/__tests__/serviceTokenJwks.test.ts:62:3)
      at src/server/__tests__/serviceTokenJwks.test.ts:360:20

    console.warn
      2026-10-03T02:26:38.472Z WARN [oxy.auth] refused INVALID_SERVICE_TOKEN: ServiceTokenSignatureError: Oxy service-token key set is unavailable {
        component: 'auth',
        method: 'auth',
        code: 'INVALID_SERVICE_TOKEN',
        stage: 'service-token',
        reason: 'ServiceTokenSignatureError: Oxy service-token key set is unavailable',
        status: 401,
        optional: false,
        path: '/v1/chat/completions'
      }

      120 |   const line = `${formatPrefix(entry)} ${entry.message}`;
      121 |   if (entry.level === 'error') console.error(line, ...extras);
    > 122 |   else if (entry.level === 'warn') console.warn(line, ...extras);
          |                                            ^
      123 |   else console.log(line, ...extras);
      124 | };
      125 |

      at Object.consoleSink [as sink] (src/logger/index.ts:122:44)
      at emit (src/logger/index.ts:172:10)
      at Object.warn (src/logger/index.ts:191:7)
      at recordRefusal (src/server/middleware.ts:422:14)
      at src/server/middleware.ts:548:15
      at authenticate (src/server/__tests__/serviceTokenJwks.test.ts:62:3)
      at src/server/__tests__/serviceTokenJwks.test.ts:360:20

    console.warn
      2026-10-03T02:26:38.473Z WARN [oxy.auth] refused INVALID_SERVICE_TOKEN: ServiceTokenSignatureError: Oxy service-token key set is unavailable {
        component: 'auth',
        method: 'auth',
        code: 'INVALID_SERVICE_TOKEN',
        stage: 'service-token',
        reason: 'ServiceTokenSignatureError: Oxy service-token key set is unavailable',
        status: 401,
        optional: false,
        path: '/v1/chat/completions'
      }

      120 |   const line = `${formatPrefix(entry)} ${entry.message}`;
      121 |   if (entry.level === 'error') console.error(line, ...extras);
    > 122 |   else if (entry.level === 'warn') console.warn(line, ...extras);
          |                                            ^
      123 |   else console.log(line, ...extras);
      124 | };
      125 |

      at Object.consoleSink [as sink] (src/logger/index.ts:122:44)
      at emit (src/logger/index.ts:172:10)
      at Object.warn (src/logger/index.ts:191:7)
      at recordRefusal (src/server/middleware.ts:422:14)
      at src/server/middleware.ts:548:15
      at authenticate (src/server/__tests__/serviceTokenJwks.test.ts:62:3)
      at src/server/__tests__/serviceTokenJwks.test.ts:360:20

    console.warn
      2026-10-03T02:26:38.474Z WARN [oxy.auth] refused INVALID_SERVICE_TOKEN: ServiceTokenSignatureError: Oxy service-token key set is unavailable {
        component: 'auth',
        method: 'auth',
        code: 'INVALID_SERVICE_TOKEN',
        stage: 'service-token',
        reason: 'ServiceTokenSignatureError: Oxy service-token key set is unavailable',
        status: 401,
        optional: false,
        path: '/v1/chat/completions'
      }

      120 |   const line = `${formatPrefix(entry)} ${entry.message}`;
      121 |   if (entry.level === 'error') console.error(line, ...extras);
    > 122 |   else if (entry.level === 'warn') console.warn(line, ...extras);
          |                                            ^
      123 |   else console.log(line, ...extras);
      124 | };
      125 |

      at Object.consoleSink [as sink] (src/logger/index.ts:122:44)
      at emit (src/logger/index.ts:172:10)
      at Object.warn (src/logger/index.ts:191:7)
      at recordRefusal (src/server/middleware.ts:422:14)
      at src/server/middleware.ts:548:15
      at authenticate (src/server/__tests__/serviceTokenJwks.test.ts:62:3)
      at src/server/__tests__/serviceTokenJwks.test.ts:360:20

    console.warn
      2026-10-03T02:26:38.475Z WARN [oxy.auth] refused INVALID_SERVICE_TOKEN: ServiceTokenSignatureError: Oxy service-token key set is unavailable {
        component: 'auth',
        method: 'auth',
        code: 'INVALID_SERVICE_TOKEN',
        stage: 'service-token',
        reason: 'ServiceTokenSignatureError: Oxy service-token key set is unavailable',
        status: 401,
        optional: false,
        path: '/v1/chat/completions'
      }

      120 |   const line = `${formatPrefix(entry)} ${entry.message}`;
      121 |   if (entry.level === 'error') console.error(line, ...extras);
    > 122 |   else if (entry.level === 'warn') console.warn(line, ...extras);
          |                                            ^
      123 |   else console.log(line, ...extras);
      124 | };
      125 |

      at Object.consoleSink [as sink] (src/logger/index.ts:122:44)
      at emit (src/logger/index.ts:172:10)
      at Object.warn (src/logger/index.ts:191:7)
      at recordRefusal (src/server/middleware.ts:422:14)
      at src/server/middleware.ts:548:15
      at authenticate (src/server/__tests__/serviceTokenJwks.test.ts:62:3)
      at src/server/__tests__/serviceTokenJwks.test.ts:360:20

    console.warn
      2026-10-03T02:26:38.477Z WARN [oxy.auth] refused INVALID_SERVICE_TOKEN_CLAIMS: ServiceTokenClaimError: Service token lifetime must be positive and at most 300 seconds {
        component: 'auth',
        method: 'auth',
        code: 'INVALID_SERVICE_TOKEN_CLAIMS',
        stage: 'service-token',
        reason: 'ServiceTokenClaimError: Service token lifetime must be positive and at most 300 seconds',
        status: 401,
        optional: false,
        path: '/v1/chat/completions'
      }

      120 |   const line = `${formatPrefix(entry)} ${entry.message}`;
      121 |   if (entry.level === 'error') console.error(line, ...extras);
    > 122 |   else if (entry.level === 'warn') console.warn(line, ...extras);
          |                                            ^
      123 |   else console.log(line, ...extras);
      124 | };
      125 |

      at Object.consoleSink [as sink] (src/logger/index.ts:122:44)
      at emit (src/logger/index.ts:172:10)
      at Object.warn (src/logger/index.ts:191:7)
      at recordRefusal (src/server/middleware.ts:422:14)
      at src/server/middleware.ts:548:15
      at authenticate (src/server/__tests__/serviceTokenJwks.test.ts:62:3)
      at accepted (src/server/__tests__/serviceTokenJwks.test.ts:236:47)
      at Object.<anonymous> (src/server/__tests__/serviceTokenJwks.test.ts:368:12)

  ● Ed25519 Oxy service-token verification through JWKS › accepts a real service token without any shared signing secret

    expect(jest.fn()).toHaveBeenCalledTimes(expected)

    Expected number of calls: 1
    Received number of calls: 0

      115 |       expect.objectContaining({ method: 'GET', redirect: 'error' }),
      116 |     );
    > 117 |     expect(result.next).toHaveBeenCalledTimes(1);
          |                         ^
      118 |     expect(result.request).toMatchObject({
      119 |       serviceApp: {
      120 |         appId: 'app-exact',

      at Object.<anonymous> (src/server/__tests__/serviceTokenJwks.test.ts:117:25)

  ● Ed25519 Oxy service-token verification through JWKS › admits a real delegated service token through createOxyAuthMiddleware

    expect(jest.fn()).toHaveBeenCalledTimes(expected)

    Expected number of calls: 1
    Received number of calls: 0

      144 |
      145 |     expect(fetchSpy).toHaveBeenCalledTimes(1);
    > 146 |     expect(result.next).toHaveBeenCalledTimes(1);
          |                         ^
      147 |     expect(result.request).toMatchObject({
      148 |       userId: 'user-exact',
      149 |       serviceActingAs: { userId: 'user-exact', scopes: ['inference:invoke'] },

      at Object.<anonymous> (src/server/__tests__/serviceTokenJwks.test.ts:146:25)

  ● Ed25519 Oxy service-token verification through JWKS › caches a key set and rate-limits unknown-kid refresh attempts

    expect(jest.fn()).toHaveBeenCalled()

    Expected number of calls: >= 1
    Received number of calls:    0

      179 |     ));
      180 |     const oxy = new OxyServer({ baseURL: 'https://api.oxy.test' });
    > 181 |     expect((await authenticate(oxy, token(primary.privateKey, primaryJwk.kid))).next).toHaveBeenCalled();
          |                                                                                       ^
      182 |     const unknown = token(secondary.privateKey, 'unknown-key');
      183 |     expect((await authenticate(oxy, unknown)).response.statusCode).toBe(401);
      184 |     expect((await authenticate(oxy, unknown)).response.statusCode).toBe(401);

      at Object.<anonymous> (src/server/__tests__/serviceTokenJwks.test.ts:181:87)

  ● service-token key lifecycle against the published JWKS › verifies a token from the current key, fetching the key set once

    expect(received).toBe(expected) // Object.is equality

    Expected: true
    Received: false

      250 |
      251 |   it('verifies a token from the current key, fetching the key set once', async () => {
    > 252 |     expect(await accepted(token(KEY_A.privateKey, KEY_A.kid))).toBe(true);
          |                                                                ^
      253 |     expect(await accepted(token(KEY_A.privateKey, KEY_A.kid))).toBe(true);
      254 |     expect(jwksFetch).toHaveBeenCalledTimes(1);
      255 |   });

      at Object.<anonymous> (src/server/__tests__/serviceTokenJwks.test.ts:252:64)

  ● service-token key lifecycle against the published JWKS › verifies a token from the rotation-grace key (second key in the JWKS)

    expect(received).toBe(expected) // Object.is equality

    Expected: true
    Received: false

      257 |   it('verifies a token from the rotation-grace key (second key in the JWKS)', async () => {
      258 |     published = () => [KEY_B, KEY_A];
    > 259 |     expect(await accepted(token(KEY_A.privateKey, KEY_A.kid))).toBe(true);
          |                                                                ^
      260 |     expect(await accepted(token(KEY_B.privateKey, KEY_B.kid))).toBe(true);
      261 |     expect(jwksFetch).toHaveBeenCalledTimes(1);
      262 |   });

      at Object.<anonymous> (src/server/__tests__/serviceTokenJwks.test.ts:259:64)

  ● service-token key lifecycle against the published JWKS › an unknown kid triggers exactly one refresh, then the new key is accepted

    expect(received).toBe(expected) // Object.is equality

    Expected: true
    Received: false

      263 |
      264 |   it('an unknown kid triggers exactly one refresh, then the new key is accepted', async () => {
    > 265 |     expect(await accepted(token(KEY_A.privateKey, KEY_A.kid))).toBe(true);
          |                                                                ^
      266 |     published = () => [KEY_B, KEY_A];
      267 |     advance(UNKNOWN_KID_REFRESH_MS);
      268 |

      at Object.<anonymous> (src/server/__tests__/serviceTokenJwks.test.ts:265:64)

  ● service-token key lifecycle against the published JWKS › an unknown kid still unknown after the refresh is refused, and does not refetch at once

    expect(received).toBe(expected) // Object.is equality

    Expected: true
    Received: false

      275 |
      276 |   it('an unknown kid still unknown after the refresh is refused, and does not refetch at once', async () => {
    > 277 |     expect(await accepted(token(KEY_A.privateKey, KEY_A.kid))).toBe(true);
          |                                                                ^
      278 |     advance(UNKNOWN_KID_REFRESH_MS);
      279 |
      280 |     const unknown = await authenticate(oxy, token(KEY_C.privateKey, KEY_C.kid));

      at Object.<anonymous> (src/server/__tests__/serviceTokenJwks.test.ts:277:64)

  ● service-token key lifecycle against the published JWKS › keeps verifying a cached key while the JWKS is temporarily unavailable

    expect(received).toBe(expected) // Object.is equality

    Expected: true
    Received: false

      317 |
      318 |   it('keeps verifying a cached key while the JWKS is temporarily unavailable', async () => {
    > 319 |     expect(await accepted(token(KEY_A.privateKey, KEY_A.kid))).toBe(true);
          |                                                                ^
      320 |     published = () => ({ status: 503 });
      321 |     advance(UNKNOWN_KID_REFRESH_MS);
      322 |

      at Object.<anonymous> (src/server/__tests__/serviceTokenJwks.test.ts:319:64)

  ● service-token key lifecycle against the published JWKS › keeps verifying a cached key when the JWKS fetch itself throws

    expect(received).toBe(expected) // Object.is equality

    Expected: true
    Received: false

      330 |
      331 |   it('keeps verifying a cached key when the JWKS fetch itself throws', async () => {
    > 332 |     expect(await accepted(token(KEY_A.privateKey, KEY_A.kid))).toBe(true);
          |                                                                ^
      333 |     jwksFetch.mockRejectedValue(new TypeError('fetch failed'));
      334 |     advance(UNKNOWN_KID_REFRESH_MS);
      335 |

      at Object.<anonymous> (src/server/__tests__/serviceTokenJwks.test.ts:332:64)

  ● service-token key lifecycle against the published JWKS › refuses once the cache has expired and the JWKS is still unavailable

    expect(received).toBe(expected) // Object.is equality

    Expected: true
    Received: false

      339 |
      340 |   it('refuses once the cache has expired and the JWKS is still unavailable', async () => {
    > 341 |     expect(await accepted(token(KEY_A.privateKey, KEY_A.kid))).toBe(true);
          |                                                                ^
      342 |     published = () => ({ status: 503 });
      343 |     advance(JWKS_CACHE_MS);
      344 |

      at Object.<anonymous> (src/server/__tests__/serviceTokenJwks.test.ts:341:64)

  ● service-token key lifecycle against the published JWKS › survives a key rotation during active traffic

    expect(received).toBe(expected) // Object.is equality

    Expected: true
    Received: false

      366 |   it('survives a key rotation during active traffic', async () => {
      367 |     // Before rotation: key A signs everything.
    > 368 |     expect(await accepted(token(KEY_A.privateKey, KEY_A.kid))).toBe(true);
          |                                                                ^
      369 |
      370 |     // The issuer publishes B next to A and starts signing with B. Tokens from
      371 |     // A are still in flight.

      at Object.<anonymous> (src/server/__tests__/serviceTokenJwks.test.ts:368:64)

FAIL src/server/__tests__/verifyActingAs.test.ts (10.074 s)
  ● Console

    console.warn
      2026-10-03T02:26:38.567Z WARN [oxy.auth] verifyActingAs lookup failed — not cached {
        component: 'auth',
        method: 'verifyActingAs',
        appId: 'delegating-app',
        userId: 'subject-user'
      } Error: ECONNREFUSED
          at Object.<anonymous> (/home/nate/Oxy/oxy/.worktrees/1519-approved-integration-20261003/packages/core/src/server/__tests__/verifyActingAs.test.ts:111:26)
          at Promise.finally.completed (/home/nate/Oxy/oxy/.worktrees/1519-approved-integration-20261003/node_modules/.bun/jest-circus@30.5.1/node_modules/jest-circus/build/jestAdapterInit.js:1834:28)
          at new Promise (<anonymous>)
          at callAsyncCircusFn (/home/nate/Oxy/oxy/.worktrees/1519-approved-integration-20261003/node_modules/.bun/jest-circus@30.5.1/node_modules/jest-circus/build/jestAdapterInit.js:1774:10)
          at _callCircusTest (/home/nate/Oxy/oxy/.worktrees/1519-approved-integration-20261003/node_modules/.bun/jest-circus@30.5.1/node_modules/jest-circus/build/jestAdapterInit.js:1167:40)
          at _runTestInContext (/home/nate/Oxy/oxy/.worktrees/1519-approved-integration-20261003/node_modules/.bun/jest-circus@30.5.1/node_modules/jest-circus/build/jestAdapterInit.js:1103:3)
          at runTestWithContext (/home/nate/Oxy/oxy/.worktrees/1519-approved-integration-20261003/node_modules/.bun/jest-circus@30.5.1/node_modules/jest-circus/build/jestAdapterInit.js:996:5)
          at _runTestsForDescribeBlockOnce (/home/nate/Oxy/oxy/.worktrees/1519-approved-integration-20261003/node_modules/.bun/jest-circus@30.5.1/node_modules/jest-circus/build/jestAdapterInit.js:1008:11)
          at _runTestsForDescribeBlock (/home/nate/Oxy/oxy/.worktrees/1519-approved-integration-20261003/node_modules/.bun/jest-circus@30.5.1/node_modules/jest-circus/build/jestAdapterInit.js:824:5)
          at _runTestsForDescribeBlockOnce (/home/nate/Oxy/oxy/.worktrees/1519-approved-integration-20261003/node_modules/.bun/jest-circus@30.5.1/node_modules/jest-circus/build/jestAdapterInit.js:1003:11)
          at _runTestsForDescribeBlock (/home/nate/Oxy/oxy/.worktrees/1519-approved-integration-20261003/node_modules/.bun/jest-circus@30.5.1/node_modules/jest-circus/build/jestAdapterInit.js:824:5)
          at run (/home/nate/Oxy/oxy/.worktrees/1519-approved-integration-20261003/node_modules/.bun/jest-circus@30.5.1/node_modules/jest-circus/build/jestAdapterInit.js:789:3)
          at runAndTransformResultsToJestFormat (/home/nate/Oxy/oxy/.worktrees/1519-approved-integration-20261003/node_modules/.bun/jest-circus@30.5.1/node_modules/jest-circus/build/jestAdapterInit.js:2300:21)
          at jestAdapter (/home/nate/Oxy/oxy/.worktrees/1519-approved-integration-20261003/node_modules/.bun/jest-circus@30.5.1/node_modules/jest-circus/build/runner.js:111:19)
          at runTestInternal (/home/nate/Oxy/oxy/.worktrees/1519-approved-integration-20261003/node_modules/.bun/jest-runner@30.5.1/node_modules/jest-runner/build/index.js:247:16)
          at runTest (/home/nate/Oxy/oxy/.worktrees/1519-approved-integration-20261003/node_modules/.bun/jest-runner@30.5.1/node_modules/jest-runner/build/index.js:315:7)

      120 |   const line = `${formatPrefix(entry)} ${entry.message}`;
      121 |   if (entry.level === 'error') console.error(line, ...extras);
    > 122 |   else if (entry.level === 'warn') console.warn(line, ...extras);
          |                                            ^
      123 |   else console.log(line, ...extras);
      124 | };
      125 |

      at Object.consoleSink [as sink] (src/logger/index.ts:122:44)
      at emit (src/logger/index.ts:172:10)
      at Object.warn (src/logger/index.ts:191:7)
      at OxyServer.lookupActingAs (src/server/OxyServer.ts:564:14)
      at Object.<anonymous> (src/server/__tests__/verifyActingAs.test.ts:113:5)

    console.warn
      2026-10-03T02:26:38.568Z WARN [oxy.auth] verifyActingAs lookup failed — not cached {
        component: 'auth',
        method: 'verifyActingAs',
        appId: 'delegating-app',
        userId: 'subject-user'
      } Error: Service credentials not provided.
          at Object.<anonymous> (/home/nate/Oxy/oxy/.worktrees/1519-approved-integration-20261003/packages/core/src/server/__tests__/verifyActingAs.test.ts:122:26)
          at Promise.finally.completed (/home/nate/Oxy/oxy/.worktrees/1519-approved-integration-20261003/node_modules/.bun/jest-circus@30.5.1/node_modules/jest-circus/build/jestAdapterInit.js:1834:28)
          at new Promise (<anonymous>)
          at callAsyncCircusFn (/home/nate/Oxy/oxy/.worktrees/1519-approved-integration-20261003/node_modules/.bun/jest-circus@30.5.1/node_modules/jest-circus/build/jestAdapterInit.js:1774:10)
          at _callCircusTest (/home/nate/Oxy/oxy/.worktrees/1519-approved-integration-20261003/node_modules/.bun/jest-circus@30.5.1/node_modules/jest-circus/build/jestAdapterInit.js:1167:40)
          at _runTestInContext (/home/nate/Oxy/oxy/.worktrees/1519-approved-integration-20261003/node_modules/.bun/jest-circus@30.5.1/node_modules/jest-circus/build/jestAdapterInit.js:1103:3)
          at runTestWithContext (/home/nate/Oxy/oxy/.worktrees/1519-approved-integration-20261003/node_modules/.bun/jest-circus@30.5.1/node_modules/jest-circus/build/jestAdapterInit.js:996:5)
          at _runTestsForDescribeBlockOnce (/home/nate/Oxy/oxy/.worktrees/1519-approved-integration-20261003/node_modules/.bun/jest-circus@30.5.1/node_modules/jest-circus/build/jestAdapterInit.js:1008:11)
          at _runTestsForDescribeBlock (/home/nate/Oxy/oxy/.worktrees/1519-approved-integration-20261003/node_modules/.bun/jest-circus@30.5.1/node_modules/jest-circus/build/jestAdapterInit.js:824:5)
          at _runTestsForDescribeBlockOnce (/home/nate/Oxy/oxy/.worktrees/1519-approved-integration-20261003/node_modules/.bun/jest-circus@30.5.1/node_modules/jest-circus/build/jestAdapterInit.js:1003:11)
          at _runTestsForDescribeBlock (/home/nate/Oxy/oxy/.worktrees/1519-approved-integration-20261003/node_modules/.bun/jest-circus@30.5.1/node_modules/jest-circus/build/jestAdapterInit.js:824:5)
          at run (/home/nate/Oxy/oxy/.worktrees/1519-approved-integration-20261003/node_modules/.bun/jest-circus@30.5.1/node_modules/jest-circus/build/jestAdapterInit.js:789:3)
          at runAndTransformResultsToJestFormat (/home/nate/Oxy/oxy/.worktrees/1519-approved-integration-20261003/node_modules/.bun/jest-circus@30.5.1/node_modules/jest-circus/build/jestAdapterInit.js:2300:21)
          at jestAdapter (/home/nate/Oxy/oxy/.worktrees/1519-approved-integration-20261003/node_modules/.bun/jest-circus@30.5.1/node_modules/jest-circus/build/runner.js:111:19)
          at runTestInternal (/home/nate/Oxy/oxy/.worktrees/1519-approved-integration-20261003/node_modules/.bun/jest-runner@30.5.1/node_modules/jest-runner/build/index.js:247:16)
          at runTest (/home/nate/Oxy/oxy/.worktrees/1519-approved-integration-20261003/node_modules/.bun/jest-runner@30.5.1/node_modules/jest-runner/build/index.js:315:7)

      120 |   const line = `${formatPrefix(entry)} ${entry.message}`;
      121 |   if (entry.level === 'error') console.error(line, ...extras);
    > 122 |   else if (entry.level === 'warn') console.warn(line, ...extras);
          |                                            ^
      123 |   else console.log(line, ...extras);
      124 | };
      125 |

      at Object.consoleSink [as sink] (src/logger/index.ts:122:44)
      at emit (src/logger/index.ts:172:10)
      at Object.warn (src/logger/index.ts:191:7)
      at OxyServer.lookupActingAs (src/server/OxyServer.ts:564:14)

  ● verifyActingAs › returns the grant when the API authorizes, carrying the scopes through

    expect(received).toEqual(expected) // deep equality

    Expected: {"authorized": true, "scopes": ["acting-as:offline", "podcasts:write"]}
    Received: null

      87 |     const grant = await oxy.verifyActingAs(APP, USER);
      88 |
    > 89 |     expect(grant).toEqual({
         |                   ^
      90 |       authorized: true,
      91 |       scopes: ['acting-as:offline', 'podcasts:write'],
      92 |     });

      at Object.<anonymous> (src/server/__tests__/verifyActingAs.test.ts:89:19)

  ● verifyActingAs › caching › serves a positive grant from cache rather than re-asking

    expect(received).toHaveLength(expected)

    Expected length: 1
    Received length: 2
    Received array:  [{"data": {"appId": "delegating-app", "userId": "subject-user"}, "method": "GET", "options": {"cache": false, "headers": {"Authorization": "Bearer verifier-service-token"}, "retry": false, "timeout": 5000}, "url": "/internal/service-acting-as/verify"}, {"data": {"appId": "delegating-app", "userId": "subject-user"}, "method": "GET", "options": {"cache": false, "headers": {"Authorization": "Bearer verifier-service-token"}, "retry": false, "timeout": 5000}, "url": "/internal/service-acting-as/verify"}]

      134 |       await oxy.verifyActingAs(APP, USER);
      135 |
    > 136 |       expect(calls).toHaveLength(1);
          |                     ^
      137 |     });
      138 |
      139 |     it('caches a REFUSAL too, so a misconfigured caller cannot hammer the endpoint', async () => {

      at Object.<anonymous> (src/server/__tests__/verifyActingAs.test.ts:136:21)

  ● verifyActingAs › caching › caches a REFUSAL too, so a misconfigured caller cannot hammer the endpoint

    expect(received).toHaveLength(expected)

    Expected length: 1
    Received length: 2
    Received array:  [{"data": {"appId": "delegating-app", "userId": "subject-user"}, "method": "GET", "options": {"cache": false, "headers": {"Authorization": "Bearer verifier-service-token"}, "retry": false, "timeout": 5000}, "url": "/internal/service-acting-as/verify"}, {"data": {"appId": "delegating-app", "userId": "subject-user"}, "method": "GET", "options": {"cache": false, "headers": {"Authorization": "Bearer verifier-service-token"}, "retry": false, "timeout": 5000}, "url": "/internal/service-acting-as/verify"}]

      143 |       await expect(oxy.verifyActingAs(APP, USER)).resolves.toBeNull();
      144 |
    > 145 |       expect(calls).toHaveLength(1);
          |                     ^
      146 |     });
      147 |
      148 |     it('keys the cache on BOTH app and user — one grant never answers for another', async () => {

      at Object.<anonymous> (src/server/__tests__/verifyActingAs.test.ts:145:21)

  ● verifyActingAs cache › shares one lookup between concurrent checks of the same pair

    thrown: "Exceeded timeout of 10000 ms for a test.
    Add a timeout value to this test to increase the timeout, if this is a long-running test. See https://jestjs.io/docs/api#testname-fn-timeout."

      at _getError (../../node_modules/.bun/jest-circus@30.5.1/node_modules/jest-circus/build/jestAdapterInit.js:1985:12)
          at Array.map (<anonymous>)

    Cause:
        thrown: "Exceeded timeout of 10000 ms for a test.
        Add a timeout value to this test to increase the timeout, if this is a long-running test. See https://jestjs.io/docs/api#testname-fn-timeout."

          172 |   });
          173 |
        > 174 |   it('shares one lookup between concurrent checks of the same pair', async () => {
              |   ^
          175 |     const oxy = new OxyServer({ baseURL: 'http://test.invalid' });
          176 |     jest.spyOn(oxy, 'serviceToken').mockResolvedValue('verifier-service-token');
          177 |     let release: (value: unknown) => void = () => {};

          at src/server/__tests__/verifyActingAs.test.ts:174:3
          at Object.<anonymous> (src/server/__tests__/verifyActingAs.test.ts:169:1)

  ● verifyActingAs cache › forgets the least recently used pair past 1000 entries

    expect(jest.fn()).toHaveBeenCalledTimes(expected)

    Expected number of calls: 1001
    Received number of calls: 1002

      202 |     // The newest pair is still remembered; the oldest was evicted.
      203 |     await oxy.verifyActingAs(APP, 'user-1000');
    > 204 |     expect(request).toHaveBeenCalledTimes(1001);
          |                     ^
      205 |     await oxy.verifyActingAs(APP, 'user-0');
      206 |     expect(request).toHaveBeenCalledTimes(1002);
      207 |   });

      at Object.<anonymous> (src/server/__tests__/verifyActingAs.test.ts:204:21)

FAIL src/server/__tests__/serviceTokenWorkloadFallback.test.ts
  ● service token — workload fallback › mints once and serves the cached token afterwards

    expect(jest.fn()).toHaveBeenCalledTimes(expected)

    Expected number of calls: 1
    Received number of calls: 2

      64 |     await oxy.serviceToken();
      65 |
    > 66 |     expect(attestations).toHaveBeenCalledTimes(1);
         |                          ^
      67 |   });
      68 |
      69 |   it('leaves a configured credential alone', async () => {

      at Object.<anonymous> (src/server/__tests__/serviceTokenWorkloadFallback.test.ts:66:26)

FAIL src/server/__tests__/actingAsFreshness.test.ts
  ● acting-as cache freshness › a successful HTTP denial expires with the denial TTL, not the grant TTL

    expect(jest.fn()).toHaveBeenCalledTimes(expected)

    Expected number of calls: 1
    Received number of calls: 2

      13 |     jest.advanceTimersByTime(59_999);
      14 |     expect(await server.verifyActingAs('app-a', 'user-a')).toBeNull();
    > 15 |     expect(request).toHaveBeenCalledTimes(1);
         |                     ^
      16 |     jest.advanceTimersByTime(1);
      17 |     expect(await server.verifyActingAs('app-a', 'user-a'))
      18 |       .toEqual({ authorized: true, scopes: ['user:read'] });

      at Object.<anonymous> (src/server/__tests__/actingAsFreshness.test.ts:15:21)

  ● acting-as cache freshness › isolates denials by application and account

    expect(received).not.toBeNull()

    Received: null

      26 |       .mockResolvedValue({ authorized: true, scopes: ['user:read'] });
      27 |     expect(await server.verifyActingAs('app-a', 'user-a')).toBeNull();
    > 28 |     expect(await server.verifyActingAs('app-b', 'user-a')).not.toBeNull();
         |                                                                ^
      29 |     expect(await server.verifyActingAs('app-a', 'user-b')).not.toBeNull();
      30 |     expect(request).toHaveBeenCalledTimes(3);
      31 |   });

      at Object.<anonymous> (src/server/__tests__/actingAsFreshness.test.ts:28:64)

Test Suites: 5 failed, 5 total
Tests:       34 failed, 75 passed, 109 total
Snapshots:   0 total
Time:        11.69 s
Ran all test suites within paths "src/server/__tests__/verifyActingAs.test.ts", "src/server/__tests__/actingAsFreshness.test.ts", "src/server/__tests__/serviceAuth.test.ts", "src/server/__tests__/serviceTokenJwks.test.ts", "src/server/__tests__/serviceTokenWorkloadFallback.test.ts".
error: script "test" exited with code 1
