$ jest --passWithNoTests --runInBand
FAIL __tests__/components/OxyAuthChooser.test.tsx
  ● Test suite failed to run

    Cannot find module '@oxy.so/core/session' from '__tests__/components/OxyAuthChooser.test.tsx'

      37 | import type { AccountDialogSnapshot, SignInFlowState } from '@oxy.so/core/session';
      38 | import type { User } from '@oxy.so/core';
    > 39 | import { resolveActiveContext } from '@oxy.so/core/session';
         | ^
      40 |
      41 | const makeUser = (id: string, displayName: string): User =>
      42 |   ({ id, username: id, name: { displayName } } as unknown as User);

      at Resolver._throwModNotFoundError (../../node_modules/.bun/jest-resolve@30.5.1/node_modules/jest-resolve/build/index.js:1031:11)
      at Object.<anonymous> (__tests__/components/OxyAuthChooser.test.tsx:39:1)

FAIL __tests__/components/signIn/OxySignInPanel.test.tsx
  ● Test suite failed to run

    Cannot find module '@oxy.so/core/session' from '__tests__/components/signIn/OxySignInPanel.test.tsx'

      16 | import type { DeviceDirectory, LoginSessionResult } from '@oxy.so/contracts';
      17 | import type { AccountDialogSnapshot, SignInFlowState } from '@oxy.so/core/session';
    > 18 | import { resolveActiveContext } from '@oxy.so/core/session';
         | ^
      19 |
      20 | const IDLE_SIGN_IN: SignInFlowState = {
      21 |   phase: 'idle',

      at Resolver._throwModNotFoundError (../../node_modules/.bun/jest-resolve@30.5.1/node_modules/jest-resolve/build/index.js:1031:11)
      at Object.<anonymous> (__tests__/components/signIn/OxySignInPanel.test.tsx:18:1)

FAIL __tests__/context/coldBoot.test.tsx
  ● Test suite failed to run

    Cannot find module '@oxy.so/core/session' from '__tests__/context/coldBoot.test.tsx'

      25 | import { QueryClient, QueryClientProvider } from '@tanstack/react-query';
      26 | import { AppState } from 'react-native';
    > 27 | import { AUTH_STATE_STORAGE_KEY, createNativeAuthStateStore } from '@oxy.so/core/session';
         | ^
      28 | import { type User } from '@oxy.so/core';
      29 |
      30 | let mockWebBrowser = true;

      at Resolver._throwModNotFoundError (../../node_modules/.bun/jest-resolve@30.5.1/node_modules/jest-resolve/build/index.js:1031:11)
      at Object.<anonymous> (__tests__/context/coldBoot.test.tsx:27:1)

FAIL __tests__/context/useAuthOperations.test.tsx
  ● Test suite failed to run

    Cannot find module '@oxy.so/core/session' from '__tests__/context/useAuthOperations.test.tsx'

    To mock a module that does not exist on disk, pass `{virtual: true}` in the mock options. See https://jestjs.io/docs/jest-object#jestmockmodulename-factory-options

      25 | import type { SessionLoginResponse, User } from '@oxy.so/core';
      26 |
    > 27 | jest.mock('@oxy.so/core/session', () => {
         |      ^
      28 |   return {
      29 |     __esModule: true,
      30 |     DeviceManager: {

      at Resolver._throwModNotFoundError (../../node_modules/.bun/jest-resolve@30.5.1/node_modules/jest-resolve/build/index.js:1031:11)
      at Object.<anonymous> (__tests__/context/useAuthOperations.test.tsx:27:6)

FAIL __tests__/components/signIn/OxyAccountPanels.test.tsx
  ● Test suite failed to run

    Cannot find module '@oxy.so/telemetry/browser' from '../core/src/utils/edgeRegion.ts'

    Require stack:
      /home/nate/Oxy/oxy/.worktrees/1519-refresh-context-cas-20261003/packages/core/src/utils/edgeRegion.ts
      /home/nate/Oxy/oxy/.worktrees/1519-refresh-context-cas-20261003/packages/core/src/HttpService.ts
      /home/nate/Oxy/oxy/.worktrees/1519-refresh-context-cas-20261003/packages/core/src/OxyServices.ts
      /home/nate/Oxy/oxy/.worktrees/1519-refresh-context-cas-20261003/packages/core/src/index.ts
      __tests__/components/signIn/OxyAccountPanels.test.tsx

    > 1 | export { peekBrowserEdgeRegionHeader } from '@oxy.so/telemetry/browser';
        | ^
      2 |

      at Resolver._throwModNotFoundError (../../node_modules/.bun/jest-resolve@30.5.1/node_modules/jest-resolve/build/index.js:1031:11)
      at Object.<anonymous> (../core/src/utils/edgeRegion.ts:1:1)
      at Object.<anonymous> (../core/src/HttpService.ts:27:1)
      at Object.<anonymous> (../core/src/OxyServices.ts:23:1)
      at Object.<anonymous> (../core/src/index.ts:33:1)
      at __tests__/components/signIn/OxyAccountPanels.test.tsx:108:30
      at Object.<anonymous> (src/ui/components/signIn/OxySignUpPanel.tsx:21:1)
      at Object.<anonymous> (__tests__/components/signIn/OxyAccountPanels.test.tsx:119:1)

FAIL __tests__/runtime/oxyRuntime.test.ts
  ● Test suite failed to run

    Cannot find module '@oxy.so/core/session' from 'src/ui/runtime/createOxyRuntime.ts'

    Require stack:
      src/ui/runtime/createOxyRuntime.ts
      src/ui/runtime/index.ts
      __tests__/runtime/oxyRuntime.test.ts

      2 | import type { ClientSession, User } from '@oxy.so/core';
      3 | import type { DeviceContext } from '@oxy.so/core/session';
    > 4 | import { accountIdsOf, activeSessionIdOf, activeUserOf, deviceStateToClientSessions, resolveActiveContext } from '@oxy.so/core/session';
        | ^
      5 | import { mergeSessions as mergeSessionLists, normalizeAndSortSessions, normalizeUserIdentity, sessionsArraysEqual } from '@oxy.so/core';
      6 | import type { IdentitySessionBinding } from '../session/identityBinding';
      7 | import type { OxyRuntimeSnapshot, OxyRuntimeStatus, OxyTokenStatus } from './types';

      at Resolver._throwModNotFoundError (../../node_modules/.bun/jest-resolve@30.5.1/node_modules/jest-resolve/build/index.js:1031:11)
      at Object.<anonymous> (src/ui/runtime/createOxyRuntime.ts:4:1)
      at Object.<anonymous> (src/ui/runtime/index.ts:10:1)
      at Object.<anonymous> (__tests__/runtime/oxyRuntime.test.ts:12:1)

FAIL __tests__/context/mutationsSessionClient.test.tsx
  ● Test suite failed to run

    Cannot find module '@oxy.so/core/session' from '__tests__/context/mutationsSessionClient.test.tsx'

      20 | import { render, act, waitFor } from '@testing-library/react';
      21 | import { QueryClient, QueryClientProvider } from '@tanstack/react-query';
    > 22 | import { AUTH_STATE_STORAGE_KEY } from '@oxy.so/core/session';
         | ^
      23 | import { type SessionLoginResponse, type User } from '@oxy.so/core';
      24 | import type { DeviceSessionState } from '@oxy.so/contracts';
      25 |

      at Resolver._throwModNotFoundError (../../node_modules/.bun/jest-resolve@30.5.1/node_modules/jest-resolve/build/index.js:1031:11)
      at Object.<anonymous> (__tests__/context/mutationsSessionClient.test.tsx:22:1)

FAIL __tests__/context/identitySessionMode.test.tsx
  ● Test suite failed to run

    Cannot find module '@oxy.so/core/session' from '__tests__/context/identitySessionMode.test.tsx'

      30 | import { render, waitFor, act, type RenderResult } from '@testing-library/react';
      31 | import { QueryClient, QueryClientProvider } from '@tanstack/react-query';
    > 32 | import { AUTH_STATE_STORAGE_KEY, IDENTITY_PIN_STORAGE_KEY } from '@oxy.so/core/session';
         | ^
      33 | import { KeyManager, SignatureService } from '@oxy.so/core/crypto';
      34 | import { type User } from '@oxy.so/core';
      35 | import type { DeviceSessionState } from '@oxy.so/contracts';

      at Resolver._throwModNotFoundError (../../node_modules/.bun/jest-resolve@30.5.1/node_modules/jest-resolve/build/index.js:1031:11)
      at Object.<anonymous> (__tests__/context/identitySessionMode.test.tsx:32:1)

FAIL __tests__/components/OxySignInButton.test.tsx
  ● Test suite failed to run

    Cannot find module '@oxy.so/telemetry/browser' from '../core/src/utils/edgeRegion.ts'

    Require stack:
      /home/nate/Oxy/oxy/.worktrees/1519-refresh-context-cas-20261003/packages/core/src/utils/edgeRegion.ts
      /home/nate/Oxy/oxy/.worktrees/1519-refresh-context-cas-20261003/packages/core/src/HttpService.ts
      /home/nate/Oxy/oxy/.worktrees/1519-refresh-context-cas-20261003/packages/core/src/OxyServices.ts
      /home/nate/Oxy/oxy/.worktrees/1519-refresh-context-cas-20261003/packages/core/src/index.ts
      __tests__/components/OxySignInButton.test.tsx

    > 1 | export { peekBrowserEdgeRegionHeader } from '@oxy.so/telemetry/browser';
        | ^
      2 |

      at Resolver._throwModNotFoundError (../../node_modules/.bun/jest-resolve@30.5.1/node_modules/jest-resolve/build/index.js:1031:11)
      at Object.<anonymous> (../core/src/utils/edgeRegion.ts:1:1)
      at Object.<anonymous> (../core/src/HttpService.ts:27:1)
      at Object.<anonymous> (../core/src/OxyServices.ts:23:1)
      at Object.<anonymous> (../core/src/index.ts:33:1)
      at Object.<anonymous> (__tests__/components/OxySignInButton.test.tsx:21:1)

FAIL __tests__/context/sessionClientSocket.test.tsx
  ● Test suite failed to run

    Cannot find module '@oxy.so/core/session' from '__tests__/context/sessionClientSocket.test.tsx'

      34 | import { render, act, waitFor } from '@testing-library/react';
      35 | import { QueryClient, QueryClientProvider } from '@tanstack/react-query';
    > 36 | import { AUTH_STATE_STORAGE_KEY } from '@oxy.so/core/session';
         | ^
      37 | import { type SessionLoginResponse, type User } from '@oxy.so/core';
      38 | import type { DeviceSessionState } from '@oxy.so/contracts';
      39 |

      at Resolver._throwModNotFoundError (../../node_modules/.bun/jest-resolve@30.5.1/node_modules/jest-resolve/build/index.js:1031:11)
      at Object.<anonymous> (__tests__/context/sessionClientSocket.test.tsx:36:1)

FAIL __tests__/screens/fileUploadReconcile.test.tsx
  ● Test suite failed to run

    Cannot find module '@oxy.so/telemetry/browser' from '../core/src/utils/edgeRegion.ts'

    Require stack:
      /home/nate/Oxy/oxy/.worktrees/1519-refresh-context-cas-20261003/packages/core/src/utils/edgeRegion.ts
      /home/nate/Oxy/oxy/.worktrees/1519-refresh-context-cas-20261003/packages/core/src/HttpService.ts
      /home/nate/Oxy/oxy/.worktrees/1519-refresh-context-cas-20261003/packages/core/src/OxyServices.ts
      /home/nate/Oxy/oxy/.worktrees/1519-refresh-context-cas-20261003/packages/core/src/index.ts
      src/ui/screens/fileManagement/shared.ts
      __tests__/screens/fileUploadReconcile.test.tsx

    > 1 | export { peekBrowserEdgeRegionHeader } from '@oxy.so/telemetry/browser';
        | ^
      2 |

      at Resolver._throwModNotFoundError (../../node_modules/.bun/jest-resolve@30.5.1/node_modules/jest-resolve/build/index.js:1031:11)
      at Object.<anonymous> (../core/src/utils/edgeRegion.ts:1:1)
      at Object.<anonymous> (../core/src/HttpService.ts:27:1)
      at Object.<anonymous> (../core/src/OxyServices.ts:23:1)
      at Object.<anonymous> (../core/src/index.ts:33:1)
      at Object.<anonymous> (src/ui/screens/fileManagement/shared.ts:2:1)
      at __tests__/screens/fileUploadReconcile.test.tsx:42:23
      at Object.<anonymous> (src/ui/screens/fileManagement/hooks/useFileUploadState.ts:14:1)
      at Object.<anonymous> (__tests__/screens/fileUploadReconcile.test.tsx:54:1)

FAIL src/ui/hooks/queries/__tests__/userCache.test.ts
  ● Test suite failed to run

    Cannot find module '@oxy.so/core/session' from 'src/ui/runtime/createOxyRuntime.ts'

    Require stack:
      src/ui/runtime/createOxyRuntime.ts
      src/ui/runtime/index.ts
      __tests__/helpers/runtimeHarness.ts
      src/ui/hooks/queries/__tests__/userCache.test.ts

      2 | import type { ClientSession, User } from '@oxy.so/core';
      3 | import type { DeviceContext } from '@oxy.so/core/session';
    > 4 | import { accountIdsOf, activeSessionIdOf, activeUserOf, deviceStateToClientSessions, resolveActiveContext } from '@oxy.so/core/session';
        | ^
      5 | import { mergeSessions as mergeSessionLists, normalizeAndSortSessions, normalizeUserIdentity, sessionsArraysEqual } from '@oxy.so/core';
      6 | import type { IdentitySessionBinding } from '../session/identityBinding';
      7 | import type { OxyRuntimeSnapshot, OxyRuntimeStatus, OxyTokenStatus } from './types';

      at Resolver._throwModNotFoundError (../../node_modules/.bun/jest-resolve@30.5.1/node_modules/jest-resolve/build/index.js:1031:11)
      at Object.<anonymous> (src/ui/runtime/createOxyRuntime.ts:4:1)
      at Object.<anonymous> (src/ui/runtime/index.ts:10:1)
      at Object.<anonymous> (__tests__/helpers/runtimeHarness.ts:3:1)
      at Object.<anonymous> (src/ui/hooks/queries/__tests__/userCache.test.ts:21:1)

FAIL src/ui/oauth/__tests__/browserAuthTransport.test.ts
  ● Test suite failed to run

    Cannot find module '@oxy.so/telemetry/browser' from '../core/src/utils/edgeRegion.ts'

    Require stack:
      /home/nate/Oxy/oxy/.worktrees/1519-refresh-context-cas-20261003/packages/core/src/utils/edgeRegion.ts
      /home/nate/Oxy/oxy/.worktrees/1519-refresh-context-cas-20261003/packages/core/src/HttpService.ts
      /home/nate/Oxy/oxy/.worktrees/1519-refresh-context-cas-20261003/packages/core/src/OxyServices.ts
      /home/nate/Oxy/oxy/.worktrees/1519-refresh-context-cas-20261003/packages/core/src/index.ts
      src/ui/oauth/__tests__/browserAuthTransport.test.ts

    > 1 | export { peekBrowserEdgeRegionHeader } from '@oxy.so/telemetry/browser';
        | ^
      2 |

      at Resolver._throwModNotFoundError (../../node_modules/.bun/jest-resolve@30.5.1/node_modules/jest-resolve/build/index.js:1031:11)
      at Object.<anonymous> (../core/src/utils/edgeRegion.ts:1:1)
      at Object.<anonymous> (../core/src/HttpService.ts:27:1)
      at Object.<anonymous> (../core/src/OxyServices.ts:23:1)
      at Object.<anonymous> (../core/src/index.ts:33:1)
      at Object.<anonymous> (src/ui/oauth/__tests__/browserAuthTransport.test.ts:8:1)

FAIL __tests__/notifications/deviceNotifications.test.ts
  ● Test suite failed to run

    Cannot find module '@oxy.so/telemetry/browser' from '../core/src/utils/edgeRegion.ts'

    Require stack:
      /home/nate/Oxy/oxy/.worktrees/1519-refresh-context-cas-20261003/packages/core/src/utils/edgeRegion.ts
      /home/nate/Oxy/oxy/.worktrees/1519-refresh-context-cas-20261003/packages/core/src/HttpService.ts
      /home/nate/Oxy/oxy/.worktrees/1519-refresh-context-cas-20261003/packages/core/src/OxyServices.ts
      /home/nate/Oxy/oxy/.worktrees/1519-refresh-context-cas-20261003/packages/core/src/index.ts
      __tests__/notifications/deviceNotifications.test.ts

    > 1 | export { peekBrowserEdgeRegionHeader } from '@oxy.so/telemetry/browser';
        | ^
      2 |

      at Resolver._throwModNotFoundError (../../node_modules/.bun/jest-resolve@30.5.1/node_modules/jest-resolve/build/index.js:1031:11)
      at Object.<anonymous> (../core/src/utils/edgeRegion.ts:1:1)
      at Object.<anonymous> (../core/src/HttpService.ts:27:1)
      at Object.<anonymous> (../core/src/OxyServices.ts:23:1)
      at Object.<anonymous> (../core/src/index.ts:33:1)
      at Object.<anonymous> (__tests__/notifications/deviceNotifications.test.ts:16:1)

FAIL __tests__/components/OxySignInRequestSurface.test.tsx
  ● Test suite failed to run

    Cannot find module '@oxy.so/telemetry/browser' from '../core/src/utils/edgeRegion.ts'

    Require stack:
      /home/nate/Oxy/oxy/.worktrees/1519-refresh-context-cas-20261003/packages/core/src/utils/edgeRegion.ts
      /home/nate/Oxy/oxy/.worktrees/1519-refresh-context-cas-20261003/packages/core/src/HttpService.ts
      /home/nate/Oxy/oxy/.worktrees/1519-refresh-context-cas-20261003/packages/core/src/OxyServices.ts
      /home/nate/Oxy/oxy/.worktrees/1519-refresh-context-cas-20261003/packages/core/src/index.ts
      __tests__/components/OxySignInRequestSurface.test.tsx

    > 1 | export { peekBrowserEdgeRegionHeader } from '@oxy.so/telemetry/browser';
        | ^
      2 |

      at Resolver._throwModNotFoundError (../../node_modules/.bun/jest-resolve@30.5.1/node_modules/jest-resolve/build/index.js:1031:11)
      at Object.<anonymous> (../core/src/utils/edgeRegion.ts:1:1)
      at Object.<anonymous> (../core/src/HttpService.ts:27:1)
      at Object.<anonymous> (../core/src/OxyServices.ts:23:1)
      at Object.<anonymous> (../core/src/index.ts:33:1)
      at __tests__/components/OxySignInRequestSurface.test.tsx:27:30
      at Object.<anonymous> (src/ui/components/OxySignInRequestSurface.tsx:48:1)
      at Object.<anonymous> (__tests__/components/OxySignInRequestSurface.test.tsx:44:1)

FAIL src/ui/boot/__tests__/coldBootNoIdpRedirect.test.ts
  ● Test suite failed to run

    Cannot find module '@oxy.so/core/session' from 'src/ui/boot/__tests__/coldBootNoIdpRedirect.test.ts'

    To mock a module that does not exist on disk, pass `{virtual: true}` in the mock options. See https://jestjs.io/docs/jest-object#jestmockmodulename-factory-options

      21 | import type { AuthStateStore, PersistedAuthState, SessionClient } from '@oxy.so/core/session';
      22 |
    > 23 | jest.mock('@oxy.so/core/session', () => {
         |      ^
      24 |   const actual = jest.requireActual('@oxy.so/core/session');
      25 |   return {
      26 |     __esModule: true,

      at Resolver._throwModNotFoundError (../../node_modules/.bun/jest-resolve@30.5.1/node_modules/jest-resolve/build/index.js:1031:11)
      at Object.<anonymous> (src/ui/boot/__tests__/coldBootNoIdpRedirect.test.ts:23:6)

FAIL src/ui/session/__tests__/sharedDeviceCredentialStore.test.ts
  ● createPlatformSharedDeviceCredentialStore › web has no shared slot at all

    Cannot find module '@oxy.so/core/session' from 'src/ui/session/sharedDeviceCredentialStore.ts'

      40 | import { Platform } from 'react-native';
      41 | import { requireOptionalNativeModule } from 'expo-modules-core';
    > 42 | import { normalizeSharedDeviceSessionRead, type SharedDeviceCredential, type SharedDeviceCredentialRead, type SharedDeviceCredentialStore } from '@oxy.so/core/session';
         | ^
      43 |
      44 | /**
      45 |  * The iOS Keychain Access Group every official Oxy app declares in its

      at Resolver._throwModNotFoundError (../../node_modules/.bun/jest-resolve@30.5.1/node_modules/jest-resolve/build/index.js:1031:11)
      at Object.<anonymous> (src/ui/session/sharedDeviceCredentialStore.ts:42:1)
      at loadStore (src/ui/session/__tests__/sharedDeviceCredentialStore.test.ts:109:15)
      at Object.<anonymous> (src/ui/session/__tests__/sharedDeviceCredentialStore.test.ts:122:12)

  ● createPlatformSharedDeviceCredentialStore › iOS uses the keychain, not the Android broker

    Cannot find module '@oxy.so/core/session' from 'src/ui/session/sharedDeviceCredentialStore.ts'

      40 | import { Platform } from 'react-native';
      41 | import { requireOptionalNativeModule } from 'expo-modules-core';
    > 42 | import { normalizeSharedDeviceSessionRead, type SharedDeviceCredential, type SharedDeviceCredentialRead, type SharedDeviceCredentialStore } from '@oxy.so/core/session';
         | ^
      43 |
      44 | /**
      45 |  * The iOS Keychain Access Group every official Oxy app declares in its

      at Resolver._throwModNotFoundError (../../node_modules/.bun/jest-resolve@30.5.1/node_modules/jest-resolve/build/index.js:1031:11)
      at Object.<anonymous> (src/ui/session/sharedDeviceCredentialStore.ts:42:1)
      at loadStore (src/ui/session/__tests__/sharedDeviceCredentialStore.test.ts:109:15)
      at Object.<anonymous> (src/ui/session/__tests__/sharedDeviceCredentialStore.test.ts:139:19)

  ● createPlatformSharedDeviceCredentialStore › Android uses the broker, not the keychain

    Cannot find module '@oxy.so/core/session' from 'src/ui/session/sharedDeviceCredentialStore.ts'

      40 | import { Platform } from 'react-native';
      41 | import { requireOptionalNativeModule } from 'expo-modules-core';
    > 42 | import { normalizeSharedDeviceSessionRead, type SharedDeviceCredential, type SharedDeviceCredentialRead, type SharedDeviceCredentialStore } from '@oxy.so/core/session';
         | ^
      43 |
      44 | /**
      45 |  * The iOS Keychain Access Group every official Oxy app declares in its

      at Resolver._throwModNotFoundError (../../node_modules/.bun/jest-resolve@30.5.1/node_modules/jest-resolve/build/index.js:1031:11)
      at Object.<anonymous> (src/ui/session/sharedDeviceCredentialStore.ts:42:1)
      at loadStore (src/ui/session/__tests__/sharedDeviceCredentialStore.test.ts:109:15)
      at Object.<anonymous> (src/ui/session/__tests__/sharedDeviceCredentialStore.test.ts:152:19)

  ● iOS keychain-group slot › a missing item is absent; a THROWN read is unavailable

    Cannot find module '@oxy.so/core/session' from 'src/ui/session/sharedDeviceCredentialStore.ts'

      40 | import { Platform } from 'react-native';
      41 | import { requireOptionalNativeModule } from 'expo-modules-core';
    > 42 | import { normalizeSharedDeviceSessionRead, type SharedDeviceCredential, type SharedDeviceCredentialRead, type SharedDeviceCredentialStore } from '@oxy.so/core/session';
         | ^
      43 |
      44 | /**
      45 |  * The iOS Keychain Access Group every official Oxy app declares in its

      at Resolver._throwModNotFoundError (../../node_modules/.bun/jest-resolve@30.5.1/node_modules/jest-resolve/build/index.js:1031:11)
      at Object.<anonymous> (src/ui/session/sharedDeviceCredentialStore.ts:42:1)
      at loadStore (src/ui/session/__tests__/sharedDeviceCredentialStore.test.ts:109:15)
      at Object.<anonymous> (src/ui/session/__tests__/sharedDeviceCredentialStore.test.ts:162:19)

  ● iOS keychain-group slot › an unparseable item is unavailable, never absent

    Cannot find module '@oxy.so/core/session' from 'src/ui/session/sharedDeviceCredentialStore.ts'

      40 | import { Platform } from 'react-native';
      41 | import { requireOptionalNativeModule } from 'expo-modules-core';
    > 42 | import { normalizeSharedDeviceSessionRead, type SharedDeviceCredential, type SharedDeviceCredentialRead, type SharedDeviceCredentialStore } from '@oxy.so/core/session';
         | ^
      43 |
      44 | /**
      45 |  * The iOS Keychain Access Group every official Oxy app declares in its

      at Resolver._throwModNotFoundError (../../node_modules/.bun/jest-resolve@30.5.1/node_modules/jest-resolve/build/index.js:1031:11)
      at Object.<anonymous> (src/ui/session/sharedDeviceCredentialStore.ts:42:1)
      at loadStore (src/ui/session/__tests__/sharedDeviceCredentialStore.test.ts:109:15)
      at Object.<anonymous> (src/ui/session/__tests__/sharedDeviceCredentialStore.test.ts:175:19)

  ● iOS keychain-group slot › reads and writes carry the dedicated service AND the access group

    Cannot find module '@oxy.so/core/session' from 'src/ui/session/sharedDeviceCredentialStore.ts'

      40 | import { Platform } from 'react-native';
      41 | import { requireOptionalNativeModule } from 'expo-modules-core';
    > 42 | import { normalizeSharedDeviceSessionRead, type SharedDeviceCredential, type SharedDeviceCredentialRead, type SharedDeviceCredentialStore } from '@oxy.so/core/session';
         | ^
      43 |
      44 | /**
      45 |  * The iOS Keychain Access Group every official Oxy app declares in its

      at Resolver._throwModNotFoundError (../../node_modules/.bun/jest-resolve@30.5.1/node_modules/jest-resolve/build/index.js:1031:11)
      at Object.<anonymous> (src/ui/session/sharedDeviceCredentialStore.ts:42:1)
      at loadStore (src/ui/session/__tests__/sharedDeviceCredentialStore.test.ts:109:15)
      at Object.<anonymous> (src/ui/session/__tests__/sharedDeviceCredentialStore.test.ts:183:19)

  ● iOS keychain-group slot › the item is written device-only so it never rides an OS backup to a new handset

    Cannot find module '@oxy.so/core/session' from 'src/ui/session/sharedDeviceCredentialStore.ts'

      40 | import { Platform } from 'react-native';
      41 | import { requireOptionalNativeModule } from 'expo-modules-core';
    > 42 | import { normalizeSharedDeviceSessionRead, type SharedDeviceCredential, type SharedDeviceCredentialRead, type SharedDeviceCredentialStore } from '@oxy.so/core/session';
         | ^
      43 |
      44 | /**
      45 |  * The iOS Keychain Access Group every official Oxy app declares in its

      at Resolver._throwModNotFoundError (../../node_modules/.bun/jest-resolve@30.5.1/node_modules/jest-resolve/build/index.js:1031:11)
      at Object.<anonymous> (src/ui/session/sharedDeviceCredentialStore.ts:42:1)
      at loadStore (src/ui/session/__tests__/sharedDeviceCredentialStore.test.ts:109:15)
      at Object.<anonymous> (src/ui/session/__tests__/sharedDeviceCredentialStore.test.ts:201:19)

  ● iOS keychain-group slot › a publish round-trips and reads back as present

    Cannot find module '@oxy.so/core/session' from 'src/ui/session/sharedDeviceCredentialStore.ts'

      40 | import { Platform } from 'react-native';
      41 | import { requireOptionalNativeModule } from 'expo-modules-core';
    > 42 | import { normalizeSharedDeviceSessionRead, type SharedDeviceCredential, type SharedDeviceCredentialRead, type SharedDeviceCredentialStore } from '@oxy.so/core/session';
         | ^
      43 |
      44 | /**
      45 |  * The iOS Keychain Access Group every official Oxy app declares in its

      at Resolver._throwModNotFoundError (../../node_modules/.bun/jest-resolve@30.5.1/node_modules/jest-resolve/build/index.js:1031:11)
      at Object.<anonymous> (src/ui/session/sharedDeviceCredentialStore.ts:42:1)
      at loadStore (src/ui/session/__tests__/sharedDeviceCredentialStore.test.ts:109:15)
      at Object.<anonymous> (src/ui/session/__tests__/sharedDeviceCredentialStore.test.ts:209:19)

  ● iOS keychain-group slot › a write that silently does not land reports false

    Cannot find module '@oxy.so/core/session' from 'src/ui/session/sharedDeviceCredentialStore.ts'

      40 | import { Platform } from 'react-native';
      41 | import { requireOptionalNativeModule } from 'expo-modules-core';
    > 42 | import { normalizeSharedDeviceSessionRead, type SharedDeviceCredential, type SharedDeviceCredentialRead, type SharedDeviceCredentialStore } from '@oxy.so/core/session';
         | ^
      43 |
      44 | /**
      45 |  * The iOS Keychain Access Group every official Oxy app declares in its

      at Resolver._throwModNotFoundError (../../node_modules/.bun/jest-resolve@30.5.1/node_modules/jest-resolve/build/index.js:1031:11)
      at Object.<anonymous> (src/ui/session/sharedDeviceCredentialStore.ts:42:1)
      at loadStore (src/ui/session/__tests__/sharedDeviceCredentialStore.test.ts:109:15)
      at Object.<anonymous> (src/ui/session/__tests__/sharedDeviceCredentialStore.test.ts:220:19)

  ● iOS keychain-group slot › a throwing write reports false rather than propagating

    Cannot find module '@oxy.so/core/session' from 'src/ui/session/sharedDeviceCredentialStore.ts'

      40 | import { Platform } from 'react-native';
      41 | import { requireOptionalNativeModule } from 'expo-modules-core';
    > 42 | import { normalizeSharedDeviceSessionRead, type SharedDeviceCredential, type SharedDeviceCredentialRead, type SharedDeviceCredentialStore } from '@oxy.so/core/session';
         | ^
      43 |
      44 | /**
      45 |  * The iOS Keychain Access Group every official Oxy app declares in its

      at Resolver._throwModNotFoundError (../../node_modules/.bun/jest-resolve@30.5.1/node_modules/jest-resolve/build/index.js:1031:11)
      at Object.<anonymous> (src/ui/session/sharedDeviceCredentialStore.ts:42:1)
      at loadStore (src/ui/session/__tests__/sharedDeviceCredentialStore.test.ts:109:15)
      at Object.<anonymous> (src/ui/session/__tests__/sharedDeviceCredentialStore.test.ts:227:19)

  ● iOS keychain-group slot › the slot is unsupported when expo-secure-store is not installed

    Cannot find module '@oxy.so/core/session' from 'src/ui/session/sharedDeviceCredentialStore.ts'

      40 | import { Platform } from 'react-native';
      41 | import { requireOptionalNativeModule } from 'expo-modules-core';
    > 42 | import { normalizeSharedDeviceSessionRead, type SharedDeviceCredential, type SharedDeviceCredentialRead, type SharedDeviceCredentialStore } from '@oxy.so/core/session';
         | ^
      43 |
      44 | /**
      45 |  * The iOS Keychain Access Group every official Oxy app declares in its

      at Resolver._throwModNotFoundError (../../node_modules/.bun/jest-resolve@30.5.1/node_modules/jest-resolve/build/index.js:1031:11)
      at Object.<anonymous> (src/ui/session/sharedDeviceCredentialStore.ts:42:1)
      at loadStore (src/ui/session/__tests__/sharedDeviceCredentialStore.test.ts:109:15)
      at Object.<anonymous> (src/ui/session/__tests__/sharedDeviceCredentialStore.test.ts:232:19)

  ● Android broker slot › narrows a present payload

    Cannot find module '@oxy.so/core/session' from 'src/ui/session/sharedDeviceCredentialStore.ts'

      40 | import { Platform } from 'react-native';
      41 | import { requireOptionalNativeModule } from 'expo-modules-core';
    > 42 | import { normalizeSharedDeviceSessionRead, type SharedDeviceCredential, type SharedDeviceCredentialRead, type SharedDeviceCredentialStore } from '@oxy.so/core/session';
         | ^
      43 |
      44 | /**
      45 |  * The iOS Keychain Access Group every official Oxy app declares in its

      at Resolver._throwModNotFoundError (../../node_modules/.bun/jest-resolve@30.5.1/node_modules/jest-resolve/build/index.js:1031:11)
      at Object.<anonymous> (src/ui/session/sharedDeviceCredentialStore.ts:42:1)
      at loadStore (src/ui/session/__tests__/sharedDeviceCredentialStore.test.ts:109:15)
      at Object.<anonymous> (src/ui/session/__tests__/sharedDeviceCredentialStore.test.ts:240:19)

  ● Android broker slot › an explicit unavailable status stays unavailable

    Cannot find module '@oxy.so/core/session' from 'src/ui/session/sharedDeviceCredentialStore.ts'

      40 | import { Platform } from 'react-native';
      41 | import { requireOptionalNativeModule } from 'expo-modules-core';
    > 42 | import { normalizeSharedDeviceSessionRead, type SharedDeviceCredential, type SharedDeviceCredentialRead, type SharedDeviceCredentialStore } from '@oxy.so/core/session';
         | ^
      43 |
      44 | /**
      45 |  * The iOS Keychain Access Group every official Oxy app declares in its

      at Resolver._throwModNotFoundError (../../node_modules/.bun/jest-resolve@30.5.1/node_modules/jest-resolve/build/index.js:1031:11)
      at Object.<anonymous> (src/ui/session/sharedDeviceCredentialStore.ts:42:1)
      at loadStore (src/ui/session/__tests__/sharedDeviceCredentialStore.test.ts:109:15)
      at Object.<anonymous> (src/ui/session/__tests__/sharedDeviceCredentialStore.test.ts:247:19)

  ● Android broker slot › a THROWN broker call is unavailable, never absent

    Cannot find module '@oxy.so/core/session' from 'src/ui/session/sharedDeviceCredentialStore.ts'

      40 | import { Platform } from 'react-native';
      41 | import { requireOptionalNativeModule } from 'expo-modules-core';
    > 42 | import { normalizeSharedDeviceSessionRead, type SharedDeviceCredential, type SharedDeviceCredentialRead, type SharedDeviceCredentialStore } from '@oxy.so/core/session';
         | ^
      43 |
      44 | /**
      45 |  * The iOS Keychain Access Group every official Oxy app declares in its

      at Resolver._throwModNotFoundError (../../node_modules/.bun/jest-resolve@30.5.1/node_modules/jest-resolve/build/index.js:1031:11)
      at Object.<anonymous> (src/ui/session/sharedDeviceCredentialStore.ts:42:1)
      at loadStore (src/ui/session/__tests__/sharedDeviceCredentialStore.test.ts:109:15)
      at Object.<anonymous> (src/ui/session/__tests__/sharedDeviceCredentialStore.test.ts:258:19)

  ● Android broker slot › an unrecognised payload from an older sibling is unavailable, never absent

    Cannot find module '@oxy.so/core/session' from 'src/ui/session/sharedDeviceCredentialStore.ts'

      40 | import { Platform } from 'react-native';
      41 | import { requireOptionalNativeModule } from 'expo-modules-core';
    > 42 | import { normalizeSharedDeviceSessionRead, type SharedDeviceCredential, type SharedDeviceCredentialRead, type SharedDeviceCredentialStore } from '@oxy.so/core/session';
         | ^
      43 |
      44 | /**
      45 |  * The iOS Keychain Access Group every official Oxy app declares in its

      at Resolver._throwModNotFoundError (../../node_modules/.bun/jest-resolve@30.5.1/node_modules/jest-resolve/build/index.js:1031:11)
      at Object.<anonymous> (src/ui/session/sharedDeviceCredentialStore.ts:42:1)
      at loadStore (src/ui/session/__tests__/sharedDeviceCredentialStore.test.ts:109:15)
      at Object.<anonymous> (src/ui/session/__tests__/sharedDeviceCredentialStore.test.ts:271:19)

  ● Android broker slot › the slot is unsupported when the native module is not linked

    Cannot find module '@oxy.so/core/session' from 'src/ui/session/sharedDeviceCredentialStore.ts'

      40 | import { Platform } from 'react-native';
      41 | import { requireOptionalNativeModule } from 'expo-modules-core';
    > 42 | import { normalizeSharedDeviceSessionRead, type SharedDeviceCredential, type SharedDeviceCredentialRead, type SharedDeviceCredentialStore } from '@oxy.so/core/session';
         | ^
      43 |
      44 | /**
      45 |  * The iOS Keychain Access Group every official Oxy app declares in its

      at Resolver._throwModNotFoundError (../../node_modules/.bun/jest-resolve@30.5.1/node_modules/jest-resolve/build/index.js:1031:11)
      at Object.<anonymous> (src/ui/session/sharedDeviceCredentialStore.ts:42:1)
      at loadStore (src/ui/session/__tests__/sharedDeviceCredentialStore.test.ts:109:15)
      at Object.<anonymous> (src/ui/session/__tests__/sharedDeviceCredentialStore.test.ts:278:19)

  ● Android broker slot › publish forwards the broker’s own read-back verdict

    Cannot find module '@oxy.so/core/session' from 'src/ui/session/sharedDeviceCredentialStore.ts'

      40 | import { Platform } from 'react-native';
      41 | import { requireOptionalNativeModule } from 'expo-modules-core';
    > 42 | import { normalizeSharedDeviceSessionRead, type SharedDeviceCredential, type SharedDeviceCredentialRead, type SharedDeviceCredentialStore } from '@oxy.so/core/session';
         | ^
      43 |
      44 | /**
      45 |  * The iOS Keychain Access Group every official Oxy app declares in its

      at Resolver._throwModNotFoundError (../../node_modules/.bun/jest-resolve@30.5.1/node_modules/jest-resolve/build/index.js:1031:11)
      at Object.<anonymous> (src/ui/session/sharedDeviceCredentialStore.ts:42:1)
      at loadStore (src/ui/session/__tests__/sharedDeviceCredentialStore.test.ts:109:15)
      at Object.<anonymous> (src/ui/session/__tests__/sharedDeviceCredentialStore.test.ts:284:24)

FAIL src/ui/session/__tests__/backgroundSession.test.ts
  ● syncBackgroundSession › signed out clears the credential and never calls the network

    Cannot find module '@oxy.so/telemetry/browser' from '../core/src/utils/edgeRegion.ts'

    Require stack:
      /home/nate/Oxy/oxy/.worktrees/1519-refresh-context-cas-20261003/packages/core/src/utils/edgeRegion.ts
      /home/nate/Oxy/oxy/.worktrees/1519-refresh-context-cas-20261003/packages/core/src/HttpService.ts
      /home/nate/Oxy/oxy/.worktrees/1519-refresh-context-cas-20261003/packages/core/src/OxyServices.ts
      /home/nate/Oxy/oxy/.worktrees/1519-refresh-context-cas-20261003/packages/core/src/index.ts
      src/ui/session/backgroundSession.ts

    > 1 | export { peekBrowserEdgeRegionHeader } from '@oxy.so/telemetry/browser';
        | ^
      2 |

      at Resolver._throwModNotFoundError (../../node_modules/.bun/jest-resolve@30.5.1/node_modules/jest-resolve/build/index.js:1031:11)
      at Object.<anonymous> (../core/src/utils/edgeRegion.ts:1:1)
      at Object.<anonymous> (../core/src/HttpService.ts:27:1)
      at Object.<anonymous> (../core/src/OxyServices.ts:23:1)
      at Object.<anonymous> (../core/src/index.ts:33:1)
      at Object.<anonymous> (src/ui/session/backgroundSession.ts:39:1)
      at src/ui/session/__tests__/backgroundSession.test.ts:73:3

  ● syncBackgroundSession › a credential for a DIFFERENT account is cleared BEFORE any network call

    Cannot find module '@oxy.so/telemetry/browser' from '../core/src/utils/edgeRegion.ts'

    Require stack:
      /home/nate/Oxy/oxy/.worktrees/1519-refresh-context-cas-20261003/packages/core/src/utils/edgeRegion.ts
      /home/nate/Oxy/oxy/.worktrees/1519-refresh-context-cas-20261003/packages/core/src/HttpService.ts
      /home/nate/Oxy/oxy/.worktrees/1519-refresh-context-cas-20261003/packages/core/src/OxyServices.ts
      /home/nate/Oxy/oxy/.worktrees/1519-refresh-context-cas-20261003/packages/core/src/index.ts
      src/ui/session/backgroundSession.ts

    > 1 | export { peekBrowserEdgeRegionHeader } from '@oxy.so/telemetry/browser';
        | ^
      2 |

      at Resolver._throwModNotFoundError (../../node_modules/.bun/jest-resolve@30.5.1/node_modules/jest-resolve/build/index.js:1031:11)
      at Object.<anonymous> (../core/src/utils/edgeRegion.ts:1:1)
      at Object.<anonymous> (../core/src/HttpService.ts:27:1)
      at Object.<anonymous> (../core/src/OxyServices.ts:23:1)
      at Object.<anonymous> (../core/src/index.ts:33:1)
      at Object.<anonymous> (src/ui/session/backgroundSession.ts:39:1)
      at src/ui/session/__tests__/backgroundSession.test.ts:73:3

  ● syncBackgroundSession › a healthy credential for the signed-in account makes no network call

    Cannot find module '@oxy.so/telemetry/browser' from '../core/src/utils/edgeRegion.ts'

    Require stack:
      /home/nate/Oxy/oxy/.worktrees/1519-refresh-context-cas-20261003/packages/core/src/utils/edgeRegion.ts
      /home/nate/Oxy/oxy/.worktrees/1519-refresh-context-cas-20261003/packages/core/src/HttpService.ts
      /home/nate/Oxy/oxy/.worktrees/1519-refresh-context-cas-20261003/packages/core/src/OxyServices.ts
      /home/nate/Oxy/oxy/.worktrees/1519-refresh-context-cas-20261003/packages/core/src/index.ts
      src/ui/session/backgroundSession.ts

    > 1 | export { peekBrowserEdgeRegionHeader } from '@oxy.so/telemetry/browser';
        | ^
      2 |

      at Resolver._throwModNotFoundError (../../node_modules/.bun/jest-resolve@30.5.1/node_modules/jest-resolve/build/index.js:1031:11)
      at Object.<anonymous> (../core/src/utils/edgeRegion.ts:1:1)
      at Object.<anonymous> (../core/src/HttpService.ts:27:1)
      at Object.<anonymous> (../core/src/OxyServices.ts:23:1)
      at Object.<anonymous> (../core/src/index.ts:33:1)
      at Object.<anonymous> (src/ui/session/backgroundSession.ts:39:1)
      at src/ui/session/__tests__/backgroundSession.test.ts:73:3

  ● syncBackgroundSession › renews a credential inside the renewal window

    Cannot find module '@oxy.so/telemetry/browser' from '../core/src/utils/edgeRegion.ts'

    Require stack:
      /home/nate/Oxy/oxy/.worktrees/1519-refresh-context-cas-20261003/packages/core/src/utils/edgeRegion.ts
      /home/nate/Oxy/oxy/.worktrees/1519-refresh-context-cas-20261003/packages/core/src/HttpService.ts
      /home/nate/Oxy/oxy/.worktrees/1519-refresh-context-cas-20261003/packages/core/src/OxyServices.ts
      /home/nate/Oxy/oxy/.worktrees/1519-refresh-context-cas-20261003/packages/core/src/index.ts
      src/ui/session/backgroundSession.ts

    > 1 | export { peekBrowserEdgeRegionHeader } from '@oxy.so/telemetry/browser';
        | ^
      2 |

      at Resolver._throwModNotFoundError (../../node_modules/.bun/jest-resolve@30.5.1/node_modules/jest-resolve/build/index.js:1031:11)
      at Object.<anonymous> (../core/src/utils/edgeRegion.ts:1:1)
      at Object.<anonymous> (../core/src/HttpService.ts:27:1)
      at Object.<anonymous> (../core/src/OxyServices.ts:23:1)
      at Object.<anonymous> (../core/src/index.ts:33:1)
      at Object.<anonymous> (src/ui/session/backgroundSession.ts:39:1)
      at src/ui/session/__tests__/backgroundSession.test.ts:73:3

  ● syncBackgroundSession › waits for a bearer instead of provisioning without one

    Cannot find module '@oxy.so/telemetry/browser' from '../core/src/utils/edgeRegion.ts'

    Require stack:
      /home/nate/Oxy/oxy/.worktrees/1519-refresh-context-cas-20261003/packages/core/src/utils/edgeRegion.ts
      /home/nate/Oxy/oxy/.worktrees/1519-refresh-context-cas-20261003/packages/core/src/HttpService.ts
      /home/nate/Oxy/oxy/.worktrees/1519-refresh-context-cas-20261003/packages/core/src/OxyServices.ts
      /home/nate/Oxy/oxy/.worktrees/1519-refresh-context-cas-20261003/packages/core/src/index.ts
      src/ui/session/backgroundSession.ts

    > 1 | export { peekBrowserEdgeRegionHeader } from '@oxy.so/telemetry/browser';
        | ^
      2 |

      at Resolver._throwModNotFoundError (../../node_modules/.bun/jest-resolve@30.5.1/node_modules/jest-resolve/build/index.js:1031:11)
      at Object.<anonymous> (../core/src/utils/edgeRegion.ts:1:1)
      at Object.<anonymous> (../core/src/HttpService.ts:27:1)
      at Object.<anonymous> (../core/src/OxyServices.ts:23:1)
      at Object.<anonymous> (../core/src/index.ts:33:1)
      at Object.<anonymous> (src/ui/session/backgroundSession.ts:39:1)
      at src/ui/session/__tests__/backgroundSession.test.ts:73:3

  ● syncBackgroundSession › a not-yet-deployed endpoint (null) is quiet and writes nothing

    Cannot find module '@oxy.so/telemetry/browser' from '../core/src/utils/edgeRegion.ts'

    Require stack:
      /home/nate/Oxy/oxy/.worktrees/1519-refresh-context-cas-20261003/packages/core/src/utils/edgeRegion.ts
      /home/nate/Oxy/oxy/.worktrees/1519-refresh-context-cas-20261003/packages/core/src/HttpService.ts
      /home/nate/Oxy/oxy/.worktrees/1519-refresh-context-cas-20261003/packages/core/src/OxyServices.ts
      /home/nate/Oxy/oxy/.worktrees/1519-refresh-context-cas-20261003/packages/core/src/index.ts
      src/ui/session/backgroundSession.ts

    > 1 | export { peekBrowserEdgeRegionHeader } from '@oxy.so/telemetry/browser';
        | ^
      2 |

      at Resolver._throwModNotFoundError (../../node_modules/.bun/jest-resolve@30.5.1/node_modules/jest-resolve/build/index.js:1031:11)
      at Object.<anonymous> (../core/src/utils/edgeRegion.ts:1:1)
      at Object.<anonymous> (../core/src/HttpService.ts:27:1)
      at Object.<anonymous> (../core/src/OxyServices.ts:23:1)
      at Object.<anonymous> (../core/src/index.ts:33:1)
      at Object.<anonymous> (src/ui/session/backgroundSession.ts:39:1)
      at src/ui/session/__tests__/backgroundSession.test.ts:73:3

  ● syncBackgroundSession › a credential minted for another account mid-flight is dropped, not stored

    Cannot find module '@oxy.so/telemetry/browser' from '../core/src/utils/edgeRegion.ts'

    Require stack:
      /home/nate/Oxy/oxy/.worktrees/1519-refresh-context-cas-20261003/packages/core/src/utils/edgeRegion.ts
      /home/nate/Oxy/oxy/.worktrees/1519-refresh-context-cas-20261003/packages/core/src/HttpService.ts
      /home/nate/Oxy/oxy/.worktrees/1519-refresh-context-cas-20261003/packages/core/src/OxyServices.ts
      /home/nate/Oxy/oxy/.worktrees/1519-refresh-context-cas-20261003/packages/core/src/index.ts
      src/ui/session/backgroundSession.ts

    > 1 | export { peekBrowserEdgeRegionHeader } from '@oxy.so/telemetry/browser';
        | ^
      2 |

      at Resolver._throwModNotFoundError (../../node_modules/.bun/jest-resolve@30.5.1/node_modules/jest-resolve/build/index.js:1031:11)
      at Object.<anonymous> (../core/src/utils/edgeRegion.ts:1:1)
      at Object.<anonymous> (../core/src/HttpService.ts:27:1)
      at Object.<anonymous> (../core/src/OxyServices.ts:23:1)
      at Object.<anonymous> (../core/src/index.ts:33:1)
      at Object.<anonymous> (src/ui/session/backgroundSession.ts:39:1)
      at src/ui/session/__tests__/backgroundSession.test.ts:73:3

  ● syncBackgroundSession › a superseded run does not write the credential it fetched

    Cannot find module '@oxy.so/telemetry/browser' from '../core/src/utils/edgeRegion.ts'

    Require stack:
      /home/nate/Oxy/oxy/.worktrees/1519-refresh-context-cas-20261003/packages/core/src/utils/edgeRegion.ts
      /home/nate/Oxy/oxy/.worktrees/1519-refresh-context-cas-20261003/packages/core/src/HttpService.ts
      /home/nate/Oxy/oxy/.worktrees/1519-refresh-context-cas-20261003/packages/core/src/OxyServices.ts
      /home/nate/Oxy/oxy/.worktrees/1519-refresh-context-cas-20261003/packages/core/src/index.ts
      src/ui/session/backgroundSession.ts

    > 1 | export { peekBrowserEdgeRegionHeader } from '@oxy.so/telemetry/browser';
        | ^
      2 |

      at Resolver._throwModNotFoundError (../../node_modules/.bun/jest-resolve@30.5.1/node_modules/jest-resolve/build/index.js:1031:11)
      at Object.<anonymous> (../core/src/utils/edgeRegion.ts:1:1)
      at Object.<anonymous> (../core/src/HttpService.ts:27:1)
      at Object.<anonymous> (../core/src/OxyServices.ts:23:1)
      at Object.<anonymous> (../core/src/index.ts:33:1)
      at Object.<anonymous> (src/ui/session/backgroundSession.ts:39:1)
      at src/ui/session/__tests__/backgroundSession.test.ts:73:3

  ● syncBackgroundSession › an unparseable expiry is rejected rather than stored as garbage

    Cannot find module '@oxy.so/telemetry/browser' from '../core/src/utils/edgeRegion.ts'

    Require stack:
      /home/nate/Oxy/oxy/.worktrees/1519-refresh-context-cas-20261003/packages/core/src/utils/edgeRegion.ts
      /home/nate/Oxy/oxy/.worktrees/1519-refresh-context-cas-20261003/packages/core/src/HttpService.ts
      /home/nate/Oxy/oxy/.worktrees/1519-refresh-context-cas-20261003/packages/core/src/OxyServices.ts
      /home/nate/Oxy/oxy/.worktrees/1519-refresh-context-cas-20261003/packages/core/src/index.ts
      src/ui/session/backgroundSession.ts

    > 1 | export { peekBrowserEdgeRegionHeader } from '@oxy.so/telemetry/browser';
        | ^
      2 |

      at Resolver._throwModNotFoundError (../../node_modules/.bun/jest-resolve@30.5.1/node_modules/jest-resolve/build/index.js:1031:11)
      at Object.<anonymous> (../core/src/utils/edgeRegion.ts:1:1)
      at Object.<anonymous> (../core/src/HttpService.ts:27:1)
      at Object.<anonymous> (../core/src/OxyServices.ts:23:1)
      at Object.<anonymous> (../core/src/index.ts:33:1)
      at Object.<anonymous> (src/ui/session/backgroundSession.ts:39:1)
      at src/ui/session/__tests__/backgroundSession.test.ts:73:3

  ● syncBackgroundSession › a provisioning failure never escapes to the caller

    Cannot find module '@oxy.so/telemetry/browser' from '../core/src/utils/edgeRegion.ts'

    Require stack:
      /home/nate/Oxy/oxy/.worktrees/1519-refresh-context-cas-20261003/packages/core/src/utils/edgeRegion.ts
      /home/nate/Oxy/oxy/.worktrees/1519-refresh-context-cas-20261003/packages/core/src/HttpService.ts
      /home/nate/Oxy/oxy/.worktrees/1519-refresh-context-cas-20261003/packages/core/src/OxyServices.ts
      /home/nate/Oxy/oxy/.worktrees/1519-refresh-context-cas-20261003/packages/core/src/index.ts
      src/ui/session/backgroundSession.ts

    > 1 | export { peekBrowserEdgeRegionHeader } from '@oxy.so/telemetry/browser';
        | ^
      2 |

      at Resolver._throwModNotFoundError (../../node_modules/.bun/jest-resolve@30.5.1/node_modules/jest-resolve/build/index.js:1031:11)
      at Object.<anonymous> (../core/src/utils/edgeRegion.ts:1:1)
      at Object.<anonymous> (../core/src/HttpService.ts:27:1)
      at Object.<anonymous> (../core/src/OxyServices.ts:23:1)
      at Object.<anonymous> (../core/src/index.ts:33:1)
      at Object.<anonymous> (src/ui/session/backgroundSession.ts:39:1)
      at src/ui/session/__tests__/backgroundSession.test.ts:73:3

  ● on web › does not provision even when a native module IS present

    Cannot find module '@oxy.so/telemetry/browser' from '../core/src/utils/edgeRegion.ts'

    Require stack:
      /home/nate/Oxy/oxy/.worktrees/1519-refresh-context-cas-20261003/packages/core/src/utils/edgeRegion.ts
      /home/nate/Oxy/oxy/.worktrees/1519-refresh-context-cas-20261003/packages/core/src/HttpService.ts
      /home/nate/Oxy/oxy/.worktrees/1519-refresh-context-cas-20261003/packages/core/src/OxyServices.ts
      /home/nate/Oxy/oxy/.worktrees/1519-refresh-context-cas-20261003/packages/core/src/index.ts
      src/ui/session/backgroundSession.ts

    > 1 | export { peekBrowserEdgeRegionHeader } from '@oxy.so/telemetry/browser';
        | ^
      2 |

      at Resolver._throwModNotFoundError (../../node_modules/.bun/jest-resolve@30.5.1/node_modules/jest-resolve/build/index.js:1031:11)
      at Object.<anonymous> (../core/src/utils/edgeRegion.ts:1:1)
      at Object.<anonymous> (../core/src/HttpService.ts:27:1)
      at Object.<anonymous> (../core/src/OxyServices.ts:23:1)
      at Object.<anonymous> (../core/src/index.ts:33:1)
      at Object.<anonymous> (src/ui/session/backgroundSession.ts:39:1)
      at src/ui/session/__tests__/backgroundSession.test.ts:73:3

  ● on web › never asks the native registry on web

    Cannot find module '@oxy.so/telemetry/browser' from '../core/src/utils/edgeRegion.ts'

    Require stack:
      /home/nate/Oxy/oxy/.worktrees/1519-refresh-context-cas-20261003/packages/core/src/utils/edgeRegion.ts
      /home/nate/Oxy/oxy/.worktrees/1519-refresh-context-cas-20261003/packages/core/src/HttpService.ts
      /home/nate/Oxy/oxy/.worktrees/1519-refresh-context-cas-20261003/packages/core/src/OxyServices.ts
      /home/nate/Oxy/oxy/.worktrees/1519-refresh-context-cas-20261003/packages/core/src/index.ts
      src/ui/session/backgroundSession.ts

    > 1 | export { peekBrowserEdgeRegionHeader } from '@oxy.so/telemetry/browser';
        | ^
      2 |

      at Resolver._throwModNotFoundError (../../node_modules/.bun/jest-resolve@30.5.1/node_modules/jest-resolve/build/index.js:1031:11)
      at Object.<anonymous> (../core/src/utils/edgeRegion.ts:1:1)
      at Object.<anonymous> (../core/src/HttpService.ts:27:1)
      at Object.<anonymous> (../core/src/OxyServices.ts:23:1)
      at Object.<anonymous> (../core/src/index.ts:33:1)
      at Object.<anonymous> (src/ui/session/backgroundSession.ts:39:1)
      at src/ui/session/__tests__/backgroundSession.test.ts:73:3

  ● without the native module › every entry point is an inert no-op

    Cannot find module '@oxy.so/telemetry/browser' from '../core/src/utils/edgeRegion.ts'

    Require stack:
      /home/nate/Oxy/oxy/.worktrees/1519-refresh-context-cas-20261003/packages/core/src/utils/edgeRegion.ts
      /home/nate/Oxy/oxy/.worktrees/1519-refresh-context-cas-20261003/packages/core/src/HttpService.ts
      /home/nate/Oxy/oxy/.worktrees/1519-refresh-context-cas-20261003/packages/core/src/OxyServices.ts
      /home/nate/Oxy/oxy/.worktrees/1519-refresh-context-cas-20261003/packages/core/src/index.ts
      src/ui/session/backgroundSession.ts

    > 1 | export { peekBrowserEdgeRegionHeader } from '@oxy.so/telemetry/browser';
        | ^
      2 |

      at Resolver._throwModNotFoundError (../../node_modules/.bun/jest-resolve@30.5.1/node_modules/jest-resolve/build/index.js:1031:11)
      at Object.<anonymous> (../core/src/utils/edgeRegion.ts:1:1)
      at Object.<anonymous> (../core/src/HttpService.ts:27:1)
      at Object.<anonymous> (../core/src/OxyServices.ts:23:1)
      at Object.<anonymous> (../core/src/index.ts:33:1)
      at Object.<anonymous> (src/ui/session/backgroundSession.ts:39:1)
      at src/ui/session/__tests__/backgroundSession.test.ts:73:3

FAIL __tests__/context/browserBridge.test.tsx
  ● Test suite failed to run

    Cannot find module '@oxy.so/core/session' from '__tests__/context/browserBridge.test.tsx'

      13 | import { render, waitFor, act, type RenderResult } from '@testing-library/react';
      14 | import { QueryClient, QueryClientProvider } from '@tanstack/react-query';
    > 15 | import { AUTH_STATE_STORAGE_KEY } from '@oxy.so/core/session';
         | ^
      16 | import { type User } from '@oxy.so/core';
      17 | import { OXY_BRIDGE_CODE_MESSAGE_TYPE, OXY_BRIDGE_WINDOW_NAME } from '../../src/ui/oauth/browserBridge';
      18 |

      at Resolver._throwModNotFoundError (../../node_modules/.bun/jest-resolve@30.5.1/node_modules/jest-resolve/build/index.js:1031:11)
      at Object.<anonymous> (__tests__/context/browserBridge.test.tsx:15:1)

FAIL __tests__/hooks/accountQueryPersistence.test.ts
  ● Test suite failed to run

    Cannot find module '@oxy.so/telemetry/browser' from '../core/src/utils/edgeRegion.ts'

    Require stack:
      /home/nate/Oxy/oxy/.worktrees/1519-refresh-context-cas-20261003/packages/core/src/utils/edgeRegion.ts
      /home/nate/Oxy/oxy/.worktrees/1519-refresh-context-cas-20261003/packages/core/src/HttpService.ts
      /home/nate/Oxy/oxy/.worktrees/1519-refresh-context-cas-20261003/packages/core/src/OxyServices.ts
      /home/nate/Oxy/oxy/.worktrees/1519-refresh-context-cas-20261003/packages/core/src/index.ts
      src/ui/hooks/queryClient.ts
      __tests__/hooks/accountQueryPersistence.test.ts

    > 1 | export { peekBrowserEdgeRegionHeader } from '@oxy.so/telemetry/browser';
        | ^
      2 |

      at Resolver._throwModNotFoundError (../../node_modules/.bun/jest-resolve@30.5.1/node_modules/jest-resolve/build/index.js:1031:11)
      at Object.<anonymous> (../core/src/utils/edgeRegion.ts:1:1)
      at Object.<anonymous> (../core/src/HttpService.ts:27:1)
      at Object.<anonymous> (../core/src/OxyServices.ts:23:1)
      at Object.<anonymous> (../core/src/index.ts:33:1)
      at Object.<anonymous> (src/ui/hooks/queryClient.ts:26:1)
      at Object.<anonymous> (__tests__/hooks/accountQueryPersistence.test.ts:8:1)

FAIL src/ui/oauth/__tests__/oauthPopup.test.ts
  ● Test suite failed to run

    Cannot find module '@oxy.so/telemetry/browser' from '../core/src/utils/edgeRegion.ts'

    Require stack:
      /home/nate/Oxy/oxy/.worktrees/1519-refresh-context-cas-20261003/packages/core/src/utils/edgeRegion.ts
      /home/nate/Oxy/oxy/.worktrees/1519-refresh-context-cas-20261003/packages/core/src/HttpService.ts
      /home/nate/Oxy/oxy/.worktrees/1519-refresh-context-cas-20261003/packages/core/src/OxyServices.ts
      /home/nate/Oxy/oxy/.worktrees/1519-refresh-context-cas-20261003/packages/core/src/index.ts
      src/ui/oauth/oauthPopup.ts
      src/ui/oauth/__tests__/oauthPopup.test.ts

    > 1 | export { peekBrowserEdgeRegionHeader } from '@oxy.so/telemetry/browser';
        | ^
      2 |

      at Resolver._throwModNotFoundError (../../node_modules/.bun/jest-resolve@30.5.1/node_modules/jest-resolve/build/index.js:1031:11)
      at Object.<anonymous> (../core/src/utils/edgeRegion.ts:1:1)
      at Object.<anonymous> (../core/src/HttpService.ts:27:1)
      at Object.<anonymous> (../core/src/OxyServices.ts:23:1)
      at Object.<anonymous> (../core/src/index.ts:33:1)
      at Object.<anonymous> (src/ui/oauth/oauthPopup.ts:21:1)
      at Object.<anonymous> (src/ui/oauth/__tests__/oauthPopup.test.ts:1:1)

FAIL src/ui/context/__tests__/commitSessionFlow.test.ts
  ● Test suite failed to run

    Cannot find module '@oxy.so/telemetry/browser' from '../core/src/utils/edgeRegion.ts'

    Require stack:
      /home/nate/Oxy/oxy/.worktrees/1519-refresh-context-cas-20261003/packages/core/src/utils/edgeRegion.ts
      /home/nate/Oxy/oxy/.worktrees/1519-refresh-context-cas-20261003/packages/core/src/HttpService.ts
      /home/nate/Oxy/oxy/.worktrees/1519-refresh-context-cas-20261003/packages/core/src/OxyServices.ts
      /home/nate/Oxy/oxy/.worktrees/1519-refresh-context-cas-20261003/packages/core/src/index.ts
      src/ui/context/__tests__/commitSessionFlow.test.ts

    > 1 | export { peekBrowserEdgeRegionHeader } from '@oxy.so/telemetry/browser';
        | ^
      2 |

      at Resolver._throwModNotFoundError (../../node_modules/.bun/jest-resolve@30.5.1/node_modules/jest-resolve/build/index.js:1031:11)
      at Object.<anonymous> (../core/src/utils/edgeRegion.ts:1:1)
      at Object.<anonymous> (../core/src/HttpService.ts:27:1)
      at Object.<anonymous> (../core/src/OxyServices.ts:23:1)
      at Object.<anonymous> (../core/src/index.ts:33:1)
      at Object.<anonymous> (src/ui/context/__tests__/commitSessionFlow.test.ts:2:1)

FAIL src/ui/oauth/__tests__/browserBridge.test.ts
  ● Test suite failed to run

    Cannot find module '@oxy.so/telemetry/browser' from '../core/src/utils/edgeRegion.ts'

    Require stack:
      /home/nate/Oxy/oxy/.worktrees/1519-refresh-context-cas-20261003/packages/core/src/utils/edgeRegion.ts
      /home/nate/Oxy/oxy/.worktrees/1519-refresh-context-cas-20261003/packages/core/src/HttpService.ts
      /home/nate/Oxy/oxy/.worktrees/1519-refresh-context-cas-20261003/packages/core/src/OxyServices.ts
      /home/nate/Oxy/oxy/.worktrees/1519-refresh-context-cas-20261003/packages/core/src/index.ts
      src/ui/oauth/__tests__/browserBridge.test.ts

    > 1 | export { peekBrowserEdgeRegionHeader } from '@oxy.so/telemetry/browser';
        | ^
      2 |

      at Resolver._throwModNotFoundError (../../node_modules/.bun/jest-resolve@30.5.1/node_modules/jest-resolve/build/index.js:1031:11)
      at Object.<anonymous> (../core/src/utils/edgeRegion.ts:1:1)
      at Object.<anonymous> (../core/src/HttpService.ts:27:1)
      at Object.<anonymous> (../core/src/OxyServices.ts:23:1)
      at Object.<anonymous> (../core/src/index.ts:33:1)
      at Object.<anonymous> (src/ui/oauth/__tests__/browserBridge.test.ts:7:1)

FAIL src/ui/components/__tests__/OxyConsentScreen.test.tsx
  ● Test suite failed to run

    Cannot find module '@oxy.so/telemetry/browser' from '../core/src/utils/edgeRegion.ts'

    Require stack:
      /home/nate/Oxy/oxy/.worktrees/1519-refresh-context-cas-20261003/packages/core/src/utils/edgeRegion.ts
      /home/nate/Oxy/oxy/.worktrees/1519-refresh-context-cas-20261003/packages/core/src/HttpService.ts
      /home/nate/Oxy/oxy/.worktrees/1519-refresh-context-cas-20261003/packages/core/src/OxyServices.ts
      /home/nate/Oxy/oxy/.worktrees/1519-refresh-context-cas-20261003/packages/core/src/index.ts
      src/ui/components/OxyConsentScreen.tsx
      src/ui/components/__tests__/OxyConsentScreen.test.tsx

    > 1 | export { peekBrowserEdgeRegionHeader } from '@oxy.so/telemetry/browser';
        | ^
      2 |

      at Resolver._throwModNotFoundError (../../node_modules/.bun/jest-resolve@30.5.1/node_modules/jest-resolve/build/index.js:1031:11)
      at Object.<anonymous> (../core/src/utils/edgeRegion.ts:1:1)
      at Object.<anonymous> (../core/src/HttpService.ts:27:1)
      at Object.<anonymous> (../core/src/OxyServices.ts:23:1)
      at Object.<anonymous> (../core/src/index.ts:33:1)
      at Object.<anonymous> (src/ui/components/OxyConsentScreen.tsx:23:1)
      at Object.<anonymous> (src/ui/components/__tests__/OxyConsentScreen.test.tsx:9:1)

FAIL __tests__/context/sessionClientProjection.test.tsx
  ● Test suite failed to run

    Cannot find module '@oxy.so/telemetry/browser' from '../core/src/utils/edgeRegion.ts'

    Require stack:
      /home/nate/Oxy/oxy/.worktrees/1519-refresh-context-cas-20261003/packages/core/src/utils/edgeRegion.ts
      /home/nate/Oxy/oxy/.worktrees/1519-refresh-context-cas-20261003/packages/core/src/HttpService.ts
      /home/nate/Oxy/oxy/.worktrees/1519-refresh-context-cas-20261003/packages/core/src/OxyServices.ts
      /home/nate/Oxy/oxy/.worktrees/1519-refresh-context-cas-20261003/packages/core/src/index.ts
      src/ui/components/oauthNavigation.ts
      src/ui/oauth/nativeAuthTransport.ts
      src/ui/context/OxyContext.tsx
      __tests__/context/sessionClientProjection.test.tsx

    > 1 | export { peekBrowserEdgeRegionHeader } from '@oxy.so/telemetry/browser';
        | ^
      2 |

      at Resolver._throwModNotFoundError (../../node_modules/.bun/jest-resolve@30.5.1/node_modules/jest-resolve/build/index.js:1031:11)
      at Object.<anonymous> (../core/src/utils/edgeRegion.ts:1:1)
      at Object.<anonymous> (../core/src/HttpService.ts:27:1)
      at Object.<anonymous> (../core/src/OxyServices.ts:23:1)
      at Object.<anonymous> (../core/src/index.ts:33:1)
      at Object.<anonymous> (src/ui/components/oauthNavigation.ts:12:1)
      at Object.<anonymous> (src/ui/oauth/nativeAuthTransport.ts:2:1)
      at Object.<anonymous> (src/ui/context/OxyContext.tsx:1:1)
      at Object.<anonymous> (__tests__/context/sessionClientProjection.test.tsx:59:1)

FAIL src/ui/oauth/__tests__/explicitOAuthConsent.test.ts
  ● Test suite failed to run

    Cannot find module '@oxy.so/telemetry/browser' from '../core/src/utils/edgeRegion.ts'

    Require stack:
      /home/nate/Oxy/oxy/.worktrees/1519-refresh-context-cas-20261003/packages/core/src/utils/edgeRegion.ts
      /home/nate/Oxy/oxy/.worktrees/1519-refresh-context-cas-20261003/packages/core/src/HttpService.ts
      /home/nate/Oxy/oxy/.worktrees/1519-refresh-context-cas-20261003/packages/core/src/OxyServices.ts
      /home/nate/Oxy/oxy/.worktrees/1519-refresh-context-cas-20261003/packages/core/src/index.ts
      src/ui/oauth/__tests__/explicitOAuthConsent.test.ts

    > 1 | export { peekBrowserEdgeRegionHeader } from '@oxy.so/telemetry/browser';
        | ^
      2 |

      at Resolver._throwModNotFoundError (../../node_modules/.bun/jest-resolve@30.5.1/node_modules/jest-resolve/build/index.js:1031:11)
      at Object.<anonymous> (../core/src/utils/edgeRegion.ts:1:1)
      at Object.<anonymous> (../core/src/HttpService.ts:27:1)
      at Object.<anonymous> (../core/src/OxyServices.ts:23:1)
      at Object.<anonymous> (../core/src/index.ts:33:1)
      at Object.<anonymous> (src/ui/oauth/__tests__/explicitOAuthConsent.test.ts:7:1)

FAIL __tests__/utils/oauthReturn.test.ts
  ● Test suite failed to run

    Cannot find module '@oxy.so/telemetry/browser' from '../core/src/utils/edgeRegion.ts'

    Require stack:
      /home/nate/Oxy/oxy/.worktrees/1519-refresh-context-cas-20261003/packages/core/src/utils/edgeRegion.ts
      /home/nate/Oxy/oxy/.worktrees/1519-refresh-context-cas-20261003/packages/core/src/HttpService.ts
      /home/nate/Oxy/oxy/.worktrees/1519-refresh-context-cas-20261003/packages/core/src/OxyServices.ts
      /home/nate/Oxy/oxy/.worktrees/1519-refresh-context-cas-20261003/packages/core/src/index.ts
      src/ui/utils/oauthReturn.ts
      __tests__/utils/oauthReturn.test.ts

    > 1 | export { peekBrowserEdgeRegionHeader } from '@oxy.so/telemetry/browser';
        | ^
      2 |

      at Resolver._throwModNotFoundError (../../node_modules/.bun/jest-resolve@30.5.1/node_modules/jest-resolve/build/index.js:1031:11)
      at Object.<anonymous> (../core/src/utils/edgeRegion.ts:1:1)
      at Object.<anonymous> (../core/src/HttpService.ts:27:1)
      at Object.<anonymous> (../core/src/OxyServices.ts:23:1)
      at Object.<anonymous> (../core/src/index.ts:33:1)
      at Object.<anonymous> (src/ui/utils/oauthReturn.ts:2:1)
      at Object.<anonymous> (__tests__/utils/oauthReturn.test.ts:2:1)

FAIL __tests__/boot/runProviderColdBoot.test.ts
  ● Test suite failed to run

    Cannot find module '@oxy.so/core/session' from '__tests__/boot/runProviderColdBoot.test.ts'

    To mock a module that does not exist on disk, pass `{virtual: true}` in the mock options. See https://jestjs.io/docs/jest-object#jestmockmodulename-factory-options

      37 |   logger: { warn: (...args: unknown[]) => loggerWarn(...args), debug: jest.fn(), error: jest.fn() },
      38 | }));
    > 39 | jest.mock('@oxy.so/core/session', () => ({
         |      ^
      40 |   runSessionColdBoot: (opts: ColdBootOpts) => runSessionColdBootMock(opts),
      41 | }));
      42 |

      at Resolver._throwModNotFoundError (../../node_modules/.bun/jest-resolve@30.5.1/node_modules/jest-resolve/build/index.js:1031:11)
      at Object.<anonymous> (__tests__/boot/runProviderColdBoot.test.ts:39:6)

FAIL __tests__/hooks/useDeviceSwitcher.test.tsx
  ● Test suite failed to run

    Cannot find module '@oxy.so/core/session' from '__tests__/hooks/useDeviceSwitcher.test.tsx'

      14 | import type { DeviceDirectory } from '@oxy.so/contracts';
      15 | import type { AccountDialogSnapshot } from '@oxy.so/core/session';
    > 16 | import { resolveActiveContext } from '@oxy.so/core/session';
         | ^
      17 |
      18 | /** Nate and Alice, both able to act as `org`. */
      19 | const sharedDirectory = (activeContextId: string | null): DeviceDirectory => ({

      at Resolver._throwModNotFoundError (../../node_modules/.bun/jest-resolve@30.5.1/node_modules/jest-resolve/build/index.js:1031:11)
      at Object.<anonymous> (__tests__/hooks/useDeviceSwitcher.test.tsx:16:1)

FAIL src/ui/session/__tests__/tokenTransport.test.ts
  ● Test suite failed to run

    Cannot find module '@oxy.so/telemetry/browser' from '../core/src/utils/edgeRegion.ts'

    Require stack:
      /home/nate/Oxy/oxy/.worktrees/1519-refresh-context-cas-20261003/packages/core/src/utils/edgeRegion.ts
      /home/nate/Oxy/oxy/.worktrees/1519-refresh-context-cas-20261003/packages/core/src/HttpService.ts
      /home/nate/Oxy/oxy/.worktrees/1519-refresh-context-cas-20261003/packages/core/src/OxyServices.ts
      /home/nate/Oxy/oxy/.worktrees/1519-refresh-context-cas-20261003/packages/core/src/index.ts
      src/ui/session/__tests__/tokenTransport.test.ts

    > 1 | export { peekBrowserEdgeRegionHeader } from '@oxy.so/telemetry/browser';
        | ^
      2 |

      at Resolver._throwModNotFoundError (../../node_modules/.bun/jest-resolve@30.5.1/node_modules/jest-resolve/build/index.js:1031:11)
      at Object.<anonymous> (../core/src/utils/edgeRegion.ts:1:1)
      at Object.<anonymous> (../core/src/HttpService.ts:27:1)
      at Object.<anonymous> (../core/src/OxyServices.ts:23:1)
      at Object.<anonymous> (../core/src/index.ts:33:1)
      at Object.<anonymous> (src/ui/session/__tests__/tokenTransport.test.ts:2:1)

FAIL src/ui/oauth/__tests__/sharedCompletionPath.test.ts
  ● Test suite failed to run

    Cannot find module '@oxy.so/telemetry/browser' from '../core/src/utils/edgeRegion.ts'

    Require stack:
      /home/nate/Oxy/oxy/.worktrees/1519-refresh-context-cas-20261003/packages/core/src/utils/edgeRegion.ts
      /home/nate/Oxy/oxy/.worktrees/1519-refresh-context-cas-20261003/packages/core/src/HttpService.ts
      /home/nate/Oxy/oxy/.worktrees/1519-refresh-context-cas-20261003/packages/core/src/OxyServices.ts
      /home/nate/Oxy/oxy/.worktrees/1519-refresh-context-cas-20261003/packages/core/src/index.ts
      src/ui/oauth/__tests__/sharedCompletionPath.test.ts

    > 1 | export { peekBrowserEdgeRegionHeader } from '@oxy.so/telemetry/browser';
        | ^
      2 |

      at Resolver._throwModNotFoundError (../../node_modules/.bun/jest-resolve@30.5.1/node_modules/jest-resolve/build/index.js:1031:11)
      at Object.<anonymous> (../core/src/utils/edgeRegion.ts:1:1)
      at Object.<anonymous> (../core/src/HttpService.ts:27:1)
      at Object.<anonymous> (../core/src/OxyServices.ts:23:1)
      at Object.<anonymous> (../core/src/index.ts:33:1)
      at Object.<anonymous> (src/ui/oauth/__tests__/sharedCompletionPath.test.ts:18:1)

FAIL __tests__/context/tokenLossKeepsSession.test.tsx
  ● Test suite failed to run

    Cannot find module '@oxy.so/telemetry/browser' from '../core/src/utils/edgeRegion.ts'

    Require stack:
      /home/nate/Oxy/oxy/.worktrees/1519-refresh-context-cas-20261003/packages/core/src/utils/edgeRegion.ts
      /home/nate/Oxy/oxy/.worktrees/1519-refresh-context-cas-20261003/packages/core/src/HttpService.ts
      /home/nate/Oxy/oxy/.worktrees/1519-refresh-context-cas-20261003/packages/core/src/OxyServices.ts
      /home/nate/Oxy/oxy/.worktrees/1519-refresh-context-cas-20261003/packages/core/src/index.ts
      src/ui/components/oauthNavigation.ts
      src/ui/oauth/nativeAuthTransport.ts
      src/ui/context/OxyContext.tsx
      __tests__/context/tokenLossKeepsSession.test.tsx

    > 1 | export { peekBrowserEdgeRegionHeader } from '@oxy.so/telemetry/browser';
        | ^
      2 |

      at Resolver._throwModNotFoundError (../../node_modules/.bun/jest-resolve@30.5.1/node_modules/jest-resolve/build/index.js:1031:11)
      at Object.<anonymous> (../core/src/utils/edgeRegion.ts:1:1)
      at Object.<anonymous> (../core/src/HttpService.ts:27:1)
      at Object.<anonymous> (../core/src/OxyServices.ts:23:1)
      at Object.<anonymous> (../core/src/index.ts:33:1)
      at Object.<anonymous> (src/ui/components/oauthNavigation.ts:12:1)
      at Object.<anonymous> (src/ui/oauth/nativeAuthTransport.ts:2:1)
      at Object.<anonymous> (src/ui/context/OxyContext.tsx:1:1)
      at Object.<anonymous> (__tests__/context/tokenLossKeepsSession.test.tsx:63:1)

FAIL src/ui/session/__tests__/tokenLossRecovery.test.ts
  ● Test suite failed to run

    Cannot find module '@oxy.so/telemetry/browser' from '../core/src/utils/edgeRegion.ts'

    Require stack:
      /home/nate/Oxy/oxy/.worktrees/1519-refresh-context-cas-20261003/packages/core/src/utils/edgeRegion.ts
      /home/nate/Oxy/oxy/.worktrees/1519-refresh-context-cas-20261003/packages/core/src/HttpService.ts
      /home/nate/Oxy/oxy/.worktrees/1519-refresh-context-cas-20261003/packages/core/src/OxyServices.ts
      /home/nate/Oxy/oxy/.worktrees/1519-refresh-context-cas-20261003/packages/core/src/index.ts
      src/ui/session/tokenLossRecovery.ts
      src/ui/session/__tests__/tokenLossRecovery.test.ts

    > 1 | export { peekBrowserEdgeRegionHeader } from '@oxy.so/telemetry/browser';
        | ^
      2 |

      at Resolver._throwModNotFoundError (../../node_modules/.bun/jest-resolve@30.5.1/node_modules/jest-resolve/build/index.js:1031:11)
      at Object.<anonymous> (../core/src/utils/edgeRegion.ts:1:1)
      at Object.<anonymous> (../core/src/HttpService.ts:27:1)
      at Object.<anonymous> (../core/src/OxyServices.ts:23:1)
      at Object.<anonymous> (../core/src/index.ts:33:1)
      at Object.<anonymous> (src/ui/session/tokenLossRecovery.ts:30:1)
      at Object.<anonymous> (src/ui/session/__tests__/tokenLossRecovery.test.ts:10:1)

FAIL __tests__/components/signIn/OxyLinkCommonsPanel.test.tsx
  ● Test suite failed to run

    Cannot find module '@oxy.so/core/crypto' from '__tests__/components/signIn/OxyLinkCommonsPanel.test.tsx'

       6 |
       7 | import { act, fireEvent, render, screen, waitFor } from '@testing-library/react';
    >  8 | import { deriveIdentityLinkCode } from '@oxy.so/core/crypto';
         | ^
       9 |
      10 | const LINK = {
      11 |   linkId: 'ab'.repeat(16),

      at Resolver._throwModNotFoundError (../../node_modules/.bun/jest-resolve@30.5.1/node_modules/jest-resolve/build/index.js:1031:11)
      at Object.<anonymous> (__tests__/components/signIn/OxyLinkCommonsPanel.test.tsx:8:1)

FAIL src/ui/oauth/__tests__/oauthPopupMessages.test.ts
  ● Test suite failed to run

    Cannot find module '@oxy.so/telemetry/browser' from '../core/src/utils/edgeRegion.ts'

    Require stack:
      /home/nate/Oxy/oxy/.worktrees/1519-refresh-context-cas-20261003/packages/core/src/utils/edgeRegion.ts
      /home/nate/Oxy/oxy/.worktrees/1519-refresh-context-cas-20261003/packages/core/src/HttpService.ts
      /home/nate/Oxy/oxy/.worktrees/1519-refresh-context-cas-20261003/packages/core/src/OxyServices.ts
      /home/nate/Oxy/oxy/.worktrees/1519-refresh-context-cas-20261003/packages/core/src/index.ts
      src/ui/oauth/oauthPopupMessages.ts
      src/ui/oauth/__tests__/oauthPopupMessages.test.ts

    > 1 | export { peekBrowserEdgeRegionHeader } from '@oxy.so/telemetry/browser';
        | ^
      2 |

      at Resolver._throwModNotFoundError (../../node_modules/.bun/jest-resolve@30.5.1/node_modules/jest-resolve/build/index.js:1031:11)
      at Object.<anonymous> (../core/src/utils/edgeRegion.ts:1:1)
      at Object.<anonymous> (../core/src/HttpService.ts:27:1)
      at Object.<anonymous> (../core/src/OxyServices.ts:23:1)
      at Object.<anonymous> (../core/src/index.ts:33:1)
      at Object.<anonymous> (src/ui/oauth/oauthPopupMessages.ts:21:1)
      at Object.<anonymous> (src/ui/oauth/__tests__/oauthPopupMessages.test.ts:1:1)

FAIL __tests__/components/OxyAccountDialogScreen.test.tsx
  ● OxyAccountDialogScreen — shared nav header › keeps the informative title (and drops the wordmark) on the other views

    Cannot find module '@oxy.so/telemetry/browser' from '../core/src/utils/edgeRegion.ts'

    Require stack:
      /home/nate/Oxy/oxy/.worktrees/1519-refresh-context-cas-20261003/packages/core/src/utils/edgeRegion.ts
      /home/nate/Oxy/oxy/.worktrees/1519-refresh-context-cas-20261003/packages/core/src/HttpService.ts
      /home/nate/Oxy/oxy/.worktrees/1519-refresh-context-cas-20261003/packages/core/src/OxyServices.ts
      /home/nate/Oxy/oxy/.worktrees/1519-refresh-context-cas-20261003/packages/core/src/index.ts
      __tests__/components/OxyAccountDialogScreen.test.tsx

    > 1 | export { peekBrowserEdgeRegionHeader } from '@oxy.so/telemetry/browser';
        | ^
      2 |

      at Resolver._throwModNotFoundError (../../node_modules/.bun/jest-resolve@30.5.1/node_modules/jest-resolve/build/index.js:1031:11)
      at Object.<anonymous> (../core/src/utils/edgeRegion.ts:1:1)
      at Object.<anonymous> (../core/src/HttpService.ts:27:1)
      at Object.<anonymous> (../core/src/OxyServices.ts:23:1)
      at Object.<anonymous> (../core/src/index.ts:33:1)
      at t (__tests__/components/OxyAccountDialogScreen.test.tsx:69:12)
      at OxyAccountDialogScreen (src/ui/components/OxyAccountDialogScreen.tsx:84:28)
      at Object.react_stack_bottom_frame (../../node_modules/.bun/react-dom@19.2.3/node_modules/react-dom/cjs/react-dom-client.development.js:25904:20)
      at renderWithHooks (../../node_modules/.bun/react-dom@19.2.3/node_modules/react-dom/cjs/react-dom-client.development.js:7662:22)
      at updateFunctionComponent (../../node_modules/.bun/react-dom@19.2.3/node_modules/react-dom/cjs/react-dom-client.development.js:10166:19)
      at beginWork (../../node_modules/.bun/react-dom@19.2.3/node_modules/react-dom/cjs/react-dom-client.development.js:11778:18)
      at runWithFiberInDEV (../../node_modules/.bun/react-dom@19.2.3/node_modules/react-dom/cjs/react-dom-client.development.js:874:13)
      at performUnitOfWork (../../node_modules/.bun/react-dom@19.2.3/node_modules/react-dom/cjs/react-dom-client.development.js:17641:22)
      at workLoopSync (../../node_modules/.bun/react-dom@19.2.3/node_modules/react-dom/cjs/react-dom-client.development.js:17469:41)
      at renderRootSync (../../node_modules/.bun/react-dom@19.2.3/node_modules/react-dom/cjs/react-dom-client.development.js:17450:11)
      at performWorkOnRoot (../../node_modules/.bun/react-dom@19.2.3/node_modules/react-dom/cjs/react-dom-client.development.js:16583:35)
      at performWorkOnRootViaSchedulerTask (../../node_modules/.bun/react-dom@19.2.3/node_modules/react-dom/cjs/react-dom-client.development.js:18957:7)
      at flushActQueue (../../node_modules/.bun/react@19.2.3/node_modules/react/cjs/react.development.js:590:34)
      at process.env.NODE_ENV.exports.act (../../node_modules/.bun/react@19.2.3/node_modules/react/cjs/react.development.js:884:10)
      at ../../node_modules/.bun/@testing-library+react@16.3.3/node_modules/@testing-library/react/dist/act-compat.js:46:25
      at renderRoot (../../node_modules/.bun/@testing-library+react@16.3.3/node_modules/@testing-library/react/dist/pure.js:198:26)
      at render (../../node_modules/.bun/@testing-library+react@16.3.3/node_modules/@testing-library/react/dist/pure.js:300:10)
      at Object.<anonymous> (__tests__/components/OxyAccountDialogScreen.test.tsx:137:11)

  ● OxyAccountDialogScreen — shared nav header › contributes a back handler in the qr view

    Cannot find module '@oxy.so/telemetry/browser' from '../core/src/utils/edgeRegion.ts'

    Require stack:
      /home/nate/Oxy/oxy/.worktrees/1519-refresh-context-cas-20261003/packages/core/src/utils/edgeRegion.ts
      /home/nate/Oxy/oxy/.worktrees/1519-refresh-context-cas-20261003/packages/core/src/HttpService.ts
      /home/nate/Oxy/oxy/.worktrees/1519-refresh-context-cas-20261003/packages/core/src/OxyServices.ts
      /home/nate/Oxy/oxy/.worktrees/1519-refresh-context-cas-20261003/packages/core/src/index.ts
      __tests__/components/OxyAccountDialogScreen.test.tsx

    > 1 | export { peekBrowserEdgeRegionHeader } from '@oxy.so/telemetry/browser';
        | ^
      2 |

      at Resolver._throwModNotFoundError (../../node_modules/.bun/jest-resolve@30.5.1/node_modules/jest-resolve/build/index.js:1031:11)
      at Object.<anonymous> (../core/src/utils/edgeRegion.ts:1:1)
      at Object.<anonymous> (../core/src/HttpService.ts:27:1)
      at Object.<anonymous> (../core/src/OxyServices.ts:23:1)
      at Object.<anonymous> (../core/src/index.ts:33:1)
      at t (__tests__/components/OxyAccountDialogScreen.test.tsx:69:12)
      at OxyAccountDialogScreen (src/ui/components/OxyAccountDialogScreen.tsx:84:28)
      at Object.react_stack_bottom_frame (../../node_modules/.bun/react-dom@19.2.3/node_modules/react-dom/cjs/react-dom-client.development.js:25904:20)
      at renderWithHooks (../../node_modules/.bun/react-dom@19.2.3/node_modules/react-dom/cjs/react-dom-client.development.js:7662:22)
      at updateFunctionComponent (../../node_modules/.bun/react-dom@19.2.3/node_modules/react-dom/cjs/react-dom-client.development.js:10166:19)
      at beginWork (../../node_modules/.bun/react-dom@19.2.3/node_modules/react-dom/cjs/react-dom-client.development.js:11778:18)
      at runWithFiberInDEV (../../node_modules/.bun/react-dom@19.2.3/node_modules/react-dom/cjs/react-dom-client.development.js:874:13)
      at performUnitOfWork (../../node_modules/.bun/react-dom@19.2.3/node_modules/react-dom/cjs/react-dom-client.development.js:17641:22)
      at workLoopSync (../../node_modules/.bun/react-dom@19.2.3/node_modules/react-dom/cjs/react-dom-client.development.js:17469:41)
      at renderRootSync (../../node_modules/.bun/react-dom@19.2.3/node_modules/react-dom/cjs/react-dom-client.development.js:17450:11)
      at performWorkOnRoot (../../node_modules/.bun/react-dom@19.2.3/node_modules/react-dom/cjs/react-dom-client.development.js:16583:35)
      at performWorkOnRootViaSchedulerTask (../../node_modules/.bun/react-dom@19.2.3/node_modules/react-dom/cjs/react-dom-client.development.js:18957:7)
      at flushActQueue (../../node_modules/.bun/react@19.2.3/node_modules/react/cjs/react.development.js:590:34)
      at process.env.NODE_ENV.exports.act (../../node_modules/.bun/react@19.2.3/node_modules/react/cjs/react.development.js:884:10)
      at ../../node_modules/.bun/@testing-library+react@16.3.3/node_modules/@testing-library/react/dist/act-compat.js:46:25
      at renderRoot (../../node_modules/.bun/@testing-library+react@16.3.3/node_modules/@testing-library/react/dist/pure.js:198:26)
      at render (../../node_modules/.bun/@testing-library+react@16.3.3/node_modules/@testing-library/react/dist/pure.js:300:10)
      at Object.<anonymous> (__tests__/components/OxyAccountDialogScreen.test.tsx:156:11)

FAIL src/ui/oauth/__tests__/oauthBearerCommit.http.test.ts
  ● Test suite failed to run

    Cannot find module '@oxy.so/telemetry/browser' from '../core/src/utils/edgeRegion.ts'

    Require stack:
      /home/nate/Oxy/oxy/.worktrees/1519-refresh-context-cas-20261003/packages/core/src/utils/edgeRegion.ts
      /home/nate/Oxy/oxy/.worktrees/1519-refresh-context-cas-20261003/packages/core/src/HttpService.ts
      /home/nate/Oxy/oxy/.worktrees/1519-refresh-context-cas-20261003/packages/core/src/OxyServices.ts
      /home/nate/Oxy/oxy/.worktrees/1519-refresh-context-cas-20261003/packages/core/src/index.ts
      src/ui/oauth/__tests__/oauthBearerCommit.http.test.ts

    > 1 | export { peekBrowserEdgeRegionHeader } from '@oxy.so/telemetry/browser';
        | ^
      2 |

      at Resolver._throwModNotFoundError (../../node_modules/.bun/jest-resolve@30.5.1/node_modules/jest-resolve/build/index.js:1031:11)
      at Object.<anonymous> (../core/src/utils/edgeRegion.ts:1:1)
      at Object.<anonymous> (../core/src/HttpService.ts:27:1)
      at Object.<anonymous> (../core/src/OxyServices.ts:23:1)
      at Object.<anonymous> (../core/src/index.ts:33:1)
      at Object.<anonymous> (src/ui/oauth/__tests__/oauthBearerCommit.http.test.ts:11:1)

FAIL __tests__/hooks/useAuth.test.tsx
  ● Test suite failed to run

    Cannot find module '@oxy.so/telemetry/browser' from '../core/src/utils/edgeRegion.ts'

    Require stack:
      /home/nate/Oxy/oxy/.worktrees/1519-refresh-context-cas-20261003/packages/core/src/utils/edgeRegion.ts
      /home/nate/Oxy/oxy/.worktrees/1519-refresh-context-cas-20261003/packages/core/src/HttpService.ts
      /home/nate/Oxy/oxy/.worktrees/1519-refresh-context-cas-20261003/packages/core/src/OxyServices.ts
      /home/nate/Oxy/oxy/.worktrees/1519-refresh-context-cas-20261003/packages/core/src/index.ts
      src/ui/utils/isWebBrowser.ts
      src/ui/hooks/useAuth.ts
      __tests__/hooks/useAuth.test.tsx

    > 1 | export { peekBrowserEdgeRegionHeader } from '@oxy.so/telemetry/browser';
        | ^
      2 |

      at Resolver._throwModNotFoundError (../../node_modules/.bun/jest-resolve@30.5.1/node_modules/jest-resolve/build/index.js:1031:11)
      at Object.<anonymous> (../core/src/utils/edgeRegion.ts:1:1)
      at Object.<anonymous> (../core/src/HttpService.ts:27:1)
      at Object.<anonymous> (../core/src/OxyServices.ts:23:1)
      at Object.<anonymous> (../core/src/index.ts:33:1)
      at Object.<anonymous> (src/ui/utils/isWebBrowser.ts:8:1)
      at Object.<anonymous> (src/ui/hooks/useAuth.ts:32:1)
      at Object.<anonymous> (__tests__/hooks/useAuth.test.tsx:83:1)

FAIL __tests__/screens/ManageAccountDeleteAccount.test.tsx
  ● Test suite failed to run

    Cannot find module '@oxy.so/telemetry/browser' from '../core/src/utils/edgeRegion.ts'

    Require stack:
      /home/nate/Oxy/oxy/.worktrees/1519-refresh-context-cas-20261003/packages/core/src/utils/edgeRegion.ts
      /home/nate/Oxy/oxy/.worktrees/1519-refresh-context-cas-20261003/packages/core/src/HttpService.ts
      /home/nate/Oxy/oxy/.worktrees/1519-refresh-context-cas-20261003/packages/core/src/OxyServices.ts
      /home/nate/Oxy/oxy/.worktrees/1519-refresh-context-cas-20261003/packages/core/src/index.ts
      src/ui/screens/ManageAccountScreen.tsx
      __tests__/screens/ManageAccountDeleteAccount.test.tsx

    > 1 | export { peekBrowserEdgeRegionHeader } from '@oxy.so/telemetry/browser';
        | ^
      2 |

      at Resolver._throwModNotFoundError (../../node_modules/.bun/jest-resolve@30.5.1/node_modules/jest-resolve/build/index.js:1031:11)
      at Object.<anonymous> (../core/src/utils/edgeRegion.ts:1:1)
      at Object.<anonymous> (../core/src/HttpService.ts:27:1)
      at Object.<anonymous> (../core/src/OxyServices.ts:23:1)
      at Object.<anonymous> (../core/src/index.ts:33:1)
      at Object.<anonymous> (src/ui/screens/ManageAccountScreen.tsx:16:1)
      at Object.<anonymous> (__tests__/screens/ManageAccountDeleteAccount.test.tsx:85:1)

FAIL __tests__/hooks/useAccountQueries.staleSeedRefetch.test.tsx
  ● Test suite failed to run

    Cannot find module '@oxy.so/telemetry/browser' from '../core/src/utils/edgeRegion.ts'

    Require stack:
      /home/nate/Oxy/oxy/.worktrees/1519-refresh-context-cas-20261003/packages/core/src/utils/edgeRegion.ts
      /home/nate/Oxy/oxy/.worktrees/1519-refresh-context-cas-20261003/packages/core/src/HttpService.ts
      /home/nate/Oxy/oxy/.worktrees/1519-refresh-context-cas-20261003/packages/core/src/OxyServices.ts
      /home/nate/Oxy/oxy/.worktrees/1519-refresh-context-cas-20261003/packages/core/src/index.ts
      src/ui/hooks/queries/useAccountQueries.ts
      __tests__/hooks/useAccountQueries.staleSeedRefetch.test.tsx

    > 1 | export { peekBrowserEdgeRegionHeader } from '@oxy.so/telemetry/browser';
        | ^
      2 |

      at Resolver._throwModNotFoundError (../../node_modules/.bun/jest-resolve@30.5.1/node_modules/jest-resolve/build/index.js:1031:11)
      at Object.<anonymous> (../core/src/utils/edgeRegion.ts:1:1)
      at Object.<anonymous> (../core/src/HttpService.ts:27:1)
      at Object.<anonymous> (../core/src/OxyServices.ts:23:1)
      at Object.<anonymous> (../core/src/index.ts:33:1)
      at Object.<anonymous> (src/ui/hooks/queries/useAccountQueries.ts:3:1)
      at Object.<anonymous> (__tests__/hooks/useAccountQueries.staleSeedRefetch.test.tsx:23:1)

FAIL __tests__/components/oxyProviderComposition.test.tsx
  ● Test suite failed to run

    Cannot find module '@oxy.so/telemetry/browser' from '../core/src/utils/edgeRegion.ts'

    Require stack:
      /home/nate/Oxy/oxy/.worktrees/1519-refresh-context-cas-20261003/packages/core/src/utils/edgeRegion.ts
      /home/nate/Oxy/oxy/.worktrees/1519-refresh-context-cas-20261003/packages/core/src/HttpService.ts
      /home/nate/Oxy/oxy/.worktrees/1519-refresh-context-cas-20261003/packages/core/src/OxyServices.ts
      /home/nate/Oxy/oxy/.worktrees/1519-refresh-context-cas-20261003/packages/core/src/index.ts
      src/ui/components/OxyProvider.tsx
      __tests__/components/oxyProviderComposition.test.tsx

    > 1 | export { peekBrowserEdgeRegionHeader } from '@oxy.so/telemetry/browser';
        | ^
      2 |

      at Resolver._throwModNotFoundError (../../node_modules/.bun/jest-resolve@30.5.1/node_modules/jest-resolve/build/index.js:1031:11)
      at Object.<anonymous> (../core/src/utils/edgeRegion.ts:1:1)
      at Object.<anonymous> (../core/src/HttpService.ts:27:1)
      at Object.<anonymous> (../core/src/OxyServices.ts:23:1)
      at Object.<anonymous> (../core/src/index.ts:33:1)
      at Object.<anonymous> (src/ui/components/OxyProvider.tsx:10:1)
      at Object.<anonymous> (__tests__/components/oxyProviderComposition.test.tsx:55:1)

FAIL __tests__/utils/accountDeletionHandoff.test.ts
  ● Test suite failed to run

    Cannot find module '@oxy.so/telemetry/browser' from '../core/src/utils/edgeRegion.ts'

    Require stack:
      /home/nate/Oxy/oxy/.worktrees/1519-refresh-context-cas-20261003/packages/core/src/utils/edgeRegion.ts
      /home/nate/Oxy/oxy/.worktrees/1519-refresh-context-cas-20261003/packages/core/src/HttpService.ts
      /home/nate/Oxy/oxy/.worktrees/1519-refresh-context-cas-20261003/packages/core/src/OxyServices.ts
      /home/nate/Oxy/oxy/.worktrees/1519-refresh-context-cas-20261003/packages/core/src/index.ts
      src/ui/utils/accountDeletionHandoff.ts
      __tests__/utils/accountDeletionHandoff.test.ts

    > 1 | export { peekBrowserEdgeRegionHeader } from '@oxy.so/telemetry/browser';
        | ^
      2 |

      at Resolver._throwModNotFoundError (../../node_modules/.bun/jest-resolve@30.5.1/node_modules/jest-resolve/build/index.js:1031:11)
      at Object.<anonymous> (../core/src/utils/edgeRegion.ts:1:1)
      at Object.<anonymous> (../core/src/HttpService.ts:27:1)
      at Object.<anonymous> (../core/src/OxyServices.ts:23:1)
      at Object.<anonymous> (../core/src/index.ts:33:1)
      at Object.<anonymous> (src/ui/utils/accountDeletionHandoff.ts:3:1)
      at Object.<anonymous> (__tests__/utils/accountDeletionHandoff.test.ts:11:1)

FAIL __tests__/hooks/useAccountQueries.viewerScope.test.tsx
  ● Test suite failed to run

    Cannot find module '@oxy.so/telemetry/browser' from '../core/src/utils/edgeRegion.ts'

    Require stack:
      /home/nate/Oxy/oxy/.worktrees/1519-refresh-context-cas-20261003/packages/core/src/utils/edgeRegion.ts
      /home/nate/Oxy/oxy/.worktrees/1519-refresh-context-cas-20261003/packages/core/src/HttpService.ts
      /home/nate/Oxy/oxy/.worktrees/1519-refresh-context-cas-20261003/packages/core/src/OxyServices.ts
      /home/nate/Oxy/oxy/.worktrees/1519-refresh-context-cas-20261003/packages/core/src/index.ts
      src/ui/hooks/queries/useAccountQueries.ts
      __tests__/hooks/useAccountQueries.viewerScope.test.tsx

    > 1 | export { peekBrowserEdgeRegionHeader } from '@oxy.so/telemetry/browser';
        | ^
      2 |

      at Resolver._throwModNotFoundError (../../node_modules/.bun/jest-resolve@30.5.1/node_modules/jest-resolve/build/index.js:1031:11)
      at Object.<anonymous> (../core/src/utils/edgeRegion.ts:1:1)
      at Object.<anonymous> (../core/src/HttpService.ts:27:1)
      at Object.<anonymous> (../core/src/OxyServices.ts:23:1)
      at Object.<anonymous> (../core/src/index.ts:33:1)
      at Object.<anonymous> (src/ui/hooks/queries/useAccountQueries.ts:3:1)
      at Object.<anonymous> (__tests__/hooks/useAccountQueries.viewerScope.test.tsx:19:1)

FAIL __tests__/notifications/deviceNotifications.foreground.test.ts
  ● Test suite failed to run

    Cannot find module '@oxy.so/telemetry/browser' from '../core/src/utils/edgeRegion.ts'

    Require stack:
      /home/nate/Oxy/oxy/.worktrees/1519-refresh-context-cas-20261003/packages/core/src/utils/edgeRegion.ts
      /home/nate/Oxy/oxy/.worktrees/1519-refresh-context-cas-20261003/packages/core/src/HttpService.ts
      /home/nate/Oxy/oxy/.worktrees/1519-refresh-context-cas-20261003/packages/core/src/OxyServices.ts
      /home/nate/Oxy/oxy/.worktrees/1519-refresh-context-cas-20261003/packages/core/src/index.ts
      __tests__/notifications/deviceNotifications.foreground.test.ts

    > 1 | export { peekBrowserEdgeRegionHeader } from '@oxy.so/telemetry/browser';
        | ^
      2 |

      at Resolver._throwModNotFoundError (../../node_modules/.bun/jest-resolve@30.5.1/node_modules/jest-resolve/build/index.js:1031:11)
      at Object.<anonymous> (../core/src/utils/edgeRegion.ts:1:1)
      at Object.<anonymous> (../core/src/HttpService.ts:27:1)
      at Object.<anonymous> (../core/src/OxyServices.ts:23:1)
      at Object.<anonymous> (../core/src/index.ts:33:1)
      at Object.<anonymous> (__tests__/notifications/deviceNotifications.foreground.test.ts:12:1)

FAIL src/ui/oauth/__tests__/nativeAuthTransport.test.ts
  ● Test suite failed to run

    Cannot find module '@oxy.so/telemetry/browser' from '../core/src/utils/edgeRegion.ts'

    Require stack:
      /home/nate/Oxy/oxy/.worktrees/1519-refresh-context-cas-20261003/packages/core/src/utils/edgeRegion.ts
      /home/nate/Oxy/oxy/.worktrees/1519-refresh-context-cas-20261003/packages/core/src/HttpService.ts
      /home/nate/Oxy/oxy/.worktrees/1519-refresh-context-cas-20261003/packages/core/src/OxyServices.ts
      /home/nate/Oxy/oxy/.worktrees/1519-refresh-context-cas-20261003/packages/core/src/index.ts
      src/ui/oauth/completeOAuthCode.ts
      src/ui/oauth/nativeAuthTransport.ts
      src/ui/oauth/__tests__/nativeAuthTransport.test.ts

    > 1 | export { peekBrowserEdgeRegionHeader } from '@oxy.so/telemetry/browser';
        | ^
      2 |

      at Resolver._throwModNotFoundError (../../node_modules/.bun/jest-resolve@30.5.1/node_modules/jest-resolve/build/index.js:1031:11)
      at Object.<anonymous> (../core/src/utils/edgeRegion.ts:1:1)
      at Object.<anonymous> (../core/src/HttpService.ts:27:1)
      at Object.<anonymous> (../core/src/OxyServices.ts:23:1)
      at Object.<anonymous> (../core/src/index.ts:33:1)
      at Object.<anonymous> (src/ui/oauth/completeOAuthCode.ts:22:1)
      at Object.<anonymous> (src/ui/oauth/nativeAuthTransport.ts:4:1)
      at Object.<anonymous> (src/ui/oauth/__tests__/nativeAuthTransport.test.ts:2:1)

FAIL __tests__/hooks/useCurrentUser.bearer.test.tsx
  ● Test suite failed to run

    Cannot find module '@oxy.so/telemetry/browser' from '../core/src/utils/edgeRegion.ts'

    Require stack:
      /home/nate/Oxy/oxy/.worktrees/1519-refresh-context-cas-20261003/packages/core/src/utils/edgeRegion.ts
      /home/nate/Oxy/oxy/.worktrees/1519-refresh-context-cas-20261003/packages/core/src/HttpService.ts
      /home/nate/Oxy/oxy/.worktrees/1519-refresh-context-cas-20261003/packages/core/src/OxyServices.ts
      /home/nate/Oxy/oxy/.worktrees/1519-refresh-context-cas-20261003/packages/core/src/index.ts
      src/ui/hooks/queries/useAccountQueries.ts
      __tests__/hooks/useCurrentUser.bearer.test.tsx

    > 1 | export { peekBrowserEdgeRegionHeader } from '@oxy.so/telemetry/browser';
        | ^
      2 |

      at Resolver._throwModNotFoundError (../../node_modules/.bun/jest-resolve@30.5.1/node_modules/jest-resolve/build/index.js:1031:11)
      at Object.<anonymous> (../core/src/utils/edgeRegion.ts:1:1)
      at Object.<anonymous> (../core/src/HttpService.ts:27:1)
      at Object.<anonymous> (../core/src/OxyServices.ts:23:1)
      at Object.<anonymous> (../core/src/index.ts:33:1)
      at Object.<anonymous> (src/ui/hooks/queries/useAccountQueries.ts:3:1)
      at Object.<anonymous> (__tests__/hooks/useCurrentUser.bearer.test.tsx:20:1)

FAIL src/ui/oauth/__tests__/completeOAuthCode.test.ts
  ● Test suite failed to run

    Cannot find module '@oxy.so/telemetry/browser' from '../core/src/utils/edgeRegion.ts'

    Require stack:
      /home/nate/Oxy/oxy/.worktrees/1519-refresh-context-cas-20261003/packages/core/src/utils/edgeRegion.ts
      /home/nate/Oxy/oxy/.worktrees/1519-refresh-context-cas-20261003/packages/core/src/HttpService.ts
      /home/nate/Oxy/oxy/.worktrees/1519-refresh-context-cas-20261003/packages/core/src/OxyServices.ts
      /home/nate/Oxy/oxy/.worktrees/1519-refresh-context-cas-20261003/packages/core/src/index.ts
      src/ui/oauth/completeOAuthCode.ts
      src/ui/oauth/__tests__/completeOAuthCode.test.ts

    > 1 | export { peekBrowserEdgeRegionHeader } from '@oxy.so/telemetry/browser';
        | ^
      2 |

      at Resolver._throwModNotFoundError (../../node_modules/.bun/jest-resolve@30.5.1/node_modules/jest-resolve/build/index.js:1031:11)
      at Object.<anonymous> (../core/src/utils/edgeRegion.ts:1:1)
      at Object.<anonymous> (../core/src/HttpService.ts:27:1)
      at Object.<anonymous> (../core/src/OxyServices.ts:23:1)
      at Object.<anonymous> (../core/src/index.ts:33:1)
      at Object.<anonymous> (src/ui/oauth/completeOAuthCode.ts:22:1)
      at Object.<anonymous> (src/ui/oauth/__tests__/completeOAuthCode.test.ts:2:1)

FAIL src/ui/session/__tests__/createSessionClient.test.ts
  ● Test suite failed to run

    Cannot find module '@oxy.so/core/session' from 'src/ui/session/__tests__/createSessionClient.test.ts'

    > 1 | import { SessionClient } from '@oxy.so/core/session';
        | ^
      2 |
      3 | type Handler = (...args: unknown[]) => void;
      4 | class FakeSocket {

      at Resolver._throwModNotFoundError (../../node_modules/.bun/jest-resolve@30.5.1/node_modules/jest-resolve/build/index.js:1031:11)
      at Object.<anonymous> (src/ui/session/__tests__/createSessionClient.test.ts:1:1)

FAIL __tests__/context/providerMissing.test.tsx
  ● Test suite failed to run

    Cannot find module '@oxy.so/telemetry/browser' from '../core/src/utils/edgeRegion.ts'

    Require stack:
      /home/nate/Oxy/oxy/.worktrees/1519-refresh-context-cas-20261003/packages/core/src/utils/edgeRegion.ts
      /home/nate/Oxy/oxy/.worktrees/1519-refresh-context-cas-20261003/packages/core/src/HttpService.ts
      /home/nate/Oxy/oxy/.worktrees/1519-refresh-context-cas-20261003/packages/core/src/OxyServices.ts
      /home/nate/Oxy/oxy/.worktrees/1519-refresh-context-cas-20261003/packages/core/src/index.ts
      src/ui/components/oauthNavigation.ts
      src/ui/oauth/nativeAuthTransport.ts
      src/ui/context/OxyContext.tsx
      __tests__/context/providerMissing.test.tsx

    > 1 | export { peekBrowserEdgeRegionHeader } from '@oxy.so/telemetry/browser';
        | ^
      2 |

      at Resolver._throwModNotFoundError (../../node_modules/.bun/jest-resolve@30.5.1/node_modules/jest-resolve/build/index.js:1031:11)
      at Object.<anonymous> (../core/src/utils/edgeRegion.ts:1:1)
      at Object.<anonymous> (../core/src/HttpService.ts:27:1)
      at Object.<anonymous> (../core/src/OxyServices.ts:23:1)
      at Object.<anonymous> (../core/src/index.ts:33:1)
      at Object.<anonymous> (src/ui/components/oauthNavigation.ts:12:1)
      at Object.<anonymous> (src/ui/oauth/nativeAuthTransport.ts:2:1)
      at Object.<anonymous> (src/ui/context/OxyContext.tsx:1:1)
      at Object.<anonymous> (__tests__/context/providerMissing.test.tsx:21:1)

FAIL __tests__/runtime/providerRuntimeAdapter.test.tsx
  ● Test suite failed to run

    Cannot find module '@oxy.so/telemetry/browser' from '../core/src/utils/edgeRegion.ts'

    Require stack:
      /home/nate/Oxy/oxy/.worktrees/1519-refresh-context-cas-20261003/packages/core/src/utils/edgeRegion.ts
      /home/nate/Oxy/oxy/.worktrees/1519-refresh-context-cas-20261003/packages/core/src/HttpService.ts
      /home/nate/Oxy/oxy/.worktrees/1519-refresh-context-cas-20261003/packages/core/src/OxyServices.ts
      /home/nate/Oxy/oxy/.worktrees/1519-refresh-context-cas-20261003/packages/core/src/index.ts
      src/ui/components/oauthNavigation.ts
      src/ui/oauth/nativeAuthTransport.ts
      src/ui/context/OxyContext.tsx
      __tests__/runtime/providerRuntimeAdapter.test.tsx

    > 1 | export { peekBrowserEdgeRegionHeader } from '@oxy.so/telemetry/browser';
        | ^
      2 |

      at Resolver._throwModNotFoundError (../../node_modules/.bun/jest-resolve@30.5.1/node_modules/jest-resolve/build/index.js:1031:11)
      at Object.<anonymous> (../core/src/utils/edgeRegion.ts:1:1)
      at Object.<anonymous> (../core/src/HttpService.ts:27:1)
      at Object.<anonymous> (../core/src/OxyServices.ts:23:1)
      at Object.<anonymous> (../core/src/index.ts:33:1)
      at Object.<anonymous> (src/ui/components/oauthNavigation.ts:12:1)
      at Object.<anonymous> (src/ui/oauth/nativeAuthTransport.ts:2:1)
      at Object.<anonymous> (src/ui/context/OxyContext.tsx:1:1)
      at Object.<anonymous> (__tests__/runtime/providerRuntimeAdapter.test.tsx:21:1)

FAIL __tests__/components/oauthNavigation.test.ts
  ● Test suite failed to run

    Cannot find module '@oxy.so/telemetry/browser' from '../core/src/utils/edgeRegion.ts'

    Require stack:
      /home/nate/Oxy/oxy/.worktrees/1519-refresh-context-cas-20261003/packages/core/src/utils/edgeRegion.ts
      /home/nate/Oxy/oxy/.worktrees/1519-refresh-context-cas-20261003/packages/core/src/HttpService.ts
      /home/nate/Oxy/oxy/.worktrees/1519-refresh-context-cas-20261003/packages/core/src/OxyServices.ts
      /home/nate/Oxy/oxy/.worktrees/1519-refresh-context-cas-20261003/packages/core/src/index.ts
      __tests__/components/oauthNavigation.test.ts

    > 1 | export { peekBrowserEdgeRegionHeader } from '@oxy.so/telemetry/browser';
        | ^
      2 |

      at Resolver._throwModNotFoundError (../../node_modules/.bun/jest-resolve@30.5.1/node_modules/jest-resolve/build/index.js:1031:11)
      at Object.<anonymous> (../core/src/utils/edgeRegion.ts:1:1)
      at Object.<anonymous> (../core/src/HttpService.ts:27:1)
      at Object.<anonymous> (../core/src/OxyServices.ts:23:1)
      at Object.<anonymous> (../core/src/index.ts:33:1)
      at Object.<anonymous> (__tests__/components/oauthNavigation.test.ts:11:1)

FAIL src/ui/session/__tests__/authStore.test.ts
  ● createPlatformAuthStateStore › an ordinary native app publishes its credential to the shared slot

    Cannot find module '@oxy.so/core/session' from 'src/ui/session/authStore.ts'

      20 |  * nor fail the app's own durable write.
      21 |  */
    > 22 | import { createWebAuthStateStore, createNativeAuthStateStore, createSharedMirroringAuthStateStore, type AuthStateStore, type SessionMode } from '@oxy.so/core/session';
         | ^
      23 | import { isReactNative } from '../utils/storageHelpers';
      24 | import { createNativeSecureKeyValueStorage } from './nativeSecureStorage';
      25 | import { createPlatformSharedDeviceCredentialStore } from './sharedDeviceCredentialStore';

      at Resolver._throwModNotFoundError (../../node_modules/.bun/jest-resolve@30.5.1/node_modules/jest-resolve/build/index.js:1031:11)
      at Object.<anonymous> (src/ui/session/authStore.ts:22:1)
      at loadAuthStore (src/ui/session/__tests__/authStore.test.ts:55:15)
      at Object.<anonymous> (src/ui/session/__tests__/authStore.test.ts:68:19)

  ● createPlatformAuthStateStore › the identity vault does NOT publish

    Cannot find module '@oxy.so/core/session' from 'src/ui/session/authStore.ts'

      20 |  * nor fail the app's own durable write.
      21 |  */
    > 22 | import { createWebAuthStateStore, createNativeAuthStateStore, createSharedMirroringAuthStateStore, type AuthStateStore, type SessionMode } from '@oxy.so/core/session';
         | ^
      23 | import { isReactNative } from '../utils/storageHelpers';
      24 | import { createNativeSecureKeyValueStorage } from './nativeSecureStorage';
      25 | import { createPlatformSharedDeviceCredentialStore } from './sharedDeviceCredentialStore';

      at Resolver._throwModNotFoundError (../../node_modules/.bun/jest-resolve@30.5.1/node_modules/jest-resolve/build/index.js:1031:11)
      at Object.<anonymous> (src/ui/session/authStore.ts:22:1)
      at loadAuthStore (src/ui/session/__tests__/authStore.test.ts:55:15)
      at Object.<anonymous> (src/ui/session/__tests__/authStore.test.ts:79:19)

  ● createPlatformAuthStateStore › web has no shared slot to publish into

    Cannot find module '@oxy.so/core/session' from 'src/ui/session/authStore.ts'

      20 |  * nor fail the app's own durable write.
      21 |  */
    > 22 | import { createWebAuthStateStore, createNativeAuthStateStore, createSharedMirroringAuthStateStore, type AuthStateStore, type SessionMode } from '@oxy.so/core/session';
         | ^
      23 | import { isReactNative } from '../utils/storageHelpers';
      24 | import { createNativeSecureKeyValueStorage } from './nativeSecureStorage';
      25 | import { createPlatformSharedDeviceCredentialStore } from './sharedDeviceCredentialStore';

      at Resolver._throwModNotFoundError (../../node_modules/.bun/jest-resolve@30.5.1/node_modules/jest-resolve/build/index.js:1031:11)
      at Object.<anonymous> (src/ui/session/authStore.ts:22:1)
      at loadAuthStore (src/ui/session/__tests__/authStore.test.ts:55:15)
      at Object.<anonymous> (src/ui/session/__tests__/authStore.test.ts:86:19)

FAIL __tests__/notifications/deviceNotifications.web.test.ts
  ● Test suite failed to run

    Cannot find module '@oxy.so/telemetry/browser' from '../core/src/utils/edgeRegion.ts'

    Require stack:
      /home/nate/Oxy/oxy/.worktrees/1519-refresh-context-cas-20261003/packages/core/src/utils/edgeRegion.ts
      /home/nate/Oxy/oxy/.worktrees/1519-refresh-context-cas-20261003/packages/core/src/HttpService.ts
      /home/nate/Oxy/oxy/.worktrees/1519-refresh-context-cas-20261003/packages/core/src/OxyServices.ts
      /home/nate/Oxy/oxy/.worktrees/1519-refresh-context-cas-20261003/packages/core/src/index.ts
      src/notifications/deviceNotifications.ts
      __tests__/notifications/deviceNotifications.web.test.ts

    > 1 | export { peekBrowserEdgeRegionHeader } from '@oxy.so/telemetry/browser';
        | ^
      2 |

      at Resolver._throwModNotFoundError (../../node_modules/.bun/jest-resolve@30.5.1/node_modules/jest-resolve/build/index.js:1031:11)
      at Object.<anonymous> (../core/src/utils/edgeRegion.ts:1:1)
      at Object.<anonymous> (../core/src/HttpService.ts:27:1)
      at Object.<anonymous> (../core/src/OxyServices.ts:23:1)
      at Object.<anonymous> (../core/src/index.ts:33:1)
      at Object.<anonymous> (src/notifications/deviceNotifications.ts:58:1)
      at Object.<anonymous> (__tests__/notifications/deviceNotifications.web.test.ts:18:1)

FAIL src/ui/components/__tests__/LanguageBridge.test.tsx
  ● Test suite failed to run

    Cannot find module '@oxy.so/telemetry/browser' from '../core/src/utils/edgeRegion.ts'

    Require stack:
      /home/nate/Oxy/oxy/.worktrees/1519-refresh-context-cas-20261003/packages/core/src/utils/edgeRegion.ts
      /home/nate/Oxy/oxy/.worktrees/1519-refresh-context-cas-20261003/packages/core/src/HttpService.ts
      /home/nate/Oxy/oxy/.worktrees/1519-refresh-context-cas-20261003/packages/core/src/OxyServices.ts
      /home/nate/Oxy/oxy/.worktrees/1519-refresh-context-cas-20261003/packages/core/src/index.ts
      src/ui/components/LanguageBridge.tsx
      src/ui/components/__tests__/LanguageBridge.test.tsx

    > 1 | export { peekBrowserEdgeRegionHeader } from '@oxy.so/telemetry/browser';
        | ^
      2 |

      at Resolver._throwModNotFoundError (../../node_modules/.bun/jest-resolve@30.5.1/node_modules/jest-resolve/build/index.js:1031:11)
      at Object.<anonymous> (../core/src/utils/edgeRegion.ts:1:1)
      at Object.<anonymous> (../core/src/HttpService.ts:27:1)
      at Object.<anonymous> (../core/src/OxyServices.ts:23:1)
      at Object.<anonymous> (../core/src/index.ts:33:1)
      at Object.<anonymous> (src/ui/components/LanguageBridge.tsx:2:1)
      at Object.<anonymous> (src/ui/components/__tests__/LanguageBridge.test.tsx:3:1)

FAIL __tests__/analytics/productAnalytics.test.ts
  ● Test suite failed to run

    Cannot find module '@oxy.so/core/session' from 'src/ui/runtime/createOxyRuntime.ts'

    Require stack:
      src/ui/runtime/createOxyRuntime.ts
      src/ui/runtime/index.ts
      src/ui/analytics/productAnalytics.tsx
      __tests__/analytics/productAnalytics.test.ts

      2 | import type { ClientSession, User } from '@oxy.so/core';
      3 | import type { DeviceContext } from '@oxy.so/core/session';
    > 4 | import { accountIdsOf, activeSessionIdOf, activeUserOf, deviceStateToClientSessions, resolveActiveContext } from '@oxy.so/core/session';
        | ^
      5 | import { mergeSessions as mergeSessionLists, normalizeAndSortSessions, normalizeUserIdentity, sessionsArraysEqual } from '@oxy.so/core';
      6 | import type { IdentitySessionBinding } from '../session/identityBinding';
      7 | import type { OxyRuntimeSnapshot, OxyRuntimeStatus, OxyTokenStatus } from './types';

      at Resolver._throwModNotFoundError (../../node_modules/.bun/jest-resolve@30.5.1/node_modules/jest-resolve/build/index.js:1031:11)
      at Object.<anonymous> (src/ui/runtime/createOxyRuntime.ts:4:1)
      at Object.<anonymous> (src/ui/runtime/index.ts:10:1)
      at Object.<anonymous> (src/ui/analytics/productAnalytics.tsx:3:1)
      at Object.<anonymous> (__tests__/analytics/productAnalytics.test.ts:1:1)

FAIL __tests__/components/ProfileButton.test.tsx
  ● Test suite failed to run

    Cannot find module '@oxy.so/telemetry/browser' from '../core/src/utils/edgeRegion.ts'

    Require stack:
      /home/nate/Oxy/oxy/.worktrees/1519-refresh-context-cas-20261003/packages/core/src/utils/edgeRegion.ts
      /home/nate/Oxy/oxy/.worktrees/1519-refresh-context-cas-20261003/packages/core/src/HttpService.ts
      /home/nate/Oxy/oxy/.worktrees/1519-refresh-context-cas-20261003/packages/core/src/OxyServices.ts
      /home/nate/Oxy/oxy/.worktrees/1519-refresh-context-cas-20261003/packages/core/src/index.ts
      src/ui/components/ProfileButton.tsx
      __tests__/components/ProfileButton.test.tsx

    > 1 | export { peekBrowserEdgeRegionHeader } from '@oxy.so/telemetry/browser';
        | ^
      2 |

      at Resolver._throwModNotFoundError (../../node_modules/.bun/jest-resolve@30.5.1/node_modules/jest-resolve/build/index.js:1031:11)
      at Object.<anonymous> (../core/src/utils/edgeRegion.ts:1:1)
      at Object.<anonymous> (../core/src/HttpService.ts:27:1)
      at Object.<anonymous> (../core/src/OxyServices.ts:23:1)
      at Object.<anonymous> (../core/src/index.ts:33:1)
      at Object.<anonymous> (src/ui/components/ProfileButton.tsx:12:1)
      at Object.<anonymous> (__tests__/components/ProfileButton.test.tsx:2:1)

FAIL __tests__/components/signIn/OxyAccountPicker.test.tsx
  ● Test suite failed to run

    Cannot find module '@oxy.so/core/session' from 'src/ui/components/signIn/OxyAccountPicker.tsx'

    Require stack:
      src/ui/components/signIn/OxyAccountPicker.tsx
      __tests__/components/signIn/OxyAccountPicker.test.tsx

      28 | import { useTheme } from '@oxy.so/bloom/theme';
      29 | import { Text } from '@oxy.so/bloom/typography';
    > 30 | import { showsPrincipalHeaders, type SwitcherContextRow, type SwitcherPrincipalRow } from '@oxy.so/core/session';
         | ^
      31 | import { useI18n } from '../../hooks/useI18n';
      32 | import { resolveAccentHex } from '../authChooser/types';
      33 | import { OxyAuthScreen, OxyAuthScreenHeader, OxyAuthTerms } from './OxyAuthScreen';

      at Resolver._throwModNotFoundError (../../node_modules/.bun/jest-resolve@30.5.1/node_modules/jest-resolve/build/index.js:1031:11)
      at Object.<anonymous> (src/ui/components/signIn/OxyAccountPicker.tsx:30:1)
      at Object.<anonymous> (__tests__/components/signIn/OxyAccountPicker.test.tsx:17:1)

FAIL __tests__/stores/authStore.test.ts
  ● Test suite failed to run

    Cannot find module '@oxy.so/core/session' from 'src/ui/runtime/createOxyRuntime.ts'

    Require stack:
      src/ui/runtime/createOxyRuntime.ts
      src/ui/runtime/index.ts
      __tests__/helpers/runtimeHarness.ts
      __tests__/stores/authStore.test.ts

      2 | import type { ClientSession, User } from '@oxy.so/core';
      3 | import type { DeviceContext } from '@oxy.so/core/session';
    > 4 | import { accountIdsOf, activeSessionIdOf, activeUserOf, deviceStateToClientSessions, resolveActiveContext } from '@oxy.so/core/session';
        | ^
      5 | import { mergeSessions as mergeSessionLists, normalizeAndSortSessions, normalizeUserIdentity, sessionsArraysEqual } from '@oxy.so/core';
      6 | import type { IdentitySessionBinding } from '../session/identityBinding';
      7 | import type { OxyRuntimeSnapshot, OxyRuntimeStatus, OxyTokenStatus } from './types';

      at Resolver._throwModNotFoundError (../../node_modules/.bun/jest-resolve@30.5.1/node_modules/jest-resolve/build/index.js:1031:11)
      at Object.<anonymous> (src/ui/runtime/createOxyRuntime.ts:4:1)
      at Object.<anonymous> (src/ui/runtime/index.ts:10:1)
      at Object.<anonymous> (__tests__/helpers/runtimeHarness.ts:3:1)
      at Object.<anonymous> (__tests__/stores/authStore.test.ts:12:1)

FAIL __tests__/notifications/deviceNotifications.foregroundFailure.test.ts
  ● Test suite failed to run

    Cannot find module '@oxy.so/telemetry/browser' from '../core/src/utils/edgeRegion.ts'

    Require stack:
      /home/nate/Oxy/oxy/.worktrees/1519-refresh-context-cas-20261003/packages/core/src/utils/edgeRegion.ts
      /home/nate/Oxy/oxy/.worktrees/1519-refresh-context-cas-20261003/packages/core/src/HttpService.ts
      /home/nate/Oxy/oxy/.worktrees/1519-refresh-context-cas-20261003/packages/core/src/OxyServices.ts
      /home/nate/Oxy/oxy/.worktrees/1519-refresh-context-cas-20261003/packages/core/src/index.ts
      __tests__/notifications/deviceNotifications.foregroundFailure.test.ts

    > 1 | export { peekBrowserEdgeRegionHeader } from '@oxy.so/telemetry/browser';
        | ^
      2 |

      at Resolver._throwModNotFoundError (../../node_modules/.bun/jest-resolve@30.5.1/node_modules/jest-resolve/build/index.js:1031:11)
      at Object.<anonymous> (../core/src/utils/edgeRegion.ts:1:1)
      at Object.<anonymous> (../core/src/HttpService.ts:27:1)
      at Object.<anonymous> (../core/src/OxyServices.ts:23:1)
      at Object.<anonymous> (../core/src/index.ts:33:1)
      at Object.<anonymous> (__tests__/notifications/deviceNotifications.foregroundFailure.test.ts:15:1)

FAIL src/ui/utils/__tests__/deviceSessionTitle.test.ts
  ● Test suite failed to run

    Cannot find module '@oxy.so/telemetry/browser' from '../core/src/utils/edgeRegion.ts'

    Require stack:
      /home/nate/Oxy/oxy/.worktrees/1519-refresh-context-cas-20261003/packages/core/src/utils/edgeRegion.ts
      /home/nate/Oxy/oxy/.worktrees/1519-refresh-context-cas-20261003/packages/core/src/HttpService.ts
      /home/nate/Oxy/oxy/.worktrees/1519-refresh-context-cas-20261003/packages/core/src/OxyServices.ts
      /home/nate/Oxy/oxy/.worktrees/1519-refresh-context-cas-20261003/packages/core/src/index.ts
      src/ui/utils/deviceSessionTitle.ts
      src/ui/utils/__tests__/deviceSessionTitle.test.ts

    > 1 | export { peekBrowserEdgeRegionHeader } from '@oxy.so/telemetry/browser';
        | ^
      2 |

      at Resolver._throwModNotFoundError (../../node_modules/.bun/jest-resolve@30.5.1/node_modules/jest-resolve/build/index.js:1031:11)
      at Object.<anonymous> (../core/src/utils/edgeRegion.ts:1:1)
      at Object.<anonymous> (../core/src/HttpService.ts:27:1)
      at Object.<anonymous> (../core/src/OxyServices.ts:23:1)
      at Object.<anonymous> (../core/src/index.ts:33:1)
      at Object.<anonymous> (src/ui/utils/deviceSessionTitle.ts:1:1)
      at Object.<anonymous> (src/ui/utils/__tests__/deviceSessionTitle.test.ts:2:1)

FAIL __tests__/hooks/queryClient.test.ts
  ● Test suite failed to run

    Cannot find module '@oxy.so/telemetry/browser' from '../core/src/utils/edgeRegion.ts'

    Require stack:
      /home/nate/Oxy/oxy/.worktrees/1519-refresh-context-cas-20261003/packages/core/src/utils/edgeRegion.ts
      /home/nate/Oxy/oxy/.worktrees/1519-refresh-context-cas-20261003/packages/core/src/HttpService.ts
      /home/nate/Oxy/oxy/.worktrees/1519-refresh-context-cas-20261003/packages/core/src/OxyServices.ts
      /home/nate/Oxy/oxy/.worktrees/1519-refresh-context-cas-20261003/packages/core/src/index.ts
      src/ui/hooks/queryClient.ts
      __tests__/hooks/queryClient.test.ts

    > 1 | export { peekBrowserEdgeRegionHeader } from '@oxy.so/telemetry/browser';
        | ^
      2 |

      at Resolver._throwModNotFoundError (../../node_modules/.bun/jest-resolve@30.5.1/node_modules/jest-resolve/build/index.js:1031:11)
      at Object.<anonymous> (../core/src/utils/edgeRegion.ts:1:1)
      at Object.<anonymous> (../core/src/HttpService.ts:27:1)
      at Object.<anonymous> (../core/src/OxyServices.ts:23:1)
      at Object.<anonymous> (../core/src/index.ts:33:1)
      at Object.<anonymous> (src/ui/hooks/queryClient.ts:26:1)
      at Object.<anonymous> (__tests__/hooks/queryClient.test.ts:1:1)


Summary of all failing tests
FAIL __tests__/components/OxyAuthChooser.test.tsx
  ● Test suite failed to run

    Cannot find module '@oxy.so/core/session' from '__tests__/components/OxyAuthChooser.test.tsx'

      37 | import type { AccountDialogSnapshot, SignInFlowState } from '@oxy.so/core/session';
      38 | import type { User } from '@oxy.so/core';
    > 39 | import { resolveActiveContext } from '@oxy.so/core/session';
         | ^
      40 |
      41 | const makeUser = (id: string, displayName: string): User =>
      42 |   ({ id, username: id, name: { displayName } } as unknown as User);

      at Resolver._throwModNotFoundError (../../node_modules/.bun/jest-resolve@30.5.1/node_modules/jest-resolve/build/index.js:1031:11)
      at Object.<anonymous> (__tests__/components/OxyAuthChooser.test.tsx:39:1)

FAIL __tests__/components/signIn/OxySignInPanel.test.tsx
  ● Test suite failed to run

    Cannot find module '@oxy.so/core/session' from '__tests__/components/signIn/OxySignInPanel.test.tsx'

      16 | import type { DeviceDirectory, LoginSessionResult } from '@oxy.so/contracts';
      17 | import type { AccountDialogSnapshot, SignInFlowState } from '@oxy.so/core/session';
    > 18 | import { resolveActiveContext } from '@oxy.so/core/session';
         | ^
      19 |
      20 | const IDLE_SIGN_IN: SignInFlowState = {
      21 |   phase: 'idle',

      at Resolver._throwModNotFoundError (../../node_modules/.bun/jest-resolve@30.5.1/node_modules/jest-resolve/build/index.js:1031:11)
      at Object.<anonymous> (__tests__/components/signIn/OxySignInPanel.test.tsx:18:1)

FAIL __tests__/context/coldBoot.test.tsx
  ● Test suite failed to run

    Cannot find module '@oxy.so/core/session' from '__tests__/context/coldBoot.test.tsx'

      25 | import { QueryClient, QueryClientProvider } from '@tanstack/react-query';
      26 | import { AppState } from 'react-native';
    > 27 | import { AUTH_STATE_STORAGE_KEY, createNativeAuthStateStore } from '@oxy.so/core/session';
         | ^
      28 | import { type User } from '@oxy.so/core';
      29 |
      30 | let mockWebBrowser = true;

      at Resolver._throwModNotFoundError (../../node_modules/.bun/jest-resolve@30.5.1/node_modules/jest-resolve/build/index.js:1031:11)
      at Object.<anonymous> (__tests__/context/coldBoot.test.tsx:27:1)

FAIL __tests__/context/useAuthOperations.test.tsx
  ● Test suite failed to run

    Cannot find module '@oxy.so/core/session' from '__tests__/context/useAuthOperations.test.tsx'

    To mock a module that does not exist on disk, pass `{virtual: true}` in the mock options. See https://jestjs.io/docs/jest-object#jestmockmodulename-factory-options

      25 | import type { SessionLoginResponse, User } from '@oxy.so/core';
      26 |
    > 27 | jest.mock('@oxy.so/core/session', () => {
         |      ^
      28 |   return {
      29 |     __esModule: true,
      30 |     DeviceManager: {

      at Resolver._throwModNotFoundError (../../node_modules/.bun/jest-resolve@30.5.1/node_modules/jest-resolve/build/index.js:1031:11)
      at Object.<anonymous> (__tests__/context/useAuthOperations.test.tsx:27:6)

FAIL __tests__/components/signIn/OxyAccountPanels.test.tsx
  ● Test suite failed to run

    Cannot find module '@oxy.so/telemetry/browser' from '../core/src/utils/edgeRegion.ts'

    Require stack:
      /home/nate/Oxy/oxy/.worktrees/1519-refresh-context-cas-20261003/packages/core/src/utils/edgeRegion.ts
      /home/nate/Oxy/oxy/.worktrees/1519-refresh-context-cas-20261003/packages/core/src/HttpService.ts
      /home/nate/Oxy/oxy/.worktrees/1519-refresh-context-cas-20261003/packages/core/src/OxyServices.ts
      /home/nate/Oxy/oxy/.worktrees/1519-refresh-context-cas-20261003/packages/core/src/index.ts
      __tests__/components/signIn/OxyAccountPanels.test.tsx

    > 1 | export { peekBrowserEdgeRegionHeader } from '@oxy.so/telemetry/browser';
        | ^
      2 |

      at Resolver._throwModNotFoundError (../../node_modules/.bun/jest-resolve@30.5.1/node_modules/jest-resolve/build/index.js:1031:11)
      at Object.<anonymous> (../core/src/utils/edgeRegion.ts:1:1)
      at Object.<anonymous> (../core/src/HttpService.ts:27:1)
      at Object.<anonymous> (../core/src/OxyServices.ts:23:1)
      at Object.<anonymous> (../core/src/index.ts:33:1)
      at __tests__/components/signIn/OxyAccountPanels.test.tsx:108:30
      at Object.<anonymous> (src/ui/components/signIn/OxySignUpPanel.tsx:21:1)
      at Object.<anonymous> (__tests__/components/signIn/OxyAccountPanels.test.tsx:119:1)

FAIL __tests__/runtime/oxyRuntime.test.ts
  ● Test suite failed to run

    Cannot find module '@oxy.so/core/session' from 'src/ui/runtime/createOxyRuntime.ts'

    Require stack:
      src/ui/runtime/createOxyRuntime.ts
      src/ui/runtime/index.ts
      __tests__/runtime/oxyRuntime.test.ts

      2 | import type { ClientSession, User } from '@oxy.so/core';
      3 | import type { DeviceContext } from '@oxy.so/core/session';
    > 4 | import { accountIdsOf, activeSessionIdOf, activeUserOf, deviceStateToClientSessions, resolveActiveContext } from '@oxy.so/core/session';
        | ^
      5 | import { mergeSessions as mergeSessionLists, normalizeAndSortSessions, normalizeUserIdentity, sessionsArraysEqual } from '@oxy.so/core';
      6 | import type { IdentitySessionBinding } from '../session/identityBinding';
      7 | import type { OxyRuntimeSnapshot, OxyRuntimeStatus, OxyTokenStatus } from './types';

      at Resolver._throwModNotFoundError (../../node_modules/.bun/jest-resolve@30.5.1/node_modules/jest-resolve/build/index.js:1031:11)
      at Object.<anonymous> (src/ui/runtime/createOxyRuntime.ts:4:1)
      at Object.<anonymous> (src/ui/runtime/index.ts:10:1)
      at Object.<anonymous> (__tests__/runtime/oxyRuntime.test.ts:12:1)

FAIL __tests__/context/mutationsSessionClient.test.tsx
  ● Test suite failed to run

    Cannot find module '@oxy.so/core/session' from '__tests__/context/mutationsSessionClient.test.tsx'

      20 | import { render, act, waitFor } from '@testing-library/react';
      21 | import { QueryClient, QueryClientProvider } from '@tanstack/react-query';
    > 22 | import { AUTH_STATE_STORAGE_KEY } from '@oxy.so/core/session';
         | ^
      23 | import { type SessionLoginResponse, type User } from '@oxy.so/core';
      24 | import type { DeviceSessionState } from '@oxy.so/contracts';
      25 |

      at Resolver._throwModNotFoundError (../../node_modules/.bun/jest-resolve@30.5.1/node_modules/jest-resolve/build/index.js:1031:11)
      at Object.<anonymous> (__tests__/context/mutationsSessionClient.test.tsx:22:1)

FAIL __tests__/context/identitySessionMode.test.tsx
  ● Test suite failed to run

    Cannot find module '@oxy.so/core/session' from '__tests__/context/identitySessionMode.test.tsx'

      30 | import { render, waitFor, act, type RenderResult } from '@testing-library/react';
      31 | import { QueryClient, QueryClientProvider } from '@tanstack/react-query';
    > 32 | import { AUTH_STATE_STORAGE_KEY, IDENTITY_PIN_STORAGE_KEY } from '@oxy.so/core/session';
         | ^
      33 | import { KeyManager, SignatureService } from '@oxy.so/core/crypto';
      34 | import { type User } from '@oxy.so/core';
      35 | import type { DeviceSessionState } from '@oxy.so/contracts';

      at Resolver._throwModNotFoundError (../../node_modules/.bun/jest-resolve@30.5.1/node_modules/jest-resolve/build/index.js:1031:11)
      at Object.<anonymous> (__tests__/context/identitySessionMode.test.tsx:32:1)

FAIL __tests__/components/OxySignInButton.test.tsx
  ● Test suite failed to run

    Cannot find module '@oxy.so/telemetry/browser' from '../core/src/utils/edgeRegion.ts'

    Require stack:
      /home/nate/Oxy/oxy/.worktrees/1519-refresh-context-cas-20261003/packages/core/src/utils/edgeRegion.ts
      /home/nate/Oxy/oxy/.worktrees/1519-refresh-context-cas-20261003/packages/core/src/HttpService.ts
      /home/nate/Oxy/oxy/.worktrees/1519-refresh-context-cas-20261003/packages/core/src/OxyServices.ts
      /home/nate/Oxy/oxy/.worktrees/1519-refresh-context-cas-20261003/packages/core/src/index.ts
      __tests__/components/OxySignInButton.test.tsx

    > 1 | export { peekBrowserEdgeRegionHeader } from '@oxy.so/telemetry/browser';
        | ^
      2 |

      at Resolver._throwModNotFoundError (../../node_modules/.bun/jest-resolve@30.5.1/node_modules/jest-resolve/build/index.js:1031:11)
      at Object.<anonymous> (../core/src/utils/edgeRegion.ts:1:1)
      at Object.<anonymous> (../core/src/HttpService.ts:27:1)
      at Object.<anonymous> (../core/src/OxyServices.ts:23:1)
      at Object.<anonymous> (../core/src/index.ts:33:1)
      at Object.<anonymous> (__tests__/components/OxySignInButton.test.tsx:21:1)

FAIL __tests__/context/sessionClientSocket.test.tsx
  ● Test suite failed to run

    Cannot find module '@oxy.so/core/session' from '__tests__/context/sessionClientSocket.test.tsx'

      34 | import { render, act, waitFor } from '@testing-library/react';
      35 | import { QueryClient, QueryClientProvider } from '@tanstack/react-query';
    > 36 | import { AUTH_STATE_STORAGE_KEY } from '@oxy.so/core/session';
         | ^
      37 | import { type SessionLoginResponse, type User } from '@oxy.so/core';
      38 | import type { DeviceSessionState } from '@oxy.so/contracts';
      39 |

      at Resolver._throwModNotFoundError (../../node_modules/.bun/jest-resolve@30.5.1/node_modules/jest-resolve/build/index.js:1031:11)
      at Object.<anonymous> (__tests__/context/sessionClientSocket.test.tsx:36:1)

FAIL __tests__/screens/fileUploadReconcile.test.tsx
  ● Test suite failed to run

    Cannot find module '@oxy.so/telemetry/browser' from '../core/src/utils/edgeRegion.ts'

    Require stack:
      /home/nate/Oxy/oxy/.worktrees/1519-refresh-context-cas-20261003/packages/core/src/utils/edgeRegion.ts
      /home/nate/Oxy/oxy/.worktrees/1519-refresh-context-cas-20261003/packages/core/src/HttpService.ts
      /home/nate/Oxy/oxy/.worktrees/1519-refresh-context-cas-20261003/packages/core/src/OxyServices.ts
      /home/nate/Oxy/oxy/.worktrees/1519-refresh-context-cas-20261003/packages/core/src/index.ts
      src/ui/screens/fileManagement/shared.ts
      __tests__/screens/fileUploadReconcile.test.tsx

    > 1 | export { peekBrowserEdgeRegionHeader } from '@oxy.so/telemetry/browser';
        | ^
      2 |

      at Resolver._throwModNotFoundError (../../node_modules/.bun/jest-resolve@30.5.1/node_modules/jest-resolve/build/index.js:1031:11)
      at Object.<anonymous> (../core/src/utils/edgeRegion.ts:1:1)
      at Object.<anonymous> (../core/src/HttpService.ts:27:1)
      at Object.<anonymous> (../core/src/OxyServices.ts:23:1)
      at Object.<anonymous> (../core/src/index.ts:33:1)
      at Object.<anonymous> (src/ui/screens/fileManagement/shared.ts:2:1)
      at __tests__/screens/fileUploadReconcile.test.tsx:42:23
      at Object.<anonymous> (src/ui/screens/fileManagement/hooks/useFileUploadState.ts:14:1)
      at Object.<anonymous> (__tests__/screens/fileUploadReconcile.test.tsx:54:1)

FAIL src/ui/hooks/queries/__tests__/userCache.test.ts
  ● Test suite failed to run

    Cannot find module '@oxy.so/core/session' from 'src/ui/runtime/createOxyRuntime.ts'

    Require stack:
      src/ui/runtime/createOxyRuntime.ts
      src/ui/runtime/index.ts
      __tests__/helpers/runtimeHarness.ts
      src/ui/hooks/queries/__tests__/userCache.test.ts

      2 | import type { ClientSession, User } from '@oxy.so/core';
      3 | import type { DeviceContext } from '@oxy.so/core/session';
    > 4 | import { accountIdsOf, activeSessionIdOf, activeUserOf, deviceStateToClientSessions, resolveActiveContext } from '@oxy.so/core/session';
        | ^
      5 | import { mergeSessions as mergeSessionLists, normalizeAndSortSessions, normalizeUserIdentity, sessionsArraysEqual } from '@oxy.so/core';
      6 | import type { IdentitySessionBinding } from '../session/identityBinding';
      7 | import type { OxyRuntimeSnapshot, OxyRuntimeStatus, OxyTokenStatus } from './types';

      at Resolver._throwModNotFoundError (../../node_modules/.bun/jest-resolve@30.5.1/node_modules/jest-resolve/build/index.js:1031:11)
      at Object.<anonymous> (src/ui/runtime/createOxyRuntime.ts:4:1)
      at Object.<anonymous> (src/ui/runtime/index.ts:10:1)
      at Object.<anonymous> (__tests__/helpers/runtimeHarness.ts:3:1)
      at Object.<anonymous> (src/ui/hooks/queries/__tests__/userCache.test.ts:21:1)

FAIL src/ui/oauth/__tests__/browserAuthTransport.test.ts
  ● Test suite failed to run

    Cannot find module '@oxy.so/telemetry/browser' from '../core/src/utils/edgeRegion.ts'

    Require stack:
      /home/nate/Oxy/oxy/.worktrees/1519-refresh-context-cas-20261003/packages/core/src/utils/edgeRegion.ts
      /home/nate/Oxy/oxy/.worktrees/1519-refresh-context-cas-20261003/packages/core/src/HttpService.ts
      /home/nate/Oxy/oxy/.worktrees/1519-refresh-context-cas-20261003/packages/core/src/OxyServices.ts
      /home/nate/Oxy/oxy/.worktrees/1519-refresh-context-cas-20261003/packages/core/src/index.ts
      src/ui/oauth/__tests__/browserAuthTransport.test.ts

    > 1 | export { peekBrowserEdgeRegionHeader } from '@oxy.so/telemetry/browser';
        | ^
      2 |

      at Resolver._throwModNotFoundError (../../node_modules/.bun/jest-resolve@30.5.1/node_modules/jest-resolve/build/index.js:1031:11)
      at Object.<anonymous> (../core/src/utils/edgeRegion.ts:1:1)
      at Object.<anonymous> (../core/src/HttpService.ts:27:1)
      at Object.<anonymous> (../core/src/OxyServices.ts:23:1)
      at Object.<anonymous> (../core/src/index.ts:33:1)
      at Object.<anonymous> (src/ui/oauth/__tests__/browserAuthTransport.test.ts:8:1)

FAIL __tests__/notifications/deviceNotifications.test.ts
  ● Test suite failed to run

    Cannot find module '@oxy.so/telemetry/browser' from '../core/src/utils/edgeRegion.ts'

    Require stack:
      /home/nate/Oxy/oxy/.worktrees/1519-refresh-context-cas-20261003/packages/core/src/utils/edgeRegion.ts
      /home/nate/Oxy/oxy/.worktrees/1519-refresh-context-cas-20261003/packages/core/src/HttpService.ts
      /home/nate/Oxy/oxy/.worktrees/1519-refresh-context-cas-20261003/packages/core/src/OxyServices.ts
      /home/nate/Oxy/oxy/.worktrees/1519-refresh-context-cas-20261003/packages/core/src/index.ts
      __tests__/notifications/deviceNotifications.test.ts

    > 1 | export { peekBrowserEdgeRegionHeader } from '@oxy.so/telemetry/browser';
        | ^
      2 |

      at Resolver._throwModNotFoundError (../../node_modules/.bun/jest-resolve@30.5.1/node_modules/jest-resolve/build/index.js:1031:11)
      at Object.<anonymous> (../core/src/utils/edgeRegion.ts:1:1)
      at Object.<anonymous> (../core/src/HttpService.ts:27:1)
      at Object.<anonymous> (../core/src/OxyServices.ts:23:1)
      at Object.<anonymous> (../core/src/index.ts:33:1)
      at Object.<anonymous> (__tests__/notifications/deviceNotifications.test.ts:16:1)

FAIL __tests__/components/OxySignInRequestSurface.test.tsx
  ● Test suite failed to run

    Cannot find module '@oxy.so/telemetry/browser' from '../core/src/utils/edgeRegion.ts'

    Require stack:
      /home/nate/Oxy/oxy/.worktrees/1519-refresh-context-cas-20261003/packages/core/src/utils/edgeRegion.ts
      /home/nate/Oxy/oxy/.worktrees/1519-refresh-context-cas-20261003/packages/core/src/HttpService.ts
      /home/nate/Oxy/oxy/.worktrees/1519-refresh-context-cas-20261003/packages/core/src/OxyServices.ts
      /home/nate/Oxy/oxy/.worktrees/1519-refresh-context-cas-20261003/packages/core/src/index.ts
      __tests__/components/OxySignInRequestSurface.test.tsx

    > 1 | export { peekBrowserEdgeRegionHeader } from '@oxy.so/telemetry/browser';
        | ^
      2 |

      at Resolver._throwModNotFoundError (../../node_modules/.bun/jest-resolve@30.5.1/node_modules/jest-resolve/build/index.js:1031:11)
      at Object.<anonymous> (../core/src/utils/edgeRegion.ts:1:1)
      at Object.<anonymous> (../core/src/HttpService.ts:27:1)
      at Object.<anonymous> (../core/src/OxyServices.ts:23:1)
      at Object.<anonymous> (../core/src/index.ts:33:1)
      at __tests__/components/OxySignInRequestSurface.test.tsx:27:30
      at Object.<anonymous> (src/ui/components/OxySignInRequestSurface.tsx:48:1)
      at Object.<anonymous> (__tests__/components/OxySignInRequestSurface.test.tsx:44:1)

FAIL src/ui/boot/__tests__/coldBootNoIdpRedirect.test.ts
  ● Test suite failed to run

    Cannot find module '@oxy.so/core/session' from 'src/ui/boot/__tests__/coldBootNoIdpRedirect.test.ts'

    To mock a module that does not exist on disk, pass `{virtual: true}` in the mock options. See https://jestjs.io/docs/jest-object#jestmockmodulename-factory-options

      21 | import type { AuthStateStore, PersistedAuthState, SessionClient } from '@oxy.so/core/session';
      22 |
    > 23 | jest.mock('@oxy.so/core/session', () => {
         |      ^
      24 |   const actual = jest.requireActual('@oxy.so/core/session');
      25 |   return {
      26 |     __esModule: true,

      at Resolver._throwModNotFoundError (../../node_modules/.bun/jest-resolve@30.5.1/node_modules/jest-resolve/build/index.js:1031:11)
      at Object.<anonymous> (src/ui/boot/__tests__/coldBootNoIdpRedirect.test.ts:23:6)

FAIL src/ui/session/__tests__/sharedDeviceCredentialStore.test.ts
  ● createPlatformSharedDeviceCredentialStore › web has no shared slot at all

    Cannot find module '@oxy.so/core/session' from 'src/ui/session/sharedDeviceCredentialStore.ts'

      40 | import { Platform } from 'react-native';
      41 | import { requireOptionalNativeModule } from 'expo-modules-core';
    > 42 | import { normalizeSharedDeviceSessionRead, type SharedDeviceCredential, type SharedDeviceCredentialRead, type SharedDeviceCredentialStore } from '@oxy.so/core/session';
         | ^
      43 |
      44 | /**
      45 |  * The iOS Keychain Access Group every official Oxy app declares in its

      at Resolver._throwModNotFoundError (../../node_modules/.bun/jest-resolve@30.5.1/node_modules/jest-resolve/build/index.js:1031:11)
      at Object.<anonymous> (src/ui/session/sharedDeviceCredentialStore.ts:42:1)
      at loadStore (src/ui/session/__tests__/sharedDeviceCredentialStore.test.ts:109:15)
      at Object.<anonymous> (src/ui/session/__tests__/sharedDeviceCredentialStore.test.ts:122:12)

  ● createPlatformSharedDeviceCredentialStore › iOS uses the keychain, not the Android broker

    Cannot find module '@oxy.so/core/session' from 'src/ui/session/sharedDeviceCredentialStore.ts'

      40 | import { Platform } from 'react-native';
      41 | import { requireOptionalNativeModule } from 'expo-modules-core';
    > 42 | import { normalizeSharedDeviceSessionRead, type SharedDeviceCredential, type SharedDeviceCredentialRead, type SharedDeviceCredentialStore } from '@oxy.so/core/session';
         | ^
      43 |
      44 | /**
      45 |  * The iOS Keychain Access Group every official Oxy app declares in its

      at Resolver._throwModNotFoundError (../../node_modules/.bun/jest-resolve@30.5.1/node_modules/jest-resolve/build/index.js:1031:11)
      at Object.<anonymous> (src/ui/session/sharedDeviceCredentialStore.ts:42:1)
      at loadStore (src/ui/session/__tests__/sharedDeviceCredentialStore.test.ts:109:15)
      at Object.<anonymous> (src/ui/session/__tests__/sharedDeviceCredentialStore.test.ts:139:19)

  ● createPlatformSharedDeviceCredentialStore › Android uses the broker, not the keychain

    Cannot find module '@oxy.so/core/session' from 'src/ui/session/sharedDeviceCredentialStore.ts'

      40 | import { Platform } from 'react-native';
      41 | import { requireOptionalNativeModule } from 'expo-modules-core';
    > 42 | import { normalizeSharedDeviceSessionRead, type SharedDeviceCredential, type SharedDeviceCredentialRead, type SharedDeviceCredentialStore } from '@oxy.so/core/session';
         | ^
      43 |
      44 | /**
      45 |  * The iOS Keychain Access Group every official Oxy app declares in its

      at Resolver._throwModNotFoundError (../../node_modules/.bun/jest-resolve@30.5.1/node_modules/jest-resolve/build/index.js:1031:11)
      at Object.<anonymous> (src/ui/session/sharedDeviceCredentialStore.ts:42:1)
      at loadStore (src/ui/session/__tests__/sharedDeviceCredentialStore.test.ts:109:15)
      at Object.<anonymous> (src/ui/session/__tests__/sharedDeviceCredentialStore.test.ts:152:19)

  ● iOS keychain-group slot › a missing item is absent; a THROWN read is unavailable

    Cannot find module '@oxy.so/core/session' from 'src/ui/session/sharedDeviceCredentialStore.ts'

      40 | import { Platform } from 'react-native';
      41 | import { requireOptionalNativeModule } from 'expo-modules-core';
    > 42 | import { normalizeSharedDeviceSessionRead, type SharedDeviceCredential, type SharedDeviceCredentialRead, type SharedDeviceCredentialStore } from '@oxy.so/core/session';
         | ^
      43 |
      44 | /**
      45 |  * The iOS Keychain Access Group every official Oxy app declares in its

      at Resolver._throwModNotFoundError (../../node_modules/.bun/jest-resolve@30.5.1/node_modules/jest-resolve/build/index.js:1031:11)
      at Object.<anonymous> (src/ui/session/sharedDeviceCredentialStore.ts:42:1)
      at loadStore (src/ui/session/__tests__/sharedDeviceCredentialStore.test.ts:109:15)
      at Object.<anonymous> (src/ui/session/__tests__/sharedDeviceCredentialStore.test.ts:162:19)

  ● iOS keychain-group slot › an unparseable item is unavailable, never absent

    Cannot find module '@oxy.so/core/session' from 'src/ui/session/sharedDeviceCredentialStore.ts'

      40 | import { Platform } from 'react-native';
      41 | import { requireOptionalNativeModule } from 'expo-modules-core';
    > 42 | import { normalizeSharedDeviceSessionRead, type SharedDeviceCredential, type SharedDeviceCredentialRead, type SharedDeviceCredentialStore } from '@oxy.so/core/session';
         | ^
      43 |
      44 | /**
      45 |  * The iOS Keychain Access Group every official Oxy app declares in its

      at Resolver._throwModNotFoundError (../../node_modules/.bun/jest-resolve@30.5.1/node_modules/jest-resolve/build/index.js:1031:11)
      at Object.<anonymous> (src/ui/session/sharedDeviceCredentialStore.ts:42:1)
      at loadStore (src/ui/session/__tests__/sharedDeviceCredentialStore.test.ts:109:15)
      at Object.<anonymous> (src/ui/session/__tests__/sharedDeviceCredentialStore.test.ts:175:19)

  ● iOS keychain-group slot › reads and writes carry the dedicated service AND the access group

    Cannot find module '@oxy.so/core/session' from 'src/ui/session/sharedDeviceCredentialStore.ts'

      40 | import { Platform } from 'react-native';
      41 | import { requireOptionalNativeModule } from 'expo-modules-core';
    > 42 | import { normalizeSharedDeviceSessionRead, type SharedDeviceCredential, type SharedDeviceCredentialRead, type SharedDeviceCredentialStore } from '@oxy.so/core/session';
         | ^
      43 |
      44 | /**
      45 |  * The iOS Keychain Access Group every official Oxy app declares in its

      at Resolver._throwModNotFoundError (../../node_modules/.bun/jest-resolve@30.5.1/node_modules/jest-resolve/build/index.js:1031:11)
      at Object.<anonymous> (src/ui/session/sharedDeviceCredentialStore.ts:42:1)
      at loadStore (src/ui/session/__tests__/sharedDeviceCredentialStore.test.ts:109:15)
      at Object.<anonymous> (src/ui/session/__tests__/sharedDeviceCredentialStore.test.ts:183:19)

  ● iOS keychain-group slot › the item is written device-only so it never rides an OS backup to a new handset

    Cannot find module '@oxy.so/core/session' from 'src/ui/session/sharedDeviceCredentialStore.ts'

      40 | import { Platform } from 'react-native';
      41 | import { requireOptionalNativeModule } from 'expo-modules-core';
    > 42 | import { normalizeSharedDeviceSessionRead, type SharedDeviceCredential, type SharedDeviceCredentialRead, type SharedDeviceCredentialStore } from '@oxy.so/core/session';
         | ^
      43 |
      44 | /**
      45 |  * The iOS Keychain Access Group every official Oxy app declares in its

      at Resolver._throwModNotFoundError (../../node_modules/.bun/jest-resolve@30.5.1/node_modules/jest-resolve/build/index.js:1031:11)
      at Object.<anonymous> (src/ui/session/sharedDeviceCredentialStore.ts:42:1)
      at loadStore (src/ui/session/__tests__/sharedDeviceCredentialStore.test.ts:109:15)
      at Object.<anonymous> (src/ui/session/__tests__/sharedDeviceCredentialStore.test.ts:201:19)

  ● iOS keychain-group slot › a publish round-trips and reads back as present

    Cannot find module '@oxy.so/core/session' from 'src/ui/session/sharedDeviceCredentialStore.ts'

      40 | import { Platform } from 'react-native';
      41 | import { requireOptionalNativeModule } from 'expo-modules-core';
    > 42 | import { normalizeSharedDeviceSessionRead, type SharedDeviceCredential, type SharedDeviceCredentialRead, type SharedDeviceCredentialStore } from '@oxy.so/core/session';
         | ^
      43 |
      44 | /**
      45 |  * The iOS Keychain Access Group every official Oxy app declares in its

      at Resolver._throwModNotFoundError (../../node_modules/.bun/jest-resolve@30.5.1/node_modules/jest-resolve/build/index.js:1031:11)
      at Object.<anonymous> (src/ui/session/sharedDeviceCredentialStore.ts:42:1)
      at loadStore (src/ui/session/__tests__/sharedDeviceCredentialStore.test.ts:109:15)
      at Object.<anonymous> (src/ui/session/__tests__/sharedDeviceCredentialStore.test.ts:209:19)

  ● iOS keychain-group slot › a write that silently does not land reports false

    Cannot find module '@oxy.so/core/session' from 'src/ui/session/sharedDeviceCredentialStore.ts'

      40 | import { Platform } from 'react-native';
      41 | import { requireOptionalNativeModule } from 'expo-modules-core';
    > 42 | import { normalizeSharedDeviceSessionRead, type SharedDeviceCredential, type SharedDeviceCredentialRead, type SharedDeviceCredentialStore } from '@oxy.so/core/session';
         | ^
      43 |
      44 | /**
      45 |  * The iOS Keychain Access Group every official Oxy app declares in its

      at Resolver._throwModNotFoundError (../../node_modules/.bun/jest-resolve@30.5.1/node_modules/jest-resolve/build/index.js:1031:11)
      at Object.<anonymous> (src/ui/session/sharedDeviceCredentialStore.ts:42:1)
      at loadStore (src/ui/session/__tests__/sharedDeviceCredentialStore.test.ts:109:15)
      at Object.<anonymous> (src/ui/session/__tests__/sharedDeviceCredentialStore.test.ts:220:19)

  ● iOS keychain-group slot › a throwing write reports false rather than propagating

    Cannot find module '@oxy.so/core/session' from 'src/ui/session/sharedDeviceCredentialStore.ts'

      40 | import { Platform } from 'react-native';
      41 | import { requireOptionalNativeModule } from 'expo-modules-core';
    > 42 | import { normalizeSharedDeviceSessionRead, type SharedDeviceCredential, type SharedDeviceCredentialRead, type SharedDeviceCredentialStore } from '@oxy.so/core/session';
         | ^
      43 |
      44 | /**
      45 |  * The iOS Keychain Access Group every official Oxy app declares in its

      at Resolver._throwModNotFoundError (../../node_modules/.bun/jest-resolve@30.5.1/node_modules/jest-resolve/build/index.js:1031:11)
      at Object.<anonymous> (src/ui/session/sharedDeviceCredentialStore.ts:42:1)
      at loadStore (src/ui/session/__tests__/sharedDeviceCredentialStore.test.ts:109:15)
      at Object.<anonymous> (src/ui/session/__tests__/sharedDeviceCredentialStore.test.ts:227:19)

  ● iOS keychain-group slot › the slot is unsupported when expo-secure-store is not installed

    Cannot find module '@oxy.so/core/session' from 'src/ui/session/sharedDeviceCredentialStore.ts'

      40 | import { Platform } from 'react-native';
      41 | import { requireOptionalNativeModule } from 'expo-modules-core';
    > 42 | import { normalizeSharedDeviceSessionRead, type SharedDeviceCredential, type SharedDeviceCredentialRead, type SharedDeviceCredentialStore } from '@oxy.so/core/session';
         | ^
      43 |
      44 | /**
      45 |  * The iOS Keychain Access Group every official Oxy app declares in its

      at Resolver._throwModNotFoundError (../../node_modules/.bun/jest-resolve@30.5.1/node_modules/jest-resolve/build/index.js:1031:11)
      at Object.<anonymous> (src/ui/session/sharedDeviceCredentialStore.ts:42:1)
      at loadStore (src/ui/session/__tests__/sharedDeviceCredentialStore.test.ts:109:15)
      at Object.<anonymous> (src/ui/session/__tests__/sharedDeviceCredentialStore.test.ts:232:19)

  ● Android broker slot › narrows a present payload

    Cannot find module '@oxy.so/core/session' from 'src/ui/session/sharedDeviceCredentialStore.ts'

      40 | import { Platform } from 'react-native';
      41 | import { requireOptionalNativeModule } from 'expo-modules-core';
    > 42 | import { normalizeSharedDeviceSessionRead, type SharedDeviceCredential, type SharedDeviceCredentialRead, type SharedDeviceCredentialStore } from '@oxy.so/core/session';
         | ^
      43 |
      44 | /**
      45 |  * The iOS Keychain Access Group every official Oxy app declares in its

      at Resolver._throwModNotFoundError (../../node_modules/.bun/jest-resolve@30.5.1/node_modules/jest-resolve/build/index.js:1031:11)
      at Object.<anonymous> (src/ui/session/sharedDeviceCredentialStore.ts:42:1)
      at loadStore (src/ui/session/__tests__/sharedDeviceCredentialStore.test.ts:109:15)
      at Object.<anonymous> (src/ui/session/__tests__/sharedDeviceCredentialStore.test.ts:240:19)

  ● Android broker slot › an explicit unavailable status stays unavailable

    Cannot find module '@oxy.so/core/session' from 'src/ui/session/sharedDeviceCredentialStore.ts'

      40 | import { Platform } from 'react-native';
      41 | import { requireOptionalNativeModule } from 'expo-modules-core';
    > 42 | import { normalizeSharedDeviceSessionRead, type SharedDeviceCredential, type SharedDeviceCredentialRead, type SharedDeviceCredentialStore } from '@oxy.so/core/session';
         | ^
      43 |
      44 | /**
      45 |  * The iOS Keychain Access Group every official Oxy app declares in its

      at Resolver._throwModNotFoundError (../../node_modules/.bun/jest-resolve@30.5.1/node_modules/jest-resolve/build/index.js:1031:11)
      at Object.<anonymous> (src/ui/session/sharedDeviceCredentialStore.ts:42:1)
      at loadStore (src/ui/session/__tests__/sharedDeviceCredentialStore.test.ts:109:15)
      at Object.<anonymous> (src/ui/session/__tests__/sharedDeviceCredentialStore.test.ts:247:19)

  ● Android broker slot › a THROWN broker call is unavailable, never absent

    Cannot find module '@oxy.so/core/session' from 'src/ui/session/sharedDeviceCredentialStore.ts'

      40 | import { Platform } from 'react-native';
      41 | import { requireOptionalNativeModule } from 'expo-modules-core';
    > 42 | import { normalizeSharedDeviceSessionRead, type SharedDeviceCredential, type SharedDeviceCredentialRead, type SharedDeviceCredentialStore } from '@oxy.so/core/session';
         | ^
      43 |
      44 | /**
      45 |  * The iOS Keychain Access Group every official Oxy app declares in its

      at Resolver._throwModNotFoundError (../../node_modules/.bun/jest-resolve@30.5.1/node_modules/jest-resolve/build/index.js:1031:11)
      at Object.<anonymous> (src/ui/session/sharedDeviceCredentialStore.ts:42:1)
      at loadStore (src/ui/session/__tests__/sharedDeviceCredentialStore.test.ts:109:15)
      at Object.<anonymous> (src/ui/session/__tests__/sharedDeviceCredentialStore.test.ts:258:19)

  ● Android broker slot › an unrecognised payload from an older sibling is unavailable, never absent

    Cannot find module '@oxy.so/core/session' from 'src/ui/session/sharedDeviceCredentialStore.ts'

      40 | import { Platform } from 'react-native';
      41 | import { requireOptionalNativeModule } from 'expo-modules-core';
    > 42 | import { normalizeSharedDeviceSessionRead, type SharedDeviceCredential, type SharedDeviceCredentialRead, type SharedDeviceCredentialStore } from '@oxy.so/core/session';
         | ^
      43 |
      44 | /**
      45 |  * The iOS Keychain Access Group every official Oxy app declares in its

      at Resolver._throwModNotFoundError (../../node_modules/.bun/jest-resolve@30.5.1/node_modules/jest-resolve/build/index.js:1031:11)
      at Object.<anonymous> (src/ui/session/sharedDeviceCredentialStore.ts:42:1)
      at loadStore (src/ui/session/__tests__/sharedDeviceCredentialStore.test.ts:109:15)
      at Object.<anonymous> (src/ui/session/__tests__/sharedDeviceCredentialStore.test.ts:271:19)

  ● Android broker slot › the slot is unsupported when the native module is not linked

    Cannot find module '@oxy.so/core/session' from 'src/ui/session/sharedDeviceCredentialStore.ts'

      40 | import { Platform } from 'react-native';
      41 | import { requireOptionalNativeModule } from 'expo-modules-core';
    > 42 | import { normalizeSharedDeviceSessionRead, type SharedDeviceCredential, type SharedDeviceCredentialRead, type SharedDeviceCredentialStore } from '@oxy.so/core/session';
         | ^
      43 |
      44 | /**
      45 |  * The iOS Keychain Access Group every official Oxy app declares in its

      at Resolver._throwModNotFoundError (../../node_modules/.bun/jest-resolve@30.5.1/node_modules/jest-resolve/build/index.js:1031:11)
      at Object.<anonymous> (src/ui/session/sharedDeviceCredentialStore.ts:42:1)
      at loadStore (src/ui/session/__tests__/sharedDeviceCredentialStore.test.ts:109:15)
      at Object.<anonymous> (src/ui/session/__tests__/sharedDeviceCredentialStore.test.ts:278:19)

  ● Android broker slot › publish forwards the broker’s own read-back verdict

    Cannot find module '@oxy.so/core/session' from 'src/ui/session/sharedDeviceCredentialStore.ts'

      40 | import { Platform } from 'react-native';
      41 | import { requireOptionalNativeModule } from 'expo-modules-core';
    > 42 | import { normalizeSharedDeviceSessionRead, type SharedDeviceCredential, type SharedDeviceCredentialRead, type SharedDeviceCredentialStore } from '@oxy.so/core/session';
         | ^
      43 |
      44 | /**
      45 |  * The iOS Keychain Access Group every official Oxy app declares in its

      at Resolver._throwModNotFoundError (../../node_modules/.bun/jest-resolve@30.5.1/node_modules/jest-resolve/build/index.js:1031:11)
      at Object.<anonymous> (src/ui/session/sharedDeviceCredentialStore.ts:42:1)
      at loadStore (src/ui/session/__tests__/sharedDeviceCredentialStore.test.ts:109:15)
      at Object.<anonymous> (src/ui/session/__tests__/sharedDeviceCredentialStore.test.ts:284:24)

FAIL src/ui/session/__tests__/backgroundSession.test.ts
  ● syncBackgroundSession › signed out clears the credential and never calls the network

    Cannot find module '@oxy.so/telemetry/browser' from '../core/src/utils/edgeRegion.ts'

    Require stack:
      /home/nate/Oxy/oxy/.worktrees/1519-refresh-context-cas-20261003/packages/core/src/utils/edgeRegion.ts
      /home/nate/Oxy/oxy/.worktrees/1519-refresh-context-cas-20261003/packages/core/src/HttpService.ts
      /home/nate/Oxy/oxy/.worktrees/1519-refresh-context-cas-20261003/packages/core/src/OxyServices.ts
      /home/nate/Oxy/oxy/.worktrees/1519-refresh-context-cas-20261003/packages/core/src/index.ts
      src/ui/session/backgroundSession.ts

    > 1 | export { peekBrowserEdgeRegionHeader } from '@oxy.so/telemetry/browser';
        | ^
      2 |

      at Resolver._throwModNotFoundError (../../node_modules/.bun/jest-resolve@30.5.1/node_modules/jest-resolve/build/index.js:1031:11)
      at Object.<anonymous> (../core/src/utils/edgeRegion.ts:1:1)
      at Object.<anonymous> (../core/src/HttpService.ts:27:1)
      at Object.<anonymous> (../core/src/OxyServices.ts:23:1)
      at Object.<anonymous> (../core/src/index.ts:33:1)
      at Object.<anonymous> (src/ui/session/backgroundSession.ts:39:1)
      at src/ui/session/__tests__/backgroundSession.test.ts:73:3

  ● syncBackgroundSession › a credential for a DIFFERENT account is cleared BEFORE any network call

    Cannot find module '@oxy.so/telemetry/browser' from '../core/src/utils/edgeRegion.ts'

    Require stack:
      /home/nate/Oxy/oxy/.worktrees/1519-refresh-context-cas-20261003/packages/core/src/utils/edgeRegion.ts
      /home/nate/Oxy/oxy/.worktrees/1519-refresh-context-cas-20261003/packages/core/src/HttpService.ts
      /home/nate/Oxy/oxy/.worktrees/1519-refresh-context-cas-20261003/packages/core/src/OxyServices.ts
      /home/nate/Oxy/oxy/.worktrees/1519-refresh-context-cas-20261003/packages/core/src/index.ts
      src/ui/session/backgroundSession.ts

    > 1 | export { peekBrowserEdgeRegionHeader } from '@oxy.so/telemetry/browser';
        | ^
      2 |

      at Resolver._throwModNotFoundError (../../node_modules/.bun/jest-resolve@30.5.1/node_modules/jest-resolve/build/index.js:1031:11)
      at Object.<anonymous> (../core/src/utils/edgeRegion.ts:1:1)
      at Object.<anonymous> (../core/src/HttpService.ts:27:1)
      at Object.<anonymous> (../core/src/OxyServices.ts:23:1)
      at Object.<anonymous> (../core/src/index.ts:33:1)
      at Object.<anonymous> (src/ui/session/backgroundSession.ts:39:1)
      at src/ui/session/__tests__/backgroundSession.test.ts:73:3

  ● syncBackgroundSession › a healthy credential for the signed-in account makes no network call

    Cannot find module '@oxy.so/telemetry/browser' from '../core/src/utils/edgeRegion.ts'

    Require stack:
      /home/nate/Oxy/oxy/.worktrees/1519-refresh-context-cas-20261003/packages/core/src/utils/edgeRegion.ts
      /home/nate/Oxy/oxy/.worktrees/1519-refresh-context-cas-20261003/packages/core/src/HttpService.ts
      /home/nate/Oxy/oxy/.worktrees/1519-refresh-context-cas-20261003/packages/core/src/OxyServices.ts
      /home/nate/Oxy/oxy/.worktrees/1519-refresh-context-cas-20261003/packages/core/src/index.ts
      src/ui/session/backgroundSession.ts

    > 1 | export { peekBrowserEdgeRegionHeader } from '@oxy.so/telemetry/browser';
        | ^
      2 |

      at Resolver._throwModNotFoundError (../../node_modules/.bun/jest-resolve@30.5.1/node_modules/jest-resolve/build/index.js:1031:11)
      at Object.<anonymous> (../core/src/utils/edgeRegion.ts:1:1)
      at Object.<anonymous> (../core/src/HttpService.ts:27:1)
      at Object.<anonymous> (../core/src/OxyServices.ts:23:1)
      at Object.<anonymous> (../core/src/index.ts:33:1)
      at Object.<anonymous> (src/ui/session/backgroundSession.ts:39:1)
      at src/ui/session/__tests__/backgroundSession.test.ts:73:3

  ● syncBackgroundSession › renews a credential inside the renewal window

    Cannot find module '@oxy.so/telemetry/browser' from '../core/src/utils/edgeRegion.ts'

    Require stack:
      /home/nate/Oxy/oxy/.worktrees/1519-refresh-context-cas-20261003/packages/core/src/utils/edgeRegion.ts
      /home/nate/Oxy/oxy/.worktrees/1519-refresh-context-cas-20261003/packages/core/src/HttpService.ts
      /home/nate/Oxy/oxy/.worktrees/1519-refresh-context-cas-20261003/packages/core/src/OxyServices.ts
      /home/nate/Oxy/oxy/.worktrees/1519-refresh-context-cas-20261003/packages/core/src/index.ts
      src/ui/session/backgroundSession.ts

    > 1 | export { peekBrowserEdgeRegionHeader } from '@oxy.so/telemetry/browser';
        | ^
      2 |

      at Resolver._throwModNotFoundError (../../node_modules/.bun/jest-resolve@30.5.1/node_modules/jest-resolve/build/index.js:1031:11)
      at Object.<anonymous> (../core/src/utils/edgeRegion.ts:1:1)
      at Object.<anonymous> (../core/src/HttpService.ts:27:1)
      at Object.<anonymous> (../core/src/OxyServices.ts:23:1)
      at Object.<anonymous> (../core/src/index.ts:33:1)
      at Object.<anonymous> (src/ui/session/backgroundSession.ts:39:1)
      at src/ui/session/__tests__/backgroundSession.test.ts:73:3

  ● syncBackgroundSession › waits for a bearer instead of provisioning without one

    Cannot find module '@oxy.so/telemetry/browser' from '../core/src/utils/edgeRegion.ts'

    Require stack:
      /home/nate/Oxy/oxy/.worktrees/1519-refresh-context-cas-20261003/packages/core/src/utils/edgeRegion.ts
      /home/nate/Oxy/oxy/.worktrees/1519-refresh-context-cas-20261003/packages/core/src/HttpService.ts
      /home/nate/Oxy/oxy/.worktrees/1519-refresh-context-cas-20261003/packages/core/src/OxyServices.ts
      /home/nate/Oxy/oxy/.worktrees/1519-refresh-context-cas-20261003/packages/core/src/index.ts
      src/ui/session/backgroundSession.ts

    > 1 | export { peekBrowserEdgeRegionHeader } from '@oxy.so/telemetry/browser';
        | ^
      2 |

      at Resolver._throwModNotFoundError (../../node_modules/.bun/jest-resolve@30.5.1/node_modules/jest-resolve/build/index.js:1031:11)
      at Object.<anonymous> (../core/src/utils/edgeRegion.ts:1:1)
      at Object.<anonymous> (../core/src/HttpService.ts:27:1)
      at Object.<anonymous> (../core/src/OxyServices.ts:23:1)
      at Object.<anonymous> (../core/src/index.ts:33:1)
      at Object.<anonymous> (src/ui/session/backgroundSession.ts:39:1)
      at src/ui/session/__tests__/backgroundSession.test.ts:73:3

  ● syncBackgroundSession › a not-yet-deployed endpoint (null) is quiet and writes nothing

    Cannot find module '@oxy.so/telemetry/browser' from '../core/src/utils/edgeRegion.ts'

    Require stack:
      /home/nate/Oxy/oxy/.worktrees/1519-refresh-context-cas-20261003/packages/core/src/utils/edgeRegion.ts
      /home/nate/Oxy/oxy/.worktrees/1519-refresh-context-cas-20261003/packages/core/src/HttpService.ts
      /home/nate/Oxy/oxy/.worktrees/1519-refresh-context-cas-20261003/packages/core/src/OxyServices.ts
      /home/nate/Oxy/oxy/.worktrees/1519-refresh-context-cas-20261003/packages/core/src/index.ts
      src/ui/session/backgroundSession.ts

    > 1 | export { peekBrowserEdgeRegionHeader } from '@oxy.so/telemetry/browser';
        | ^
      2 |

      at Resolver._throwModNotFoundError (../../node_modules/.bun/jest-resolve@30.5.1/node_modules/jest-resolve/build/index.js:1031:11)
      at Object.<anonymous> (../core/src/utils/edgeRegion.ts:1:1)
      at Object.<anonymous> (../core/src/HttpService.ts:27:1)
      at Object.<anonymous> (../core/src/OxyServices.ts:23:1)
      at Object.<anonymous> (../core/src/index.ts:33:1)
      at Object.<anonymous> (src/ui/session/backgroundSession.ts:39:1)
      at src/ui/session/__tests__/backgroundSession.test.ts:73:3

  ● syncBackgroundSession › a credential minted for another account mid-flight is dropped, not stored

    Cannot find module '@oxy.so/telemetry/browser' from '../core/src/utils/edgeRegion.ts'

    Require stack:
      /home/nate/Oxy/oxy/.worktrees/1519-refresh-context-cas-20261003/packages/core/src/utils/edgeRegion.ts
      /home/nate/Oxy/oxy/.worktrees/1519-refresh-context-cas-20261003/packages/core/src/HttpService.ts
      /home/nate/Oxy/oxy/.worktrees/1519-refresh-context-cas-20261003/packages/core/src/OxyServices.ts
      /home/nate/Oxy/oxy/.worktrees/1519-refresh-context-cas-20261003/packages/core/src/index.ts
      src/ui/session/backgroundSession.ts

    > 1 | export { peekBrowserEdgeRegionHeader } from '@oxy.so/telemetry/browser';
        | ^
      2 |

      at Resolver._throwModNotFoundError (../../node_modules/.bun/jest-resolve@30.5.1/node_modules/jest-resolve/build/index.js:1031:11)
      at Object.<anonymous> (../core/src/utils/edgeRegion.ts:1:1)
      at Object.<anonymous> (../core/src/HttpService.ts:27:1)
      at Object.<anonymous> (../core/src/OxyServices.ts:23:1)
      at Object.<anonymous> (../core/src/index.ts:33:1)
      at Object.<anonymous> (src/ui/session/backgroundSession.ts:39:1)
      at src/ui/session/__tests__/backgroundSession.test.ts:73:3

  ● syncBackgroundSession › a superseded run does not write the credential it fetched

    Cannot find module '@oxy.so/telemetry/browser' from '../core/src/utils/edgeRegion.ts'

    Require stack:
      /home/nate/Oxy/oxy/.worktrees/1519-refresh-context-cas-20261003/packages/core/src/utils/edgeRegion.ts
      /home/nate/Oxy/oxy/.worktrees/1519-refresh-context-cas-20261003/packages/core/src/HttpService.ts
      /home/nate/Oxy/oxy/.worktrees/1519-refresh-context-cas-20261003/packages/core/src/OxyServices.ts
      /home/nate/Oxy/oxy/.worktrees/1519-refresh-context-cas-20261003/packages/core/src/index.ts
      src/ui/session/backgroundSession.ts

    > 1 | export { peekBrowserEdgeRegionHeader } from '@oxy.so/telemetry/browser';
        | ^
      2 |

      at Resolver._throwModNotFoundError (../../node_modules/.bun/jest-resolve@30.5.1/node_modules/jest-resolve/build/index.js:1031:11)
      at Object.<anonymous> (../core/src/utils/edgeRegion.ts:1:1)
      at Object.<anonymous> (../core/src/HttpService.ts:27:1)
      at Object.<anonymous> (../core/src/OxyServices.ts:23:1)
      at Object.<anonymous> (../core/src/index.ts:33:1)
      at Object.<anonymous> (src/ui/session/backgroundSession.ts:39:1)
      at src/ui/session/__tests__/backgroundSession.test.ts:73:3

  ● syncBackgroundSession › an unparseable expiry is rejected rather than stored as garbage

    Cannot find module '@oxy.so/telemetry/browser' from '../core/src/utils/edgeRegion.ts'

    Require stack:
      /home/nate/Oxy/oxy/.worktrees/1519-refresh-context-cas-20261003/packages/core/src/utils/edgeRegion.ts
      /home/nate/Oxy/oxy/.worktrees/1519-refresh-context-cas-20261003/packages/core/src/HttpService.ts
      /home/nate/Oxy/oxy/.worktrees/1519-refresh-context-cas-20261003/packages/core/src/OxyServices.ts
      /home/nate/Oxy/oxy/.worktrees/1519-refresh-context-cas-20261003/packages/core/src/index.ts
      src/ui/session/backgroundSession.ts

    > 1 | export { peekBrowserEdgeRegionHeader } from '@oxy.so/telemetry/browser';
        | ^
      2 |

      at Resolver._throwModNotFoundError (../../node_modules/.bun/jest-resolve@30.5.1/node_modules/jest-resolve/build/index.js:1031:11)
      at Object.<anonymous> (../core/src/utils/edgeRegion.ts:1:1)
      at Object.<anonymous> (../core/src/HttpService.ts:27:1)
      at Object.<anonymous> (../core/src/OxyServices.ts:23:1)
      at Object.<anonymous> (../core/src/index.ts:33:1)
      at Object.<anonymous> (src/ui/session/backgroundSession.ts:39:1)
      at src/ui/session/__tests__/backgroundSession.test.ts:73:3

  ● syncBackgroundSession › a provisioning failure never escapes to the caller

    Cannot find module '@oxy.so/telemetry/browser' from '../core/src/utils/edgeRegion.ts'

    Require stack:
      /home/nate/Oxy/oxy/.worktrees/1519-refresh-context-cas-20261003/packages/core/src/utils/edgeRegion.ts
      /home/nate/Oxy/oxy/.worktrees/1519-refresh-context-cas-20261003/packages/core/src/HttpService.ts
      /home/nate/Oxy/oxy/.worktrees/1519-refresh-context-cas-20261003/packages/core/src/OxyServices.ts
      /home/nate/Oxy/oxy/.worktrees/1519-refresh-context-cas-20261003/packages/core/src/index.ts
      src/ui/session/backgroundSession.ts

    > 1 | export { peekBrowserEdgeRegionHeader } from '@oxy.so/telemetry/browser';
        | ^
      2 |

      at Resolver._throwModNotFoundError (../../node_modules/.bun/jest-resolve@30.5.1/node_modules/jest-resolve/build/index.js:1031:11)
      at Object.<anonymous> (../core/src/utils/edgeRegion.ts:1:1)
      at Object.<anonymous> (../core/src/HttpService.ts:27:1)
      at Object.<anonymous> (../core/src/OxyServices.ts:23:1)
      at Object.<anonymous> (../core/src/index.ts:33:1)
      at Object.<anonymous> (src/ui/session/backgroundSession.ts:39:1)
      at src/ui/session/__tests__/backgroundSession.test.ts:73:3

  ● on web › does not provision even when a native module IS present

    Cannot find module '@oxy.so/telemetry/browser' from '../core/src/utils/edgeRegion.ts'

    Require stack:
      /home/nate/Oxy/oxy/.worktrees/1519-refresh-context-cas-20261003/packages/core/src/utils/edgeRegion.ts
      /home/nate/Oxy/oxy/.worktrees/1519-refresh-context-cas-20261003/packages/core/src/HttpService.ts
      /home/nate/Oxy/oxy/.worktrees/1519-refresh-context-cas-20261003/packages/core/src/OxyServices.ts
      /home/nate/Oxy/oxy/.worktrees/1519-refresh-context-cas-20261003/packages/core/src/index.ts
      src/ui/session/backgroundSession.ts

    > 1 | export { peekBrowserEdgeRegionHeader } from '@oxy.so/telemetry/browser';
        | ^
      2 |

      at Resolver._throwModNotFoundError (../../node_modules/.bun/jest-resolve@30.5.1/node_modules/jest-resolve/build/index.js:1031:11)
      at Object.<anonymous> (../core/src/utils/edgeRegion.ts:1:1)
      at Object.<anonymous> (../core/src/HttpService.ts:27:1)
      at Object.<anonymous> (../core/src/OxyServices.ts:23:1)
      at Object.<anonymous> (../core/src/index.ts:33:1)
      at Object.<anonymous> (src/ui/session/backgroundSession.ts:39:1)
      at src/ui/session/__tests__/backgroundSession.test.ts:73:3

  ● on web › never asks the native registry on web

    Cannot find module '@oxy.so/telemetry/browser' from '../core/src/utils/edgeRegion.ts'

    Require stack:
      /home/nate/Oxy/oxy/.worktrees/1519-refresh-context-cas-20261003/packages/core/src/utils/edgeRegion.ts
      /home/nate/Oxy/oxy/.worktrees/1519-refresh-context-cas-20261003/packages/core/src/HttpService.ts
      /home/nate/Oxy/oxy/.worktrees/1519-refresh-context-cas-20261003/packages/core/src/OxyServices.ts
      /home/nate/Oxy/oxy/.worktrees/1519-refresh-context-cas-20261003/packages/core/src/index.ts
      src/ui/session/backgroundSession.ts

    > 1 | export { peekBrowserEdgeRegionHeader } from '@oxy.so/telemetry/browser';
        | ^
      2 |

      at Resolver._throwModNotFoundError (../../node_modules/.bun/jest-resolve@30.5.1/node_modules/jest-resolve/build/index.js:1031:11)
      at Object.<anonymous> (../core/src/utils/edgeRegion.ts:1:1)
      at Object.<anonymous> (../core/src/HttpService.ts:27:1)
      at Object.<anonymous> (../core/src/OxyServices.ts:23:1)
      at Object.<anonymous> (../core/src/index.ts:33:1)
      at Object.<anonymous> (src/ui/session/backgroundSession.ts:39:1)
      at src/ui/session/__tests__/backgroundSession.test.ts:73:3

  ● without the native module › every entry point is an inert no-op

    Cannot find module '@oxy.so/telemetry/browser' from '../core/src/utils/edgeRegion.ts'

    Require stack:
      /home/nate/Oxy/oxy/.worktrees/1519-refresh-context-cas-20261003/packages/core/src/utils/edgeRegion.ts
      /home/nate/Oxy/oxy/.worktrees/1519-refresh-context-cas-20261003/packages/core/src/HttpService.ts
      /home/nate/Oxy/oxy/.worktrees/1519-refresh-context-cas-20261003/packages/core/src/OxyServices.ts
      /home/nate/Oxy/oxy/.worktrees/1519-refresh-context-cas-20261003/packages/core/src/index.ts
      src/ui/session/backgroundSession.ts

    > 1 | export { peekBrowserEdgeRegionHeader } from '@oxy.so/telemetry/browser';
        | ^
      2 |

      at Resolver._throwModNotFoundError (../../node_modules/.bun/jest-resolve@30.5.1/node_modules/jest-resolve/build/index.js:1031:11)
      at Object.<anonymous> (../core/src/utils/edgeRegion.ts:1:1)
      at Object.<anonymous> (../core/src/HttpService.ts:27:1)
      at Object.<anonymous> (../core/src/OxyServices.ts:23:1)
      at Object.<anonymous> (../core/src/index.ts:33:1)
      at Object.<anonymous> (src/ui/session/backgroundSession.ts:39:1)
      at src/ui/session/__tests__/backgroundSession.test.ts:73:3

FAIL __tests__/context/browserBridge.test.tsx
  ● Test suite failed to run

    Cannot find module '@oxy.so/core/session' from '__tests__/context/browserBridge.test.tsx'

      13 | import { render, waitFor, act, type RenderResult } from '@testing-library/react';
      14 | import { QueryClient, QueryClientProvider } from '@tanstack/react-query';
    > 15 | import { AUTH_STATE_STORAGE_KEY } from '@oxy.so/core/session';
         | ^
      16 | import { type User } from '@oxy.so/core';
      17 | import { OXY_BRIDGE_CODE_MESSAGE_TYPE, OXY_BRIDGE_WINDOW_NAME } from '../../src/ui/oauth/browserBridge';
      18 |

      at Resolver._throwModNotFoundError (../../node_modules/.bun/jest-resolve@30.5.1/node_modules/jest-resolve/build/index.js:1031:11)
      at Object.<anonymous> (__tests__/context/browserBridge.test.tsx:15:1)

FAIL __tests__/hooks/accountQueryPersistence.test.ts
  ● Test suite failed to run

    Cannot find module '@oxy.so/telemetry/browser' from '../core/src/utils/edgeRegion.ts'

    Require stack:
      /home/nate/Oxy/oxy/.worktrees/1519-refresh-context-cas-20261003/packages/core/src/utils/edgeRegion.ts
      /home/nate/Oxy/oxy/.worktrees/1519-refresh-context-cas-20261003/packages/core/src/HttpService.ts
      /home/nate/Oxy/oxy/.worktrees/1519-refresh-context-cas-20261003/packages/core/src/OxyServices.ts
      /home/nate/Oxy/oxy/.worktrees/1519-refresh-context-cas-20261003/packages/core/src/index.ts
      src/ui/hooks/queryClient.ts
      __tests__/hooks/accountQueryPersistence.test.ts

    > 1 | export { peekBrowserEdgeRegionHeader } from '@oxy.so/telemetry/browser';
        | ^
      2 |

      at Resolver._throwModNotFoundError (../../node_modules/.bun/jest-resolve@30.5.1/node_modules/jest-resolve/build/index.js:1031:11)
      at Object.<anonymous> (../core/src/utils/edgeRegion.ts:1:1)
      at Object.<anonymous> (../core/src/HttpService.ts:27:1)
      at Object.<anonymous> (../core/src/OxyServices.ts:23:1)
      at Object.<anonymous> (../core/src/index.ts:33:1)
      at Object.<anonymous> (src/ui/hooks/queryClient.ts:26:1)
      at Object.<anonymous> (__tests__/hooks/accountQueryPersistence.test.ts:8:1)

FAIL src/ui/oauth/__tests__/oauthPopup.test.ts
  ● Test suite failed to run

    Cannot find module '@oxy.so/telemetry/browser' from '../core/src/utils/edgeRegion.ts'

    Require stack:
      /home/nate/Oxy/oxy/.worktrees/1519-refresh-context-cas-20261003/packages/core/src/utils/edgeRegion.ts
      /home/nate/Oxy/oxy/.worktrees/1519-refresh-context-cas-20261003/packages/core/src/HttpService.ts
      /home/nate/Oxy/oxy/.worktrees/1519-refresh-context-cas-20261003/packages/core/src/OxyServices.ts
      /home/nate/Oxy/oxy/.worktrees/1519-refresh-context-cas-20261003/packages/core/src/index.ts
      src/ui/oauth/oauthPopup.ts
      src/ui/oauth/__tests__/oauthPopup.test.ts

    > 1 | export { peekBrowserEdgeRegionHeader } from '@oxy.so/telemetry/browser';
        | ^
      2 |

      at Resolver._throwModNotFoundError (../../node_modules/.bun/jest-resolve@30.5.1/node_modules/jest-resolve/build/index.js:1031:11)
      at Object.<anonymous> (../core/src/utils/edgeRegion.ts:1:1)
      at Object.<anonymous> (../core/src/HttpService.ts:27:1)
      at Object.<anonymous> (../core/src/OxyServices.ts:23:1)
      at Object.<anonymous> (../core/src/index.ts:33:1)
      at Object.<anonymous> (src/ui/oauth/oauthPopup.ts:21:1)
      at Object.<anonymous> (src/ui/oauth/__tests__/oauthPopup.test.ts:1:1)

FAIL src/ui/context/__tests__/commitSessionFlow.test.ts
  ● Test suite failed to run

    Cannot find module '@oxy.so/telemetry/browser' from '../core/src/utils/edgeRegion.ts'

    Require stack:
      /home/nate/Oxy/oxy/.worktrees/1519-refresh-context-cas-20261003/packages/core/src/utils/edgeRegion.ts
      /home/nate/Oxy/oxy/.worktrees/1519-refresh-context-cas-20261003/packages/core/src/HttpService.ts
      /home/nate/Oxy/oxy/.worktrees/1519-refresh-context-cas-20261003/packages/core/src/OxyServices.ts
      /home/nate/Oxy/oxy/.worktrees/1519-refresh-context-cas-20261003/packages/core/src/index.ts
      src/ui/context/__tests__/commitSessionFlow.test.ts

    > 1 | export { peekBrowserEdgeRegionHeader } from '@oxy.so/telemetry/browser';
        | ^
      2 |

      at Resolver._throwModNotFoundError (../../node_modules/.bun/jest-resolve@30.5.1/node_modules/jest-resolve/build/index.js:1031:11)
      at Object.<anonymous> (../core/src/utils/edgeRegion.ts:1:1)
      at Object.<anonymous> (../core/src/HttpService.ts:27:1)
      at Object.<anonymous> (../core/src/OxyServices.ts:23:1)
      at Object.<anonymous> (../core/src/index.ts:33:1)
      at Object.<anonymous> (src/ui/context/__tests__/commitSessionFlow.test.ts:2:1)

FAIL src/ui/oauth/__tests__/browserBridge.test.ts
  ● Test suite failed to run

    Cannot find module '@oxy.so/telemetry/browser' from '../core/src/utils/edgeRegion.ts'

    Require stack:
      /home/nate/Oxy/oxy/.worktrees/1519-refresh-context-cas-20261003/packages/core/src/utils/edgeRegion.ts
      /home/nate/Oxy/oxy/.worktrees/1519-refresh-context-cas-20261003/packages/core/src/HttpService.ts
      /home/nate/Oxy/oxy/.worktrees/1519-refresh-context-cas-20261003/packages/core/src/OxyServices.ts
      /home/nate/Oxy/oxy/.worktrees/1519-refresh-context-cas-20261003/packages/core/src/index.ts
      src/ui/oauth/__tests__/browserBridge.test.ts

    > 1 | export { peekBrowserEdgeRegionHeader } from '@oxy.so/telemetry/browser';
        | ^
      2 |

      at Resolver._throwModNotFoundError (../../node_modules/.bun/jest-resolve@30.5.1/node_modules/jest-resolve/build/index.js:1031:11)
      at Object.<anonymous> (../core/src/utils/edgeRegion.ts:1:1)
      at Object.<anonymous> (../core/src/HttpService.ts:27:1)
      at Object.<anonymous> (../core/src/OxyServices.ts:23:1)
      at Object.<anonymous> (../core/src/index.ts:33:1)
      at Object.<anonymous> (src/ui/oauth/__tests__/browserBridge.test.ts:7:1)

FAIL src/ui/components/__tests__/OxyConsentScreen.test.tsx
  ● Test suite failed to run

    Cannot find module '@oxy.so/telemetry/browser' from '../core/src/utils/edgeRegion.ts'

    Require stack:
      /home/nate/Oxy/oxy/.worktrees/1519-refresh-context-cas-20261003/packages/core/src/utils/edgeRegion.ts
      /home/nate/Oxy/oxy/.worktrees/1519-refresh-context-cas-20261003/packages/core/src/HttpService.ts
      /home/nate/Oxy/oxy/.worktrees/1519-refresh-context-cas-20261003/packages/core/src/OxyServices.ts
      /home/nate/Oxy/oxy/.worktrees/1519-refresh-context-cas-20261003/packages/core/src/index.ts
      src/ui/components/OxyConsentScreen.tsx
      src/ui/components/__tests__/OxyConsentScreen.test.tsx

    > 1 | export { peekBrowserEdgeRegionHeader } from '@oxy.so/telemetry/browser';
        | ^
      2 |

      at Resolver._throwModNotFoundError (../../node_modules/.bun/jest-resolve@30.5.1/node_modules/jest-resolve/build/index.js:1031:11)
      at Object.<anonymous> (../core/src/utils/edgeRegion.ts:1:1)
      at Object.<anonymous> (../core/src/HttpService.ts:27:1)
      at Object.<anonymous> (../core/src/OxyServices.ts:23:1)
      at Object.<anonymous> (../core/src/index.ts:33:1)
      at Object.<anonymous> (src/ui/components/OxyConsentScreen.tsx:23:1)
      at Object.<anonymous> (src/ui/components/__tests__/OxyConsentScreen.test.tsx:9:1)

FAIL __tests__/context/sessionClientProjection.test.tsx
  ● Test suite failed to run

    Cannot find module '@oxy.so/telemetry/browser' from '../core/src/utils/edgeRegion.ts'

    Require stack:
      /home/nate/Oxy/oxy/.worktrees/1519-refresh-context-cas-20261003/packages/core/src/utils/edgeRegion.ts
      /home/nate/Oxy/oxy/.worktrees/1519-refresh-context-cas-20261003/packages/core/src/HttpService.ts
      /home/nate/Oxy/oxy/.worktrees/1519-refresh-context-cas-20261003/packages/core/src/OxyServices.ts
      /home/nate/Oxy/oxy/.worktrees/1519-refresh-context-cas-20261003/packages/core/src/index.ts
      src/ui/components/oauthNavigation.ts
      src/ui/oauth/nativeAuthTransport.ts
      src/ui/context/OxyContext.tsx
      __tests__/context/sessionClientProjection.test.tsx

    > 1 | export { peekBrowserEdgeRegionHeader } from '@oxy.so/telemetry/browser';
        | ^
      2 |

      at Resolver._throwModNotFoundError (../../node_modules/.bun/jest-resolve@30.5.1/node_modules/jest-resolve/build/index.js:1031:11)
      at Object.<anonymous> (../core/src/utils/edgeRegion.ts:1:1)
      at Object.<anonymous> (../core/src/HttpService.ts:27:1)
      at Object.<anonymous> (../core/src/OxyServices.ts:23:1)
      at Object.<anonymous> (../core/src/index.ts:33:1)
      at Object.<anonymous> (src/ui/components/oauthNavigation.ts:12:1)
      at Object.<anonymous> (src/ui/oauth/nativeAuthTransport.ts:2:1)
      at Object.<anonymous> (src/ui/context/OxyContext.tsx:1:1)
      at Object.<anonymous> (__tests__/context/sessionClientProjection.test.tsx:59:1)

FAIL src/ui/oauth/__tests__/explicitOAuthConsent.test.ts
  ● Test suite failed to run

    Cannot find module '@oxy.so/telemetry/browser' from '../core/src/utils/edgeRegion.ts'

    Require stack:
      /home/nate/Oxy/oxy/.worktrees/1519-refresh-context-cas-20261003/packages/core/src/utils/edgeRegion.ts
      /home/nate/Oxy/oxy/.worktrees/1519-refresh-context-cas-20261003/packages/core/src/HttpService.ts
      /home/nate/Oxy/oxy/.worktrees/1519-refresh-context-cas-20261003/packages/core/src/OxyServices.ts
      /home/nate/Oxy/oxy/.worktrees/1519-refresh-context-cas-20261003/packages/core/src/index.ts
      src/ui/oauth/__tests__/explicitOAuthConsent.test.ts

    > 1 | export { peekBrowserEdgeRegionHeader } from '@oxy.so/telemetry/browser';
        | ^
      2 |

      at Resolver._throwModNotFoundError (../../node_modules/.bun/jest-resolve@30.5.1/node_modules/jest-resolve/build/index.js:1031:11)
      at Object.<anonymous> (../core/src/utils/edgeRegion.ts:1:1)
      at Object.<anonymous> (../core/src/HttpService.ts:27:1)
      at Object.<anonymous> (../core/src/OxyServices.ts:23:1)
      at Object.<anonymous> (../core/src/index.ts:33:1)
      at Object.<anonymous> (src/ui/oauth/__tests__/explicitOAuthConsent.test.ts:7:1)

FAIL __tests__/utils/oauthReturn.test.ts
  ● Test suite failed to run

    Cannot find module '@oxy.so/telemetry/browser' from '../core/src/utils/edgeRegion.ts'

    Require stack:
      /home/nate/Oxy/oxy/.worktrees/1519-refresh-context-cas-20261003/packages/core/src/utils/edgeRegion.ts
      /home/nate/Oxy/oxy/.worktrees/1519-refresh-context-cas-20261003/packages/core/src/HttpService.ts
      /home/nate/Oxy/oxy/.worktrees/1519-refresh-context-cas-20261003/packages/core/src/OxyServices.ts
      /home/nate/Oxy/oxy/.worktrees/1519-refresh-context-cas-20261003/packages/core/src/index.ts
      src/ui/utils/oauthReturn.ts
      __tests__/utils/oauthReturn.test.ts

    > 1 | export { peekBrowserEdgeRegionHeader } from '@oxy.so/telemetry/browser';
        | ^
      2 |

      at Resolver._throwModNotFoundError (../../node_modules/.bun/jest-resolve@30.5.1/node_modules/jest-resolve/build/index.js:1031:11)
      at Object.<anonymous> (../core/src/utils/edgeRegion.ts:1:1)
      at Object.<anonymous> (../core/src/HttpService.ts:27:1)
      at Object.<anonymous> (../core/src/OxyServices.ts:23:1)
      at Object.<anonymous> (../core/src/index.ts:33:1)
      at Object.<anonymous> (src/ui/utils/oauthReturn.ts:2:1)
      at Object.<anonymous> (__tests__/utils/oauthReturn.test.ts:2:1)

FAIL __tests__/boot/runProviderColdBoot.test.ts
  ● Test suite failed to run

    Cannot find module '@oxy.so/core/session' from '__tests__/boot/runProviderColdBoot.test.ts'

    To mock a module that does not exist on disk, pass `{virtual: true}` in the mock options. See https://jestjs.io/docs/jest-object#jestmockmodulename-factory-options

      37 |   logger: { warn: (...args: unknown[]) => loggerWarn(...args), debug: jest.fn(), error: jest.fn() },
      38 | }));
    > 39 | jest.mock('@oxy.so/core/session', () => ({
         |      ^
      40 |   runSessionColdBoot: (opts: ColdBootOpts) => runSessionColdBootMock(opts),
      41 | }));
      42 |

      at Resolver._throwModNotFoundError (../../node_modules/.bun/jest-resolve@30.5.1/node_modules/jest-resolve/build/index.js:1031:11)
      at Object.<anonymous> (__tests__/boot/runProviderColdBoot.test.ts:39:6)

FAIL __tests__/hooks/useDeviceSwitcher.test.tsx
  ● Test suite failed to run

    Cannot find module '@oxy.so/core/session' from '__tests__/hooks/useDeviceSwitcher.test.tsx'

      14 | import type { DeviceDirectory } from '@oxy.so/contracts';
      15 | import type { AccountDialogSnapshot } from '@oxy.so/core/session';
    > 16 | import { resolveActiveContext } from '@oxy.so/core/session';
         | ^
      17 |
      18 | /** Nate and Alice, both able to act as `org`. */
      19 | const sharedDirectory = (activeContextId: string | null): DeviceDirectory => ({

      at Resolver._throwModNotFoundError (../../node_modules/.bun/jest-resolve@30.5.1/node_modules/jest-resolve/build/index.js:1031:11)
      at Object.<anonymous> (__tests__/hooks/useDeviceSwitcher.test.tsx:16:1)

FAIL src/ui/session/__tests__/tokenTransport.test.ts
  ● Test suite failed to run

    Cannot find module '@oxy.so/telemetry/browser' from '../core/src/utils/edgeRegion.ts'

    Require stack:
      /home/nate/Oxy/oxy/.worktrees/1519-refresh-context-cas-20261003/packages/core/src/utils/edgeRegion.ts
      /home/nate/Oxy/oxy/.worktrees/1519-refresh-context-cas-20261003/packages/core/src/HttpService.ts
      /home/nate/Oxy/oxy/.worktrees/1519-refresh-context-cas-20261003/packages/core/src/OxyServices.ts
      /home/nate/Oxy/oxy/.worktrees/1519-refresh-context-cas-20261003/packages/core/src/index.ts
      src/ui/session/__tests__/tokenTransport.test.ts

    > 1 | export { peekBrowserEdgeRegionHeader } from '@oxy.so/telemetry/browser';
        | ^
      2 |

      at Resolver._throwModNotFoundError (../../node_modules/.bun/jest-resolve@30.5.1/node_modules/jest-resolve/build/index.js:1031:11)
      at Object.<anonymous> (../core/src/utils/edgeRegion.ts:1:1)
      at Object.<anonymous> (../core/src/HttpService.ts:27:1)
      at Object.<anonymous> (../core/src/OxyServices.ts:23:1)
      at Object.<anonymous> (../core/src/index.ts:33:1)
      at Object.<anonymous> (src/ui/session/__tests__/tokenTransport.test.ts:2:1)

FAIL src/ui/oauth/__tests__/sharedCompletionPath.test.ts
  ● Test suite failed to run

    Cannot find module '@oxy.so/telemetry/browser' from '../core/src/utils/edgeRegion.ts'

    Require stack:
      /home/nate/Oxy/oxy/.worktrees/1519-refresh-context-cas-20261003/packages/core/src/utils/edgeRegion.ts
      /home/nate/Oxy/oxy/.worktrees/1519-refresh-context-cas-20261003/packages/core/src/HttpService.ts
      /home/nate/Oxy/oxy/.worktrees/1519-refresh-context-cas-20261003/packages/core/src/OxyServices.ts
      /home/nate/Oxy/oxy/.worktrees/1519-refresh-context-cas-20261003/packages/core/src/index.ts
      src/ui/oauth/__tests__/sharedCompletionPath.test.ts

    > 1 | export { peekBrowserEdgeRegionHeader } from '@oxy.so/telemetry/browser';
        | ^
      2 |

      at Resolver._throwModNotFoundError (../../node_modules/.bun/jest-resolve@30.5.1/node_modules/jest-resolve/build/index.js:1031:11)
      at Object.<anonymous> (../core/src/utils/edgeRegion.ts:1:1)
      at Object.<anonymous> (../core/src/HttpService.ts:27:1)
      at Object.<anonymous> (../core/src/OxyServices.ts:23:1)
      at Object.<anonymous> (../core/src/index.ts:33:1)
      at Object.<anonymous> (src/ui/oauth/__tests__/sharedCompletionPath.test.ts:18:1)

FAIL __tests__/context/tokenLossKeepsSession.test.tsx
  ● Test suite failed to run

    Cannot find module '@oxy.so/telemetry/browser' from '../core/src/utils/edgeRegion.ts'

    Require stack:
      /home/nate/Oxy/oxy/.worktrees/1519-refresh-context-cas-20261003/packages/core/src/utils/edgeRegion.ts
      /home/nate/Oxy/oxy/.worktrees/1519-refresh-context-cas-20261003/packages/core/src/HttpService.ts
      /home/nate/Oxy/oxy/.worktrees/1519-refresh-context-cas-20261003/packages/core/src/OxyServices.ts
      /home/nate/Oxy/oxy/.worktrees/1519-refresh-context-cas-20261003/packages/core/src/index.ts
      src/ui/components/oauthNavigation.ts
      src/ui/oauth/nativeAuthTransport.ts
      src/ui/context/OxyContext.tsx
      __tests__/context/tokenLossKeepsSession.test.tsx

    > 1 | export { peekBrowserEdgeRegionHeader } from '@oxy.so/telemetry/browser';
        | ^
      2 |

      at Resolver._throwModNotFoundError (../../node_modules/.bun/jest-resolve@30.5.1/node_modules/jest-resolve/build/index.js:1031:11)
      at Object.<anonymous> (../core/src/utils/edgeRegion.ts:1:1)
      at Object.<anonymous> (../core/src/HttpService.ts:27:1)
      at Object.<anonymous> (../core/src/OxyServices.ts:23:1)
      at Object.<anonymous> (../core/src/index.ts:33:1)
      at Object.<anonymous> (src/ui/components/oauthNavigation.ts:12:1)
      at Object.<anonymous> (src/ui/oauth/nativeAuthTransport.ts:2:1)
      at Object.<anonymous> (src/ui/context/OxyContext.tsx:1:1)
      at Object.<anonymous> (__tests__/context/tokenLossKeepsSession.test.tsx:63:1)

FAIL src/ui/session/__tests__/tokenLossRecovery.test.ts
  ● Test suite failed to run

    Cannot find module '@oxy.so/telemetry/browser' from '../core/src/utils/edgeRegion.ts'

    Require stack:
      /home/nate/Oxy/oxy/.worktrees/1519-refresh-context-cas-20261003/packages/core/src/utils/edgeRegion.ts
      /home/nate/Oxy/oxy/.worktrees/1519-refresh-context-cas-20261003/packages/core/src/HttpService.ts
      /home/nate/Oxy/oxy/.worktrees/1519-refresh-context-cas-20261003/packages/core/src/OxyServices.ts
      /home/nate/Oxy/oxy/.worktrees/1519-refresh-context-cas-20261003/packages/core/src/index.ts
      src/ui/session/tokenLossRecovery.ts
      src/ui/session/__tests__/tokenLossRecovery.test.ts

    > 1 | export { peekBrowserEdgeRegionHeader } from '@oxy.so/telemetry/browser';
        | ^
      2 |

      at Resolver._throwModNotFoundError (../../node_modules/.bun/jest-resolve@30.5.1/node_modules/jest-resolve/build/index.js:1031:11)
      at Object.<anonymous> (../core/src/utils/edgeRegion.ts:1:1)
      at Object.<anonymous> (../core/src/HttpService.ts:27:1)
      at Object.<anonymous> (../core/src/OxyServices.ts:23:1)
      at Object.<anonymous> (../core/src/index.ts:33:1)
      at Object.<anonymous> (src/ui/session/tokenLossRecovery.ts:30:1)
      at Object.<anonymous> (src/ui/session/__tests__/tokenLossRecovery.test.ts:10:1)

FAIL __tests__/components/signIn/OxyLinkCommonsPanel.test.tsx
  ● Test suite failed to run

    Cannot find module '@oxy.so/core/crypto' from '__tests__/components/signIn/OxyLinkCommonsPanel.test.tsx'

       6 |
       7 | import { act, fireEvent, render, screen, waitFor } from '@testing-library/react';
    >  8 | import { deriveIdentityLinkCode } from '@oxy.so/core/crypto';
         | ^
       9 |
      10 | const LINK = {
      11 |   linkId: 'ab'.repeat(16),

      at Resolver._throwModNotFoundError (../../node_modules/.bun/jest-resolve@30.5.1/node_modules/jest-resolve/build/index.js:1031:11)
      at Object.<anonymous> (__tests__/components/signIn/OxyLinkCommonsPanel.test.tsx:8:1)

FAIL src/ui/oauth/__tests__/oauthPopupMessages.test.ts
  ● Test suite failed to run

    Cannot find module '@oxy.so/telemetry/browser' from '../core/src/utils/edgeRegion.ts'

    Require stack:
      /home/nate/Oxy/oxy/.worktrees/1519-refresh-context-cas-20261003/packages/core/src/utils/edgeRegion.ts
      /home/nate/Oxy/oxy/.worktrees/1519-refresh-context-cas-20261003/packages/core/src/HttpService.ts
      /home/nate/Oxy/oxy/.worktrees/1519-refresh-context-cas-20261003/packages/core/src/OxyServices.ts
      /home/nate/Oxy/oxy/.worktrees/1519-refresh-context-cas-20261003/packages/core/src/index.ts
      src/ui/oauth/oauthPopupMessages.ts
      src/ui/oauth/__tests__/oauthPopupMessages.test.ts

    > 1 | export { peekBrowserEdgeRegionHeader } from '@oxy.so/telemetry/browser';
        | ^
      2 |

      at Resolver._throwModNotFoundError (../../node_modules/.bun/jest-resolve@30.5.1/node_modules/jest-resolve/build/index.js:1031:11)
      at Object.<anonymous> (../core/src/utils/edgeRegion.ts:1:1)
      at Object.<anonymous> (../core/src/HttpService.ts:27:1)
      at Object.<anonymous> (../core/src/OxyServices.ts:23:1)
      at Object.<anonymous> (../core/src/index.ts:33:1)
      at Object.<anonymous> (src/ui/oauth/oauthPopupMessages.ts:21:1)
      at Object.<anonymous> (src/ui/oauth/__tests__/oauthPopupMessages.test.ts:1:1)

FAIL __tests__/components/OxyAccountDialogScreen.test.tsx
  ● OxyAccountDialogScreen — shared nav header › keeps the informative title (and drops the wordmark) on the other views

    Cannot find module '@oxy.so/telemetry/browser' from '../core/src/utils/edgeRegion.ts'

    Require stack:
      /home/nate/Oxy/oxy/.worktrees/1519-refresh-context-cas-20261003/packages/core/src/utils/edgeRegion.ts
      /home/nate/Oxy/oxy/.worktrees/1519-refresh-context-cas-20261003/packages/core/src/HttpService.ts
      /home/nate/Oxy/oxy/.worktrees/1519-refresh-context-cas-20261003/packages/core/src/OxyServices.ts
      /home/nate/Oxy/oxy/.worktrees/1519-refresh-context-cas-20261003/packages/core/src/index.ts
      __tests__/components/OxyAccountDialogScreen.test.tsx

    > 1 | export { peekBrowserEdgeRegionHeader } from '@oxy.so/telemetry/browser';
        | ^
      2 |

      at Resolver._throwModNotFoundError (../../node_modules/.bun/jest-resolve@30.5.1/node_modules/jest-resolve/build/index.js:1031:11)
      at Object.<anonymous> (../core/src/utils/edgeRegion.ts:1:1)
      at Object.<anonymous> (../core/src/HttpService.ts:27:1)
      at Object.<anonymous> (../core/src/OxyServices.ts:23:1)
      at Object.<anonymous> (../core/src/index.ts:33:1)
      at t (__tests__/components/OxyAccountDialogScreen.test.tsx:69:12)
      at OxyAccountDialogScreen (src/ui/components/OxyAccountDialogScreen.tsx:84:28)
      at Object.react_stack_bottom_frame (../../node_modules/.bun/react-dom@19.2.3/node_modules/react-dom/cjs/react-dom-client.development.js:25904:20)
      at renderWithHooks (../../node_modules/.bun/react-dom@19.2.3/node_modules/react-dom/cjs/react-dom-client.development.js:7662:22)
      at updateFunctionComponent (../../node_modules/.bun/react-dom@19.2.3/node_modules/react-dom/cjs/react-dom-client.development.js:10166:19)
      at beginWork (../../node_modules/.bun/react-dom@19.2.3/node_modules/react-dom/cjs/react-dom-client.development.js:11778:18)
      at runWithFiberInDEV (../../node_modules/.bun/react-dom@19.2.3/node_modules/react-dom/cjs/react-dom-client.development.js:874:13)
      at performUnitOfWork (../../node_modules/.bun/react-dom@19.2.3/node_modules/react-dom/cjs/react-dom-client.development.js:17641:22)
      at workLoopSync (../../node_modules/.bun/react-dom@19.2.3/node_modules/react-dom/cjs/react-dom-client.development.js:17469:41)
      at renderRootSync (../../node_modules/.bun/react-dom@19.2.3/node_modules/react-dom/cjs/react-dom-client.development.js:17450:11)
      at performWorkOnRoot (../../node_modules/.bun/react-dom@19.2.3/node_modules/react-dom/cjs/react-dom-client.development.js:16583:35)
      at performWorkOnRootViaSchedulerTask (../../node_modules/.bun/react-dom@19.2.3/node_modules/react-dom/cjs/react-dom-client.development.js:18957:7)
      at flushActQueue (../../node_modules/.bun/react@19.2.3/node_modules/react/cjs/react.development.js:590:34)
      at process.env.NODE_ENV.exports.act (../../node_modules/.bun/react@19.2.3/node_modules/react/cjs/react.development.js:884:10)
      at ../../node_modules/.bun/@testing-library+react@16.3.3/node_modules/@testing-library/react/dist/act-compat.js:46:25
      at renderRoot (../../node_modules/.bun/@testing-library+react@16.3.3/node_modules/@testing-library/react/dist/pure.js:198:26)
      at render (../../node_modules/.bun/@testing-library+react@16.3.3/node_modules/@testing-library/react/dist/pure.js:300:10)
      at Object.<anonymous> (__tests__/components/OxyAccountDialogScreen.test.tsx:137:11)

  ● OxyAccountDialogScreen — shared nav header › contributes a back handler in the qr view

    Cannot find module '@oxy.so/telemetry/browser' from '../core/src/utils/edgeRegion.ts'

    Require stack:
      /home/nate/Oxy/oxy/.worktrees/1519-refresh-context-cas-20261003/packages/core/src/utils/edgeRegion.ts
      /home/nate/Oxy/oxy/.worktrees/1519-refresh-context-cas-20261003/packages/core/src/HttpService.ts
      /home/nate/Oxy/oxy/.worktrees/1519-refresh-context-cas-20261003/packages/core/src/OxyServices.ts
      /home/nate/Oxy/oxy/.worktrees/1519-refresh-context-cas-20261003/packages/core/src/index.ts
      __tests__/components/OxyAccountDialogScreen.test.tsx

    > 1 | export { peekBrowserEdgeRegionHeader } from '@oxy.so/telemetry/browser';
        | ^
      2 |

      at Resolver._throwModNotFoundError (../../node_modules/.bun/jest-resolve@30.5.1/node_modules/jest-resolve/build/index.js:1031:11)
      at Object.<anonymous> (../core/src/utils/edgeRegion.ts:1:1)
      at Object.<anonymous> (../core/src/HttpService.ts:27:1)
      at Object.<anonymous> (../core/src/OxyServices.ts:23:1)
      at Object.<anonymous> (../core/src/index.ts:33:1)
      at t (__tests__/components/OxyAccountDialogScreen.test.tsx:69:12)
      at OxyAccountDialogScreen (src/ui/components/OxyAccountDialogScreen.tsx:84:28)
      at Object.react_stack_bottom_frame (../../node_modules/.bun/react-dom@19.2.3/node_modules/react-dom/cjs/react-dom-client.development.js:25904:20)
      at renderWithHooks (../../node_modules/.bun/react-dom@19.2.3/node_modules/react-dom/cjs/react-dom-client.development.js:7662:22)
      at updateFunctionComponent (../../node_modules/.bun/react-dom@19.2.3/node_modules/react-dom/cjs/react-dom-client.development.js:10166:19)
      at beginWork (../../node_modules/.bun/react-dom@19.2.3/node_modules/react-dom/cjs/react-dom-client.development.js:11778:18)
      at runWithFiberInDEV (../../node_modules/.bun/react-dom@19.2.3/node_modules/react-dom/cjs/react-dom-client.development.js:874:13)
      at performUnitOfWork (../../node_modules/.bun/react-dom@19.2.3/node_modules/react-dom/cjs/react-dom-client.development.js:17641:22)
      at workLoopSync (../../node_modules/.bun/react-dom@19.2.3/node_modules/react-dom/cjs/react-dom-client.development.js:17469:41)
      at renderRootSync (../../node_modules/.bun/react-dom@19.2.3/node_modules/react-dom/cjs/react-dom-client.development.js:17450:11)
      at performWorkOnRoot (../../node_modules/.bun/react-dom@19.2.3/node_modules/react-dom/cjs/react-dom-client.development.js:16583:35)
      at performWorkOnRootViaSchedulerTask (../../node_modules/.bun/react-dom@19.2.3/node_modules/react-dom/cjs/react-dom-client.development.js:18957:7)
      at flushActQueue (../../node_modules/.bun/react@19.2.3/node_modules/react/cjs/react.development.js:590:34)
      at process.env.NODE_ENV.exports.act (../../node_modules/.bun/react@19.2.3/node_modules/react/cjs/react.development.js:884:10)
      at ../../node_modules/.bun/@testing-library+react@16.3.3/node_modules/@testing-library/react/dist/act-compat.js:46:25
      at renderRoot (../../node_modules/.bun/@testing-library+react@16.3.3/node_modules/@testing-library/react/dist/pure.js:198:26)
      at render (../../node_modules/.bun/@testing-library+react@16.3.3/node_modules/@testing-library/react/dist/pure.js:300:10)
      at Object.<anonymous> (__tests__/components/OxyAccountDialogScreen.test.tsx:156:11)

FAIL src/ui/oauth/__tests__/oauthBearerCommit.http.test.ts
  ● Test suite failed to run

    Cannot find module '@oxy.so/telemetry/browser' from '../core/src/utils/edgeRegion.ts'

    Require stack:
      /home/nate/Oxy/oxy/.worktrees/1519-refresh-context-cas-20261003/packages/core/src/utils/edgeRegion.ts
      /home/nate/Oxy/oxy/.worktrees/1519-refresh-context-cas-20261003/packages/core/src/HttpService.ts
      /home/nate/Oxy/oxy/.worktrees/1519-refresh-context-cas-20261003/packages/core/src/OxyServices.ts
      /home/nate/Oxy/oxy/.worktrees/1519-refresh-context-cas-20261003/packages/core/src/index.ts
      src/ui/oauth/__tests__/oauthBearerCommit.http.test.ts

    > 1 | export { peekBrowserEdgeRegionHeader } from '@oxy.so/telemetry/browser';
        | ^
      2 |

      at Resolver._throwModNotFoundError (../../node_modules/.bun/jest-resolve@30.5.1/node_modules/jest-resolve/build/index.js:1031:11)
      at Object.<anonymous> (../core/src/utils/edgeRegion.ts:1:1)
      at Object.<anonymous> (../core/src/HttpService.ts:27:1)
      at Object.<anonymous> (../core/src/OxyServices.ts:23:1)
      at Object.<anonymous> (../core/src/index.ts:33:1)
      at Object.<anonymous> (src/ui/oauth/__tests__/oauthBearerCommit.http.test.ts:11:1)

FAIL __tests__/hooks/useAuth.test.tsx
  ● Test suite failed to run

    Cannot find module '@oxy.so/telemetry/browser' from '../core/src/utils/edgeRegion.ts'

    Require stack:
      /home/nate/Oxy/oxy/.worktrees/1519-refresh-context-cas-20261003/packages/core/src/utils/edgeRegion.ts
      /home/nate/Oxy/oxy/.worktrees/1519-refresh-context-cas-20261003/packages/core/src/HttpService.ts
      /home/nate/Oxy/oxy/.worktrees/1519-refresh-context-cas-20261003/packages/core/src/OxyServices.ts
      /home/nate/Oxy/oxy/.worktrees/1519-refresh-context-cas-20261003/packages/core/src/index.ts
      src/ui/utils/isWebBrowser.ts
      src/ui/hooks/useAuth.ts
      __tests__/hooks/useAuth.test.tsx

    > 1 | export { peekBrowserEdgeRegionHeader } from '@oxy.so/telemetry/browser';
        | ^
      2 |

      at Resolver._throwModNotFoundError (../../node_modules/.bun/jest-resolve@30.5.1/node_modules/jest-resolve/build/index.js:1031:11)
      at Object.<anonymous> (../core/src/utils/edgeRegion.ts:1:1)
      at Object.<anonymous> (../core/src/HttpService.ts:27:1)
      at Object.<anonymous> (../core/src/OxyServices.ts:23:1)
      at Object.<anonymous> (../core/src/index.ts:33:1)
      at Object.<anonymous> (src/ui/utils/isWebBrowser.ts:8:1)
      at Object.<anonymous> (src/ui/hooks/useAuth.ts:32:1)
      at Object.<anonymous> (__tests__/hooks/useAuth.test.tsx:83:1)

FAIL __tests__/screens/ManageAccountDeleteAccount.test.tsx
  ● Test suite failed to run

    Cannot find module '@oxy.so/telemetry/browser' from '../core/src/utils/edgeRegion.ts'

    Require stack:
      /home/nate/Oxy/oxy/.worktrees/1519-refresh-context-cas-20261003/packages/core/src/utils/edgeRegion.ts
      /home/nate/Oxy/oxy/.worktrees/1519-refresh-context-cas-20261003/packages/core/src/HttpService.ts
      /home/nate/Oxy/oxy/.worktrees/1519-refresh-context-cas-20261003/packages/core/src/OxyServices.ts
      /home/nate/Oxy/oxy/.worktrees/1519-refresh-context-cas-20261003/packages/core/src/index.ts
      src/ui/screens/ManageAccountScreen.tsx
      __tests__/screens/ManageAccountDeleteAccount.test.tsx

    > 1 | export { peekBrowserEdgeRegionHeader } from '@oxy.so/telemetry/browser';
        | ^
      2 |

      at Resolver._throwModNotFoundError (../../node_modules/.bun/jest-resolve@30.5.1/node_modules/jest-resolve/build/index.js:1031:11)
      at Object.<anonymous> (../core/src/utils/edgeRegion.ts:1:1)
      at Object.<anonymous> (../core/src/HttpService.ts:27:1)
      at Object.<anonymous> (../core/src/OxyServices.ts:23:1)
      at Object.<anonymous> (../core/src/index.ts:33:1)
      at Object.<anonymous> (src/ui/screens/ManageAccountScreen.tsx:16:1)
      at Object.<anonymous> (__tests__/screens/ManageAccountDeleteAccount.test.tsx:85:1)

FAIL __tests__/hooks/useAccountQueries.staleSeedRefetch.test.tsx
  ● Test suite failed to run

    Cannot find module '@oxy.so/telemetry/browser' from '../core/src/utils/edgeRegion.ts'

    Require stack:
      /home/nate/Oxy/oxy/.worktrees/1519-refresh-context-cas-20261003/packages/core/src/utils/edgeRegion.ts
      /home/nate/Oxy/oxy/.worktrees/1519-refresh-context-cas-20261003/packages/core/src/HttpService.ts
      /home/nate/Oxy/oxy/.worktrees/1519-refresh-context-cas-20261003/packages/core/src/OxyServices.ts
      /home/nate/Oxy/oxy/.worktrees/1519-refresh-context-cas-20261003/packages/core/src/index.ts
      src/ui/hooks/queries/useAccountQueries.ts
      __tests__/hooks/useAccountQueries.staleSeedRefetch.test.tsx

    > 1 | export { peekBrowserEdgeRegionHeader } from '@oxy.so/telemetry/browser';
        | ^
      2 |

      at Resolver._throwModNotFoundError (../../node_modules/.bun/jest-resolve@30.5.1/node_modules/jest-resolve/build/index.js:1031:11)
      at Object.<anonymous> (../core/src/utils/edgeRegion.ts:1:1)
      at Object.<anonymous> (../core/src/HttpService.ts:27:1)
      at Object.<anonymous> (../core/src/OxyServices.ts:23:1)
      at Object.<anonymous> (../core/src/index.ts:33:1)
      at Object.<anonymous> (src/ui/hooks/queries/useAccountQueries.ts:3:1)
      at Object.<anonymous> (__tests__/hooks/useAccountQueries.staleSeedRefetch.test.tsx:23:1)

FAIL __tests__/components/oxyProviderComposition.test.tsx
  ● Test suite failed to run

    Cannot find module '@oxy.so/telemetry/browser' from '../core/src/utils/edgeRegion.ts'

    Require stack:
      /home/nate/Oxy/oxy/.worktrees/1519-refresh-context-cas-20261003/packages/core/src/utils/edgeRegion.ts
      /home/nate/Oxy/oxy/.worktrees/1519-refresh-context-cas-20261003/packages/core/src/HttpService.ts
      /home/nate/Oxy/oxy/.worktrees/1519-refresh-context-cas-20261003/packages/core/src/OxyServices.ts
      /home/nate/Oxy/oxy/.worktrees/1519-refresh-context-cas-20261003/packages/core/src/index.ts
      src/ui/components/OxyProvider.tsx
      __tests__/components/oxyProviderComposition.test.tsx

    > 1 | export { peekBrowserEdgeRegionHeader } from '@oxy.so/telemetry/browser';
        | ^
      2 |

      at Resolver._throwModNotFoundError (../../node_modules/.bun/jest-resolve@30.5.1/node_modules/jest-resolve/build/index.js:1031:11)
      at Object.<anonymous> (../core/src/utils/edgeRegion.ts:1:1)
      at Object.<anonymous> (../core/src/HttpService.ts:27:1)
      at Object.<anonymous> (../core/src/OxyServices.ts:23:1)
      at Object.<anonymous> (../core/src/index.ts:33:1)
      at Object.<anonymous> (src/ui/components/OxyProvider.tsx:10:1)
      at Object.<anonymous> (__tests__/components/oxyProviderComposition.test.tsx:55:1)

FAIL __tests__/utils/accountDeletionHandoff.test.ts
  ● Test suite failed to run

    Cannot find module '@oxy.so/telemetry/browser' from '../core/src/utils/edgeRegion.ts'

    Require stack:
      /home/nate/Oxy/oxy/.worktrees/1519-refresh-context-cas-20261003/packages/core/src/utils/edgeRegion.ts
      /home/nate/Oxy/oxy/.worktrees/1519-refresh-context-cas-20261003/packages/core/src/HttpService.ts
      /home/nate/Oxy/oxy/.worktrees/1519-refresh-context-cas-20261003/packages/core/src/OxyServices.ts
      /home/nate/Oxy/oxy/.worktrees/1519-refresh-context-cas-20261003/packages/core/src/index.ts
      src/ui/utils/accountDeletionHandoff.ts
      __tests__/utils/accountDeletionHandoff.test.ts

    > 1 | export { peekBrowserEdgeRegionHeader } from '@oxy.so/telemetry/browser';
        | ^
      2 |

      at Resolver._throwModNotFoundError (../../node_modules/.bun/jest-resolve@30.5.1/node_modules/jest-resolve/build/index.js:1031:11)
      at Object.<anonymous> (../core/src/utils/edgeRegion.ts:1:1)
      at Object.<anonymous> (../core/src/HttpService.ts:27:1)
      at Object.<anonymous> (../core/src/OxyServices.ts:23:1)
      at Object.<anonymous> (../core/src/index.ts:33:1)
      at Object.<anonymous> (src/ui/utils/accountDeletionHandoff.ts:3:1)
      at Object.<anonymous> (__tests__/utils/accountDeletionHandoff.test.ts:11:1)

FAIL __tests__/hooks/useAccountQueries.viewerScope.test.tsx
  ● Test suite failed to run

    Cannot find module '@oxy.so/telemetry/browser' from '../core/src/utils/edgeRegion.ts'

    Require stack:
      /home/nate/Oxy/oxy/.worktrees/1519-refresh-context-cas-20261003/packages/core/src/utils/edgeRegion.ts
      /home/nate/Oxy/oxy/.worktrees/1519-refresh-context-cas-20261003/packages/core/src/HttpService.ts
      /home/nate/Oxy/oxy/.worktrees/1519-refresh-context-cas-20261003/packages/core/src/OxyServices.ts
      /home/nate/Oxy/oxy/.worktrees/1519-refresh-context-cas-20261003/packages/core/src/index.ts
      src/ui/hooks/queries/useAccountQueries.ts
      __tests__/hooks/useAccountQueries.viewerScope.test.tsx

    > 1 | export { peekBrowserEdgeRegionHeader } from '@oxy.so/telemetry/browser';
        | ^
      2 |

      at Resolver._throwModNotFoundError (../../node_modules/.bun/jest-resolve@30.5.1/node_modules/jest-resolve/build/index.js:1031:11)
      at Object.<anonymous> (../core/src/utils/edgeRegion.ts:1:1)
      at Object.<anonymous> (../core/src/HttpService.ts:27:1)
      at Object.<anonymous> (../core/src/OxyServices.ts:23:1)
      at Object.<anonymous> (../core/src/index.ts:33:1)
      at Object.<anonymous> (src/ui/hooks/queries/useAccountQueries.ts:3:1)
      at Object.<anonymous> (__tests__/hooks/useAccountQueries.viewerScope.test.tsx:19:1)

FAIL __tests__/notifications/deviceNotifications.foreground.test.ts
  ● Test suite failed to run

    Cannot find module '@oxy.so/telemetry/browser' from '../core/src/utils/edgeRegion.ts'

    Require stack:
      /home/nate/Oxy/oxy/.worktrees/1519-refresh-context-cas-20261003/packages/core/src/utils/edgeRegion.ts
      /home/nate/Oxy/oxy/.worktrees/1519-refresh-context-cas-20261003/packages/core/src/HttpService.ts
      /home/nate/Oxy/oxy/.worktrees/1519-refresh-context-cas-20261003/packages/core/src/OxyServices.ts
      /home/nate/Oxy/oxy/.worktrees/1519-refresh-context-cas-20261003/packages/core/src/index.ts
      __tests__/notifications/deviceNotifications.foreground.test.ts

    > 1 | export { peekBrowserEdgeRegionHeader } from '@oxy.so/telemetry/browser';
        | ^
      2 |

      at Resolver._throwModNotFoundError (../../node_modules/.bun/jest-resolve@30.5.1/node_modules/jest-resolve/build/index.js:1031:11)
      at Object.<anonymous> (../core/src/utils/edgeRegion.ts:1:1)
      at Object.<anonymous> (../core/src/HttpService.ts:27:1)
      at Object.<anonymous> (../core/src/OxyServices.ts:23:1)
      at Object.<anonymous> (../core/src/index.ts:33:1)
      at Object.<anonymous> (__tests__/notifications/deviceNotifications.foreground.test.ts:12:1)

FAIL src/ui/oauth/__tests__/nativeAuthTransport.test.ts
  ● Test suite failed to run

    Cannot find module '@oxy.so/telemetry/browser' from '../core/src/utils/edgeRegion.ts'

    Require stack:
      /home/nate/Oxy/oxy/.worktrees/1519-refresh-context-cas-20261003/packages/core/src/utils/edgeRegion.ts
      /home/nate/Oxy/oxy/.worktrees/1519-refresh-context-cas-20261003/packages/core/src/HttpService.ts
      /home/nate/Oxy/oxy/.worktrees/1519-refresh-context-cas-20261003/packages/core/src/OxyServices.ts
      /home/nate/Oxy/oxy/.worktrees/1519-refresh-context-cas-20261003/packages/core/src/index.ts
      src/ui/oauth/completeOAuthCode.ts
      src/ui/oauth/nativeAuthTransport.ts
      src/ui/oauth/__tests__/nativeAuthTransport.test.ts

    > 1 | export { peekBrowserEdgeRegionHeader } from '@oxy.so/telemetry/browser';
        | ^
      2 |

      at Resolver._throwModNotFoundError (../../node_modules/.bun/jest-resolve@30.5.1/node_modules/jest-resolve/build/index.js:1031:11)
      at Object.<anonymous> (../core/src/utils/edgeRegion.ts:1:1)
      at Object.<anonymous> (../core/src/HttpService.ts:27:1)
      at Object.<anonymous> (../core/src/OxyServices.ts:23:1)
      at Object.<anonymous> (../core/src/index.ts:33:1)
      at Object.<anonymous> (src/ui/oauth/completeOAuthCode.ts:22:1)
      at Object.<anonymous> (src/ui/oauth/nativeAuthTransport.ts:4:1)
      at Object.<anonymous> (src/ui/oauth/__tests__/nativeAuthTransport.test.ts:2:1)

FAIL __tests__/hooks/useCurrentUser.bearer.test.tsx
  ● Test suite failed to run

    Cannot find module '@oxy.so/telemetry/browser' from '../core/src/utils/edgeRegion.ts'

    Require stack:
      /home/nate/Oxy/oxy/.worktrees/1519-refresh-context-cas-20261003/packages/core/src/utils/edgeRegion.ts
      /home/nate/Oxy/oxy/.worktrees/1519-refresh-context-cas-20261003/packages/core/src/HttpService.ts
      /home/nate/Oxy/oxy/.worktrees/1519-refresh-context-cas-20261003/packages/core/src/OxyServices.ts
      /home/nate/Oxy/oxy/.worktrees/1519-refresh-context-cas-20261003/packages/core/src/index.ts
      src/ui/hooks/queries/useAccountQueries.ts
      __tests__/hooks/useCurrentUser.bearer.test.tsx

    > 1 | export { peekBrowserEdgeRegionHeader } from '@oxy.so/telemetry/browser';
        | ^
      2 |

      at Resolver._throwModNotFoundError (../../node_modules/.bun/jest-resolve@30.5.1/node_modules/jest-resolve/build/index.js:1031:11)
      at Object.<anonymous> (../core/src/utils/edgeRegion.ts:1:1)
      at Object.<anonymous> (../core/src/HttpService.ts:27:1)
      at Object.<anonymous> (../core/src/OxyServices.ts:23:1)
      at Object.<anonymous> (../core/src/index.ts:33:1)
      at Object.<anonymous> (src/ui/hooks/queries/useAccountQueries.ts:3:1)
      at Object.<anonymous> (__tests__/hooks/useCurrentUser.bearer.test.tsx:20:1)

FAIL src/ui/oauth/__tests__/completeOAuthCode.test.ts
  ● Test suite failed to run

    Cannot find module '@oxy.so/telemetry/browser' from '../core/src/utils/edgeRegion.ts'

    Require stack:
      /home/nate/Oxy/oxy/.worktrees/1519-refresh-context-cas-20261003/packages/core/src/utils/edgeRegion.ts
      /home/nate/Oxy/oxy/.worktrees/1519-refresh-context-cas-20261003/packages/core/src/HttpService.ts
      /home/nate/Oxy/oxy/.worktrees/1519-refresh-context-cas-20261003/packages/core/src/OxyServices.ts
      /home/nate/Oxy/oxy/.worktrees/1519-refresh-context-cas-20261003/packages/core/src/index.ts
      src/ui/oauth/completeOAuthCode.ts
      src/ui/oauth/__tests__/completeOAuthCode.test.ts

    > 1 | export { peekBrowserEdgeRegionHeader } from '@oxy.so/telemetry/browser';
        | ^
      2 |

      at Resolver._throwModNotFoundError (../../node_modules/.bun/jest-resolve@30.5.1/node_modules/jest-resolve/build/index.js:1031:11)
      at Object.<anonymous> (../core/src/utils/edgeRegion.ts:1:1)
      at Object.<anonymous> (../core/src/HttpService.ts:27:1)
      at Object.<anonymous> (../core/src/OxyServices.ts:23:1)
      at Object.<anonymous> (../core/src/index.ts:33:1)
      at Object.<anonymous> (src/ui/oauth/completeOAuthCode.ts:22:1)
      at Object.<anonymous> (src/ui/oauth/__tests__/completeOAuthCode.test.ts:2:1)

FAIL src/ui/session/__tests__/createSessionClient.test.ts
  ● Test suite failed to run

    Cannot find module '@oxy.so/core/session' from 'src/ui/session/__tests__/createSessionClient.test.ts'

    > 1 | import { SessionClient } from '@oxy.so/core/session';
        | ^
      2 |
      3 | type Handler = (...args: unknown[]) => void;
      4 | class FakeSocket {

      at Resolver._throwModNotFoundError (../../node_modules/.bun/jest-resolve@30.5.1/node_modules/jest-resolve/build/index.js:1031:11)
      at Object.<anonymous> (src/ui/session/__tests__/createSessionClient.test.ts:1:1)

FAIL __tests__/context/providerMissing.test.tsx
  ● Test suite failed to run

    Cannot find module '@oxy.so/telemetry/browser' from '../core/src/utils/edgeRegion.ts'

    Require stack:
      /home/nate/Oxy/oxy/.worktrees/1519-refresh-context-cas-20261003/packages/core/src/utils/edgeRegion.ts
      /home/nate/Oxy/oxy/.worktrees/1519-refresh-context-cas-20261003/packages/core/src/HttpService.ts
      /home/nate/Oxy/oxy/.worktrees/1519-refresh-context-cas-20261003/packages/core/src/OxyServices.ts
      /home/nate/Oxy/oxy/.worktrees/1519-refresh-context-cas-20261003/packages/core/src/index.ts
      src/ui/components/oauthNavigation.ts
      src/ui/oauth/nativeAuthTransport.ts
      src/ui/context/OxyContext.tsx
      __tests__/context/providerMissing.test.tsx

    > 1 | export { peekBrowserEdgeRegionHeader } from '@oxy.so/telemetry/browser';
        | ^
      2 |

      at Resolver._throwModNotFoundError (../../node_modules/.bun/jest-resolve@30.5.1/node_modules/jest-resolve/build/index.js:1031:11)
      at Object.<anonymous> (../core/src/utils/edgeRegion.ts:1:1)
      at Object.<anonymous> (../core/src/HttpService.ts:27:1)
      at Object.<anonymous> (../core/src/OxyServices.ts:23:1)
      at Object.<anonymous> (../core/src/index.ts:33:1)
      at Object.<anonymous> (src/ui/components/oauthNavigation.ts:12:1)
      at Object.<anonymous> (src/ui/oauth/nativeAuthTransport.ts:2:1)
      at Object.<anonymous> (src/ui/context/OxyContext.tsx:1:1)
      at Object.<anonymous> (__tests__/context/providerMissing.test.tsx:21:1)

FAIL __tests__/runtime/providerRuntimeAdapter.test.tsx
  ● Test suite failed to run

    Cannot find module '@oxy.so/telemetry/browser' from '../core/src/utils/edgeRegion.ts'

    Require stack:
      /home/nate/Oxy/oxy/.worktrees/1519-refresh-context-cas-20261003/packages/core/src/utils/edgeRegion.ts
      /home/nate/Oxy/oxy/.worktrees/1519-refresh-context-cas-20261003/packages/core/src/HttpService.ts
      /home/nate/Oxy/oxy/.worktrees/1519-refresh-context-cas-20261003/packages/core/src/OxyServices.ts
      /home/nate/Oxy/oxy/.worktrees/1519-refresh-context-cas-20261003/packages/core/src/index.ts
      src/ui/components/oauthNavigation.ts
      src/ui/oauth/nativeAuthTransport.ts
      src/ui/context/OxyContext.tsx
      __tests__/runtime/providerRuntimeAdapter.test.tsx

    > 1 | export { peekBrowserEdgeRegionHeader } from '@oxy.so/telemetry/browser';
        | ^
      2 |

      at Resolver._throwModNotFoundError (../../node_modules/.bun/jest-resolve@30.5.1/node_modules/jest-resolve/build/index.js:1031:11)
      at Object.<anonymous> (../core/src/utils/edgeRegion.ts:1:1)
      at Object.<anonymous> (../core/src/HttpService.ts:27:1)
      at Object.<anonymous> (../core/src/OxyServices.ts:23:1)
      at Object.<anonymous> (../core/src/index.ts:33:1)
      at Object.<anonymous> (src/ui/components/oauthNavigation.ts:12:1)
      at Object.<anonymous> (src/ui/oauth/nativeAuthTransport.ts:2:1)
      at Object.<anonymous> (src/ui/context/OxyContext.tsx:1:1)
      at Object.<anonymous> (__tests__/runtime/providerRuntimeAdapter.test.tsx:21:1)

FAIL __tests__/components/oauthNavigation.test.ts
  ● Test suite failed to run

    Cannot find module '@oxy.so/telemetry/browser' from '../core/src/utils/edgeRegion.ts'

    Require stack:
      /home/nate/Oxy/oxy/.worktrees/1519-refresh-context-cas-20261003/packages/core/src/utils/edgeRegion.ts
      /home/nate/Oxy/oxy/.worktrees/1519-refresh-context-cas-20261003/packages/core/src/HttpService.ts
      /home/nate/Oxy/oxy/.worktrees/1519-refresh-context-cas-20261003/packages/core/src/OxyServices.ts
      /home/nate/Oxy/oxy/.worktrees/1519-refresh-context-cas-20261003/packages/core/src/index.ts
      __tests__/components/oauthNavigation.test.ts

    > 1 | export { peekBrowserEdgeRegionHeader } from '@oxy.so/telemetry/browser';
        | ^
      2 |

      at Resolver._throwModNotFoundError (../../node_modules/.bun/jest-resolve@30.5.1/node_modules/jest-resolve/build/index.js:1031:11)
      at Object.<anonymous> (../core/src/utils/edgeRegion.ts:1:1)
      at Object.<anonymous> (../core/src/HttpService.ts:27:1)
      at Object.<anonymous> (../core/src/OxyServices.ts:23:1)
      at Object.<anonymous> (../core/src/index.ts:33:1)
      at Object.<anonymous> (__tests__/components/oauthNavigation.test.ts:11:1)

FAIL src/ui/session/__tests__/authStore.test.ts
  ● createPlatformAuthStateStore › an ordinary native app publishes its credential to the shared slot

    Cannot find module '@oxy.so/core/session' from 'src/ui/session/authStore.ts'

      20 |  * nor fail the app's own durable write.
      21 |  */
    > 22 | import { createWebAuthStateStore, createNativeAuthStateStore, createSharedMirroringAuthStateStore, type AuthStateStore, type SessionMode } from '@oxy.so/core/session';
         | ^
      23 | import { isReactNative } from '../utils/storageHelpers';
      24 | import { createNativeSecureKeyValueStorage } from './nativeSecureStorage';
      25 | import { createPlatformSharedDeviceCredentialStore } from './sharedDeviceCredentialStore';

      at Resolver._throwModNotFoundError (../../node_modules/.bun/jest-resolve@30.5.1/node_modules/jest-resolve/build/index.js:1031:11)
      at Object.<anonymous> (src/ui/session/authStore.ts:22:1)
      at loadAuthStore (src/ui/session/__tests__/authStore.test.ts:55:15)
      at Object.<anonymous> (src/ui/session/__tests__/authStore.test.ts:68:19)

  ● createPlatformAuthStateStore › the identity vault does NOT publish

    Cannot find module '@oxy.so/core/session' from 'src/ui/session/authStore.ts'

      20 |  * nor fail the app's own durable write.
      21 |  */
    > 22 | import { createWebAuthStateStore, createNativeAuthStateStore, createSharedMirroringAuthStateStore, type AuthStateStore, type SessionMode } from '@oxy.so/core/session';
         | ^
      23 | import { isReactNative } from '../utils/storageHelpers';
      24 | import { createNativeSecureKeyValueStorage } from './nativeSecureStorage';
      25 | import { createPlatformSharedDeviceCredentialStore } from './sharedDeviceCredentialStore';

      at Resolver._throwModNotFoundError (../../node_modules/.bun/jest-resolve@30.5.1/node_modules/jest-resolve/build/index.js:1031:11)
      at Object.<anonymous> (src/ui/session/authStore.ts:22:1)
      at loadAuthStore (src/ui/session/__tests__/authStore.test.ts:55:15)
      at Object.<anonymous> (src/ui/session/__tests__/authStore.test.ts:79:19)

  ● createPlatformAuthStateStore › web has no shared slot to publish into

    Cannot find module '@oxy.so/core/session' from 'src/ui/session/authStore.ts'

      20 |  * nor fail the app's own durable write.
      21 |  */
    > 22 | import { createWebAuthStateStore, createNativeAuthStateStore, createSharedMirroringAuthStateStore, type AuthStateStore, type SessionMode } from '@oxy.so/core/session';
         | ^
      23 | import { isReactNative } from '../utils/storageHelpers';
      24 | import { createNativeSecureKeyValueStorage } from './nativeSecureStorage';
      25 | import { createPlatformSharedDeviceCredentialStore } from './sharedDeviceCredentialStore';

      at Resolver._throwModNotFoundError (../../node_modules/.bun/jest-resolve@30.5.1/node_modules/jest-resolve/build/index.js:1031:11)
      at Object.<anonymous> (src/ui/session/authStore.ts:22:1)
      at loadAuthStore (src/ui/session/__tests__/authStore.test.ts:55:15)
      at Object.<anonymous> (src/ui/session/__tests__/authStore.test.ts:86:19)

FAIL __tests__/notifications/deviceNotifications.web.test.ts
  ● Test suite failed to run

    Cannot find module '@oxy.so/telemetry/browser' from '../core/src/utils/edgeRegion.ts'

    Require stack:
      /home/nate/Oxy/oxy/.worktrees/1519-refresh-context-cas-20261003/packages/core/src/utils/edgeRegion.ts
      /home/nate/Oxy/oxy/.worktrees/1519-refresh-context-cas-20261003/packages/core/src/HttpService.ts
      /home/nate/Oxy/oxy/.worktrees/1519-refresh-context-cas-20261003/packages/core/src/OxyServices.ts
      /home/nate/Oxy/oxy/.worktrees/1519-refresh-context-cas-20261003/packages/core/src/index.ts
      src/notifications/deviceNotifications.ts
      __tests__/notifications/deviceNotifications.web.test.ts

    > 1 | export { peekBrowserEdgeRegionHeader } from '@oxy.so/telemetry/browser';
        | ^
      2 |

      at Resolver._throwModNotFoundError (../../node_modules/.bun/jest-resolve@30.5.1/node_modules/jest-resolve/build/index.js:1031:11)
      at Object.<anonymous> (../core/src/utils/edgeRegion.ts:1:1)
      at Object.<anonymous> (../core/src/HttpService.ts:27:1)
      at Object.<anonymous> (../core/src/OxyServices.ts:23:1)
      at Object.<anonymous> (../core/src/index.ts:33:1)
      at Object.<anonymous> (src/notifications/deviceNotifications.ts:58:1)
      at Object.<anonymous> (__tests__/notifications/deviceNotifications.web.test.ts:18:1)

FAIL src/ui/components/__tests__/LanguageBridge.test.tsx
  ● Test suite failed to run

    Cannot find module '@oxy.so/telemetry/browser' from '../core/src/utils/edgeRegion.ts'

    Require stack:
      /home/nate/Oxy/oxy/.worktrees/1519-refresh-context-cas-20261003/packages/core/src/utils/edgeRegion.ts
      /home/nate/Oxy/oxy/.worktrees/1519-refresh-context-cas-20261003/packages/core/src/HttpService.ts
      /home/nate/Oxy/oxy/.worktrees/1519-refresh-context-cas-20261003/packages/core/src/OxyServices.ts
      /home/nate/Oxy/oxy/.worktrees/1519-refresh-context-cas-20261003/packages/core/src/index.ts
      src/ui/components/LanguageBridge.tsx
      src/ui/components/__tests__/LanguageBridge.test.tsx

    > 1 | export { peekBrowserEdgeRegionHeader } from '@oxy.so/telemetry/browser';
        | ^
      2 |

      at Resolver._throwModNotFoundError (../../node_modules/.bun/jest-resolve@30.5.1/node_modules/jest-resolve/build/index.js:1031:11)
      at Object.<anonymous> (../core/src/utils/edgeRegion.ts:1:1)
      at Object.<anonymous> (../core/src/HttpService.ts:27:1)
      at Object.<anonymous> (../core/src/OxyServices.ts:23:1)
      at Object.<anonymous> (../core/src/index.ts:33:1)
      at Object.<anonymous> (src/ui/components/LanguageBridge.tsx:2:1)
      at Object.<anonymous> (src/ui/components/__tests__/LanguageBridge.test.tsx:3:1)

FAIL __tests__/analytics/productAnalytics.test.ts
  ● Test suite failed to run

    Cannot find module '@oxy.so/core/session' from 'src/ui/runtime/createOxyRuntime.ts'

    Require stack:
      src/ui/runtime/createOxyRuntime.ts
      src/ui/runtime/index.ts
      src/ui/analytics/productAnalytics.tsx
      __tests__/analytics/productAnalytics.test.ts

      2 | import type { ClientSession, User } from '@oxy.so/core';
      3 | import type { DeviceContext } from '@oxy.so/core/session';
    > 4 | import { accountIdsOf, activeSessionIdOf, activeUserOf, deviceStateToClientSessions, resolveActiveContext } from '@oxy.so/core/session';
        | ^
      5 | import { mergeSessions as mergeSessionLists, normalizeAndSortSessions, normalizeUserIdentity, sessionsArraysEqual } from '@oxy.so/core';
      6 | import type { IdentitySessionBinding } from '../session/identityBinding';
      7 | import type { OxyRuntimeSnapshot, OxyRuntimeStatus, OxyTokenStatus } from './types';

      at Resolver._throwModNotFoundError (../../node_modules/.bun/jest-resolve@30.5.1/node_modules/jest-resolve/build/index.js:1031:11)
      at Object.<anonymous> (src/ui/runtime/createOxyRuntime.ts:4:1)
      at Object.<anonymous> (src/ui/runtime/index.ts:10:1)
      at Object.<anonymous> (src/ui/analytics/productAnalytics.tsx:3:1)
      at Object.<anonymous> (__tests__/analytics/productAnalytics.test.ts:1:1)

FAIL __tests__/components/ProfileButton.test.tsx
  ● Test suite failed to run

    Cannot find module '@oxy.so/telemetry/browser' from '../core/src/utils/edgeRegion.ts'

    Require stack:
      /home/nate/Oxy/oxy/.worktrees/1519-refresh-context-cas-20261003/packages/core/src/utils/edgeRegion.ts
      /home/nate/Oxy/oxy/.worktrees/1519-refresh-context-cas-20261003/packages/core/src/HttpService.ts
      /home/nate/Oxy/oxy/.worktrees/1519-refresh-context-cas-20261003/packages/core/src/OxyServices.ts
      /home/nate/Oxy/oxy/.worktrees/1519-refresh-context-cas-20261003/packages/core/src/index.ts
      src/ui/components/ProfileButton.tsx
      __tests__/components/ProfileButton.test.tsx

    > 1 | export { peekBrowserEdgeRegionHeader } from '@oxy.so/telemetry/browser';
        | ^
      2 |

      at Resolver._throwModNotFoundError (../../node_modules/.bun/jest-resolve@30.5.1/node_modules/jest-resolve/build/index.js:1031:11)
      at Object.<anonymous> (../core/src/utils/edgeRegion.ts:1:1)
      at Object.<anonymous> (../core/src/HttpService.ts:27:1)
      at Object.<anonymous> (../core/src/OxyServices.ts:23:1)
      at Object.<anonymous> (../core/src/index.ts:33:1)
      at Object.<anonymous> (src/ui/components/ProfileButton.tsx:12:1)
      at Object.<anonymous> (__tests__/components/ProfileButton.test.tsx:2:1)

FAIL __tests__/components/signIn/OxyAccountPicker.test.tsx
  ● Test suite failed to run

    Cannot find module '@oxy.so/core/session' from 'src/ui/components/signIn/OxyAccountPicker.tsx'

    Require stack:
      src/ui/components/signIn/OxyAccountPicker.tsx
      __tests__/components/signIn/OxyAccountPicker.test.tsx

      28 | import { useTheme } from '@oxy.so/bloom/theme';
      29 | import { Text } from '@oxy.so/bloom/typography';
    > 30 | import { showsPrincipalHeaders, type SwitcherContextRow, type SwitcherPrincipalRow } from '@oxy.so/core/session';
         | ^
      31 | import { useI18n } from '../../hooks/useI18n';
      32 | import { resolveAccentHex } from '../authChooser/types';
      33 | import { OxyAuthScreen, OxyAuthScreenHeader, OxyAuthTerms } from './OxyAuthScreen';

      at Resolver._throwModNotFoundError (../../node_modules/.bun/jest-resolve@30.5.1/node_modules/jest-resolve/build/index.js:1031:11)
      at Object.<anonymous> (src/ui/components/signIn/OxyAccountPicker.tsx:30:1)
      at Object.<anonymous> (__tests__/components/signIn/OxyAccountPicker.test.tsx:17:1)

FAIL __tests__/stores/authStore.test.ts
  ● Test suite failed to run

    Cannot find module '@oxy.so/core/session' from 'src/ui/runtime/createOxyRuntime.ts'

    Require stack:
      src/ui/runtime/createOxyRuntime.ts
      src/ui/runtime/index.ts
      __tests__/helpers/runtimeHarness.ts
      __tests__/stores/authStore.test.ts

      2 | import type { ClientSession, User } from '@oxy.so/core';
      3 | import type { DeviceContext } from '@oxy.so/core/session';
    > 4 | import { accountIdsOf, activeSessionIdOf, activeUserOf, deviceStateToClientSessions, resolveActiveContext } from '@oxy.so/core/session';
        | ^
      5 | import { mergeSessions as mergeSessionLists, normalizeAndSortSessions, normalizeUserIdentity, sessionsArraysEqual } from '@oxy.so/core';
      6 | import type { IdentitySessionBinding } from '../session/identityBinding';
      7 | import type { OxyRuntimeSnapshot, OxyRuntimeStatus, OxyTokenStatus } from './types';

      at Resolver._throwModNotFoundError (../../node_modules/.bun/jest-resolve@30.5.1/node_modules/jest-resolve/build/index.js:1031:11)
      at Object.<anonymous> (src/ui/runtime/createOxyRuntime.ts:4:1)
      at Object.<anonymous> (src/ui/runtime/index.ts:10:1)
      at Object.<anonymous> (__tests__/helpers/runtimeHarness.ts:3:1)
      at Object.<anonymous> (__tests__/stores/authStore.test.ts:12:1)

FAIL __tests__/notifications/deviceNotifications.foregroundFailure.test.ts
  ● Test suite failed to run

    Cannot find module '@oxy.so/telemetry/browser' from '../core/src/utils/edgeRegion.ts'

    Require stack:
      /home/nate/Oxy/oxy/.worktrees/1519-refresh-context-cas-20261003/packages/core/src/utils/edgeRegion.ts
      /home/nate/Oxy/oxy/.worktrees/1519-refresh-context-cas-20261003/packages/core/src/HttpService.ts
      /home/nate/Oxy/oxy/.worktrees/1519-refresh-context-cas-20261003/packages/core/src/OxyServices.ts
      /home/nate/Oxy/oxy/.worktrees/1519-refresh-context-cas-20261003/packages/core/src/index.ts
      __tests__/notifications/deviceNotifications.foregroundFailure.test.ts

    > 1 | export { peekBrowserEdgeRegionHeader } from '@oxy.so/telemetry/browser';
        | ^
      2 |

      at Resolver._throwModNotFoundError (../../node_modules/.bun/jest-resolve@30.5.1/node_modules/jest-resolve/build/index.js:1031:11)
      at Object.<anonymous> (../core/src/utils/edgeRegion.ts:1:1)
      at Object.<anonymous> (../core/src/HttpService.ts:27:1)
      at Object.<anonymous> (../core/src/OxyServices.ts:23:1)
      at Object.<anonymous> (../core/src/index.ts:33:1)
      at Object.<anonymous> (__tests__/notifications/deviceNotifications.foregroundFailure.test.ts:15:1)

FAIL src/ui/utils/__tests__/deviceSessionTitle.test.ts
  ● Test suite failed to run

    Cannot find module '@oxy.so/telemetry/browser' from '../core/src/utils/edgeRegion.ts'

    Require stack:
      /home/nate/Oxy/oxy/.worktrees/1519-refresh-context-cas-20261003/packages/core/src/utils/edgeRegion.ts
      /home/nate/Oxy/oxy/.worktrees/1519-refresh-context-cas-20261003/packages/core/src/HttpService.ts
      /home/nate/Oxy/oxy/.worktrees/1519-refresh-context-cas-20261003/packages/core/src/OxyServices.ts
      /home/nate/Oxy/oxy/.worktrees/1519-refresh-context-cas-20261003/packages/core/src/index.ts
      src/ui/utils/deviceSessionTitle.ts
      src/ui/utils/__tests__/deviceSessionTitle.test.ts

    > 1 | export { peekBrowserEdgeRegionHeader } from '@oxy.so/telemetry/browser';
        | ^
      2 |

      at Resolver._throwModNotFoundError (../../node_modules/.bun/jest-resolve@30.5.1/node_modules/jest-resolve/build/index.js:1031:11)
      at Object.<anonymous> (../core/src/utils/edgeRegion.ts:1:1)
      at Object.<anonymous> (../core/src/HttpService.ts:27:1)
      at Object.<anonymous> (../core/src/OxyServices.ts:23:1)
      at Object.<anonymous> (../core/src/index.ts:33:1)
      at Object.<anonymous> (src/ui/utils/deviceSessionTitle.ts:1:1)
      at Object.<anonymous> (src/ui/utils/__tests__/deviceSessionTitle.test.ts:2:1)

FAIL __tests__/hooks/queryClient.test.ts
  ● Test suite failed to run

    Cannot find module '@oxy.so/telemetry/browser' from '../core/src/utils/edgeRegion.ts'

    Require stack:
      /home/nate/Oxy/oxy/.worktrees/1519-refresh-context-cas-20261003/packages/core/src/utils/edgeRegion.ts
      /home/nate/Oxy/oxy/.worktrees/1519-refresh-context-cas-20261003/packages/core/src/HttpService.ts
      /home/nate/Oxy/oxy/.worktrees/1519-refresh-context-cas-20261003/packages/core/src/OxyServices.ts
      /home/nate/Oxy/oxy/.worktrees/1519-refresh-context-cas-20261003/packages/core/src/index.ts
      src/ui/hooks/queryClient.ts
      __tests__/hooks/queryClient.test.ts

    > 1 | export { peekBrowserEdgeRegionHeader } from '@oxy.so/telemetry/browser';
        | ^
      2 |

      at Resolver._throwModNotFoundError (../../node_modules/.bun/jest-resolve@30.5.1/node_modules/jest-resolve/build/index.js:1031:11)
      at Object.<anonymous> (../core/src/utils/edgeRegion.ts:1:1)
      at Object.<anonymous> (../core/src/HttpService.ts:27:1)
      at Object.<anonymous> (../core/src/OxyServices.ts:23:1)
      at Object.<anonymous> (../core/src/index.ts:33:1)
      at Object.<anonymous> (src/ui/hooks/queryClient.ts:26:1)
      at Object.<anonymous> (__tests__/hooks/queryClient.test.ts:1:1)


Test Suites: 61 failed, 52 passed, 113 total
Tests:       35 failed, 386 passed, 421 total
Snapshots:   0 total
Time:        5.972 s
Ran all test suites.
error: script "test" exited with code 1
