2026-10-03T03:13:12.5294382Z Current runner version: '2.337.0'
2026-10-03T03:13:12.5318921Z ##[group]Runner Image Provisioner
2026-10-03T03:13:12.5319928Z Hosted Compute Agent
2026-10-03T03:13:12.5320658Z Version: 20260901.588
2026-10-03T03:13:12.5321290Z Commit: f88ec8081b781fac6c440065ac7ff9e710ce3d0b
2026-10-03T03:13:12.5322105Z Build Date: 2026-09-01T19:56:44Z
2026-10-03T03:13:12.5322803Z Worker ID: {54a0124a-f18c-4598-9b07-ced278f6d446}
2026-10-03T03:13:12.5323528Z Azure Region: eastus
2026-10-03T03:13:12.5324152Z ##[endgroup]
2026-10-03T03:13:12.5325987Z ##[group]Operating System
2026-10-03T03:13:12.5326717Z Ubuntu
2026-10-03T03:13:12.5327261Z 24.04.5
2026-10-03T03:13:12.5328104Z LTS
2026-10-03T03:13:12.5328715Z ##[endgroup]
2026-10-03T03:13:12.5329266Z ##[group]Runner Image
2026-10-03T03:13:12.5329914Z Image: ubuntu-24.04
2026-10-03T03:13:12.5330481Z Version: 20260927.320.1
2026-10-03T03:13:12.5331800Z Included Software: https://github.com/actions/runner-images/blob/ubuntu24/20260927.320/images/ubuntu/Ubuntu2404-Readme.md
2026-10-03T03:13:12.5333368Z Image Release: https://github.com/actions/runner-images/releases/tag/ubuntu24%2F20260927.320
2026-10-03T03:13:12.5334427Z ##[endgroup]
2026-10-03T03:13:12.5335709Z ##[group]GITHUB_TOKEN Permissions
2026-10-03T03:13:12.5337907Z Contents: read
2026-10-03T03:13:12.5338532Z Metadata: read
2026-10-03T03:13:12.5339122Z ##[endgroup]
2026-10-03T03:13:12.5341155Z Secret source: Actions
2026-10-03T03:13:12.5342228Z Cache mode: write
2026-10-03T03:13:12.5342935Z Prepare workflow directory
2026-10-03T03:13:12.5770141Z Prepare all required actions
2026-10-03T03:13:12.5818963Z Getting action download info
2026-10-03T03:13:12.8490522Z Download action repository 'actions/checkout@v7' (SHA:3d3c42e5aac5ba805825da76410c181273ba90b1)
2026-10-03T03:13:12.9617069Z Download action repository 'oven-sh/setup-bun@v2' (SHA:0c5077e51419868618aeaa5fe8019c62421857d6)
2026-10-03T03:13:13.0849281Z Download action repository 'actions/setup-node@v7' (SHA:820762786026740c76f36085b0efc47a31fe5020)
2026-10-03T03:13:13.1629000Z Download action repository 'actions/cache@55cc8345863c7cc4c66a329aec7e433d2d1c52a9' (SHA:55cc8345863c7cc4c66a329aec7e433d2d1c52a9)
2026-10-03T03:13:13.2745717Z Download action repository 'actions/upload-artifact@v7' (SHA:043fb46d1a93c77aae656e7c1c64a875d1fc6a0a)
2026-10-03T03:13:13.4587795Z Complete job name: API Tests (5/6)
2026-10-03T03:13:13.5129086Z ##[group]Checking docker version
2026-10-03T03:13:13.5142032Z ##[command]/usr/bin/docker version --format '{{.Server.APIVersion}}'
2026-10-03T03:13:13.6219800Z '1.48'
2026-10-03T03:13:13.6235063Z Docker daemon API version: '1.48'
2026-10-03T03:13:13.6236171Z ##[command]/usr/bin/docker version --format '{{.Client.APIVersion}}'
2026-10-03T03:13:13.6398560Z '1.48'
2026-10-03T03:13:13.6412931Z Docker client API version: '1.48'
2026-10-03T03:13:13.6417911Z ##[endgroup]
2026-10-03T03:13:13.6420861Z ##[group]Clean up resources from previous jobs
2026-10-03T03:13:13.6426494Z ##[command]/usr/bin/docker ps --all --quiet --no-trunc --filter "label=c8c39a"
2026-10-03T03:13:13.6571239Z ##[command]/usr/bin/docker network prune --force --filter "label=c8c39a"
2026-10-03T03:13:13.6727335Z ##[endgroup]
2026-10-03T03:13:13.6727858Z ##[group]Create local container network
2026-10-03T03:13:13.6737790Z ##[command]/usr/bin/docker network create --label c8c39a github_network_5f64d3994b704628bde59be847911a6f
2026-10-03T03:13:13.7254407Z e1d7207dc3a293747e8cc6e8c72d1fb51dba5d03cc458d5a29a50217ee2ae4b7
2026-10-03T03:13:13.7274343Z ##[endgroup]
2026-10-03T03:13:13.7298854Z ##[group]Starting postgres service container
2026-10-03T03:13:13.7319548Z ##[command]/usr/bin/docker pull postgis/postgis:17-3.5
2026-10-03T03:13:13.9724960Z 17-3.5: Pulling from postgis/postgis
2026-10-03T03:13:14.0428874Z ccaf924377f9: Pulling fs layer
2026-10-03T03:13:14.0432547Z a0a48bd22597: Pulling fs layer
2026-10-03T03:13:14.0433879Z 953b3faade64: Pulling fs layer
2026-10-03T03:13:14.0435044Z 4c5e3cb23b1e: Pulling fs layer
2026-10-03T03:13:14.0436146Z b032a4e70c86: Pulling fs layer
2026-10-03T03:13:14.0436936Z 84e2e0dafa9e: Pulling fs layer
2026-10-03T03:13:14.0437791Z 9388a07819e8: Pulling fs layer
2026-10-03T03:13:14.0438246Z 9b3173aa38c2: Pulling fs layer
2026-10-03T03:13:14.0438709Z 2f600d70ef01: Pulling fs layer
2026-10-03T03:13:14.0439156Z 26a029cc5101: Pulling fs layer
2026-10-03T03:13:14.0514964Z 87746d0d7566: Pulling fs layer
2026-10-03T03:13:14.0516068Z 5756942faa50: Pulling fs layer
2026-10-03T03:13:14.0516865Z dc61d0df75b4: Pulling fs layer
2026-10-03T03:13:14.0517770Z 0c9580cd8863: Pulling fs layer
2026-10-03T03:13:14.0518706Z 26502799a66b: Pulling fs layer
2026-10-03T03:13:14.0519455Z 4f4fb700ef54: Pulling fs layer
2026-10-03T03:13:14.0520088Z ee293c60aa50: Pulling fs layer
2026-10-03T03:13:14.0520543Z ea025e641e62: Pulling fs layer
2026-10-03T03:13:14.0520980Z 4c5e3cb23b1e: Waiting
2026-10-03T03:13:14.0521408Z b032a4e70c86: Waiting
2026-10-03T03:13:14.0521843Z 84e2e0dafa9e: Waiting
2026-10-03T03:13:14.0522287Z 9388a07819e8: Waiting
2026-10-03T03:13:14.0522837Z 26a029cc5101: Waiting
2026-10-03T03:13:14.0523399Z 9b3173aa38c2: Waiting
2026-10-03T03:13:14.0523941Z 87746d0d7566: Waiting
2026-10-03T03:13:14.0524481Z 2f600d70ef01: Waiting
2026-10-03T03:13:14.0525030Z 5756942faa50: Waiting
2026-10-03T03:13:14.0525943Z 0c9580cd8863: Waiting
2026-10-03T03:13:14.0526577Z dc61d0df75b4: Waiting
2026-10-03T03:13:14.0527178Z 26502799a66b: Waiting
2026-10-03T03:13:14.0527723Z ee293c60aa50: Waiting
2026-10-03T03:13:14.0528262Z 4f4fb700ef54: Waiting
2026-10-03T03:13:14.0528800Z ea025e641e62: Waiting
2026-10-03T03:13:14.0701638Z a0a48bd22597: Verifying Checksum
2026-10-03T03:13:14.0705989Z a0a48bd22597: Download complete
2026-10-03T03:13:14.0887859Z 953b3faade64: Verifying Checksum
2026-10-03T03:13:14.0889184Z 953b3faade64: Download complete
2026-10-03T03:13:14.1086889Z 4c5e3cb23b1e: Verifying Checksum
2026-10-03T03:13:14.1089315Z 4c5e3cb23b1e: Download complete
2026-10-03T03:13:14.1522854Z 84e2e0dafa9e: Verifying Checksum
2026-10-03T03:13:14.1524331Z 84e2e0dafa9e: Download complete
2026-10-03T03:13:14.1682223Z ccaf924377f9: Verifying Checksum
2026-10-03T03:13:14.1684830Z ccaf924377f9: Download complete
2026-10-03T03:13:14.1777742Z b032a4e70c86: Verifying Checksum
2026-10-03T03:13:14.1779425Z b032a4e70c86: Download complete
2026-10-03T03:13:14.1835651Z 9388a07819e8: Download complete
2026-10-03T03:13:14.1957748Z 9b3173aa38c2: Verifying Checksum
2026-10-03T03:13:14.1959301Z 9b3173aa38c2: Download complete
2026-10-03T03:13:14.2134298Z 26a029cc5101: Verifying Checksum
2026-10-03T03:13:14.2136946Z 26a029cc5101: Download complete
2026-10-03T03:13:14.2223711Z 87746d0d7566: Verifying Checksum
2026-10-03T03:13:14.2225856Z 87746d0d7566: Download complete
2026-10-03T03:13:14.2382858Z 5756942faa50: Verifying Checksum
2026-10-03T03:13:14.2386957Z 5756942faa50: Download complete
2026-10-03T03:13:14.2480863Z dc61d0df75b4: Verifying Checksum
2026-10-03T03:13:14.2482313Z dc61d0df75b4: Download complete
2026-10-03T03:13:14.2672528Z 0c9580cd8863: Verifying Checksum
2026-10-03T03:13:14.2673675Z 0c9580cd8863: Download complete
2026-10-03T03:13:14.2957073Z 4f4fb700ef54: Verifying Checksum
2026-10-03T03:13:14.2959228Z 4f4fb700ef54: Download complete
2026-10-03T03:13:14.3255954Z ee293c60aa50: Download complete
2026-10-03T03:13:14.3616483Z ea025e641e62: Verifying Checksum
2026-10-03T03:13:14.3633392Z ea025e641e62: Download complete
2026-10-03T03:13:14.5521195Z 26502799a66b: Verifying Checksum
2026-10-03T03:13:14.5546313Z 26502799a66b: Download complete
2026-10-03T03:13:14.6373961Z 2f600d70ef01: Verifying Checksum
2026-10-03T03:13:14.6375725Z 2f600d70ef01: Download complete
2026-10-03T03:13:15.6675499Z ccaf924377f9: Pull complete
2026-10-03T03:13:18.5601230Z a0a48bd22597: Pull complete
2026-10-03T03:13:18.6912066Z 953b3faade64: Pull complete
2026-10-03T03:13:18.7310310Z 4c5e3cb23b1e: Pull complete
2026-10-03T03:13:19.0238069Z b032a4e70c86: Pull complete
2026-10-03T03:13:19.0815991Z 84e2e0dafa9e: Pull complete
2026-10-03T03:13:19.0888412Z 9388a07819e8: Pull complete
2026-10-03T03:13:19.0978737Z 9b3173aa38c2: Pull complete
2026-10-03T03:13:21.9339214Z 2f600d70ef01: Pull complete
2026-10-03T03:13:21.9459436Z 26a029cc5101: Pull complete
2026-10-03T03:13:21.9568719Z 87746d0d7566: Pull complete
2026-10-03T03:13:21.9657946Z 5756942faa50: Pull complete
2026-10-03T03:13:21.9735058Z dc61d0df75b4: Pull complete
2026-10-03T03:13:21.9815075Z 0c9580cd8863: Pull complete
2026-10-03T03:13:23.5173831Z 26502799a66b: Pull complete
2026-10-03T03:13:23.5263777Z 4f4fb700ef54: Pull complete
2026-10-03T03:13:23.5351886Z ee293c60aa50: Pull complete
2026-10-03T03:13:23.5452386Z ea025e641e62: Pull complete
2026-10-03T03:13:23.5493612Z Digest: sha256:01a6a70e41e6c4467c8f55f6063555ed72db2d6662cd0d571040d42eadaeb6f6
2026-10-03T03:13:23.5507041Z Status: Downloaded newer image for postgis/postgis:17-3.5
2026-10-03T03:13:23.5515262Z docker.io/postgis/postgis:17-3.5
2026-10-03T03:13:23.5579786Z ##[command]/usr/bin/docker create --name 553f3de98fcf437bbaf8cea9e40dbc4f_postgispostgis1735_2ae91f --label c8c39a --network github_network_5f64d3994b704628bde59be847911a6f --network-alias postgres -p 5432:5432 --health-cmd "pg_isready -U oxy -d oxy_test" --health-interval 10s --health-timeout 5s --health-retries 5 -e "POSTGRES_USER=oxy" -e "POSTGRES_PASSWORD=oxy" -e "POSTGRES_DB=oxy_test" -e GITHUB_ACTIONS=true -e CI=true postgis/postgis:17-3.5
2026-10-03T03:13:23.5839879Z 612eef1bc7071a5be9bf4d8212432462aafdbf894db50d04758fc0b694cd6e7b
2026-10-03T03:13:23.5864323Z ##[command]/usr/bin/docker start 612eef1bc7071a5be9bf4d8212432462aafdbf894db50d04758fc0b694cd6e7b
2026-10-03T03:13:23.8028473Z 612eef1bc7071a5be9bf4d8212432462aafdbf894db50d04758fc0b694cd6e7b
2026-10-03T03:13:23.8082177Z ##[command]/usr/bin/docker ps --all --filter id=612eef1bc7071a5be9bf4d8212432462aafdbf894db50d04758fc0b694cd6e7b --filter status=running --no-trunc --format "{{.ID}} {{.Status}}"
2026-10-03T03:13:23.8231098Z 612eef1bc7071a5be9bf4d8212432462aafdbf894db50d04758fc0b694cd6e7b Up Less than a second (health: starting)
2026-10-03T03:13:23.8252288Z ##[command]/usr/bin/docker port 612eef1bc7071a5be9bf4d8212432462aafdbf894db50d04758fc0b694cd6e7b
2026-10-03T03:13:23.8393354Z 5432/tcp -> 0.0.0.0:5432
2026-10-03T03:13:23.8394281Z 5432/tcp -> [::]:5432
2026-10-03T03:13:23.8440661Z ##[endgroup]
2026-10-03T03:13:23.8450141Z ##[group]Waiting for all services to be ready
2026-10-03T03:13:23.8463764Z ##[command]/usr/bin/docker inspect --format="{{if .Config.Healthcheck}}{{print .State.Health.Status}}{{end}}" 612eef1bc7071a5be9bf4d8212432462aafdbf894db50d04758fc0b694cd6e7b
2026-10-03T03:13:23.8610814Z starting
2026-10-03T03:13:23.8624298Z postgres service is starting, waiting 2 seconds before checking again.
2026-10-03T03:13:25.8627592Z ##[command]/usr/bin/docker inspect --format="{{if .Config.Healthcheck}}{{print .State.Health.Status}}{{end}}" 612eef1bc7071a5be9bf4d8212432462aafdbf894db50d04758fc0b694cd6e7b
2026-10-03T03:13:25.8764605Z starting
2026-10-03T03:13:25.8781238Z postgres service is starting, waiting 3 seconds before checking again.
2026-10-03T03:13:29.8456235Z ##[command]/usr/bin/docker inspect --format="{{if .Config.Healthcheck}}{{print .State.Health.Status}}{{end}}" 612eef1bc7071a5be9bf4d8212432462aafdbf894db50d04758fc0b694cd6e7b
2026-10-03T03:13:29.8583726Z starting
2026-10-03T03:13:29.8595759Z postgres service is starting, waiting 7 seconds before checking again.
2026-10-03T03:13:37.1611189Z ##[command]/usr/bin/docker inspect --format="{{if .Config.Healthcheck}}{{print .State.Health.Status}}{{end}}" 612eef1bc7071a5be9bf4d8212432462aafdbf894db50d04758fc0b694cd6e7b
2026-10-03T03:13:37.1750619Z healthy
2026-10-03T03:13:37.1768735Z postgres service is healthy.
2026-10-03T03:13:37.1769453Z ##[endgroup]
2026-10-03T03:13:37.2058481Z ##[group]Run actions/checkout@v7
2026-10-03T03:13:37.2059037Z with:
2026-10-03T03:13:37.2059252Z   repository: OxyHQ/oxy
2026-10-03T03:13:37.2061603Z   token: ***
2026-10-03T03:13:37.2061815Z   ssh-strict: true
2026-10-03T03:13:37.2062021Z   ssh-user: git
2026-10-03T03:13:37.2062235Z   persist-credentials: true
2026-10-03T03:13:37.2062472Z   clean: true
2026-10-03T03:13:37.2062686Z   sparse-checkout-cone-mode: true
2026-10-03T03:13:37.2063148Z   fetch-depth: 1
2026-10-03T03:13:37.2063345Z   fetch-tags: false
2026-10-03T03:13:37.2063551Z   show-progress: true
2026-10-03T03:13:37.2063761Z   lfs: false
2026-10-03T03:13:37.2063949Z   submodules: false
2026-10-03T03:13:37.2064158Z   set-safe-directory: true
2026-10-03T03:13:37.2064398Z   allow-unsafe-pr-checkout: false
2026-10-03T03:13:37.2064871Z ##[endgroup]
2026-10-03T03:13:37.3077621Z Syncing repository: OxyHQ/oxy
2026-10-03T03:13:37.3078962Z ##[group]Getting Git version info
2026-10-03T03:13:37.3079391Z Working directory is '/home/runner/work/oxy/oxy'
2026-10-03T03:13:37.3079925Z [command]/usr/bin/git version
2026-10-03T03:13:37.3154291Z git version 2.55.0
2026-10-03T03:13:37.3175428Z ##[endgroup]
2026-10-03T03:13:37.3192073Z Temporarily overriding HOME='/home/runner/work/_temp/b6bbd3bd-995c-4d92-8faa-a200fc1ff68c' before making global git config changes
2026-10-03T03:13:37.3193501Z Adding repository directory to the temporary git global config as a safe directory
2026-10-03T03:13:37.3198221Z [command]/usr/bin/git config --global --add safe.directory /home/runner/work/oxy/oxy
2026-10-03T03:13:37.3250783Z Deleting the contents of '/home/runner/work/oxy/oxy'
2026-10-03T03:13:37.3254104Z ##[group]Determining repository object format
2026-10-03T03:13:37.3255788Z ##[endgroup]
2026-10-03T03:13:37.3256482Z ##[group]Initializing the repository
2026-10-03T03:13:37.3259681Z [command]/usr/bin/git init /home/runner/work/oxy/oxy
2026-10-03T03:13:37.3380765Z hint: Using 'master' as the name for the initial branch. This default branch name
2026-10-03T03:13:37.3381969Z hint: will change to "main" in Git 3.0. To configure the initial branch name
2026-10-03T03:13:37.3383156Z hint: to use in all of your new repositories, which will suppress this warning,
2026-10-03T03:13:37.3384010Z hint: call:
2026-10-03T03:13:37.3384566Z hint:
2026-10-03T03:13:37.3385105Z hint: 	git config --global init.defaultBranch <name>
2026-10-03T03:13:37.3385871Z hint:
2026-10-03T03:13:37.3386368Z hint: Names commonly chosen instead of 'master' are 'main', 'trunk' and
2026-10-03T03:13:37.3387290Z hint: 'development'. The just-created branch can be renamed via this command:
2026-10-03T03:13:37.3388019Z hint:
2026-10-03T03:13:37.3388388Z hint: 	git branch -m <name>
2026-10-03T03:13:37.3388801Z hint:
2026-10-03T03:13:37.3389389Z hint: Disable this message with "git config set advice.defaultBranchName false"
2026-10-03T03:13:37.3390333Z Initialized empty Git repository in /home/runner/work/oxy/oxy/.git/
2026-10-03T03:13:37.3398212Z [command]/usr/bin/git remote add origin https://github.com/OxyHQ/oxy
2026-10-03T03:13:37.3447310Z ##[endgroup]
2026-10-03T03:13:37.3447924Z ##[group]Disabling automatic garbage collection
2026-10-03T03:13:37.3450593Z [command]/usr/bin/git config --local gc.auto 0
2026-10-03T03:13:37.3485132Z ##[endgroup]
2026-10-03T03:13:37.3485939Z ##[group]Setting up auth
2026-10-03T03:13:37.3486327Z Removing SSH command configuration
2026-10-03T03:13:37.3493728Z [command]/usr/bin/git config --local --name-only --get-regexp core\.sshCommand
2026-10-03T03:13:37.3528099Z [command]/usr/bin/git submodule foreach --recursive sh -c "git config --local --name-only --get-regexp 'core\.sshCommand' && git config --local --unset-all 'core.sshCommand' || :"
2026-10-03T03:13:37.3912545Z Removing HTTP extra header
2026-10-03T03:13:37.3919418Z [command]/usr/bin/git config --local --name-only --get-regexp http\.https\:\/\/github\.com\/\.extraheader
2026-10-03T03:13:37.3955751Z [command]/usr/bin/git submodule foreach --recursive sh -c "git config --local --name-only --get-regexp 'http\.https\:\/\/github\.com\/\.extraheader' && git config --local --unset-all 'http.https://github.com/.extraheader' || :"
2026-10-03T03:13:37.4173644Z Removing includeIf entries pointing to credentials config files
2026-10-03T03:13:37.4183590Z [command]/usr/bin/git config --local --name-only --get-regexp ^includeIf\.gitdir:
2026-10-03T03:13:37.4222531Z [command]/usr/bin/git submodule foreach --recursive git config --local --show-origin --name-only --get-regexp remote.origin.url
2026-10-03T03:13:37.4447640Z [command]/usr/bin/git config --file /home/runner/work/_temp/git-credentials-a9c52216-254d-438d-80e5-d011c4187e79.config http.https://github.com/.extraheader AUTHORIZATION: basic ***
2026-10-03T03:13:37.4488095Z [command]/usr/bin/git config --local includeIf.gitdir:/home/runner/work/oxy/oxy/.git.path /home/runner/work/_temp/git-credentials-a9c52216-254d-438d-80e5-d011c4187e79.config
2026-10-03T03:13:37.4522460Z [command]/usr/bin/git config --local includeIf.gitdir:/home/runner/work/oxy/oxy/.git/worktrees/*.path /home/runner/work/_temp/git-credentials-a9c52216-254d-438d-80e5-d011c4187e79.config
2026-10-03T03:13:37.4560025Z [command]/usr/bin/git config --local includeIf.gitdir:/github/workspace/.git.path /github/runner_temp/git-credentials-a9c52216-254d-438d-80e5-d011c4187e79.config
2026-10-03T03:13:37.4595176Z [command]/usr/bin/git config --local includeIf.gitdir:/github/workspace/.git/worktrees/*.path /github/runner_temp/git-credentials-a9c52216-254d-438d-80e5-d011c4187e79.config
2026-10-03T03:13:37.4624562Z ##[endgroup]
2026-10-03T03:13:37.4624943Z ##[group]Fetching the repository
2026-10-03T03:13:37.4631557Z [command]/usr/bin/git -c protocol.version=2 fetch --no-tags --prune --no-recurse-submodules --depth=1 origin +ae227ca54db3f3ed86f68eaad099aa33736c6d81:refs/remotes/pull/1557/merge
2026-10-03T03:13:40.0266466Z From https://github.com/OxyHQ/oxy
2026-10-03T03:13:40.0267214Z  * [new ref]         ae227ca54db3f3ed86f68eaad099aa33736c6d81 -> pull/1557/merge
2026-10-03T03:13:40.0271658Z ##[endgroup]
2026-10-03T03:13:40.0272060Z ##[group]Determining the checkout info
2026-10-03T03:13:40.0272998Z ##[endgroup]
2026-10-03T03:13:40.0279358Z [command]/usr/bin/git sparse-checkout disable
2026-10-03T03:13:40.0334233Z [command]/usr/bin/git config --local --unset-all extensions.worktreeConfig
2026-10-03T03:13:40.0366965Z ##[group]Checking out the ref
2026-10-03T03:13:40.0376356Z [command]/usr/bin/git checkout --progress --force refs/remotes/pull/1557/merge
2026-10-03T03:13:40.4851386Z Note: switching to 'refs/remotes/pull/1557/merge'.
2026-10-03T03:13:40.4851967Z 
2026-10-03T03:13:40.4852540Z You are in 'detached HEAD' state. You can look around, make experimental
2026-10-03T03:13:40.4853438Z changes and commit them, and you can discard any commits you make in this
2026-10-03T03:13:40.4854346Z state without impacting any branches by switching back to a branch.
2026-10-03T03:13:40.4854842Z 
2026-10-03T03:13:40.4855613Z If you want to create a new branch to retain commits you create, you may
2026-10-03T03:13:40.4856411Z do so (now or later) by using -c with the switch command. Example:
2026-10-03T03:13:40.4856858Z 
2026-10-03T03:13:40.4857030Z   git switch -c <new-branch-name>
2026-10-03T03:13:40.4857318Z 
2026-10-03T03:13:40.4857468Z Or undo this operation with:
2026-10-03T03:13:40.4857725Z 
2026-10-03T03:13:40.4857868Z   git switch -
2026-10-03T03:13:40.4858157Z 
2026-10-03T03:13:40.4858520Z Turn off this advice by setting config variable advice.detachedHead to false
2026-10-03T03:13:40.4859059Z 
2026-10-03T03:13:40.4859646Z HEAD is now at ae227ca Merge 26cf80a5e74459de28e8477b98a8e1fa8b2690b0 into 4b145040afca38be93ad4096241d4c60e12e1c82
2026-10-03T03:13:40.4910935Z ##[endgroup]
2026-10-03T03:13:40.4963367Z [command]/usr/bin/git log -1 --format=%H
2026-10-03T03:13:40.4991693Z ae227ca54db3f3ed86f68eaad099aa33736c6d81
2026-10-03T03:13:40.5236900Z ##[group]Run oven-sh/setup-bun@v2
2026-10-03T03:13:40.5237186Z with:
2026-10-03T03:13:40.5237394Z   bun-version-file: package.json
2026-10-03T03:13:40.5237652Z   no-cache: false
2026-10-03T03:13:40.5240002Z   token: ***
2026-10-03T03:13:40.5240203Z ##[endgroup]
2026-10-03T03:13:40.6910461Z Obtained version 1.4.2 from package.json
2026-10-03T03:13:40.7568097Z Cache hit for: bun-gmoqYqdUbaYsI0KujeXt7Zg/p0I=
2026-10-03T03:13:41.0576787Z Received 35684133 of 35684133 (100.0%), 135.0 MBs/sec
2026-10-03T03:13:41.0577581Z Cache Size: ~34 MB (35684133 B)
2026-10-03T03:13:41.0616811Z [command]/usr/bin/tar -xf /home/runner/work/_temp/b9361900-ac02-4d2d-976a-6265a558684e/cache.tzst -P -C /home/runner/work/oxy/oxy --use-compress-program unzstd
2026-10-03T03:13:41.2068922Z Cache restored successfully
2026-10-03T03:13:41.2091617Z [command]/home/runner/.bun/bin/bun --revision
2026-10-03T03:13:41.2140196Z 1.4.2+744846f84
2026-10-03T03:13:41.2146863Z Using a cached version of Bun: 1.4.2+744846f84
2026-10-03T03:13:41.2315699Z ##[group]Run actions/setup-node@v7
2026-10-03T03:13:41.2316007Z with:
2026-10-03T03:13:41.2316205Z   node-version: 24.x
2026-10-03T03:13:41.2316434Z   check-latest: false
2026-10-03T03:13:41.2318700Z   token: ***
2026-10-03T03:13:41.2318919Z   package-manager-cache: true
2026-10-03T03:13:41.2319177Z ##[endgroup]
2026-10-03T03:13:41.3628651Z Found in cache @ /opt/hostedtoolcache/node/24.21.0/x64
2026-10-03T03:13:41.3631091Z ##[group]Environment details
2026-10-03T03:13:41.7754001Z node: v24.21.0
2026-10-03T03:13:41.7754273Z npm: 11.19.0
2026-10-03T03:13:41.7754467Z yarn: 1.22.22
2026-10-03T03:13:41.7755078Z ##[endgroup]
2026-10-03T03:13:41.7886011Z ##[group]Run set -eu
2026-10-03T03:13:41.7886465Z [36;1mset -eu[0m
2026-10-03T03:13:41.7887129Z [36;1mapt_opts='-o Acquire::Retries=3 -o Acquire::http::Timeout=15 -o Acquire::https::Timeout=15'[0m
2026-10-03T03:13:41.7887904Z [36;1mfor attempt in 1 2; do[0m
2026-10-03T03:13:41.7888199Z [36;1m  if sudo timeout -k 15s 420s bash -c \[0m
2026-10-03T03:13:41.7888819Z [36;1m    "apt-get update $apt_opts && apt-get install -y --no-install-recommends $apt_opts -o DPkg::Lock::Timeout=120 ffmpeg"; then[0m
2026-10-03T03:13:41.7889397Z [36;1m    break[0m
2026-10-03T03:13:41.7889603Z [36;1m  fi[0m
2026-10-03T03:13:41.7889810Z [36;1m  if [ "$attempt" = 2 ]; then[0m
2026-10-03T03:13:41.7890182Z [36;1m    echo "::error::apt-get could not install ffmpeg after 2 attempts"[0m
2026-10-03T03:13:41.7890558Z [36;1m    exit 1[0m
2026-10-03T03:13:41.7890763Z [36;1m  fi[0m
2026-10-03T03:13:41.7891071Z [36;1m  # Names the lock holder in the log, so the next failure of this step[0m
2026-10-03T03:13:41.7891602Z [36;1m  # says whether it was our own attempt or something the runner boots.[0m
2026-10-03T03:13:41.7892195Z [36;1m  echo "apt-get attempt $attempt failed or timed out; retrying once. apt/dpkg processes still alive:"[0m
2026-10-03T03:13:41.7892885Z [36;1m  ps -eo pid,user,etimes,stat,args | grep -E '[a]pt-get|[d]pkg|[u]nattended' || echo "  (none)"[0m
2026-10-03T03:13:41.7893342Z [36;1m  sleep 30[0m
2026-10-03T03:13:41.7893814Z [36;1m  sudo timeout -k 15s 120s dpkg --configure -a || echo "dpkg --configure -a did not finish; the retry will say why"[0m
2026-10-03T03:13:41.7894324Z [36;1mdone[0m
2026-10-03T03:13:41.7894532Z [36;1mffmpeg -version | head -1[0m
2026-10-03T03:13:41.7894809Z [36;1mffprobe -version | head -1[0m
2026-10-03T03:13:41.7895201Z [36;1m# The positive control, and the reason the two lines above are not one:[0m
2026-10-03T03:13:41.7896012Z [36;1m# without `pipefail` a pipeline reports `head`'s status, so `ffmpeg[0m
2026-10-03T03:13:41.7896549Z [36;1m# -version | head -1` exits 0 even when the binary is missing entirely —[0m
2026-10-03T03:13:41.7897072Z [36;1m# this step could go green having installed nothing. Encoding one frame[0m
2026-10-03T03:13:41.7897564Z [36;1m# the way the fixture builder does (`-f lavfi testsrc`, `-c:v libx264`)[0m
2026-10-03T03:13:41.7898052Z [36;1m# is the cheapest assertion that what apt installed can do the one thing[0m
2026-10-03T03:13:41.7898508Z [36;1m# the suite needs, and it fails loudly if it cannot.[0m
2026-10-03T03:13:41.7898852Z [36;1mprobe_dir=$(mktemp -d)[0m
2026-10-03T03:13:41.7899157Z [36;1mffmpeg -hide_banner -loglevel error -f lavfi \[0m
2026-10-03T03:13:41.7899517Z [36;1m  -i testsrc=size=64x64:rate=10:duration=1 \[0m
2026-10-03T03:13:41.7899975Z [36;1m  -c:v libx264 -pix_fmt yuv420p -movflags +faststart -y "$probe_dir/probe.mp4"[0m
2026-10-03T03:13:41.7900667Z [36;1mcodec=$(ffprobe -v error -select_streams v:0 -show_entries stream=codec_name -of csv=p=0 "$probe_dir/probe.mp4")[0m
2026-10-03T03:13:41.7901213Z [36;1mrm -rf "$probe_dir"[0m
2026-10-03T03:13:41.7901697Z [36;1mif [ "$codec" != h264 ]; then[0m
2026-10-03T03:13:41.7902207Z [36;1m  echo "::error::ffmpeg is on PATH but encoded '$codec', not h264 — the video variant fixture cannot be built"[0m
2026-10-03T03:13:41.7902725Z [36;1m  exit 1[0m
2026-10-03T03:13:41.7902930Z [36;1mfi[0m
2026-10-03T03:13:41.7903265Z [36;1mecho "ffmpeg encodes h264 via lavfi: the video variant fixture can be built"[0m
2026-10-03T03:13:41.8127948Z shell: /usr/bin/bash -e {0}
2026-10-03T03:13:41.8128243Z ##[endgroup]
2026-10-03T03:13:41.9064389Z Get:1 file:/etc/apt/apt-mirrors.txt Mirrorlist [144 B]
2026-10-03T03:13:41.9361759Z Hit:2 http://azure.archive.ubuntu.com/ubuntu noble InRelease
2026-10-03T03:13:41.9372285Z Get:3 http://azure.archive.ubuntu.com/ubuntu noble-updates InRelease [126 kB]
2026-10-03T03:13:41.9411582Z Get:4 http://azure.archive.ubuntu.com/ubuntu noble-backports InRelease [126 kB]
2026-10-03T03:13:41.9413455Z Get:6 https://packages.microsoft.com/ubuntu/24.04/prod noble InRelease [3600 B]
2026-10-03T03:13:41.9445190Z Get:5 http://azure.archive.ubuntu.com/ubuntu noble-security InRelease [126 kB]
2026-10-03T03:13:42.0666560Z Get:7 http://azure.archive.ubuntu.com/ubuntu noble-updates/main amd64 Packages [1364 kB]
2026-10-03T03:13:42.0855840Z Get:8 http://azure.archive.ubuntu.com/ubuntu noble-updates/main Translation-en [304 kB]
2026-10-03T03:13:42.0862573Z Get:9 http://azure.archive.ubuntu.com/ubuntu noble-updates/main amd64 Components [180 kB]
2026-10-03T03:13:42.0887119Z Get:10 http://azure.archive.ubuntu.com/ubuntu noble-updates/universe amd64 Packages [1699 kB]
2026-10-03T03:13:42.0986758Z Get:11 http://azure.archive.ubuntu.com/ubuntu noble-updates/universe Translation-en [341 kB]
2026-10-03T03:13:42.1006495Z Get:12 http://azure.archive.ubuntu.com/ubuntu noble-updates/universe amd64 Components [388 kB]
2026-10-03T03:13:42.1010289Z Get:13 http://azure.archive.ubuntu.com/ubuntu noble-updates/restricted amd64 Packages [1720 kB]
2026-10-03T03:13:42.1111704Z Get:14 http://azure.archive.ubuntu.com/ubuntu noble-updates/restricted Translation-en [394 kB]
2026-10-03T03:13:42.1117619Z Get:15 http://azure.archive.ubuntu.com/ubuntu noble-updates/multiverse amd64 Components [940 B]
2026-10-03T03:13:42.1239415Z Get:16 https://packages.microsoft.com/ubuntu/24.04/prod noble/main amd64 Packages [511 kB]
2026-10-03T03:13:42.1324263Z Get:17 https://packages.microsoft.com/ubuntu/24.04/prod noble/main arm64 Packages [458 kB]
2026-10-03T03:13:42.1369477Z Get:18 https://packages.microsoft.com/ubuntu/24.04/prod noble/main armhf Packages [12.6 kB]
2026-10-03T03:13:42.1699591Z Get:19 http://azure.archive.ubuntu.com/ubuntu noble-backports/main amd64 Components [5764 B]
2026-10-03T03:13:42.2140658Z Get:20 http://azure.archive.ubuntu.com/ubuntu noble-backports/universe amd64 Components [12.6 kB]
2026-10-03T03:13:42.2251647Z Get:21 http://azure.archive.ubuntu.com/ubuntu noble-security/main amd64 Packages [1069 kB]
2026-10-03T03:13:42.2305733Z Get:22 http://azure.archive.ubuntu.com/ubuntu noble-security/main Translation-en [221 kB]
2026-10-03T03:13:42.2322408Z Get:23 http://azure.archive.ubuntu.com/ubuntu noble-security/main amd64 Components [46.3 kB]
2026-10-03T03:13:42.2342105Z Get:24 http://azure.archive.ubuntu.com/ubuntu noble-security/universe amd64 Packages [1216 kB]
2026-10-03T03:13:42.2399194Z Get:25 http://azure.archive.ubuntu.com/ubuntu noble-security/universe Translation-en [244 kB]
2026-10-03T03:13:42.2417802Z Get:26 http://azure.archive.ubuntu.com/ubuntu noble-security/universe amd64 Components [76.3 kB]
2026-10-03T03:13:42.2430509Z Get:27 http://azure.archive.ubuntu.com/ubuntu noble-security/restricted amd64 Packages [1566 kB]
2026-10-03T03:13:42.2501611Z Get:28 http://azure.archive.ubuntu.com/ubuntu noble-security/restricted Translation-en [361 kB]
2026-10-03T03:13:46.3770211Z Fetched 12.6 MB in 1s (9177 kB/s)
2026-10-03T03:13:47.1789529Z Reading package lists...
2026-10-03T03:13:47.2025981Z Reading package lists...
2026-10-03T03:13:47.3588521Z Building dependency tree...
2026-10-03T03:13:47.3596066Z Reading state information...
2026-10-03T03:13:47.4911048Z The following additional packages will be installed:
2026-10-03T03:13:47.4912375Z   libass9 libasyncns0 libavc1394-0 libavcodec60 libavdevice60 libavfilter9
2026-10-03T03:13:47.4913128Z   libavformat60 libavutil58 libblas3 libbluray2 libbs2b0 libcaca0
2026-10-03T03:13:47.4913847Z   libcdio-cdda2t64 libcdio-paranoia2t64 libcdio19t64 libchromaprint1 libcjson1
2026-10-03T03:13:47.4914588Z   libcodec2-1.2 libdav1d7 libdc1394-25 libdecor-0-0 libflac12t64 libflite1
2026-10-03T03:13:47.4915604Z   libgme0 libgsm1 libhwy1t64 libiec61883-0 libjack-jackd2-0 libjxl0.7
2026-10-03T03:13:47.4916359Z   liblapack3 liblilv-0-0 libmbedcrypto7t64 libmp3lame0 libmpg123-0t64
2026-10-03T03:13:47.4917051Z   libmysofa1 libopenal-data libopenal1 libopenmpt0t64 libopus0 libplacebo338
2026-10-03T03:13:47.4917778Z   libpocketsphinx3 libpostproc57 libpulse0 librav1e0 libraw1394-11 librist4
2026-10-03T03:13:47.4918782Z   librsvg2-2 librubberband2 libsamplerate0 libsdl2-2.0-0 libserd-0-0 libshine3
2026-10-03T03:13:47.4919384Z   libsndfile1 libsndio7.0 libsord-0-0 libsoxr0 libspeex1 libsphinxbase3t64
2026-10-03T03:13:47.4919915Z   libsratom-0-0 libsrt1.5-gnutls libssh-gcrypt-4 libsvtav1enc1d1
2026-10-03T03:13:47.4920458Z   libswresample4 libswscale7 libtheora0 libtwolame0 libudfread0 libunibreak5
2026-10-03T03:13:47.4921150Z   libva-drm2 libva-x11-2 libva2 libvdpau1 libvidstab1.1 libvorbisenc2 libvpl2
2026-10-03T03:13:47.4922137Z   libvpx9 libx264-164 libx265-199 libxcb-shape0 libxv1 libxvidcore4 libzimg2
2026-10-03T03:13:47.4922717Z   libzix-0-0 libzvbi-common libzvbi0t64 ocl-icd-libopencl1
2026-10-03T03:13:47.4923097Z Suggested packages:
2026-10-03T03:13:47.4923494Z   ffmpeg-doc libcuda1 libnvcuvid1 libnvidia-encode1 libbluray-bdj jackd2
2026-10-03T03:13:47.4924075Z   libportaudio2 opus-tools pulseaudio libraw1394-doc librsvg2-bin serdi sndiod
2026-10-03T03:13:47.4924505Z   sordi speex opencl-icd
2026-10-03T03:13:47.4924771Z Recommended packages:
2026-10-03T03:13:47.4925126Z   libaacs0 default-libdecor-0-plugin-1 | libdecor-0-plugin-1
2026-10-03T03:13:47.4925885Z   pocketsphinx-en-us librsvg2-common va-driver-all | va-driver
2026-10-03T03:13:47.4926428Z   vdpau-driver-all | vdpau-driver
2026-10-03T03:13:47.5301548Z The following NEW packages will be installed:
2026-10-03T03:13:47.5302503Z   ffmpeg libass9 libasyncns0 libavc1394-0 libavcodec60 libavdevice60
2026-10-03T03:13:47.5303130Z   libavfilter9 libavformat60 libavutil58 libblas3 libbluray2 libbs2b0 libcaca0
2026-10-03T03:13:47.5303771Z   libcdio-cdda2t64 libcdio-paranoia2t64 libcdio19t64 libchromaprint1 libcjson1
2026-10-03T03:13:47.5304362Z   libcodec2-1.2 libdav1d7 libdc1394-25 libdecor-0-0 libflac12t64 libflite1
2026-10-03T03:13:47.5304899Z   libgme0 libgsm1 libhwy1t64 libiec61883-0 libjack-jackd2-0 libjxl0.7
2026-10-03T03:13:47.5305881Z   liblapack3 liblilv-0-0 libmbedcrypto7t64 libmp3lame0 libmpg123-0t64
2026-10-03T03:13:47.5306820Z   libmysofa1 libopenal-data libopenal1 libopenmpt0t64 libopus0 libplacebo338
2026-10-03T03:13:47.5307784Z   libpocketsphinx3 libpostproc57 libpulse0 librav1e0 libraw1394-11 librist4
2026-10-03T03:13:47.5308748Z   librsvg2-2 librubberband2 libsamplerate0 libsdl2-2.0-0 libserd-0-0 libshine3
2026-10-03T03:13:47.5309744Z   libsndfile1 libsndio7.0 libsord-0-0 libsoxr0 libspeex1 libsphinxbase3t64
2026-10-03T03:13:47.5310676Z   libsratom-0-0 libsrt1.5-gnutls libssh-gcrypt-4 libsvtav1enc1d1
2026-10-03T03:13:47.5311683Z   libswresample4 libswscale7 libtheora0 libtwolame0 libudfread0 libunibreak5
2026-10-03T03:13:47.5312724Z   libva-drm2 libva-x11-2 libva2 libvdpau1 libvidstab1.1 libvorbisenc2 libvpl2
2026-10-03T03:13:47.5313766Z   libvpx9 libx264-164 libx265-199 libxcb-shape0 libxv1 libxvidcore4 libzimg2
2026-10-03T03:13:47.5314699Z   libzix-0-0 libzvbi-common libzvbi0t64 ocl-icd-libopencl1
2026-10-03T03:13:47.5505561Z 0 upgraded, 87 newly installed, 0 to remove and 25 not upgraded.
2026-10-03T03:13:47.5506337Z Need to get 62.8 MB of archives.
2026-10-03T03:13:47.5507121Z After this operation, 173 MB of additional disk space will be used.
2026-10-03T03:13:47.5508296Z Get:1 file:/etc/apt/apt-mirrors.txt Mirrorlist [144 B]
2026-10-03T03:13:47.7293864Z Get:2 http://azure.archive.ubuntu.com/ubuntu noble-updates/universe amd64 libva2 amd64 2.20.0-2ubuntu0.2 [66.4 kB]
2026-10-03T03:13:48.0131301Z Get:3 http://azure.archive.ubuntu.com/ubuntu noble-updates/universe amd64 libva-drm2 amd64 2.20.0-2ubuntu0.2 [7124 B]
2026-10-03T03:13:48.0996766Z Get:4 http://azure.archive.ubuntu.com/ubuntu noble-updates/universe amd64 libva-x11-2 amd64 2.20.0-2ubuntu0.2 [12.0 kB]
2026-10-03T03:13:48.1898555Z Get:5 http://azure.archive.ubuntu.com/ubuntu noble/main amd64 libvdpau1 amd64 1.5-2build1 [27.8 kB]
2026-10-03T03:13:48.2931915Z Get:6 http://azure.archive.ubuntu.com/ubuntu noble/universe amd64 libvpl2 amd64 2023.3.0-1build1 [99.8 kB]
2026-10-03T03:13:48.4631074Z Get:7 http://azure.archive.ubuntu.com/ubuntu noble/universe amd64 ocl-icd-libopencl1 amd64 2.3.2-1build1 [38.5 kB]
2026-10-03T03:13:48.5553282Z Get:8 http://azure.archive.ubuntu.com/ubuntu noble/universe amd64 libavutil58 amd64 7:6.1.1-3ubuntu5 [401 kB]
2026-10-03T03:13:48.7795590Z Get:9 http://azure.archive.ubuntu.com/ubuntu noble/universe amd64 libcodec2-1.2 amd64 1.2.0-2build1 [8998 kB]
2026-10-03T03:13:49.2727534Z Get:10 http://azure.archive.ubuntu.com/ubuntu noble/universe amd64 libdav1d7 amd64 1.4.1-1build1 [604 kB]
2026-10-03T03:13:49.3588391Z Get:11 http://azure.archive.ubuntu.com/ubuntu noble/universe amd64 libgsm1 amd64 1.0.22-1build1 [27.8 kB]
2026-10-03T03:13:49.4403906Z Get:12 http://azure.archive.ubuntu.com/ubuntu noble/universe amd64 libhwy1t64 amd64 1.0.7-8.1build1 [584 kB]
2026-10-03T03:13:49.5263782Z Get:13 http://azure.archive.ubuntu.com/ubuntu noble-updates/universe amd64 libjxl0.7 amd64 0.7.0-10.2ubuntu6.1 [1001 kB]
2026-10-03T03:13:49.6162379Z Get:14 http://azure.archive.ubuntu.com/ubuntu noble/main amd64 libmp3lame0 amd64 3.100-6build1 [142 kB]
2026-10-03T03:13:49.6986611Z Get:15 http://azure.archive.ubuntu.com/ubuntu noble/main amd64 libopus0 amd64 1.4-1build1 [208 kB]
2026-10-03T03:13:49.7814003Z Get:16 http://azure.archive.ubuntu.com/ubuntu noble/universe amd64 librav1e0 amd64 0.7.1-2 [1022 kB]
2026-10-03T03:13:49.8714784Z Get:17 http://azure.archive.ubuntu.com/ubuntu noble/main amd64 librsvg2-2 amd64 2.58.0+dfsg-1build1 [2135 kB]
2026-10-03T03:13:49.9712423Z Get:18 http://azure.archive.ubuntu.com/ubuntu noble/universe amd64 libshine3 amd64 3.1.1-2build1 [23.2 kB]
2026-10-03T03:13:50.0527076Z Get:19 http://azure.archive.ubuntu.com/ubuntu noble-updates/main amd64 libspeex1 amd64 1.2.1-2ubuntu2.24.04.1 [59.6 kB]
2026-10-03T03:13:50.1349887Z Get:20 http://azure.archive.ubuntu.com/ubuntu noble/universe amd64 libsvtav1enc1d1 amd64 1.7.0+dfsg-2build1 [2425 kB]
2026-10-03T03:13:50.2375075Z Get:21 http://azure.archive.ubuntu.com/ubuntu noble/universe amd64 libsoxr0 amd64 0.1.3-4build3 [80.0 kB]
2026-10-03T03:13:50.3193421Z Get:22 http://azure.archive.ubuntu.com/ubuntu noble/universe amd64 libswresample4 amd64 7:6.1.1-3ubuntu5 [63.8 kB]
2026-10-03T03:13:50.4049695Z Get:23 http://azure.archive.ubuntu.com/ubuntu noble/main amd64 libtheora0 amd64 1.1.1+dfsg.1-16.1build3 [211 kB]
2026-10-03T03:13:50.4876513Z Get:24 http://azure.archive.ubuntu.com/ubuntu noble/main amd64 libtwolame0 amd64 0.4.0-2build3 [52.3 kB]
2026-10-03T03:13:50.5693955Z Get:25 http://azure.archive.ubuntu.com/ubuntu noble/main amd64 libvorbisenc2 amd64 1.3.7-1build3 [80.8 kB]
2026-10-03T03:13:50.6512672Z Get:26 http://azure.archive.ubuntu.com/ubuntu noble-updates/main amd64 libvpx9 amd64 1.14.0-1ubuntu2.3 [1143 kB]
2026-10-03T03:13:50.7424875Z Get:27 http://azure.archive.ubuntu.com/ubuntu noble/universe amd64 libx264-164 amd64 2:0.164.3108+git31e19f9-1 [604 kB]
2026-10-03T03:13:50.8282767Z Get:28 http://azure.archive.ubuntu.com/ubuntu noble/universe amd64 libx265-199 amd64 3.5-2build1 [1226 kB]
2026-10-03T03:13:50.9201976Z Get:29 http://azure.archive.ubuntu.com/ubuntu noble/universe amd64 libxvidcore4 amd64 2:1.3.7-1build1 [219 kB]
2026-10-03T03:13:51.0033139Z Get:30 http://azure.archive.ubuntu.com/ubuntu noble/universe amd64 libzvbi-common all 0.2.42-2 [42.4 kB]
2026-10-03T03:13:51.0852869Z Get:31 http://azure.archive.ubuntu.com/ubuntu noble/universe amd64 libzvbi0t64 amd64 0.2.42-2 [261 kB]
2026-10-03T03:13:51.1685541Z Get:32 http://azure.archive.ubuntu.com/ubuntu noble/universe amd64 libavcodec60 amd64 7:6.1.1-3ubuntu5 [5851 kB]
2026-10-03T03:13:51.3548043Z Get:33 http://azure.archive.ubuntu.com/ubuntu noble/main amd64 libraw1394-11 amd64 2.1.2-2build3 [26.2 kB]
2026-10-03T03:13:51.4363408Z Get:34 http://azure.archive.ubuntu.com/ubuntu noble/main amd64 libavc1394-0 amd64 0.5.4-5build3 [15.4 kB]
2026-10-03T03:13:51.5177709Z Get:35 http://azure.archive.ubuntu.com/ubuntu noble/universe amd64 libunibreak5 amd64 5.1-2build1 [25.0 kB]
2026-10-03T03:13:51.5993111Z Get:36 http://azure.archive.ubuntu.com/ubuntu noble/universe amd64 libass9 amd64 1:0.17.1-2build1 [104 kB]
2026-10-03T03:13:51.6814279Z Get:37 http://azure.archive.ubuntu.com/ubuntu noble/universe amd64 libudfread0 amd64 1.1.2-1build1 [19.0 kB]
2026-10-03T03:13:51.7632282Z Get:38 http://azure.archive.ubuntu.com/ubuntu noble/universe amd64 libbluray2 amd64 1:1.3.4-1build1 [159 kB]
2026-10-03T03:13:51.8459227Z Get:39 http://azure.archive.ubuntu.com/ubuntu noble/universe amd64 libchromaprint1 amd64 1.5.1-5 [30.5 kB]
2026-10-03T03:13:51.9276725Z Get:40 http://azure.archive.ubuntu.com/ubuntu noble/universe amd64 libgme0 amd64 0.6.3-7build1 [134 kB]
2026-10-03T03:13:52.0102526Z Get:41 http://azure.archive.ubuntu.com/ubuntu noble-updates/main amd64 libmpg123-0t64 amd64 1.32.5-1ubuntu1.1 [169 kB]
2026-10-03T03:13:52.0928918Z Get:42 http://azure.archive.ubuntu.com/ubuntu noble/universe amd64 libopenmpt0t64 amd64 0.7.3-1.1build3 [647 kB]
2026-10-03T03:13:52.1794188Z Get:43 http://azure.archive.ubuntu.com/ubuntu noble/universe amd64 libcjson1 amd64 1.7.17-1 [24.8 kB]
2026-10-03T03:13:52.2611140Z Get:44 http://azure.archive.ubuntu.com/ubuntu noble/universe amd64 libmbedcrypto7t64 amd64 2.28.8-1 [209 kB]
2026-10-03T03:13:52.3441434Z Get:45 http://azure.archive.ubuntu.com/ubuntu noble/universe amd64 librist4 amd64 0.2.10+dfsg-2 [74.9 kB]
2026-10-03T03:13:52.4259782Z Get:46 http://azure.archive.ubuntu.com/ubuntu noble/universe amd64 libsrt1.5-gnutls amd64 1.5.3-1build2 [316 kB]
2026-10-03T03:13:52.5096282Z Get:47 http://azure.archive.ubuntu.com/ubuntu noble-updates/main amd64 libssh-gcrypt-4 amd64 0.10.6-2ubuntu0.5 [226 kB]
2026-10-03T03:13:52.5926430Z Get:48 http://azure.archive.ubuntu.com/ubuntu noble/universe amd64 libavformat60 amd64 7:6.1.1-3ubuntu5 [1153 kB]
2026-10-03T03:13:52.6833817Z Get:49 http://azure.archive.ubuntu.com/ubuntu noble/universe amd64 libbs2b0 amd64 3.1.0+dfsg-7build1 [10.6 kB]
2026-10-03T03:13:52.7648420Z Get:50 http://azure.archive.ubuntu.com/ubuntu noble/universe amd64 libflite1 amd64 2.2-6build3 [13.6 MB]
2026-10-03T03:13:53.1978047Z Get:51 http://azure.archive.ubuntu.com/ubuntu noble/universe amd64 libserd-0-0 amd64 0.32.2-1 [43.6 kB]
2026-10-03T03:13:53.2797101Z Get:52 http://azure.archive.ubuntu.com/ubuntu noble/universe amd64 libzix-0-0 amd64 0.4.2-2build1 [23.6 kB]
2026-10-03T03:13:53.3612219Z Get:53 http://azure.archive.ubuntu.com/ubuntu noble/universe amd64 libsord-0-0 amd64 0.16.16-2build1 [15.8 kB]
2026-10-03T03:13:53.4427225Z Get:54 http://azure.archive.ubuntu.com/ubuntu noble/universe amd64 libsratom-0-0 amd64 0.6.16-1build1 [17.3 kB]
2026-10-03T03:13:53.5243846Z Get:55 http://azure.archive.ubuntu.com/ubuntu noble/universe amd64 liblilv-0-0 amd64 0.24.22-1build1 [41.0 kB]
2026-10-03T03:13:53.6060638Z Get:56 http://azure.archive.ubuntu.com/ubuntu noble/universe amd64 libmysofa1 amd64 1.3.2+dfsg-2ubuntu2 [1158 kB]
2026-10-03T03:13:53.7160892Z Get:57 http://azure.archive.ubuntu.com/ubuntu noble/universe amd64 libplacebo338 amd64 6.338.2-2build1 [2654 kB]
2026-10-03T03:13:53.8651619Z Get:58 http://azure.archive.ubuntu.com/ubuntu noble-updates/main amd64 libblas3 amd64 3.12.0-3build1.1 [238 kB]
2026-10-03T03:13:53.9526751Z Get:59 http://azure.archive.ubuntu.com/ubuntu noble-updates/main amd64 liblapack3 amd64 3.12.0-3build1.1 [2646 kB]
2026-10-03T03:13:54.1006057Z Get:60 http://azure.archive.ubuntu.com/ubuntu noble/main amd64 libasyncns0 amd64 0.8-6build4 [11.3 kB]
2026-10-03T03:13:54.1819927Z Get:61 http://azure.archive.ubuntu.com/ubuntu noble/main amd64 libflac12t64 amd64 1.4.3+ds-2.1ubuntu2 [197 kB]
2026-10-03T03:13:54.2763187Z Get:62 http://azure.archive.ubuntu.com/ubuntu noble-updates/main amd64 libsndfile1 amd64 1.2.2-1ubuntu5.24.04.1 [209 kB]
2026-10-03T03:13:54.3589514Z Get:63 http://azure.archive.ubuntu.com/ubuntu noble-updates/main amd64 libpulse0 amd64 1:16.1+dfsg1-2ubuntu10.1 [292 kB]
2026-10-03T03:13:54.4465047Z Get:64 http://azure.archive.ubuntu.com/ubuntu noble/universe amd64 libsphinxbase3t64 amd64 0.8+5prealpha+1-17build2 [126 kB]
2026-10-03T03:13:54.5302821Z Get:65 http://azure.archive.ubuntu.com/ubuntu noble/universe amd64 libpocketsphinx3 amd64 0.8.0+real5prealpha+1-15ubuntu5 [133 kB]
2026-10-03T03:13:54.6180143Z Get:66 http://azure.archive.ubuntu.com/ubuntu noble/universe amd64 libpostproc57 amd64 7:6.1.1-3ubuntu5 [49.9 kB]
2026-10-03T03:13:54.6997502Z Get:67 http://azure.archive.ubuntu.com/ubuntu noble/main amd64 libsamplerate0 amd64 0.2.2-4build1 [1344 kB]
2026-10-03T03:13:54.8146360Z Get:68 http://azure.archive.ubuntu.com/ubuntu noble/universe amd64 librubberband2 amd64 3.3.0+dfsg-2build1 [130 kB]
2026-10-03T03:13:54.8982315Z Get:69 http://azure.archive.ubuntu.com/ubuntu noble/universe amd64 libswscale7 amd64 7:6.1.1-3ubuntu5 [193 kB]
2026-10-03T03:13:54.9834845Z Get:70 http://azure.archive.ubuntu.com/ubuntu noble/universe amd64 libvidstab1.1 amd64 1.1.0-2build1 [38.5 kB]
2026-10-03T03:13:55.0652476Z Get:71 http://azure.archive.ubuntu.com/ubuntu noble/universe amd64 libzimg2 amd64 3.0.5+ds1-1build1 [254 kB]
2026-10-03T03:13:55.1521361Z Get:72 http://azure.archive.ubuntu.com/ubuntu noble/universe amd64 libavfilter9 amd64 7:6.1.1-3ubuntu5 [4235 kB]
2026-10-03T03:13:55.3423268Z Get:73 http://azure.archive.ubuntu.com/ubuntu noble-updates/main amd64 libcaca0 amd64 0.99.beta20-4ubuntu0.2 [209 kB]
2026-10-03T03:13:55.4278018Z Get:74 http://azure.archive.ubuntu.com/ubuntu noble-updates/main amd64 libcdio19t64 amd64 2.1.0-4.1ubuntu1.2 [62.4 kB]
2026-10-03T03:13:55.5105778Z Get:75 http://azure.archive.ubuntu.com/ubuntu noble/main amd64 libcdio-cdda2t64 amd64 10.2+2.0.1-1.1build2 [16.5 kB]
2026-10-03T03:13:55.5925662Z Get:76 http://azure.archive.ubuntu.com/ubuntu noble/main amd64 libcdio-paranoia2t64 amd64 10.2+2.0.1-1.1build2 [16.6 kB]
2026-10-03T03:13:55.6737053Z Get:77 http://azure.archive.ubuntu.com/ubuntu noble/universe amd64 libdc1394-25 amd64 2.2.6-4build1 [90.1 kB]
2026-10-03T03:13:55.7563505Z Get:78 http://azure.archive.ubuntu.com/ubuntu noble/main amd64 libiec61883-0 amd64 1.2.0-6build1 [24.5 kB]
2026-10-03T03:13:55.8379411Z Get:79 http://azure.archive.ubuntu.com/ubuntu noble/main amd64 libjack-jackd2-0 amd64 1.9.21~dfsg-3ubuntu3 [289 kB]
2026-10-03T03:13:55.9254591Z Get:80 http://azure.archive.ubuntu.com/ubuntu noble/universe amd64 libopenal-data all 1:1.23.1-4build1 [161 kB]
2026-10-03T03:13:56.0098328Z Get:81 http://azure.archive.ubuntu.com/ubuntu noble/universe amd64 libsndio7.0 amd64 1.9.0-0.3build3 [29.6 kB]
2026-10-03T03:13:56.0911941Z Get:82 http://azure.archive.ubuntu.com/ubuntu noble/universe amd64 libopenal1 amd64 1:1.23.1-4build1 [540 kB]
2026-10-03T03:13:56.1850164Z Get:83 http://azure.archive.ubuntu.com/ubuntu noble/main amd64 libdecor-0-0 amd64 0.2.2-1build2 [16.5 kB]
2026-10-03T03:13:56.2664072Z Get:84 http://azure.archive.ubuntu.com/ubuntu noble-updates/main amd64 libsdl2-2.0-0 amd64 2.30.0+dfsg-1ubuntu3.1 [686 kB]
2026-10-03T03:13:56.3647594Z Get:85 http://azure.archive.ubuntu.com/ubuntu noble/main amd64 libxcb-shape0 amd64 1.15-1ubuntu2 [6100 B]
2026-10-03T03:13:56.4461390Z Get:86 http://azure.archive.ubuntu.com/ubuntu noble/main amd64 libxv1 amd64 2:1.0.11-1.1build1 [10.7 kB]
2026-10-03T03:13:56.5274503Z Get:87 http://azure.archive.ubuntu.com/ubuntu noble/universe amd64 libavdevice60 amd64 7:6.1.1-3ubuntu5 [82.3 kB]
2026-10-03T03:13:56.6093836Z Get:88 http://azure.archive.ubuntu.com/ubuntu noble/universe amd64 ffmpeg amd64 7:6.1.1-3ubuntu5 [1879 kB]
2026-10-03T03:13:56.9564195Z Fetched 62.8 MB in 9s (6892 kB/s)
2026-10-03T03:13:56.9797533Z Selecting previously unselected package libva2:amd64.
2026-10-03T03:13:57.0097237Z (Reading database ... 
2026-10-03T03:13:57.0097760Z (Reading database ... 5%
2026-10-03T03:13:57.0098054Z (Reading database ... 10%
2026-10-03T03:13:57.0098312Z (Reading database ... 15%
2026-10-03T03:13:57.0098572Z (Reading database ... 20%
2026-10-03T03:13:57.0098815Z (Reading database ... 25%
2026-10-03T03:13:57.0099059Z (Reading database ... 30%
2026-10-03T03:13:57.0099304Z (Reading database ... 35%
2026-10-03T03:13:57.0099554Z (Reading database ... 40%
2026-10-03T03:13:57.0099796Z (Reading database ... 45%
2026-10-03T03:13:57.0100629Z (Reading database ... 50%
2026-10-03T03:13:57.0140863Z (Reading database ... 55%
2026-10-03T03:13:57.1206795Z (Reading database ... 60%
2026-10-03T03:13:57.3214717Z (Reading database ... 65%
2026-10-03T03:13:57.5082489Z (Reading database ... 70%
2026-10-03T03:13:57.6747744Z (Reading database ... 75%
2026-10-03T03:13:57.8125237Z (Reading database ... 80%
2026-10-03T03:13:58.0197743Z (Reading database ... 85%
2026-10-03T03:13:58.2295910Z (Reading database ... 90%
2026-10-03T03:13:58.3702444Z (Reading database ... 95%
2026-10-03T03:13:58.3702941Z (Reading database ... 100%
2026-10-03T03:13:58.3703662Z (Reading database ... 202296 files and directories currently installed.)
2026-10-03T03:13:58.3740934Z Preparing to unpack .../00-libva2_2.20.0-2ubuntu0.2_amd64.deb ...
2026-10-03T03:13:58.3777470Z Unpacking libva2:amd64 (2.20.0-2ubuntu0.2) ...
2026-10-03T03:13:58.3988576Z Selecting previously unselected package libva-drm2:amd64.
2026-10-03T03:13:58.4106793Z Preparing to unpack .../01-libva-drm2_2.20.0-2ubuntu0.2_amd64.deb ...
2026-10-03T03:13:58.4114676Z Unpacking libva-drm2:amd64 (2.20.0-2ubuntu0.2) ...
2026-10-03T03:13:58.4305465Z Selecting previously unselected package libva-x11-2:amd64.
2026-10-03T03:13:58.4420491Z Preparing to unpack .../02-libva-x11-2_2.20.0-2ubuntu0.2_amd64.deb ...
2026-10-03T03:13:58.4428040Z Unpacking libva-x11-2:amd64 (2.20.0-2ubuntu0.2) ...
2026-10-03T03:13:58.4622981Z Selecting previously unselected package libvdpau1:amd64.
2026-10-03T03:13:58.4737523Z Preparing to unpack .../03-libvdpau1_1.5-2build1_amd64.deb ...
2026-10-03T03:13:58.4744220Z Unpacking libvdpau1:amd64 (1.5-2build1) ...
2026-10-03T03:13:58.4940531Z Selecting previously unselected package libvpl2.
2026-10-03T03:13:58.5056145Z Preparing to unpack .../04-libvpl2_2023.3.0-1build1_amd64.deb ...
2026-10-03T03:13:58.5063148Z Unpacking libvpl2 (2023.3.0-1build1) ...
2026-10-03T03:13:58.5267739Z Selecting previously unselected package ocl-icd-libopencl1:amd64.
2026-10-03T03:13:58.5382625Z Preparing to unpack .../05-ocl-icd-libopencl1_2.3.2-1build1_amd64.deb ...
2026-10-03T03:13:58.5390427Z Unpacking ocl-icd-libopencl1:amd64 (2.3.2-1build1) ...
2026-10-03T03:13:58.5628022Z Selecting previously unselected package libavutil58:amd64.
2026-10-03T03:13:58.5741784Z Preparing to unpack .../06-libavutil58_7%3a6.1.1-3ubuntu5_amd64.deb ...
2026-10-03T03:13:58.5749027Z Unpacking libavutil58:amd64 (7:6.1.1-3ubuntu5) ...
2026-10-03T03:13:58.5978030Z Selecting previously unselected package libcodec2-1.2:amd64.
2026-10-03T03:13:58.6090491Z Preparing to unpack .../07-libcodec2-1.2_1.2.0-2build1_amd64.deb ...
2026-10-03T03:13:58.6097738Z Unpacking libcodec2-1.2:amd64 (1.2.0-2build1) ...
2026-10-03T03:13:58.6823276Z Selecting previously unselected package libdav1d7:amd64.
2026-10-03T03:13:58.6946124Z Preparing to unpack .../08-libdav1d7_1.4.1-1build1_amd64.deb ...
2026-10-03T03:13:58.6953319Z Unpacking libdav1d7:amd64 (1.4.1-1build1) ...
2026-10-03T03:13:58.7201792Z Selecting previously unselected package libgsm1:amd64.
2026-10-03T03:13:58.7323067Z Preparing to unpack .../09-libgsm1_1.0.22-1build1_amd64.deb ...
2026-10-03T03:13:58.7330093Z Unpacking libgsm1:amd64 (1.0.22-1build1) ...
2026-10-03T03:13:58.7523071Z Selecting previously unselected package libhwy1t64:amd64.
2026-10-03T03:13:58.7642658Z Preparing to unpack .../10-libhwy1t64_1.0.7-8.1build1_amd64.deb ...
2026-10-03T03:13:58.7650124Z Unpacking libhwy1t64:amd64 (1.0.7-8.1build1) ...
2026-10-03T03:13:58.7951510Z Selecting previously unselected package libjxl0.7:amd64.
2026-10-03T03:13:58.8071754Z Preparing to unpack .../11-libjxl0.7_0.7.0-10.2ubuntu6.1_amd64.deb ...
2026-10-03T03:13:58.8079214Z Unpacking libjxl0.7:amd64 (0.7.0-10.2ubuntu6.1) ...
2026-10-03T03:13:58.8389182Z Selecting previously unselected package libmp3lame0:amd64.
2026-10-03T03:13:58.8554512Z Preparing to unpack .../12-libmp3lame0_3.100-6build1_amd64.deb ...
2026-10-03T03:13:58.8562345Z Unpacking libmp3lame0:amd64 (3.100-6build1) ...
2026-10-03T03:13:58.8763600Z Selecting previously unselected package libopus0:amd64.
2026-10-03T03:13:58.8881776Z Preparing to unpack .../13-libopus0_1.4-1build1_amd64.deb ...
2026-10-03T03:13:58.8899391Z Unpacking libopus0:amd64 (1.4-1build1) ...
2026-10-03T03:13:58.9100148Z Selecting previously unselected package librav1e0:amd64.
2026-10-03T03:13:58.9217118Z Preparing to unpack .../14-librav1e0_0.7.1-2_amd64.deb ...
2026-10-03T03:13:58.9224094Z Unpacking librav1e0:amd64 (0.7.1-2) ...
2026-10-03T03:13:58.9521701Z Selecting previously unselected package librsvg2-2:amd64.
2026-10-03T03:13:58.9640312Z Preparing to unpack .../15-librsvg2-2_2.58.0+dfsg-1build1_amd64.deb ...
2026-10-03T03:13:58.9647008Z Unpacking librsvg2-2:amd64 (2.58.0+dfsg-1build1) ...
2026-10-03T03:13:59.0102329Z Selecting previously unselected package libshine3:amd64.
2026-10-03T03:13:59.0221501Z Preparing to unpack .../16-libshine3_3.1.1-2build1_amd64.deb ...
2026-10-03T03:13:59.0229478Z Unpacking libshine3:amd64 (3.1.1-2build1) ...
2026-10-03T03:13:59.0415372Z Selecting previously unselected package libspeex1:amd64.
2026-10-03T03:13:59.0538088Z Preparing to unpack .../17-libspeex1_1.2.1-2ubuntu2.24.04.1_amd64.deb ...
2026-10-03T03:13:59.0549263Z Unpacking libspeex1:amd64 (1.2.1-2ubuntu2.24.04.1) ...
2026-10-03T03:13:59.0737786Z Selecting previously unselected package libsvtav1enc1d1:amd64.
2026-10-03T03:13:59.0855141Z Preparing to unpack .../18-libsvtav1enc1d1_1.7.0+dfsg-2build1_amd64.deb ...
2026-10-03T03:13:59.0862652Z Unpacking libsvtav1enc1d1:amd64 (1.7.0+dfsg-2build1) ...
2026-10-03T03:13:59.1307768Z Selecting previously unselected package libsoxr0:amd64.
2026-10-03T03:13:59.1428935Z Preparing to unpack .../19-libsoxr0_0.1.3-4build3_amd64.deb ...
2026-10-03T03:13:59.1435920Z Unpacking libsoxr0:amd64 (0.1.3-4build3) ...
2026-10-03T03:13:59.1633405Z Selecting previously unselected package libswresample4:amd64.
2026-10-03T03:13:59.1754249Z Preparing to unpack .../20-libswresample4_7%3a6.1.1-3ubuntu5_amd64.deb ...
2026-10-03T03:13:59.1761889Z Unpacking libswresample4:amd64 (7:6.1.1-3ubuntu5) ...
2026-10-03T03:13:59.1965750Z Selecting previously unselected package libtheora0:amd64.
2026-10-03T03:13:59.2083343Z Preparing to unpack .../21-libtheora0_1.1.1+dfsg.1-16.1build3_amd64.deb ...
2026-10-03T03:13:59.2091313Z Unpacking libtheora0:amd64 (1.1.1+dfsg.1-16.1build3) ...
2026-10-03T03:13:59.2306497Z Selecting previously unselected package libtwolame0:amd64.
2026-10-03T03:13:59.2422057Z Preparing to unpack .../22-libtwolame0_0.4.0-2build3_amd64.deb ...
2026-10-03T03:13:59.2428564Z Unpacking libtwolame0:amd64 (0.4.0-2build3) ...
2026-10-03T03:13:59.2620433Z Selecting previously unselected package libvorbisenc2:amd64.
2026-10-03T03:13:59.2746456Z Preparing to unpack .../23-libvorbisenc2_1.3.7-1build3_amd64.deb ...
2026-10-03T03:13:59.2753093Z Unpacking libvorbisenc2:amd64 (1.3.7-1build3) ...
2026-10-03T03:13:59.2961789Z Selecting previously unselected package libvpx9:amd64.
2026-10-03T03:13:59.3077771Z Preparing to unpack .../24-libvpx9_1.14.0-1ubuntu2.3_amd64.deb ...
2026-10-03T03:13:59.3088092Z Unpacking libvpx9:amd64 (1.14.0-1ubuntu2.3) ...
2026-10-03T03:13:59.3393218Z Selecting previously unselected package libx264-164:amd64.
2026-10-03T03:13:59.3509351Z Preparing to unpack .../25-libx264-164_2%3a0.164.3108+git31e19f9-1_amd64.deb ...
2026-10-03T03:13:59.3517257Z Unpacking libx264-164:amd64 (2:0.164.3108+git31e19f9-1) ...
2026-10-03T03:13:59.3768437Z Selecting previously unselected package libx265-199:amd64.
2026-10-03T03:13:59.3884018Z Preparing to unpack .../26-libx265-199_3.5-2build1_amd64.deb ...
2026-10-03T03:13:59.3891162Z Unpacking libx265-199:amd64 (3.5-2build1) ...
2026-10-03T03:13:59.4505873Z Selecting previously unselected package libxvidcore4:amd64.
2026-10-03T03:13:59.4628441Z Preparing to unpack .../27-libxvidcore4_2%3a1.3.7-1build1_amd64.deb ...
2026-10-03T03:13:59.4635127Z Unpacking libxvidcore4:amd64 (2:1.3.7-1build1) ...
2026-10-03T03:13:59.4840643Z Selecting previously unselected package libzvbi-common.
2026-10-03T03:13:59.4961701Z Preparing to unpack .../28-libzvbi-common_0.2.42-2_all.deb ...
2026-10-03T03:13:59.4968535Z Unpacking libzvbi-common (0.2.42-2) ...
2026-10-03T03:13:59.5394393Z Selecting previously unselected package libzvbi0t64:amd64.
2026-10-03T03:13:59.5515214Z Preparing to unpack .../29-libzvbi0t64_0.2.42-2_amd64.deb ...
2026-10-03T03:13:59.5522891Z Unpacking libzvbi0t64:amd64 (0.2.42-2) ...
2026-10-03T03:13:59.5759220Z Selecting previously unselected package libavcodec60:amd64.
2026-10-03T03:13:59.5880038Z Preparing to unpack .../30-libavcodec60_7%3a6.1.1-3ubuntu5_amd64.deb ...
2026-10-03T03:13:59.5887802Z Unpacking libavcodec60:amd64 (7:6.1.1-3ubuntu5) ...
2026-10-03T03:13:59.6666006Z Selecting previously unselected package libraw1394-11:amd64.
2026-10-03T03:13:59.6790144Z Preparing to unpack .../31-libraw1394-11_2.1.2-2build3_amd64.deb ...
2026-10-03T03:13:59.6797668Z Unpacking libraw1394-11:amd64 (2.1.2-2build3) ...
2026-10-03T03:13:59.6987242Z Selecting previously unselected package libavc1394-0:amd64.
2026-10-03T03:13:59.7108895Z Preparing to unpack .../32-libavc1394-0_0.5.4-5build3_amd64.deb ...
2026-10-03T03:13:59.7116375Z Unpacking libavc1394-0:amd64 (0.5.4-5build3) ...
2026-10-03T03:13:59.7312113Z Selecting previously unselected package libunibreak5:amd64.
2026-10-03T03:13:59.7431769Z Preparing to unpack .../33-libunibreak5_5.1-2build1_amd64.deb ...
2026-10-03T03:13:59.7439009Z Unpacking libunibreak5:amd64 (5.1-2build1) ...
2026-10-03T03:13:59.7635059Z Selecting previously unselected package libass9:amd64.
2026-10-03T03:13:59.7754740Z Preparing to unpack .../34-libass9_1%3a0.17.1-2build1_amd64.deb ...
2026-10-03T03:13:59.7769622Z Unpacking libass9:amd64 (1:0.17.1-2build1) ...
2026-10-03T03:13:59.7969400Z Selecting previously unselected package libudfread0:amd64.
2026-10-03T03:13:59.8088881Z Preparing to unpack .../35-libudfread0_1.1.2-1build1_amd64.deb ...
2026-10-03T03:13:59.8096086Z Unpacking libudfread0:amd64 (1.1.2-1build1) ...
2026-10-03T03:13:59.8281413Z Selecting previously unselected package libbluray2:amd64.
2026-10-03T03:13:59.8399752Z Preparing to unpack .../36-libbluray2_1%3a1.3.4-1build1_amd64.deb ...
2026-10-03T03:13:59.8406718Z Unpacking libbluray2:amd64 (1:1.3.4-1build1) ...
2026-10-03T03:13:59.8607469Z Selecting previously unselected package libchromaprint1:amd64.
2026-10-03T03:13:59.8723190Z Preparing to unpack .../37-libchromaprint1_1.5.1-5_amd64.deb ...
2026-10-03T03:13:59.8729597Z Unpacking libchromaprint1:amd64 (1.5.1-5) ...
2026-10-03T03:13:59.8921589Z Selecting previously unselected package libgme0:amd64.
2026-10-03T03:13:59.9038254Z Preparing to unpack .../38-libgme0_0.6.3-7build1_amd64.deb ...
2026-10-03T03:13:59.9044756Z Unpacking libgme0:amd64 (0.6.3-7build1) ...
2026-10-03T03:13:59.9244529Z Selecting previously unselected package libmpg123-0t64:amd64.
2026-10-03T03:13:59.9360177Z Preparing to unpack .../39-libmpg123-0t64_1.32.5-1ubuntu1.1_amd64.deb ...
2026-10-03T03:13:59.9367192Z Unpacking libmpg123-0t64:amd64 (1.32.5-1ubuntu1.1) ...
2026-10-03T03:13:59.9571479Z Selecting previously unselected package libopenmpt0t64:amd64.
2026-10-03T03:13:59.9686283Z Preparing to unpack .../40-libopenmpt0t64_0.7.3-1.1build3_amd64.deb ...
2026-10-03T03:13:59.9692306Z Unpacking libopenmpt0t64:amd64 (0.7.3-1.1build3) ...
2026-10-03T03:13:59.9938589Z Selecting previously unselected package libcjson1:amd64.
2026-10-03T03:14:00.0056986Z Preparing to unpack .../41-libcjson1_1.7.17-1_amd64.deb ...
2026-10-03T03:14:00.0063419Z Unpacking libcjson1:amd64 (1.7.17-1) ...
2026-10-03T03:14:00.0253912Z Selecting previously unselected package libmbedcrypto7t64:amd64.
2026-10-03T03:14:00.0370039Z Preparing to unpack .../42-libmbedcrypto7t64_2.28.8-1_amd64.deb ...
2026-10-03T03:14:00.0377128Z Unpacking libmbedcrypto7t64:amd64 (2.28.8-1) ...
2026-10-03T03:14:00.0591805Z Selecting previously unselected package librist4:amd64.
2026-10-03T03:14:00.0708113Z Preparing to unpack .../43-librist4_0.2.10+dfsg-2_amd64.deb ...
2026-10-03T03:14:00.0714784Z Unpacking librist4:amd64 (0.2.10+dfsg-2) ...
2026-10-03T03:14:00.0908426Z Selecting previously unselected package libsrt1.5-gnutls:amd64.
2026-10-03T03:14:00.1022888Z Preparing to unpack .../44-libsrt1.5-gnutls_1.5.3-1build2_amd64.deb ...
2026-10-03T03:14:00.1030553Z Unpacking libsrt1.5-gnutls:amd64 (1.5.3-1build2) ...
2026-10-03T03:14:00.1252482Z Selecting previously unselected package libssh-gcrypt-4:amd64.
2026-10-03T03:14:00.1368763Z Preparing to unpack .../45-libssh-gcrypt-4_0.10.6-2ubuntu0.5_amd64.deb ...
2026-10-03T03:14:00.1375142Z Unpacking libssh-gcrypt-4:amd64 (0.10.6-2ubuntu0.5) ...
2026-10-03T03:14:00.1587321Z Selecting previously unselected package libavformat60:amd64.
2026-10-03T03:14:00.1702508Z Preparing to unpack .../46-libavformat60_7%3a6.1.1-3ubuntu5_amd64.deb ...
2026-10-03T03:14:00.1709170Z Unpacking libavformat60:amd64 (7:6.1.1-3ubuntu5) ...
2026-10-03T03:14:00.2003762Z Selecting previously unselected package libbs2b0:amd64.
2026-10-03T03:14:00.2120583Z Preparing to unpack .../47-libbs2b0_3.1.0+dfsg-7build1_amd64.deb ...
2026-10-03T03:14:00.2127959Z Unpacking libbs2b0:amd64 (3.1.0+dfsg-7build1) ...
2026-10-03T03:14:00.2335029Z Selecting previously unselected package libflite1:amd64.
2026-10-03T03:14:00.2450408Z Preparing to unpack .../48-libflite1_2.2-6build3_amd64.deb ...
2026-10-03T03:14:00.2457761Z Unpacking libflite1:amd64 (2.2-6build3) ...
2026-10-03T03:14:00.3484908Z Selecting previously unselected package libserd-0-0:amd64.
2026-10-03T03:14:00.3607398Z Preparing to unpack .../49-libserd-0-0_0.32.2-1_amd64.deb ...
2026-10-03T03:14:00.3614532Z Unpacking libserd-0-0:amd64 (0.32.2-1) ...
2026-10-03T03:14:00.3807338Z Selecting previously unselected package libzix-0-0:amd64.
2026-10-03T03:14:00.3928131Z Preparing to unpack .../50-libzix-0-0_0.4.2-2build1_amd64.deb ...
2026-10-03T03:14:00.3934949Z Unpacking libzix-0-0:amd64 (0.4.2-2build1) ...
2026-10-03T03:14:00.4125165Z Selecting previously unselected package libsord-0-0:amd64.
2026-10-03T03:14:00.4245032Z Preparing to unpack .../51-libsord-0-0_0.16.16-2build1_amd64.deb ...
2026-10-03T03:14:00.4251684Z Unpacking libsord-0-0:amd64 (0.16.16-2build1) ...
2026-10-03T03:14:00.4444744Z Selecting previously unselected package libsratom-0-0:amd64.
2026-10-03T03:14:00.4563229Z Preparing to unpack .../52-libsratom-0-0_0.6.16-1build1_amd64.deb ...
2026-10-03T03:14:00.4570734Z Unpacking libsratom-0-0:amd64 (0.6.16-1build1) ...
2026-10-03T03:14:00.4760132Z Selecting previously unselected package liblilv-0-0:amd64.
2026-10-03T03:14:00.4878352Z Preparing to unpack .../53-liblilv-0-0_0.24.22-1build1_amd64.deb ...
2026-10-03T03:14:00.4886731Z Unpacking liblilv-0-0:amd64 (0.24.22-1build1) ...
2026-10-03T03:14:00.5077983Z Selecting previously unselected package libmysofa1:amd64.
2026-10-03T03:14:00.5194473Z Preparing to unpack .../54-libmysofa1_1.3.2+dfsg-2ubuntu2_amd64.deb ...
2026-10-03T03:14:00.5202741Z Unpacking libmysofa1:amd64 (1.3.2+dfsg-2ubuntu2) ...
2026-10-03T03:14:00.5437127Z Selecting previously unselected package libplacebo338:amd64.
2026-10-03T03:14:00.5555969Z Preparing to unpack .../55-libplacebo338_6.338.2-2build1_amd64.deb ...
2026-10-03T03:14:00.5563913Z Unpacking libplacebo338:amd64 (6.338.2-2build1) ...
2026-10-03T03:14:00.6061204Z Selecting previously unselected package libblas3:amd64.
2026-10-03T03:14:00.6182352Z Preparing to unpack .../56-libblas3_3.12.0-3build1.1_amd64.deb ...
2026-10-03T03:14:00.6210537Z Unpacking libblas3:amd64 (3.12.0-3build1.1) ...
2026-10-03T03:14:00.6437304Z Selecting previously unselected package liblapack3:amd64.
2026-10-03T03:14:00.6557232Z Preparing to unpack .../57-liblapack3_3.12.0-3build1.1_amd64.deb ...
2026-10-03T03:14:00.6585149Z Unpacking liblapack3:amd64 (3.12.0-3build1.1) ...
2026-10-03T03:14:00.7038557Z Selecting previously unselected package libasyncns0:amd64.
2026-10-03T03:14:00.7159019Z Preparing to unpack .../58-libasyncns0_0.8-6build4_amd64.deb ...
2026-10-03T03:14:00.7165544Z Unpacking libasyncns0:amd64 (0.8-6build4) ...
2026-10-03T03:14:00.7353157Z Selecting previously unselected package libflac12t64:amd64.
2026-10-03T03:14:00.7473045Z Preparing to unpack .../59-libflac12t64_1.4.3+ds-2.1ubuntu2_amd64.deb ...
2026-10-03T03:14:00.7479890Z Unpacking libflac12t64:amd64 (1.4.3+ds-2.1ubuntu2) ...
2026-10-03T03:14:00.7687182Z Selecting previously unselected package libsndfile1:amd64.
2026-10-03T03:14:00.7805728Z Preparing to unpack .../60-libsndfile1_1.2.2-1ubuntu5.24.04.1_amd64.deb ...
2026-10-03T03:14:00.7813372Z Unpacking libsndfile1:amd64 (1.2.2-1ubuntu5.24.04.1) ...
2026-10-03T03:14:00.8038819Z Selecting previously unselected package libpulse0:amd64.
2026-10-03T03:14:00.8158397Z Preparing to unpack .../61-libpulse0_1%3a16.1+dfsg1-2ubuntu10.1_amd64.deb ...
2026-10-03T03:14:00.8222816Z Unpacking libpulse0:amd64 (1:16.1+dfsg1-2ubuntu10.1) ...
2026-10-03T03:14:00.8461387Z Selecting previously unselected package libsphinxbase3t64:amd64.
2026-10-03T03:14:00.8579279Z Preparing to unpack .../62-libsphinxbase3t64_0.8+5prealpha+1-17build2_amd64.deb ...
2026-10-03T03:14:00.8586710Z Unpacking libsphinxbase3t64:amd64 (0.8+5prealpha+1-17build2) ...
2026-10-03T03:14:00.8790377Z Selecting previously unselected package libpocketsphinx3:amd64.
2026-10-03T03:14:00.8906351Z Preparing to unpack .../63-libpocketsphinx3_0.8.0+real5prealpha+1-15ubuntu5_amd64.deb ...
2026-10-03T03:14:00.8914803Z Unpacking libpocketsphinx3:amd64 (0.8.0+real5prealpha+1-15ubuntu5) ...
2026-10-03T03:14:00.9118957Z Selecting previously unselected package libpostproc57:amd64.
2026-10-03T03:14:00.9233569Z Preparing to unpack .../64-libpostproc57_7%3a6.1.1-3ubuntu5_amd64.deb ...
2026-10-03T03:14:00.9241057Z Unpacking libpostproc57:amd64 (7:6.1.1-3ubuntu5) ...
2026-10-03T03:14:00.9435418Z Selecting previously unselected package libsamplerate0:amd64.
2026-10-03T03:14:00.9550822Z Preparing to unpack .../65-libsamplerate0_0.2.2-4build1_amd64.deb ...
2026-10-03T03:14:00.9558745Z Unpacking libsamplerate0:amd64 (0.2.2-4build1) ...
2026-10-03T03:14:00.9809586Z Selecting previously unselected package librubberband2:amd64.
2026-10-03T03:14:00.9924843Z Preparing to unpack .../66-librubberband2_3.3.0+dfsg-2build1_amd64.deb ...
2026-10-03T03:14:00.9932049Z Unpacking librubberband2:amd64 (3.3.0+dfsg-2build1) ...
2026-10-03T03:14:01.0142142Z Selecting previously unselected package libswscale7:amd64.
2026-10-03T03:14:01.0256525Z Preparing to unpack .../67-libswscale7_7%3a6.1.1-3ubuntu5_amd64.deb ...
2026-10-03T03:14:01.0263799Z Unpacking libswscale7:amd64 (7:6.1.1-3ubuntu5) ...
2026-10-03T03:14:01.0665951Z Selecting previously unselected package libvidstab1.1:amd64.
2026-10-03T03:14:01.0781923Z Preparing to unpack .../68-libvidstab1.1_1.1.0-2build1_amd64.deb ...
2026-10-03T03:14:01.0789841Z Unpacking libvidstab1.1:amd64 (1.1.0-2build1) ...
2026-10-03T03:14:01.0979004Z Selecting previously unselected package libzimg2:amd64.
2026-10-03T03:14:01.1093583Z Preparing to unpack .../69-libzimg2_3.0.5+ds1-1build1_amd64.deb ...
2026-10-03T03:14:01.1100416Z Unpacking libzimg2:amd64 (3.0.5+ds1-1build1) ...
2026-10-03T03:14:01.1317083Z Selecting previously unselected package libavfilter9:amd64.
2026-10-03T03:14:01.1432027Z Preparing to unpack .../70-libavfilter9_7%3a6.1.1-3ubuntu5_amd64.deb ...
2026-10-03T03:14:01.1438872Z Unpacking libavfilter9:amd64 (7:6.1.1-3ubuntu5) ...
2026-10-03T03:14:01.2093932Z Selecting previously unselected package libcaca0:amd64.
2026-10-03T03:14:01.2216384Z Preparing to unpack .../71-libcaca0_0.99.beta20-4ubuntu0.2_amd64.deb ...
2026-10-03T03:14:01.2223044Z Unpacking libcaca0:amd64 (0.99.beta20-4ubuntu0.2) ...
2026-10-03T03:14:01.2453677Z Selecting previously unselected package libcdio19t64:amd64.
2026-10-03T03:14:01.2575867Z Preparing to unpack .../72-libcdio19t64_2.1.0-4.1ubuntu1.2_amd64.deb ...
2026-10-03T03:14:01.2583653Z Unpacking libcdio19t64:amd64 (2.1.0-4.1ubuntu1.2) ...
2026-10-03T03:14:01.2778860Z Selecting previously unselected package libcdio-cdda2t64:amd64.
2026-10-03T03:14:01.2898629Z Preparing to unpack .../73-libcdio-cdda2t64_10.2+2.0.1-1.1build2_amd64.deb ...
2026-10-03T03:14:01.2906268Z Unpacking libcdio-cdda2t64:amd64 (10.2+2.0.1-1.1build2) ...
2026-10-03T03:14:01.3096018Z Selecting previously unselected package libcdio-paranoia2t64:amd64.
2026-10-03T03:14:01.3214550Z Preparing to unpack .../74-libcdio-paranoia2t64_10.2+2.0.1-1.1build2_amd64.deb ...
2026-10-03T03:14:01.3222177Z Unpacking libcdio-paranoia2t64:amd64 (10.2+2.0.1-1.1build2) ...
2026-10-03T03:14:01.3411428Z Selecting previously unselected package libdc1394-25:amd64.
2026-10-03T03:14:01.3529289Z Preparing to unpack .../75-libdc1394-25_2.2.6-4build1_amd64.deb ...
2026-10-03T03:14:01.3535819Z Unpacking libdc1394-25:amd64 (2.2.6-4build1) ...
2026-10-03T03:14:01.3731449Z Selecting previously unselected package libiec61883-0:amd64.
2026-10-03T03:14:01.3848011Z Preparing to unpack .../76-libiec61883-0_1.2.0-6build1_amd64.deb ...
2026-10-03T03:14:01.3854951Z Unpacking libiec61883-0:amd64 (1.2.0-6build1) ...
2026-10-03T03:14:01.4042080Z Selecting previously unselected package libjack-jackd2-0:amd64.
2026-10-03T03:14:01.4156898Z Preparing to unpack .../77-libjack-jackd2-0_1.9.21~dfsg-3ubuntu3_amd64.deb ...
2026-10-03T03:14:01.4163957Z Unpacking libjack-jackd2-0:amd64 (1.9.21~dfsg-3ubuntu3) ...
2026-10-03T03:14:01.4391729Z Selecting previously unselected package libopenal-data.
2026-10-03T03:14:01.4506565Z Preparing to unpack .../78-libopenal-data_1%3a1.23.1-4build1_all.deb ...
2026-10-03T03:14:01.4513321Z Unpacking libopenal-data (1:1.23.1-4build1) ...
2026-10-03T03:14:01.4765639Z Selecting previously unselected package libsndio7.0:amd64.
2026-10-03T03:14:01.4881512Z Preparing to unpack .../79-libsndio7.0_1.9.0-0.3build3_amd64.deb ...
2026-10-03T03:14:01.4888317Z Unpacking libsndio7.0:amd64 (1.9.0-0.3build3) ...
2026-10-03T03:14:01.5082436Z Selecting previously unselected package libopenal1:amd64.
2026-10-03T03:14:01.5198285Z Preparing to unpack .../80-libopenal1_1%3a1.23.1-4build1_amd64.deb ...
2026-10-03T03:14:01.5205516Z Unpacking libopenal1:amd64 (1:1.23.1-4build1) ...
2026-10-03T03:14:01.5489229Z Selecting previously unselected package libdecor-0-0:amd64.
2026-10-03T03:14:01.5605754Z Preparing to unpack .../81-libdecor-0-0_0.2.2-1build2_amd64.deb ...
2026-10-03T03:14:01.5613437Z Unpacking libdecor-0-0:amd64 (0.2.2-1build2) ...
2026-10-03T03:14:01.5804797Z Selecting previously unselected package libsdl2-2.0-0:amd64.
2026-10-03T03:14:01.5920087Z Preparing to unpack .../82-libsdl2-2.0-0_2.30.0+dfsg-1ubuntu3.1_amd64.deb ...
2026-10-03T03:14:01.5927172Z Unpacking libsdl2-2.0-0:amd64 (2.30.0+dfsg-1ubuntu3.1) ...
2026-10-03T03:14:01.6415915Z Selecting previously unselected package libxcb-shape0:amd64.
2026-10-03T03:14:01.6532720Z Preparing to unpack .../83-libxcb-shape0_1.15-1ubuntu2_amd64.deb ...
2026-10-03T03:14:01.6539689Z Unpacking libxcb-shape0:amd64 (1.15-1ubuntu2) ...
2026-10-03T03:14:01.6726777Z Selecting previously unselected package libxv1:amd64.
2026-10-03T03:14:01.6842354Z Preparing to unpack .../84-libxv1_2%3a1.0.11-1.1build1_amd64.deb ...
2026-10-03T03:14:01.6849787Z Unpacking libxv1:amd64 (2:1.0.11-1.1build1) ...
2026-10-03T03:14:01.7037438Z Selecting previously unselected package libavdevice60:amd64.
2026-10-03T03:14:01.7152590Z Preparing to unpack .../85-libavdevice60_7%3a6.1.1-3ubuntu5_amd64.deb ...
2026-10-03T03:14:01.7161898Z Unpacking libavdevice60:amd64 (7:6.1.1-3ubuntu5) ...
2026-10-03T03:14:01.7352005Z Selecting previously unselected package ffmpeg.
2026-10-03T03:14:01.7466444Z Preparing to unpack .../86-ffmpeg_7%3a6.1.1-3ubuntu5_amd64.deb ...
2026-10-03T03:14:01.7473109Z Unpacking ffmpeg (7:6.1.1-3ubuntu5) ...
2026-10-03T03:14:01.8079781Z Setting up libgme0:amd64 (0.6.3-7build1) ...
2026-10-03T03:14:01.8100711Z Setting up libchromaprint1:amd64 (1.5.1-5) ...
2026-10-03T03:14:01.8121785Z Setting up libssh-gcrypt-4:amd64 (0.10.6-2ubuntu0.5) ...
2026-10-03T03:14:01.8138095Z Setting up libhwy1t64:amd64 (1.0.7-8.1build1) ...
2026-10-03T03:14:01.8155149Z Setting up libudfread0:amd64 (1.1.2-1build1) ...
2026-10-03T03:14:01.8171589Z Setting up libraw1394-11:amd64 (2.1.2-2build3) ...
2026-10-03T03:14:01.8196092Z Setting up libspeex1:amd64 (1.2.1-2ubuntu2.24.04.1) ...
2026-10-03T03:14:01.8212527Z Setting up libshine3:amd64 (3.1.1-2build1) ...
2026-10-03T03:14:01.8230887Z Setting up libcaca0:amd64 (0.99.beta20-4ubuntu0.2) ...
2026-10-03T03:14:01.8248691Z Setting up libvpl2 (2023.3.0-1build1) ...
2026-10-03T03:14:01.8266227Z Setting up libx264-164:amd64 (2:0.164.3108+git31e19f9-1) ...
2026-10-03T03:14:01.8284192Z Setting up libtwolame0:amd64 (0.4.0-2build3) ...
2026-10-03T03:14:01.8301010Z Setting up libmbedcrypto7t64:amd64 (2.28.8-1) ...
2026-10-03T03:14:01.8320413Z Setting up libgsm1:amd64 (1.0.22-1build1) ...
2026-10-03T03:14:01.8338211Z Setting up libsoxr0:amd64 (0.1.3-4build3) ...
2026-10-03T03:14:01.8354113Z Setting up libzix-0-0:amd64 (0.4.2-2build1) ...
2026-10-03T03:14:01.8373217Z Setting up libcodec2-1.2:amd64 (1.2.0-2build1) ...
2026-10-03T03:14:01.8390332Z Setting up libmysofa1:amd64 (1.3.2+dfsg-2ubuntu2) ...
2026-10-03T03:14:01.8411133Z Setting up libxcb-shape0:amd64 (1.15-1ubuntu2) ...
2026-10-03T03:14:01.8428437Z Setting up libcdio19t64:amd64 (2.1.0-4.1ubuntu1.2) ...
2026-10-03T03:14:01.8446192Z Setting up libsvtav1enc1d1:amd64 (1.7.0+dfsg-2build1) ...
2026-10-03T03:14:01.8465218Z Setting up libmpg123-0t64:amd64 (1.32.5-1ubuntu1.1) ...
2026-10-03T03:14:01.8481946Z Setting up libcjson1:amd64 (1.7.17-1) ...
2026-10-03T03:14:01.8500682Z Setting up libxvidcore4:amd64 (2:1.3.7-1build1) ...
2026-10-03T03:14:01.8519527Z Setting up librav1e0:amd64 (0.7.1-2) ...
2026-10-03T03:14:01.8537339Z Setting up libcdio-cdda2t64:amd64 (10.2+2.0.1-1.1build2) ...
2026-10-03T03:14:01.8556368Z Setting up librist4:amd64 (0.2.10+dfsg-2) ...
2026-10-03T03:14:01.8577203Z Setting up librsvg2-2:amd64 (2.58.0+dfsg-1build1) ...
2026-10-03T03:14:01.8594998Z Setting up libblas3:amd64 (3.12.0-3build1.1) ...
2026-10-03T03:14:01.8653412Z update-alternatives: using /usr/lib/x86_64-linux-gnu/blas/libblas.so.3 to provide /usr/lib/x86_64-linux-gnu/libblas.so.3 (libblas.so.3-x86_64-linux-gnu) in auto mode
2026-10-03T03:14:01.8673802Z Setting up libplacebo338:amd64 (6.338.2-2build1) ...
2026-10-03T03:14:01.8691828Z Setting up libva2:amd64 (2.20.0-2ubuntu0.2) ...
2026-10-03T03:14:01.8713725Z Setting up libopus0:amd64 (1.4-1build1) ...
2026-10-03T03:14:01.8730612Z Setting up libcdio-paranoia2t64:amd64 (10.2+2.0.1-1.1build2) ...
2026-10-03T03:14:01.8749230Z Setting up libdc1394-25:amd64 (2.2.6-4build1) ...
2026-10-03T03:14:01.8765567Z Setting up libxv1:amd64 (2:1.0.11-1.1build1) ...
2026-10-03T03:14:01.8784231Z Setting up libunibreak5:amd64 (5.1-2build1) ...
2026-10-03T03:14:01.8800896Z Setting up libjxl0.7:amd64 (0.7.0-10.2ubuntu6.1) ...
2026-10-03T03:14:01.8820633Z Setting up libx265-199:amd64 (3.5-2build1) ...
2026-10-03T03:14:01.8841212Z Setting up libsndio7.0:amd64 (1.9.0-0.3build3) ...
2026-10-03T03:14:01.8859072Z Setting up libvidstab1.1:amd64 (1.1.0-2build1) ...
2026-10-03T03:14:01.8877048Z Setting up libvpx9:amd64 (1.14.0-1ubuntu2.3) ...
2026-10-03T03:14:01.8896172Z Setting up libsrt1.5-gnutls:amd64 (1.5.3-1build2) ...
2026-10-03T03:14:01.8916160Z Setting up libflite1:amd64 (2.2-6build3) ...
2026-10-03T03:14:01.8933777Z Setting up libdav1d7:amd64 (1.4.1-1build1) ...
2026-10-03T03:14:01.8950348Z Setting up libva-drm2:amd64 (2.20.0-2ubuntu0.2) ...
2026-10-03T03:14:01.8967424Z Setting up ocl-icd-libopencl1:amd64 (2.3.2-1build1) ...
2026-10-03T03:14:01.8986241Z Setting up libasyncns0:amd64 (0.8-6build4) ...
2026-10-03T03:14:01.9003048Z Setting up libvdpau1:amd64 (1.5-2build1) ...
2026-10-03T03:14:01.9032674Z Setting up libbs2b0:amd64 (3.1.0+dfsg-7build1) ...
2026-10-03T03:14:01.9052236Z Setting up libtheora0:amd64 (1.1.1+dfsg.1-16.1build3) ...
2026-10-03T03:14:01.9073409Z Setting up libdecor-0-0:amd64 (0.2.2-1build2) ...
2026-10-03T03:14:01.9094531Z Setting up libzimg2:amd64 (3.0.5+ds1-1build1) ...
2026-10-03T03:14:01.9112008Z Setting up libopenal-data (1:1.23.1-4build1) ...
2026-10-03T03:14:01.9139142Z Setting up libflac12t64:amd64 (1.4.3+ds-2.1ubuntu2) ...
2026-10-03T03:14:01.9156767Z Setting up libbluray2:amd64 (1:1.3.4-1build1) ...
2026-10-03T03:14:01.9175907Z Setting up libsamplerate0:amd64 (0.2.2-4build1) ...
2026-10-03T03:14:01.9193299Z Setting up libva-x11-2:amd64 (2.20.0-2ubuntu0.2) ...
2026-10-03T03:14:01.9212581Z Setting up libopenmpt0t64:amd64 (0.7.3-1.1build3) ...
2026-10-03T03:14:01.9231957Z Setting up libzvbi-common (0.2.42-2) ...
2026-10-03T03:14:01.9249036Z Setting up libmp3lame0:amd64 (3.100-6build1) ...
2026-10-03T03:14:01.9267449Z Setting up libvorbisenc2:amd64 (1.3.7-1build3) ...
2026-10-03T03:14:01.9286006Z Setting up libiec61883-0:amd64 (1.2.0-6build1) ...
2026-10-03T03:14:01.9317728Z Setting up libserd-0-0:amd64 (0.32.2-1) ...
2026-10-03T03:14:01.9335729Z Setting up libavc1394-0:amd64 (0.5.4-5build3) ...
2026-10-03T03:14:01.9353438Z Setting up liblapack3:amd64 (3.12.0-3build1.1) ...
2026-10-03T03:14:01.9412318Z update-alternatives: using /usr/lib/x86_64-linux-gnu/lapack/liblapack.so.3 to provide /usr/lib/x86_64-linux-gnu/liblapack.so.3 (liblapack.so.3-x86_64-linux-gnu) in auto mode
2026-10-03T03:14:01.9426019Z Setting up libzvbi0t64:amd64 (0.2.42-2) ...
2026-10-03T03:14:01.9444534Z Setting up libavutil58:amd64 (7:6.1.1-3ubuntu5) ...
2026-10-03T03:14:01.9466026Z Setting up libopenal1:amd64 (1:1.23.1-4build1) ...
2026-10-03T03:14:01.9483974Z Setting up libass9:amd64 (1:0.17.1-2build1) ...
2026-10-03T03:14:01.9503379Z Setting up libswresample4:amd64 (7:6.1.1-3ubuntu5) ...
2026-10-03T03:14:01.9521321Z Setting up libavcodec60:amd64 (7:6.1.1-3ubuntu5) ...
2026-10-03T03:14:01.9538549Z Setting up librubberband2:amd64 (3.3.0+dfsg-2build1) ...
2026-10-03T03:14:01.9557551Z Setting up libjack-jackd2-0:amd64 (1.9.21~dfsg-3ubuntu3) ...
2026-10-03T03:14:01.9574924Z Setting up libsord-0-0:amd64 (0.16.16-2build1) ...
2026-10-03T03:14:01.9594583Z Setting up libpostproc57:amd64 (7:6.1.1-3ubuntu5) ...
2026-10-03T03:14:01.9610884Z Setting up libsratom-0-0:amd64 (0.6.16-1build1) ...
2026-10-03T03:14:01.9627962Z Setting up libsndfile1:amd64 (1.2.2-1ubuntu5.24.04.1) ...
2026-10-03T03:14:01.9645787Z Setting up liblilv-0-0:amd64 (0.24.22-1build1) ...
2026-10-03T03:14:01.9662638Z Setting up libswscale7:amd64 (7:6.1.1-3ubuntu5) ...
2026-10-03T03:14:01.9682212Z Setting up libpulse0:amd64 (1:16.1+dfsg1-2ubuntu10.1) ...
2026-10-03T03:14:01.9750550Z Setting up libavformat60:amd64 (7:6.1.1-3ubuntu5) ...
2026-10-03T03:14:01.9769704Z Setting up libsphinxbase3t64:amd64 (0.8+5prealpha+1-17build2) ...
2026-10-03T03:14:01.9790206Z Setting up libsdl2-2.0-0:amd64 (2.30.0+dfsg-1ubuntu3.1) ...
2026-10-03T03:14:02.0027502Z Setting up libpocketsphinx3:amd64 (0.8.0+real5prealpha+1-15ubuntu5) ...
2026-10-03T03:14:02.0044045Z Setting up libavfilter9:amd64 (7:6.1.1-3ubuntu5) ...
2026-10-03T03:14:02.0066851Z Setting up libavdevice60:amd64 (7:6.1.1-3ubuntu5) ...
2026-10-03T03:14:02.0083469Z Setting up ffmpeg (7:6.1.1-3ubuntu5) ...
2026-10-03T03:14:02.0102641Z Processing triggers for man-db (2.12.0-4build2) ...
2026-10-03T03:14:02.0125533Z Not building database; man-db/auto-update is not 'true'.
2026-10-03T03:14:02.0135933Z Processing triggers for libc-bin (2.39-0ubuntu8.9) ...
2026-10-03T03:14:02.6942478Z 
2026-10-03T03:14:02.6943067Z Running kernel seems to be up-to-date.
2026-10-03T03:14:02.6943478Z 
2026-10-03T03:14:02.6943738Z No services need to be restarted.
2026-10-03T03:14:02.6944055Z 
2026-10-03T03:14:02.6944341Z No containers need to be restarted.
2026-10-03T03:14:02.6944649Z 
2026-10-03T03:14:02.6944969Z No user sessions are running outdated binaries.
2026-10-03T03:14:02.6945583Z 
2026-10-03T03:14:02.6946104Z No VM guests are running outdated hypervisor (qemu) binaries on this host.
2026-10-03T03:14:03.7127625Z ffmpeg version 6.1.1-3ubuntu5 Copyright (c) 2000-2023 the FFmpeg developers
2026-10-03T03:14:03.7598468Z ffprobe version 6.1.1-3ubuntu5 Copyright (c) 2007-2023 the FFmpeg developers
2026-10-03T03:14:03.8611417Z ffmpeg encodes h264 via lavfi: the video variant fixture can be built
2026-10-03T03:14:03.8648735Z ##[group]Run bun install --frozen-lockfile --minimum-release-age=0
2026-10-03T03:14:03.8649261Z [36;1mbun install --frozen-lockfile --minimum-release-age=0[0m
2026-10-03T03:14:03.8714055Z shell: /usr/bin/bash -e {0}
2026-10-03T03:14:03.8714315Z ##[endgroup]
2026-10-03T03:14:03.8819054Z bun install v1.4.2 (744846f84)
2026-10-03T03:14:03.9027870Z Resolving dependencies
2026-10-03T03:14:03.9041372Z Resolved, downloaded and extracted [1]
2026-10-03T03:14:15.4738763Z 
2026-10-03T03:14:15.4739798Z + @types/express@4.17.25
2026-10-03T03:14:15.4740210Z + @types/jest@30.0.0
2026-10-03T03:14:15.4740481Z + drizzle-orm@0.45.2
2026-10-03T03:14:15.4740710Z + expo@57.0.21
2026-10-03T03:14:15.4740956Z + expo-constants@57.0.17
2026-10-03T03:14:15.4741262Z + expo-document-picker@57.0.1
2026-10-03T03:14:15.4741539Z + expo-haptics@57.0.2
2026-10-03T03:14:15.4741821Z + expo-image-manipulator@57.0.16
2026-10-03T03:14:15.4742123Z + expo-linear-gradient@57.0.1
2026-10-03T03:14:15.4742453Z + expo-modules-core@57.0.17
2026-10-03T03:14:15.4742731Z + expo-notifications@57.0.17
2026-10-03T03:14:15.4743016Z + expo-web-browser@57.0.2
2026-10-03T03:14:15.4743320Z + jest-environment-jsdom@30.5.1
2026-10-03T03:14:15.4743664Z + react-native-keyboard-controller@1.21.13
2026-10-03T03:14:15.4743977Z + react-native-web@0.21.2
2026-10-03T03:14:15.4744237Z + ts-jest@29.4.12
2026-10-03T03:14:15.4744445Z + turbo@2.10.12
2026-10-03T03:14:15.4744667Z + typescript@5.9.3
2026-10-03T03:14:15.4744880Z + vite@7.3.1
2026-10-03T03:14:15.4745114Z + @expo/metro-runtime@57.0.15
2026-10-03T03:14:15.4745991Z + @oxy.so/bloom@6.2.0
2026-10-03T03:14:15.4746246Z + expo-contacts@57.0.4
2026-10-03T03:14:15.4746503Z + expo-image-picker@57.0.16
2026-10-03T03:14:15.4746777Z + expo-splash-screen@57.0.8
2026-10-03T03:14:15.4747023Z + is-arrayish@0.3.4
2026-10-03T03:14:15.4747282Z + react-native-worklets@0.10.0
2026-10-03T03:14:15.4747456Z 
2026-10-03T03:14:15.4747604Z 2265 packages installed [11.59s]
2026-10-03T03:14:15.4879675Z ##[group]Run actions/cache/restore@55cc8345863c7cc4c66a329aec7e433d2d1c52a9
2026-10-03T03:14:15.4880089Z with:
2026-10-03T03:14:15.4880297Z   path: .turbo/cache
2026-10-03T03:14:15.4880637Z   key: turbo-build-Linux-X64-ae227ca54db3f3ed86f68eaad099aa33736c6d81
2026-10-03T03:14:15.4881049Z   restore-keys: turbo-build-Linux-X64-
2026-10-03T03:14:15.4881335Z   enableCrossOsArchive: false
2026-10-03T03:14:15.4881594Z   fail-on-cache-miss: false
2026-10-03T03:14:15.4881829Z   lookup-only: false
2026-10-03T03:14:15.4882038Z ##[endgroup]
2026-10-03T03:14:15.6750945Z Cache hit for restore-key: turbo-build-Linux-X64-4b145040afca38be93ad4096241d4c60e12e1c82
2026-10-03T03:14:15.8683844Z Received 10805377 of 10805377 (100.0%), 78.7 MBs/sec
2026-10-03T03:14:15.8684441Z Cache Size: ~10 MB (10805377 B)
2026-10-03T03:14:15.8715488Z [command]/usr/bin/tar -xf /home/runner/work/_temp/30515ccf-4114-4356-bca8-8c17721e0bca/cache.tzst -P -C /home/runner/work/oxy/oxy --use-compress-program unzstd
2026-10-03T03:14:15.8924984Z Cache restored successfully
2026-10-03T03:14:15.9008677Z Cache restored from key: turbo-build-Linux-X64-4b145040afca38be93ad4096241d4c60e12e1c82
2026-10-03T03:14:15.9138434Z ##[group]Run bunx turbo run build --filter=@oxy.so/contracts --filter=@oxy.so/protocol --filter=@oxy.so/core --filter=@oxy.so/federation --filter=@oxy.so/mcp --filter=@oxy.so/db
2026-10-03T03:14:15.9139641Z [36;1mbunx turbo run build --filter=@oxy.so/contracts --filter=@oxy.so/protocol --filter=@oxy.so/core --filter=@oxy.so/federation --filter=@oxy.so/mcp --filter=@oxy.so/db[0m
2026-10-03T03:14:15.9207365Z shell: /usr/bin/bash -e {0}
2026-10-03T03:14:15.9207642Z ##[endgroup]
2026-10-03T03:14:15.9947406Z 
2026-10-03T03:14:15.9948035Z Attention:
2026-10-03T03:14:15.9948847Z Turborepo now collects completely anonymous telemetry regarding usage.
2026-10-03T03:14:15.9950205Z This information is used to shape the Turborepo roadmap and prioritize features.
2026-10-03T03:14:15.9951620Z You can learn more, including how to opt-out if you'd not like to participate in this anonymous program, by visiting the following URL:
2026-10-03T03:14:15.9952330Z https://turborepo.dev/docs/telemetry
2026-10-03T03:14:15.9952605Z 
2026-10-03T03:14:16.1855932Z 
2026-10-03T03:14:16.1870457Z    • Packages in scope: @oxy.so/contracts, @oxy.so/core, @oxy.so/db, @oxy.so/federation, @oxy.so/mcp, @oxy.so/protocol
2026-10-03T03:14:16.1871629Z    • Running build in 6 packages
2026-10-03T03:14:16.1872214Z    • Remote caching disabled
2026-10-03T03:14:16.1872517Z 
2026-10-03T03:14:24.2203687Z ##[group]@oxy.so/telemetry:build
2026-10-03T03:14:24.2205087Z cache miss, executing 06fcb736969983f1
2026-10-03T03:14:24.2206475Z $ bun run clean && bun run build:cjs && bun run build:esm && bun run build:types
2026-10-03T03:14:24.2207402Z $ rm -rf dist
2026-10-03T03:14:24.2208204Z $ tsc -p tsconfig.cjs.json && node scripts/mark-cjs.mjs
2026-10-03T03:14:24.2208958Z $ tsc -p tsconfig.esm.json
2026-10-03T03:14:24.2209622Z $ tsc -p tsconfig.types.json
2026-10-03T03:14:24.2210455Z ##[endgroup]
2026-10-03T03:14:27.7993464Z ##[group]@oxy.so/db:build
2026-10-03T03:14:27.8031512Z cache miss, executing 2741ecedaf2d04b6
2026-10-03T03:14:27.8034806Z $ bun run build:cjs && bun run build:esm && bun run build:types
2026-10-03T03:14:27.8035977Z $ tsc -p tsconfig.cjs.json
2026-10-03T03:14:27.8036895Z $ tsc -p tsconfig.esm.json && node scripts/fix-esm-imports.mjs
2026-10-03T03:14:27.8037800Z ESM imports fixed
2026-10-03T03:14:27.8039914Z $ tsc -p tsconfig.types.json
2026-10-03T03:14:27.8040880Z ##[endgroup]
2026-10-03T03:14:37.1217490Z ##[group]@oxy.so/contracts:build
2026-10-03T03:14:37.1218299Z cache miss, executing a32e2a440b62e0e3
2026-10-03T03:14:37.1219057Z $ bun run build:cjs && bun run build:esm && bun run build:types
2026-10-03T03:14:37.1219721Z $ tsc -p tsconfig.cjs.json
2026-10-03T03:14:37.1220493Z $ tsc -p tsconfig.esm.json && node scripts/fix-esm-imports.mjs
2026-10-03T03:14:37.1220905Z ESM imports fixed
2026-10-03T03:14:37.1221174Z $ tsc -p tsconfig.types.json
2026-10-03T03:14:37.1221677Z ##[endgroup]
2026-10-03T03:14:45.2927947Z ##[group]@oxy.so/protocol:build
2026-10-03T03:14:45.2928793Z cache miss, executing 4a550da7d65dc64e
2026-10-03T03:14:45.2929633Z $ bun run build:cjs && bun run build:esm && bun run build:types
2026-10-03T03:14:45.2930325Z $ tsc -p tsconfig.cjs.json
2026-10-03T03:14:45.2931059Z $ tsc -p tsconfig.esm.json && node scripts/fix-esm-imports.mjs
2026-10-03T03:14:45.2931550Z ESM imports fixed
2026-10-03T03:14:45.2931830Z $ tsc -p tsconfig.types.json
2026-10-03T03:14:45.2932517Z ##[endgroup]
2026-10-03T03:14:46.2776345Z ##[group]@oxy.so/mcp:build
2026-10-03T03:14:46.2777391Z cache miss, executing ecf97a6512bdd0e4
2026-10-03T03:14:46.2778744Z $ bun run build:cjs && bun run build:esm && bun run build:types
2026-10-03T03:14:46.2779743Z $ tsc -p tsconfig.cjs.json
2026-10-03T03:14:46.2788452Z $ tsc -p tsconfig.esm.json && node scripts/fix-esm-imports.mjs
2026-10-03T03:14:46.2789428Z $ tsc -p tsconfig.types.json
2026-10-03T03:14:46.2790392Z ##[endgroup]
2026-10-03T03:14:58.2076936Z ##[group]@oxy.so/core:build
2026-10-03T03:14:58.2077415Z cache miss, executing 90d8920173b74634
2026-10-03T03:14:58.2078672Z $ node scripts/build-workspace-deps.mjs @oxy.so/telemetry && bun run build:cjs && bun run build:esm && bun run build:types && node scripts/mark-module-formats.mjs
2026-10-03T03:14:58.2079477Z $ tsc -p tsconfig.cjs.json
2026-10-03T03:14:58.2079907Z $ tsc -p tsconfig.esm.json && node scripts/fix-esm-imports.mjs
2026-10-03T03:14:58.2080288Z ESM imports fixed
2026-10-03T03:14:58.2080567Z $ tsc -p tsconfig.types.json
2026-10-03T03:14:58.2081012Z ##[endgroup]
2026-10-03T03:15:03.5347746Z ##[group]@oxy.so/federation:build
2026-10-03T03:15:03.5348466Z cache miss, executing eee288f2a781e56d
2026-10-03T03:15:03.5349984Z $ node ../core/scripts/build-workspace-deps.mjs @oxy.so/contracts @oxy.so/protocol @oxy.so/core && bun run build:cjs && bun run build:esm && bun run build:types
2026-10-03T03:15:03.5351256Z $ tsc -p tsconfig.cjs.json
2026-10-03T03:15:03.5351706Z $ tsc -p tsconfig.esm.json && node scripts/fix-esm-imports.mjs
2026-10-03T03:15:03.5352116Z ESM imports fixed
2026-10-03T03:15:03.5352384Z $ tsc -p tsconfig.types.json
2026-10-03T03:15:03.5352850Z ##[endgroup]
2026-10-03T03:15:03.5367239Z 
2026-10-03T03:15:03.5367675Z  Tasks:    7 successful, 7 total
2026-10-03T03:15:03.5368558Z Cached:    0 cached, 7 total
2026-10-03T03:15:03.5369142Z   Time:    47.472s 
2026-10-03T03:15:03.5369504Z 
2026-10-03T03:15:03.5538396Z ##[group]Run node -e "const os=require('node:os');console.log('cpus=%d totalmem=%s GiB maxWorkers=%d',os.cpus().length,(os.totalmem()/1073741824).toFixed(1),require('./jest.config.js').maxWorkers)"
2026-10-03T03:15:03.5539735Z [36;1mnode -e "const os=require('node:os');console.log('cpus=%d totalmem=%s GiB maxWorkers=%d',os.cpus().length,(os.totalmem()/1073741824).toFixed(1),require('./jest.config.js').maxWorkers)"[0m
2026-10-03T03:15:03.5605977Z shell: /usr/bin/bash -e {0}
2026-10-03T03:15:03.5606256Z ##[endgroup]
2026-10-03T03:15:03.5937607Z cpus=4 totalmem=15.6 GiB maxWorkers=1
2026-10-03T03:15:03.6020588Z ##[group]Run echo "Running API coverage shard ${SHARD_INDEX}/${SHARD_TOTAL}"
2026-10-03T03:15:03.6021157Z [36;1mecho "Running API coverage shard ${SHARD_INDEX}/${SHARD_TOTAL}"[0m
2026-10-03T03:15:03.6021557Z [36;1mbun run test:coverage -- \[0m
2026-10-03T03:15:03.6021875Z [36;1m  --shard="${SHARD_INDEX}/${SHARD_TOTAL}" \[0m
2026-10-03T03:15:03.6022322Z [36;1m  --json --outputFile="coverage/shard-${SHARD_INDEX}/jest-results.json" \[0m
2026-10-03T03:15:03.6022813Z [36;1m  --coverageDirectory="coverage/shard-${SHARD_INDEX}" \[0m
2026-10-03T03:15:03.6023172Z [36;1m  --coverageReporters=json \[0m
2026-10-03T03:15:03.6023473Z [36;1m  --coverageReporters=lcovonly \[0m
2026-10-03T03:15:03.6023781Z [36;1m  --coverageReporters=text-summary[0m
2026-10-03T03:15:03.6085871Z shell: /usr/bin/bash -e {0}
2026-10-03T03:15:03.6086134Z env:
2026-10-03T03:15:03.6086333Z   SHARD_INDEX: 5
2026-10-03T03:15:03.6086542Z   SHARD_TOTAL: 6
2026-10-03T03:15:03.6086983Z   DATABASE_URL: ***127.0.0.1:5432/oxy_test
2026-10-03T03:15:03.6087369Z   ACCESS_TOKEN_SECRET: test_access_token_secret_minimum_32_characters
2026-10-03T03:15:03.6087847Z   REFRESH_TOKEN_SECRET: test_refresh_token_secret_minimum_32_characters
2026-10-03T03:15:03.6088230Z   AWS_REGION: us-east-1
2026-10-03T03:15:03.6088477Z   AWS_ACCESS_KEY_ID: test_aws_access_key
2026-10-03T03:15:03.6088778Z   AWS_SECRET_ACCESS_KEY: test_aws_secret_key
2026-10-03T03:15:03.6089067Z   AWS_S3_BUCKET: test-bucket
2026-10-03T03:15:03.6089303Z   NODE_ENV: test
2026-10-03T03:15:03.6089518Z ##[endgroup]
2026-10-03T03:15:03.6169024Z Running API coverage shard 5/6
2026-10-03T03:15:03.6193139Z $ jest --coverage "--shard=5/6" --json "--outputFile=coverage/shard-5/jest-results.json" "--coverageDirectory=coverage/shard-5" "--coverageReporters=json" "--coverageReporters=lcovonly" "--coverageReporters=text-summary"
2026-10-03T03:15:12.5088046Z {"level":30,"time":1790997312407,"pid":4609,"hostname":"runnervm8df0l","maxPoolSize":8,"msg":"Connected to PostgreSQL successfully"}
2026-10-03T03:15:12.6347358Z {"level":40,"time":1790997312533,"pid":4609,"hostname":"runnervm8df0l","component":"civic.attestation","msg":"Moderation attestation skipped: OXY_PRIVATE_KEY/OXY_PUBLIC_KEY not configured"}
2026-10-03T03:15:12.6350718Z {"level":30,"time":1790997312534,"pid":4609,"hostname":"runnervm8df0l","component":"moderationReputation","incidentId":"inc_0d677098f77c","decisionRevision":1,"effectType":"conduct_penalty","severity":"medium","points":-8,"activeRisk":3,"reportedApplicationId":"01a0ffc2-33a6-7517-826f-97fbd84fa3fe","emitterApplicationId":"01a0ffc2-33c7-7536-8829-71c35a74d93d","bindingId":"01a0ffc2-33aa-79ba-b937-474c2678e305","msg":"Moderation reputation effect applied"}
2026-10-03T03:15:12.6353617Z {"level":40,"time":1790997312624,"pid":4609,"hostname":"runnervm8df0l","component":"civic.attestation","msg":"Moderation attestation skipped: OXY_PRIVATE_KEY/OXY_PUBLIC_KEY not configured"}
2026-10-03T03:15:12.6356914Z {"level":30,"time":1790997312624,"pid":4609,"hostname":"runnervm8df0l","component":"moderationReputation","incidentId":"inc_9f3562bb11db","decisionRevision":1,"effectType":"conduct_penalty","severity":"medium","points":-8,"activeRisk":3,"reportedApplicationId":"01a0ffc2-3428-72bd-99fa-1e4efefbf8b0","emitterApplicationId":"01a0ffc2-343e-7437-acdd-09c7807596c6","bindingId":"01a0ffc2-342b-754f-a5e8-979d7f284f21","msg":"Moderation reputation effect applied"}
2026-10-03T03:15:12.9653283Z {"level":40,"time":1790997312864,"pid":4609,"hostname":"runnervm8df0l","component":"civic.attestation","msg":"Moderation attestation skipped: OXY_PRIVATE_KEY/OXY_PUBLIC_KEY not configured"}
2026-10-03T03:15:12.9657572Z {"level":30,"time":1790997312864,"pid":4609,"hostname":"runnervm8df0l","component":"moderationReputation","incidentId":"inc_73aa01bb143d","decisionRevision":1,"effectType":"conduct_penalty","severity":"medium","points":-8,"activeRisk":3,"reportedApplicationId":"01a0ffc2-351c-749b-a1f5-52b42b721848","emitterApplicationId":"01a0ffc2-352c-7e3a-bab7-1f0350a98e68","bindingId":"01a0ffc2-351e-79ef-94b0-2fb80c3f73d9","msg":"Moderation reputation effect applied"}
2026-10-03T03:15:12.9660767Z {"level":40,"time":1790997312944,"pid":4609,"hostname":"runnervm8df0l","component":"civic.attestation","msg":"Moderation attestation skipped: OXY_PRIVATE_KEY/OXY_PUBLIC_KEY not configured"}
2026-10-03T03:15:12.9664328Z {"level":30,"time":1790997312944,"pid":4609,"hostname":"runnervm8df0l","component":"moderationReputation","incidentId":"inc_62784b5b01f4","decisionRevision":1,"effectType":"conduct_penalty","severity":"medium","points":-8,"activeRisk":3,"reportedApplicationId":"01a0ffc2-3571-754b-a421-aef97391c601","emitterApplicationId":"01a0ffc2-3581-70ad-a82b-de022bca91e2","bindingId":"01a0ffc2-3574-72e0-b752-40e2687f492f","msg":"Moderation reputation effect applied"}
2026-10-03T03:15:13.0780320Z {"level":40,"time":1790997312977,"pid":4609,"hostname":"runnervm8df0l","component":"civic.attestation","msg":"Moderation attestation skipped: OXY_PRIVATE_KEY/OXY_PUBLIC_KEY not configured"}
2026-10-03T03:15:13.0783472Z {"level":30,"time":1790997312977,"pid":4609,"hostname":"runnervm8df0l","component":"moderationReputation","incidentId":"inc_62784b5b01f4","decisionRevision":1,"effectType":"conduct_penalty","severity":"medium","points":-8,"activeRisk":3,"reportedApplicationId":"01a0ffc2-3571-754b-a421-aef97391c601","emitterApplicationId":"01a0ffc2-3581-70ad-a82b-de022bca91e2","bindingId":"01a0ffc2-3574-72e0-b752-40e2687f492f","msg":"Moderation reputation effect applied"}
2026-10-03T03:15:13.0786453Z {"level":40,"time":1790997313048,"pid":4609,"hostname":"runnervm8df0l","component":"civic.attestation","msg":"Moderation attestation skipped: OXY_PRIVATE_KEY/OXY_PUBLIC_KEY not configured"}
2026-10-03T03:15:13.0789867Z {"level":30,"time":1790997313049,"pid":4609,"hostname":"runnervm8df0l","component":"moderationReputation","incidentId":"inc_aece390d01d7","decisionRevision":1,"effectType":"conduct_penalty","severity":"medium","points":-8,"activeRisk":3,"reportedApplicationId":"01a0ffc2-35d7-7577-be42-8dc109d39096","emitterApplicationId":"01a0ffc2-35e5-709d-b570-69e79eaa98d8","bindingId":"01a0ffc2-35da-7726-95ba-f8f0b771668a","msg":"Moderation reputation effect applied"}
2026-10-03T03:15:13.2466556Z {"level":40,"time":1790997313145,"pid":4609,"hostname":"runnervm8df0l","component":"civic.attestation","msg":"Moderation attestation skipped: OXY_PRIVATE_KEY/OXY_PUBLIC_KEY not configured"}
2026-10-03T03:15:13.2469803Z {"level":30,"time":1790997313145,"pid":4609,"hostname":"runnervm8df0l","component":"moderationReputation","incidentId":"inc_aece390d01d7","decisionRevision":2,"effectType":"conduct_penalty","severity":"medium","points":-8,"activeRisk":3,"reportedApplicationId":"01a0ffc2-35d7-7577-be42-8dc109d39096","emitterApplicationId":"01a0ffc2-35e5-709d-b570-69e79eaa98d8","bindingId":"01a0ffc2-35da-7726-95ba-f8f0b771668a","msg":"Moderation reputation effect applied"}
2026-10-03T03:15:13.2472723Z {"level":40,"time":1790997313219,"pid":4609,"hostname":"runnervm8df0l","component":"civic.attestation","msg":"Moderation attestation skipped: OXY_PRIVATE_KEY/OXY_PUBLIC_KEY not configured"}
2026-10-03T03:15:13.2475714Z {"level":30,"time":1790997313219,"pid":4609,"hostname":"runnervm8df0l","component":"moderationReputation","incidentId":"inc_364279d3de41","decisionRevision":1,"effectType":"conduct_penalty","severity":"medium","points":-8,"activeRisk":3,"reportedApplicationId":"01a0ffc2-3684-73ba-82c2-2c2ff8c58e52","emitterApplicationId":"01a0ffc2-3692-7d9a-ae16-bace0cc7100d","bindingId":"01a0ffc2-3686-7409-a5be-942b088f6fe1","msg":"Moderation reputation effect applied"}
2026-10-03T03:15:13.3619200Z {"level":40,"time":1790997313261,"pid":4609,"hostname":"runnervm8df0l","component":"civic.attestation","msg":"Moderation attestation skipped: OXY_PRIVATE_KEY/OXY_PUBLIC_KEY not configured"}
2026-10-03T03:15:13.3624738Z {"level":30,"time":1790997313261,"pid":4609,"hostname":"runnervm8df0l","component":"moderationReputation","incidentId":"inc_364279d3de41","decisionRevision":1,"effectType":"conduct_penalty","severity":"medium","points":-8,"activeRisk":3,"reportedApplicationId":"01a0ffc2-3684-73ba-82c2-2c2ff8c58e52","emitterApplicationId":"01a0ffc2-3692-7d9a-ae16-bace0cc7100d","bindingId":"01a0ffc2-3697-748b-a12f-159ac5f9ef21","msg":"Moderation reputation effect applied"}
2026-10-03T03:15:13.3628160Z {"level":40,"time":1790997313331,"pid":4609,"hostname":"runnervm8df0l","component":"civic.attestation","msg":"Moderation attestation skipped: OXY_PRIVATE_KEY/OXY_PUBLIC_KEY not configured"}
2026-10-03T03:15:13.3631206Z {"level":30,"time":1790997313331,"pid":4609,"hostname":"runnervm8df0l","component":"moderationReputation","incidentId":"inc_157138db005e","decisionRevision":1,"effectType":"conduct_penalty","severity":"medium","points":-8,"activeRisk":3,"reportedApplicationId":"01a0ffc2-36f7-7319-a0ca-a8a6f5e49fb4","emitterApplicationId":"01a0ffc2-3706-742e-856f-49fd58420c52","bindingId":"01a0ffc2-36fa-7341-8b64-ef2541deeeb8","msg":"Moderation reputation effect applied"}
2026-10-03T03:15:13.4746352Z {"level":40,"time":1790997313374,"pid":4609,"hostname":"runnervm8df0l","component":"civic.attestation","msg":"Moderation attestation skipped: OXY_PRIVATE_KEY/OXY_PUBLIC_KEY not configured"}
2026-10-03T03:15:13.4749767Z {"level":30,"time":1790997313374,"pid":4609,"hostname":"runnervm8df0l","component":"moderationReputation","incidentId":"inc_157138db005e","decisionRevision":1,"effectType":"report_abuse_penalty","severity":"medium","points":-8,"activeRisk":3,"reportedApplicationId":"01a0ffc2-36f7-7319-a0ca-a8a6f5e49fb4","emitterApplicationId":"01a0ffc2-3706-742e-856f-49fd58420c52","bindingId":"01a0ffc2-36fa-7341-8b64-ef2541deeeb8","msg":"Moderation reputation effect applied"}
2026-10-03T03:15:13.4752273Z {"level":40,"time":1790997313442,"pid":4609,"hostname":"runnervm8df0l","component":"civic.attestation","msg":"Moderation attestation skipped: OXY_PRIVATE_KEY/OXY_PUBLIC_KEY not configured"}
2026-10-03T03:15:13.4755075Z {"level":30,"time":1790997313442,"pid":4609,"hostname":"runnervm8df0l","component":"moderationReputation","incidentId":"inc_6d64419c6ae5","decisionRevision":1,"effectType":"conduct_penalty","severity":"medium","points":-8,"activeRisk":3,"reportedApplicationId":"01a0ffc2-3768-7221-b577-d9ec0987cddc","emitterApplicationId":"01a0ffc2-3776-770d-baa6-6f761d1501e7","bindingId":"01a0ffc2-376a-7cbc-98b1-5090aa8df23e","msg":"Moderation reputation effect applied"}
2026-10-03T03:15:13.6449909Z {"level":40,"time":1790997313545,"pid":4609,"hostname":"runnervm8df0l","component":"civic.attestation","msg":"Moderation attestation skipped: OXY_PRIVATE_KEY/OXY_PUBLIC_KEY not configured"}
2026-10-03T03:15:13.6452637Z {"level":30,"time":1790997313545,"pid":4609,"hostname":"runnervm8df0l","component":"moderationReputation","incidentId":"inc_cf838797834d","decisionRevision":1,"effectType":"conduct_penalty","severity":"medium","points":-8,"activeRisk":3,"reportedApplicationId":"01a0ffc2-37ca-74e5-8635-57583549cb81","emitterApplicationId":"01a0ffc2-37d9-7103-b9c5-8d47ba5c8e11","bindingId":"01a0ffc2-37cc-78f5-a3e6-653dfcce99ee","msg":"Moderation reputation effect applied"}
2026-10-03T03:15:13.7568783Z {"level":40,"time":1790997313656,"pid":4609,"hostname":"runnervm8df0l","component":"civic.attestation","msg":"Moderation attestation skipped: OXY_PRIVATE_KEY/OXY_PUBLIC_KEY not configured"}
2026-10-03T03:15:13.7572831Z {"level":30,"time":1790997313657,"pid":4609,"hostname":"runnervm8df0l","component":"moderationReputation","incidentId":"inc_167ffb049885","decisionRevision":1,"effectType":"conduct_penalty","severity":"medium","points":-8,"activeRisk":3,"reportedApplicationId":"01a0ffc2-3829-73dd-8bf9-b0a0cb5b71ba","emitterApplicationId":"01a0ffc2-3837-7920-a7db-2c50a678fa56","bindingId":"01a0ffc2-3840-76da-86b8-e3ab3927636f","msg":"Moderation reputation effect applied"}
2026-10-03T03:15:13.7576156Z {"level":40,"time":1790997313698,"pid":4609,"hostname":"runnervm8df0l","component":"civic.attestation","msg":"Moderation attestation skipped: OXY_PRIVATE_KEY/OXY_PUBLIC_KEY not configured"}
2026-10-03T03:15:13.7580280Z {"level":30,"time":1790997313698,"pid":4609,"hostname":"runnervm8df0l","component":"moderationReputation","incidentId":"inc_367cbe377c8f","decisionRevision":1,"effectType":"conduct_penalty","severity":"medium","points":-8,"activeRisk":3,"reportedApplicationId":"01a0ffc2-383d-71e2-bb71-f879e90f6cf0","emitterApplicationId":"01a0ffc2-384c-767a-9891-b9d8759d031f","bindingId":"01a0ffc2-3840-76da-86b8-e3ab3927636f","msg":"Moderation reputation effect applied"}
2026-10-03T03:15:13.9177411Z {"level":40,"time":1790997313817,"pid":4609,"hostname":"runnervm8df0l","component":"civic.attestation","msg":"Moderation attestation skipped: OXY_PRIVATE_KEY/OXY_PUBLIC_KEY not configured"}
2026-10-03T03:15:13.9181372Z {"level":30,"time":1790997313817,"pid":4609,"hostname":"runnervm8df0l","component":"moderationReputation","incidentId":"inc_8e512f4321dc","decisionRevision":1,"effectType":"conduct_penalty","severity":"medium","points":-8,"activeRisk":3,"reportedApplicationId":"01a0ffc2-38db-7c0e-afc3-b24a39dcbc2c","emitterApplicationId":"01a0ffc2-38e9-7382-8e39-b96fa3104109","bindingId":"01a0ffc2-38de-70b1-aeec-c5c5bcd0a37a","msg":"Moderation reputation effect applied"}
2026-10-03T03:15:13.9185160Z {"level":40,"time":1790997313905,"pid":4609,"hostname":"runnervm8df0l","component":"civic.attestation","msg":"Moderation attestation skipped: OXY_PRIVATE_KEY/OXY_PUBLIC_KEY not configured"}
2026-10-03T03:15:13.9188829Z {"level":30,"time":1790997313906,"pid":4609,"hostname":"runnervm8df0l","component":"moderationReputation","incidentId":"inc_cf0125f273ea","decisionRevision":1,"effectType":"conduct_penalty","severity":"medium","points":-8,"activeRisk":3,"reportedApplicationId":"01a0ffc2-3936-7a84-b110-a1be3ff277b7","emitterApplicationId":"01a0ffc2-3943-7ebe-9aed-e9bc6da10b65","bindingId":"01a0ffc2-3938-7830-96c9-5e27add59316","msg":"Moderation reputation effect applied"}
2026-10-03T03:15:14.1250202Z {"level":40,"time":1790997314024,"pid":4609,"hostname":"runnervm8df0l","component":"civic.attestation","msg":"Moderation attestation skipped: OXY_PRIVATE_KEY/OXY_PUBLIC_KEY not configured"}
2026-10-03T03:15:14.1253478Z {"level":30,"time":1790997314025,"pid":4609,"hostname":"runnervm8df0l","component":"moderationReputation","incidentId":"inc_8f0795338f3f","decisionRevision":1,"effectType":"conduct_penalty","severity":"medium","points":-8,"activeRisk":3,"reportedApplicationId":"01a0ffc2-39b0-7931-bae3-fc1a08059921","emitterApplicationId":"01a0ffc2-39be-7c2e-a9c4-2e850412303e","bindingId":"01a0ffc2-39b2-760b-9ed7-381fdbb56f41","msg":"Moderation reputation effect applied"}
2026-10-03T03:15:14.3572650Z {"level":40,"time":1790997314257,"pid":4609,"hostname":"runnervm8df0l","component":"civic.attestation","msg":"Moderation attestation skipped: OXY_PRIVATE_KEY/OXY_PUBLIC_KEY not configured"}
2026-10-03T03:15:14.3576575Z {"level":30,"time":1790997314257,"pid":4609,"hostname":"runnervm8df0l","component":"moderationReputation","incidentId":"inc_040129455b36","decisionRevision":1,"effectType":"conduct_penalty","severity":"medium","points":-8,"activeRisk":3,"reportedApplicationId":"01a0ffc2-3a99-78a9-93cc-0fa8cc8192de","emitterApplicationId":"01a0ffc2-3aa7-7bbd-a8f1-fb2c8394ab77","bindingId":"01a0ffc2-3a9c-759d-b659-d879d3c4927e","msg":"Moderation reputation effect applied"}
2026-10-03T03:15:14.3579289Z {"level":40,"time":1790997314347,"pid":4609,"hostname":"runnervm8df0l","component":"civic.attestation","msg":"Moderation attestation skipped: OXY_PRIVATE_KEY/OXY_PUBLIC_KEY not configured"}
2026-10-03T03:15:14.3581957Z {"level":30,"time":1790997314347,"pid":4609,"hostname":"runnervm8df0l","component":"moderationReputation","incidentId":"inc_d9e0f50e027a","decisionRevision":1,"effectType":"conduct_penalty","severity":"medium","points":-8,"activeRisk":3,"reportedApplicationId":"01a0ffc2-3af3-76b2-bfa9-c5c081c35c7a","emitterApplicationId":"01a0ffc2-3b01-7323-b087-cf5e4f33d92e","bindingId":"01a0ffc2-3af6-7cbe-83c4-554463303d7f","msg":"Moderation reputation effect applied"}
2026-10-03T03:15:14.6974747Z {"level":40,"time":1790997314597,"pid":4609,"hostname":"runnervm8df0l","component":"civic.attestation","msg":"Moderation attestation skipped: OXY_PRIVATE_KEY/OXY_PUBLIC_KEY not configured"}
2026-10-03T03:15:14.6979299Z {"level":30,"time":1790997314597,"pid":4609,"hostname":"runnervm8df0l","component":"moderationReputation","incidentId":"inc_14bb1da3210a","decisionRevision":1,"effectType":"conduct_penalty","severity":"medium","points":-8,"activeRisk":3,"reportedApplicationId":"01a0ffc2-3bed-7d6f-96e7-92bcbd0dcf1f","emitterApplicationId":"01a0ffc2-3bfa-7170-9fa1-805a179a6a7f","bindingId":"01a0ffc2-3bef-7f17-8160-07566d120e8f","msg":"Moderation reputation effect applied"}
2026-10-03T03:15:14.6981772Z {"level":40,"time":1790997314675,"pid":4609,"hostname":"runnervm8df0l","component":"civic.attestation","msg":"Moderation attestation skipped: OXY_PRIVATE_KEY/OXY_PUBLIC_KEY not configured"}
2026-10-03T03:15:14.6984437Z {"level":30,"time":1790997314675,"pid":4609,"hostname":"runnervm8df0l","component":"moderationReputation","incidentId":"inc_c406d0a87848","decisionRevision":1,"effectType":"conduct_penalty","severity":"medium","points":-8,"activeRisk":3,"reportedApplicationId":"01a0ffc2-3c2f-72eb-8026-642ce6f0858a","emitterApplicationId":"01a0ffc2-3c3c-73f3-b4b6-ffb7e7ac5bca","bindingId":"01a0ffc2-3c31-75a0-823c-aead5d5182cf","msg":"Moderation reputation effect applied"}
2026-10-03T03:15:14.8410554Z {"level":40,"time":1790997314739,"pid":4609,"hostname":"runnervm8df0l","component":"civic.attestation","msg":"Moderation attestation skipped: OXY_PRIVATE_KEY/OXY_PUBLIC_KEY not configured"}
2026-10-03T03:15:14.8413989Z {"level":30,"time":1790997314739,"pid":4609,"hostname":"runnervm8df0l","component":"moderationReputation","incidentId":"inc_73280f79d1d8","decisionRevision":1,"effectType":"conduct_penalty","severity":"medium","points":-8,"activeRisk":3,"reportedApplicationId":"01a0ffc2-3c79-7ab4-890c-3af2b2341378","emitterApplicationId":"01a0ffc2-3c88-7da7-9510-8d9c73d9ea06","bindingId":"01a0ffc2-3c7b-70bc-af9b-43a1fc74ee30","msg":"Moderation reputation effect applied"}
2026-10-03T03:15:14.8416915Z {"level":40,"time":1790997314779,"pid":4609,"hostname":"runnervm8df0l","component":"civic.attestation","msg":"Moderation attestation skipped: OXY_PRIVATE_KEY/OXY_PUBLIC_KEY not configured"}
2026-10-03T03:15:14.8419570Z {"level":30,"time":1790997314779,"pid":4609,"hostname":"runnervm8df0l","component":"moderationReputation","incidentId":"inc_dacf5e9800df","decisionRevision":1,"effectType":"conduct_penalty","severity":"medium","points":-12,"activeRisk":5,"reportedApplicationId":"01a0ffc2-3c79-7ab4-890c-3af2b2341378","emitterApplicationId":"01a0ffc2-3c88-7da7-9510-8d9c73d9ea06","bindingId":"01a0ffc2-3c7b-70bc-af9b-43a1fc74ee30","msg":"Moderation reputation effect applied"}
2026-10-03T03:15:14.9428726Z {"level":40,"time":1790997314842,"pid":4609,"hostname":"runnervm8df0l","component":"civic.attestation","msg":"Moderation attestation skipped: OXY_PRIVATE_KEY/OXY_PUBLIC_KEY not configured"}
2026-10-03T03:15:14.9432739Z {"level":30,"time":1790997314843,"pid":4609,"hostname":"runnervm8df0l","component":"moderationReputation","incidentId":"inc_e680e30b9646","decisionRevision":1,"effectType":"conduct_penalty","severity":"medium","points":-8,"activeRisk":3,"reportedApplicationId":"01a0ffc2-3ce0-7960-b736-1464d3837957","emitterApplicationId":"01a0ffc2-3cee-754a-b24d-13654355e27b","bindingId":"01a0ffc2-3ce2-7859-9c6f-1456d70e6742","msg":"Moderation reputation effect applied"}
2026-10-03T03:15:14.9435153Z {"level":40,"time":1790997314883,"pid":4609,"hostname":"runnervm8df0l","component":"civic.attestation","msg":"Moderation attestation skipped: OXY_PRIVATE_KEY/OXY_PUBLIC_KEY not configured"}
2026-10-03T03:15:14.9438730Z {"level":30,"time":1790997314883,"pid":4609,"hostname":"runnervm8df0l","component":"moderationReputation","incidentId":"inc_e680e30b9646","decisionRevision":1,"effectType":"report_abuse_penalty","severity":"medium","points":-8,"activeRisk":3,"reportedApplicationId":"01a0ffc2-3ce0-7960-b736-1464d3837957","emitterApplicationId":"01a0ffc2-3cee-754a-b24d-13654355e27b","bindingId":"01a0ffc2-3ce2-7859-9c6f-1456d70e6742","msg":"Moderation reputation effect applied"}
2026-10-03T03:15:14.9441672Z {"level":40,"time":1790997314923,"pid":4609,"hostname":"runnervm8df0l","component":"civic.attestation","msg":"Moderation attestation skipped: OXY_PRIVATE_KEY/OXY_PUBLIC_KEY not configured"}
2026-10-03T03:15:14.9444669Z {"level":30,"time":1790997314923,"pid":4609,"hostname":"runnervm8df0l","component":"moderationReputation","incidentId":"inc_5425572645f3","decisionRevision":1,"effectType":"conduct_penalty","severity":"medium","points":-12,"activeRisk":5,"reportedApplicationId":"01a0ffc2-3ce0-7960-b736-1464d3837957","emitterApplicationId":"01a0ffc2-3cee-754a-b24d-13654355e27b","bindingId":"01a0ffc2-3ce2-7859-9c6f-1456d70e6742","msg":"Moderation reputation effect applied"}
2026-10-03T03:15:15.0853475Z {"level":40,"time":1790997314985,"pid":4609,"hostname":"runnervm8df0l","component":"civic.attestation","msg":"Moderation attestation skipped: OXY_PRIVATE_KEY/OXY_PUBLIC_KEY not configured"}
2026-10-03T03:15:15.0857056Z {"level":30,"time":1790997314985,"pid":4609,"hostname":"runnervm8df0l","component":"moderationReputation","incidentId":"inc_1d6596a4358b","decisionRevision":1,"effectType":"conduct_penalty","severity":"medium","points":-8,"activeRisk":3,"reportedApplicationId":"01a0ffc2-3d70-72d6-8e25-3f518f86fbaf","emitterApplicationId":"01a0ffc2-3d7d-7ce1-959c-a7d3ddf31bea","bindingId":"01a0ffc2-3d72-7438-8877-1dbbdb197147","msg":"Moderation reputation effect applied"}
2026-10-03T03:15:15.0859678Z {"level":40,"time":1790997315044,"pid":4609,"hostname":"runnervm8df0l","component":"civic.attestation","msg":"Moderation attestation skipped: OXY_PRIVATE_KEY/OXY_PUBLIC_KEY not configured"}
2026-10-03T03:15:15.0862684Z {"level":30,"time":1790997315044,"pid":4609,"hostname":"runnervm8df0l","component":"moderationReputation","incidentId":"inc_602707c59642","decisionRevision":1,"effectType":"conduct_penalty","severity":"medium","points":-8,"activeRisk":3,"reportedApplicationId":"01a0ffc2-3d70-72d6-8e25-3f518f86fbaf","emitterApplicationId":"01a0ffc2-3d7d-7ce1-959c-a7d3ddf31bea","bindingId":"01a0ffc2-3d72-7438-8877-1dbbdb197147","msg":"Moderation reputation effect applied"}
2026-10-03T03:15:15.2055657Z {"level":40,"time":1790997315105,"pid":4609,"hostname":"runnervm8df0l","component":"civic.attestation","msg":"Moderation attestation skipped: OXY_PRIVATE_KEY/OXY_PUBLIC_KEY not configured"}
2026-10-03T03:15:15.2058976Z {"level":30,"time":1790997315105,"pid":4609,"hostname":"runnervm8df0l","component":"moderationReputation","incidentId":"inc_14e475a1947b","decisionRevision":1,"effectType":"conduct_penalty","severity":"medium","points":-8,"activeRisk":3,"reportedApplicationId":"01a0ffc2-3de9-7d7c-be8d-514c19146f1e","emitterApplicationId":"01a0ffc2-3df7-7208-b932-83d277a41160","bindingId":"01a0ffc2-3dec-774b-8c94-d2b77fff92a3","msg":"Moderation reputation effect applied"}
2026-10-03T03:15:15.2061692Z {"level":40,"time":1790997315144,"pid":4609,"hostname":"runnervm8df0l","component":"civic.attestation","msg":"Moderation attestation skipped: OXY_PRIVATE_KEY/OXY_PUBLIC_KEY not configured"}
2026-10-03T03:15:15.2065515Z {"level":30,"time":1790997315144,"pid":4609,"hostname":"runnervm8df0l","component":"moderationReputation","incidentId":"inc_6fb6e878c182","decisionRevision":1,"effectType":"conduct_penalty","severity":"medium","points":-8,"activeRisk":3,"reportedApplicationId":"01a0ffc2-3de9-7d7c-be8d-514c19146f1e","emitterApplicationId":"01a0ffc2-3df7-7208-b932-83d277a41160","bindingId":"01a0ffc2-3dec-774b-8c94-d2b77fff92a3","msg":"Moderation reputation effect applied"}
2026-10-03T03:15:15.2068629Z {"level":40,"time":1790997315204,"pid":4609,"hostname":"runnervm8df0l","component":"civic.attestation","msg":"Moderation attestation skipped: OXY_PRIVATE_KEY/OXY_PUBLIC_KEY not configured"}
2026-10-03T03:15:15.2071664Z {"level":30,"time":1790997315204,"pid":4609,"hostname":"runnervm8df0l","component":"moderationReputation","incidentId":"inc_93b34d21b6b6","decisionRevision":1,"effectType":"conduct_penalty","severity":"medium","points":-8,"activeRisk":3,"reportedApplicationId":"01a0ffc2-3e4d-762f-9c63-e25da53048e9","emitterApplicationId":"01a0ffc2-3e5a-7a70-b7e0-cb7a11d14fa7","bindingId":"01a0ffc2-3e4f-70e6-86b3-7e4b53f98977","msg":"Moderation reputation effect applied"}
2026-10-03T03:15:15.3467001Z {"level":40,"time":1790997315243,"pid":4609,"hostname":"runnervm8df0l","component":"civic.attestation","msg":"Moderation attestation skipped: OXY_PRIVATE_KEY/OXY_PUBLIC_KEY not configured"}
2026-10-03T03:15:15.3469754Z {"level":30,"time":1790997315243,"pid":4609,"hostname":"runnervm8df0l","component":"moderationReputation","incidentId":"inc_2042d1e8207c","decisionRevision":1,"effectType":"conduct_penalty","severity":"medium","points":-12,"activeRisk":5,"reportedApplicationId":"01a0ffc2-3e4d-762f-9c63-e25da53048e9","emitterApplicationId":"01a0ffc2-3e5a-7a70-b7e0-cb7a11d14fa7","bindingId":"01a0ffc2-3e4f-70e6-86b3-7e4b53f98977","msg":"Moderation reputation effect applied"}
2026-10-03T03:15:15.3472182Z {"level":40,"time":1790997315282,"pid":4609,"hostname":"runnervm8df0l","component":"civic.attestation","msg":"Moderation attestation skipped: OXY_PRIVATE_KEY/OXY_PUBLIC_KEY not configured"}
2026-10-03T03:15:15.3474839Z {"level":30,"time":1790997315282,"pid":4609,"hostname":"runnervm8df0l","component":"moderationReputation","incidentId":"inc_56eab362f2ba","decisionRevision":1,"effectType":"conduct_penalty","severity":"medium","points":-16,"activeRisk":6,"reportedApplicationId":"01a0ffc2-3e4d-762f-9c63-e25da53048e9","emitterApplicationId":"01a0ffc2-3e5a-7a70-b7e0-cb7a11d14fa7","bindingId":"01a0ffc2-3e4f-70e6-86b3-7e4b53f98977","msg":"Moderation reputation effect applied"}
2026-10-03T03:15:15.3478191Z {"level":40,"time":1790997315323,"pid":4609,"hostname":"runnervm8df0l","component":"civic.attestation","msg":"Moderation attestation skipped: OXY_PRIVATE_KEY/OXY_PUBLIC_KEY not configured"}
2026-10-03T03:15:15.3482434Z {"level":30,"time":1790997315323,"pid":4609,"hostname":"runnervm8df0l","component":"moderationReputation","incidentId":"inc_7ff0143a0daa","decisionRevision":1,"effectType":"conduct_penalty","severity":"medium","points":-20,"activeRisk":8,"reportedApplicationId":"01a0ffc2-3e4d-762f-9c63-e25da53048e9","emitterApplicationId":"01a0ffc2-3e5a-7a70-b7e0-cb7a11d14fa7","bindingId":"01a0ffc2-3e4f-70e6-86b3-7e4b53f98977","msg":"Moderation reputation effect applied"}
2026-10-03T03:15:15.4673901Z {"level":40,"time":1790997315366,"pid":4609,"hostname":"runnervm8df0l","component":"civic.attestation","msg":"Moderation attestation skipped: OXY_PRIVATE_KEY/OXY_PUBLIC_KEY not configured"}
2026-10-03T03:15:15.4677534Z {"level":30,"time":1790997315366,"pid":4609,"hostname":"runnervm8df0l","component":"moderationReputation","incidentId":"inc_0e73a1445a16","decisionRevision":1,"effectType":"conduct_penalty","severity":"medium","points":-20,"activeRisk":8,"reportedApplicationId":"01a0ffc2-3e4d-762f-9c63-e25da53048e9","emitterApplicationId":"01a0ffc2-3e5a-7a70-b7e0-cb7a11d14fa7","bindingId":"01a0ffc2-3e4f-70e6-86b3-7e4b53f98977","msg":"Moderation reputation effect applied"}
2026-10-03T03:15:15.4680641Z {"level":40,"time":1790997315406,"pid":4609,"hostname":"runnervm8df0l","component":"civic.attestation","msg":"Moderation attestation skipped: OXY_PRIVATE_KEY/OXY_PUBLIC_KEY not configured"}
2026-10-03T03:15:15.4683291Z {"level":30,"time":1790997315406,"pid":4609,"hostname":"runnervm8df0l","component":"moderationReputation","incidentId":"inc_66596756e935","decisionRevision":1,"effectType":"conduct_penalty","severity":"medium","points":-20,"activeRisk":8,"reportedApplicationId":"01a0ffc2-3e4d-762f-9c63-e25da53048e9","emitterApplicationId":"01a0ffc2-3e5a-7a70-b7e0-cb7a11d14fa7","bindingId":"01a0ffc2-3e4f-70e6-86b3-7e4b53f98977","msg":"Moderation reputation effect applied"}
2026-10-03T03:15:15.5728446Z {"level":40,"time":1790997315469,"pid":4609,"hostname":"runnervm8df0l","component":"civic.attestation","msg":"Moderation attestation skipped: OXY_PRIVATE_KEY/OXY_PUBLIC_KEY not configured"}
2026-10-03T03:15:15.5733029Z {"level":30,"time":1790997315470,"pid":4609,"hostname":"runnervm8df0l","component":"moderationReputation","incidentId":"inc_e906116d8412","decisionRevision":1,"effectType":"conduct_penalty","severity":"medium","points":-12,"activeRisk":5,"reportedApplicationId":"01a0ffc2-3f56-7f78-95da-4ad9fe7876dd","emitterApplicationId":"01a0ffc2-3f64-7bd3-8b71-bd219938ad43","bindingId":"01a0ffc2-3f58-7fa5-b6cc-c47bf896433b","msg":"Moderation reputation effect applied"}
2026-10-03T03:15:15.5736801Z {"level":40,"time":1790997315530,"pid":4609,"hostname":"runnervm8df0l","component":"civic.attestation","msg":"Moderation attestation skipped: OXY_PRIVATE_KEY/OXY_PUBLIC_KEY not configured"}
2026-10-03T03:15:15.5740500Z {"level":30,"time":1790997315530,"pid":4609,"hostname":"runnervm8df0l","component":"moderationReputation","incidentId":"inc_7d24f1011317","decisionRevision":1,"effectType":"conduct_penalty","severity":"high","points":-25,"activeRisk":10,"reportedApplicationId":"01a0ffc2-3f92-7ce4-b7b1-77d3d02fa045","emitterApplicationId":"01a0ffc2-3fa0-7e3f-8d52-513253aadcb8","bindingId":"01a0ffc2-3f95-73a9-ab12-1fd30be8782f","msg":"Moderation reputation effect applied"}
2026-10-03T03:15:15.6971888Z {"level":40,"time":1790997315592,"pid":4609,"hostname":"runnervm8df0l","component":"civic.attestation","msg":"Moderation attestation skipped: OXY_PRIVATE_KEY/OXY_PUBLIC_KEY not configured"}
2026-10-03T03:15:15.6975915Z {"level":30,"time":1790997315592,"pid":4609,"hostname":"runnervm8df0l","component":"moderationReputation","incidentId":"inc_ddd9d56b8292","decisionRevision":1,"effectType":"conduct_penalty","severity":"medium","points":-8,"activeRisk":3,"reportedApplicationId":"01a0ffc2-3fd1-7bba-bfee-05a2eae1bd46","emitterApplicationId":"01a0ffc2-3fdf-703c-a2df-7f72fde575c6","bindingId":"01a0ffc2-3fd3-7c1d-b5ad-4f6a165b5be7","msg":"Moderation reputation effect applied"}
2026-10-03T03:15:15.6978569Z {"level":40,"time":1790997315652,"pid":4609,"hostname":"runnervm8df0l","component":"civic.attestation","msg":"Moderation attestation skipped: OXY_PRIVATE_KEY/OXY_PUBLIC_KEY not configured"}
2026-10-03T03:15:15.6981617Z {"level":30,"time":1790997315652,"pid":4609,"hostname":"runnervm8df0l","component":"moderationReputation","incidentId":"inc_1b67293db820","decisionRevision":1,"effectType":"conduct_penalty","severity":"critical","points":-50,"activeRisk":20,"reportedApplicationId":"01a0ffc2-400d-7f41-93d7-8b79abcaf982","emitterApplicationId":"01a0ffc2-401a-7c72-be40-51a0d68e912e","bindingId":"01a0ffc2-400f-7325-919f-e4a11ca4b350","msg":"Moderation reputation effect applied"}
2026-10-03T03:15:15.8175041Z {"level":40,"time":1790997315716,"pid":4609,"hostname":"runnervm8df0l","component":"civic.attestation","msg":"Moderation attestation skipped: OXY_PRIVATE_KEY/OXY_PUBLIC_KEY not configured"}
2026-10-03T03:15:15.8179043Z {"level":30,"time":1790997315716,"pid":4609,"hostname":"runnervm8df0l","component":"moderationReputation","incidentId":"inc_2d6c275b586a","decisionRevision":1,"effectType":"conduct_penalty","severity":"medium","points":-8,"activeRisk":3,"reportedApplicationId":"01a0ffc2-404d-7ee5-97ac-8c2d73aba259","emitterApplicationId":"01a0ffc2-405a-7f7b-bf6c-7863fbc9e8ed","bindingId":"01a0ffc2-404f-7189-bed9-c9532ed8e367","msg":"Moderation reputation effect applied"}
2026-10-03T03:15:15.8182007Z {"level":30,"time":1790997315732,"pid":4609,"hostname":"runnervm8df0l","component":"moderationReputation","expired":1,"subjects":1,"msg":"Conduct risk expired"}
2026-10-03T03:15:15.8184628Z {"level":40,"time":1790997315797,"pid":4609,"hostname":"runnervm8df0l","component":"civic.attestation","msg":"Moderation attestation skipped: OXY_PRIVATE_KEY/OXY_PUBLIC_KEY not configured"}
2026-10-03T03:15:15.8189862Z {"level":30,"time":1790997315797,"pid":4609,"hostname":"runnervm8df0l","component":"moderationReputation","incidentId":"inc_4fd4909b0a16","decisionRevision":1,"effectType":"conduct_penalty","severity":"critical","points":-50,"activeRisk":20,"reportedApplicationId":"01a0ffc2-409e-73a2-89c7-760c18adfe20","emitterApplicationId":"01a0ffc2-40ac-7557-b608-8a1e4f63a631","bindingId":"01a0ffc2-40a0-7efd-80a5-ab54d34b40bd","msg":"Moderation reputation effect applied"}
2026-10-03T03:15:15.9602202Z {"level":40,"time":1790997315860,"pid":4609,"hostname":"runnervm8df0l","component":"civic.attestation","msg":"Moderation attestation skipped: OXY_PRIVATE_KEY/OXY_PUBLIC_KEY not configured"}
2026-10-03T03:15:15.9606035Z {"level":30,"time":1790997315860,"pid":4609,"hostname":"runnervm8df0l","component":"moderationReputation","incidentId":"inc_cd9eb0f3d442","decisionRevision":1,"effectType":"conduct_penalty","severity":"medium","points":-8,"activeRisk":3,"reportedApplicationId":"01a0ffc2-40dc-7388-8523-c13905de92dc","emitterApplicationId":"01a0ffc2-40ea-7730-a183-fc7d6991ea9f","bindingId":"01a0ffc2-40df-7d4d-a1b8-3ad8186f83bd","msg":"Moderation reputation effect applied"}
2026-10-03T03:15:15.9608968Z {"level":40,"time":1790997315924,"pid":4609,"hostname":"runnervm8df0l","component":"civic.attestation","msg":"Moderation attestation skipped: OXY_PRIVATE_KEY/OXY_PUBLIC_KEY not configured"}
2026-10-03T03:15:15.9612012Z {"level":30,"time":1790997315924,"pid":4609,"hostname":"runnervm8df0l","component":"moderationReputation","incidentId":"inc_0526510919f1","decisionRevision":1,"effectType":"conduct_penalty","severity":"medium","points":-8,"activeRisk":3,"reportedApplicationId":"01a0ffc2-411b-7c82-af2f-734fc0d637ae","emitterApplicationId":"01a0ffc2-412a-755a-b177-8631e2acb642","bindingId":"01a0ffc2-411e-7ccc-a841-780aa8066112","msg":"Moderation reputation effect applied"}
2026-10-03T03:15:16.0640376Z {"level":40,"time":1790997315963,"pid":4609,"hostname":"runnervm8df0l","component":"civic.attestation","msg":"Moderation attestation skipped: OXY_PRIVATE_KEY/OXY_PUBLIC_KEY not configured"}
2026-10-03T03:15:16.0643528Z {"level":30,"time":1790997315963,"pid":4609,"hostname":"runnervm8df0l","component":"moderationReputation","incidentId":"inc_555f95329c82","decisionRevision":1,"effectType":"conduct_penalty","severity":"medium","points":-12,"activeRisk":5,"reportedApplicationId":"01a0ffc2-411b-7c82-af2f-734fc0d637ae","emitterApplicationId":"01a0ffc2-412a-755a-b177-8631e2acb642","bindingId":"01a0ffc2-411e-7ccc-a841-780aa8066112","msg":"Moderation reputation effect applied"}
2026-10-03T03:15:16.0646314Z {"level":40,"time":1790997316008,"pid":4609,"hostname":"runnervm8df0l","component":"civic.attestation","msg":"Moderation attestation skipped: OXY_PRIVATE_KEY/OXY_PUBLIC_KEY not configured"}
2026-10-03T03:15:16.0648981Z {"level":30,"time":1790997316008,"pid":4609,"hostname":"runnervm8df0l","component":"moderationReputation","incidentId":"inc_e39a52d46a29","decisionRevision":1,"effectType":"conduct_penalty","severity":"medium","points":-16,"activeRisk":6,"reportedApplicationId":"01a0ffc2-411b-7c82-af2f-734fc0d637ae","emitterApplicationId":"01a0ffc2-412a-755a-b177-8631e2acb642","bindingId":"01a0ffc2-411e-7ccc-a841-780aa8066112","msg":"Moderation reputation effect applied"}
2026-10-03T03:15:16.0652839Z {"level":30,"time":1790997316024,"pid":4609,"hostname":"runnervm8df0l","component":"moderationReputation","expired":2,"subjects":1,"msg":"Conduct risk expired"}
2026-10-03T03:15:16.0655025Z {"level":30,"time":1790997316039,"pid":4609,"hostname":"runnervm8df0l","component":"moderationReputation","expired":1,"subjects":1,"msg":"Conduct risk expired"}
2026-10-03T03:15:16.2019450Z {"level":40,"time":1790997316101,"pid":4609,"hostname":"runnervm8df0l","component":"civic.attestation","msg":"Moderation attestation skipped: OXY_PRIVATE_KEY/OXY_PUBLIC_KEY not configured"}
2026-10-03T03:15:16.2022801Z {"level":30,"time":1790997316101,"pid":4609,"hostname":"runnervm8df0l","component":"moderationReputation","incidentId":"inc_014cf8fdbe18","decisionRevision":1,"effectType":"conduct_penalty","severity":"medium","points":-8,"activeRisk":3,"reportedApplicationId":"01a0ffc2-41cd-7bba-9a2c-d3eaa5a8d256","emitterApplicationId":"01a0ffc2-41db-7046-bbe8-5ed86035aa6c","bindingId":"01a0ffc2-41cf-7655-8bb8-493ad1534651","msg":"Moderation reputation effect applied"}
2026-10-03T03:15:16.2025760Z {"level":40,"time":1790997316188,"pid":4609,"hostname":"runnervm8df0l","component":"civic.attestation","msg":"Moderation attestation skipped: OXY_PRIVATE_KEY/OXY_PUBLIC_KEY not configured"}
2026-10-03T03:15:16.2029631Z {"level":30,"time":1790997316188,"pid":4609,"hostname":"runnervm8df0l","component":"moderationReputation","incidentId":"inc_8c63e0eba252","decisionRevision":1,"effectType":"conduct_penalty","severity":"medium","points":-8,"activeRisk":3,"reportedApplicationId":"01a0ffc2-4223-76d2-9e79-ddbd10119bca","emitterApplicationId":"01a0ffc2-4230-7205-ae42-a141c8656902","bindingId":"01a0ffc2-4226-7383-ba5f-6803c057c41b","msg":"Moderation reputation effect applied"}
2026-10-03T03:15:16.3468286Z {"level":40,"time":1790997316246,"pid":4609,"hostname":"runnervm8df0l","component":"civic.attestation","msg":"Moderation attestation skipped: OXY_PRIVATE_KEY/OXY_PUBLIC_KEY not configured"}
2026-10-03T03:15:16.3471943Z {"level":30,"time":1790997316246,"pid":4609,"hostname":"runnervm8df0l","component":"moderationReputation","incidentId":"inc_8c63e0eba252","decisionRevision":2,"effectType":"conduct_penalty","severity":"medium","points":-8,"activeRisk":3,"reportedApplicationId":"01a0ffc2-4223-76d2-9e79-ddbd10119bca","emitterApplicationId":"01a0ffc2-4230-7205-ae42-a141c8656902","bindingId":"01a0ffc2-4226-7383-ba5f-6803c057c41b","msg":"Moderation reputation effect applied"}
2026-10-03T03:15:16.3474670Z {"level":40,"time":1790997316312,"pid":4609,"hostname":"runnervm8df0l","component":"civic.attestation","msg":"Moderation attestation skipped: OXY_PRIVATE_KEY/OXY_PUBLIC_KEY not configured"}
2026-10-03T03:15:16.3478431Z {"level":30,"time":1790997316312,"pid":4609,"hostname":"runnervm8df0l","component":"moderationReputation","incidentId":"inc_aaca1bc9a0b3","decisionRevision":1,"effectType":"conduct_penalty","severity":"medium","points":-8,"activeRisk":3,"reportedApplicationId":"01a0ffc2-42a0-76cb-961e-d957a72400b5","emitterApplicationId":"01a0ffc2-42ae-7c0e-8317-9b27d14db889","bindingId":"01a0ffc2-42a2-74dc-ba44-a7d23d34225e","msg":"Moderation reputation effect applied"}
2026-10-03T03:15:16.4847677Z {"level":40,"time":1790997316383,"pid":4609,"hostname":"runnervm8df0l","component":"civic.attestation","msg":"Moderation attestation skipped: OXY_PRIVATE_KEY/OXY_PUBLIC_KEY not configured"}
2026-10-03T03:15:16.4851951Z {"level":30,"time":1790997316383,"pid":4609,"hostname":"runnervm8df0l","component":"moderationReputation","incidentId":"inc_87b6f74a23a1","decisionRevision":1,"effectType":"conduct_penalty","severity":"medium","points":-8,"activeRisk":3,"reportedApplicationId":"01a0ffc2-42e6-794f-bd32-ea10724ce4f6","emitterApplicationId":"01a0ffc2-42f4-7710-a1c8-4361cc00eaa6","bindingId":"01a0ffc2-42e9-743c-a1b4-e9f8d4d4b28c","msg":"Moderation reputation effect applied"}
2026-10-03T03:15:16.5896289Z {"level":40,"time":1790997316489,"pid":4609,"hostname":"runnervm8df0l","component":"civic.attestation","msg":"Moderation attestation skipped: OXY_PRIVATE_KEY/OXY_PUBLIC_KEY not configured"}
2026-10-03T03:15:16.5900056Z {"level":30,"time":1790997316489,"pid":4609,"hostname":"runnervm8df0l","component":"moderationReputation","incidentId":"inc_20fb8f277a5b","decisionRevision":1,"effectType":"conduct_penalty","severity":"medium","points":-8,"activeRisk":3,"reportedApplicationId":"01a0ffc2-4351-7bae-8a65-da02ce224c3f","emitterApplicationId":"01a0ffc2-435e-78da-8348-a4522a67547d","bindingId":"01a0ffc2-4353-72a0-b361-d3968a4b6af4","msg":"Moderation reputation effect applied"}
2026-10-03T03:15:16.5903064Z {"level":40,"time":1790997316579,"pid":4609,"hostname":"runnervm8df0l","component":"civic.attestation","msg":"Moderation attestation skipped: OXY_PRIVATE_KEY/OXY_PUBLIC_KEY not configured"}
2026-10-03T03:15:16.5906007Z {"level":30,"time":1790997316579,"pid":4609,"hostname":"runnervm8df0l","component":"moderationReputation","incidentId":"inc_1113b7ceaba9","decisionRevision":1,"effectType":"conduct_penalty","severity":"medium","points":-8,"activeRisk":3,"reportedApplicationId":"01a0ffc2-43ab-7237-a88a-4f804312bab4","emitterApplicationId":"01a0ffc2-43b8-7d96-830d-897cbd08f440","bindingId":"01a0ffc2-43ad-7335-b0c9-6e2d77399c07","msg":"Moderation reputation effect applied"}
2026-10-03T03:15:16.7469834Z {"level":40,"time":1790997316645,"pid":4609,"hostname":"runnervm8df0l","component":"civic.attestation","msg":"Moderation attestation skipped: OXY_PRIVATE_KEY/OXY_PUBLIC_KEY not configured"}
2026-10-03T03:15:16.7473732Z {"level":30,"time":1790997316646,"pid":4609,"hostname":"runnervm8df0l","component":"moderationReputation","incidentId":"inc_3c3852602835","decisionRevision":1,"effectType":"conduct_penalty","severity":"high","points":-20,"activeRisk":8,"reportedApplicationId":"01a0ffc2-43e9-7aa1-babf-ba2164f0edac","emitterApplicationId":"01a0ffc2-43fc-74d7-9048-953a55f1b124","bindingId":"01a0ffc2-43eb-794f-8ae6-d8cc67a562b8","msg":"Moderation reputation effect applied"}
2026-10-03T03:15:16.7476440Z {"level":40,"time":1790997316735,"pid":4609,"hostname":"runnervm8df0l","component":"civic.attestation","msg":"Moderation attestation skipped: OXY_PRIVATE_KEY/OXY_PUBLIC_KEY not configured"}
2026-10-03T03:15:16.7479254Z {"level":30,"time":1790997316735,"pid":4609,"hostname":"runnervm8df0l","component":"moderationReputation","incidentId":"inc_fed550adfac3","decisionRevision":1,"effectType":"conduct_penalty","severity":"critical","points":-50,"activeRisk":20,"reportedApplicationId":"01a0ffc2-4448-75db-84c7-cd11dc328604","emitterApplicationId":"01a0ffc2-4455-7105-9b65-db196d7c2c1e","bindingId":"01a0ffc2-444a-701e-b67d-62554d935ab8","msg":"Moderation reputation effect applied"}
2026-10-03T03:15:16.9240728Z {"level":40,"time":1790997316824,"pid":4609,"hostname":"runnervm8df0l","component":"civic.attestation","msg":"Moderation attestation skipped: OXY_PRIVATE_KEY/OXY_PUBLIC_KEY not configured"}
2026-10-03T03:15:16.9243486Z {"level":30,"time":1790997316824,"pid":4609,"hostname":"runnervm8df0l","component":"moderationReputation","incidentId":"inc_012e3c828a66","decisionRevision":1,"effectType":"conduct_penalty","severity":"medium","points":-8,"activeRisk":3,"reportedApplicationId":"01a0ffc2-449f-7b5a-9bc5-a1efc30388ed","emitterApplicationId":"01a0ffc2-44ad-79b7-acc4-bb8b12ebac5a","bindingId":"01a0ffc2-44a1-78da-8894-22f1bcf4bd4e","msg":"Moderation reputation effect applied"}
2026-10-03T03:15:16.9246172Z {"level":40,"time":1790997316912,"pid":4609,"hostname":"runnervm8df0l","component":"civic.attestation","msg":"Moderation attestation skipped: OXY_PRIVATE_KEY/OXY_PUBLIC_KEY not configured"}
2026-10-03T03:15:16.9248859Z {"level":30,"time":1790997316912,"pid":4609,"hostname":"runnervm8df0l","component":"moderationReputation","incidentId":"inc_7d011190bc3d","decisionRevision":1,"effectType":"conduct_penalty","severity":"medium","points":-8,"activeRisk":3,"reportedApplicationId":"01a0ffc2-44f8-7f32-a330-461991dd9bdc","emitterApplicationId":"01a0ffc2-4506-7263-97a2-e66b9872911b","bindingId":"01a0ffc2-44fa-7af6-bcd3-e02c2e3957ae","msg":"Moderation reputation effect applied"}
2026-10-03T03:15:17.0768458Z {"level":40,"time":1790997316975,"pid":4609,"hostname":"runnervm8df0l","component":"civic.attestation","msg":"Moderation attestation skipped: OXY_PRIVATE_KEY/OXY_PUBLIC_KEY not configured"}
2026-10-03T03:15:17.0772840Z {"level":30,"time":1790997316975,"pid":4609,"hostname":"runnervm8df0l","component":"moderationReputation","incidentId":"inc_ea82feff7c4b","decisionRevision":1,"effectType":"conduct_penalty","severity":"medium","points":-8,"activeRisk":3,"reportedApplicationId":"01a0ffc2-4537-7442-b3ac-8fa7b02b6c88","emitterApplicationId":"01a0ffc2-4546-798a-9dd1-b4e90c354aea","bindingId":"01a0ffc2-4539-7a70-a3f7-2c6f802358e2","msg":"Moderation reputation effect applied"}
2026-10-03T03:15:17.0776236Z {"level":40,"time":1790997317038,"pid":4609,"hostname":"runnervm8df0l","component":"civic.attestation","msg":"Moderation attestation skipped: OXY_PRIVATE_KEY/OXY_PUBLIC_KEY not configured"}
2026-10-03T03:15:17.0779151Z {"level":30,"time":1790997317038,"pid":4609,"hostname":"runnervm8df0l","component":"moderationReputation","incidentId":"inc_94a5aab1f9fd","decisionRevision":1,"effectType":"conduct_penalty","severity":"medium","points":-8,"activeRisk":3,"reportedApplicationId":"01a0ffc2-4577-7c03-88c1-29be50409bbc","emitterApplicationId":"01a0ffc2-4584-73ae-96c4-a1ce30ef237b","bindingId":"01a0ffc2-4579-7b84-a7bd-772458a4ee28","msg":"Moderation reputation effect applied"}
2026-10-03T03:15:17.2153519Z PASS src/services/__tests__/moderationReputation.service.test.ts (10.816 s)
2026-10-03T03:15:20.0003703Z {"level":40,"time":1790997317131,"pid":4609,"hostname":"runnervm8df0l","component":"civic.attestation","msg":"Moderation attestation skipped: OXY_PRIVATE_KEY/OXY_PUBLIC_KEY not configured"}
2026-10-03T03:15:20.0009269Z {"level":30,"time":1790997317131,"pid":4609,"hostname":"runnervm8df0l","component":"moderationReputation","incidentId":"inc_94f4e3430fc0","decisionRevision":1,"effectType":"conduct_penalty","severity":"medium","points":-8,"activeRisk":3,"reportedApplicationId":"01a0ffc2-45cc-70bd-91ec-7f2eeb808436","emitterApplicationId":"01a0ffc2-45d9-744e-b7c7-a3589145565f","bindingId":"01a0ffc2-45ce-7492-906f-6619e7688ca5","msg":"Moderation reputation effect applied"}
2026-10-03T03:15:21.3656170Z PASS src/routes/__tests__/applications.test.ts
2026-10-03T03:15:22.0821895Z {"level":30,"time":1790997321983,"pid":4609,"hostname":"runnervm8df0l","maxPoolSize":8,"msg":"Connected to PostgreSQL successfully"}
2026-10-03T03:15:22.0823444Z {"level":30,"time":1790997322008,"pid":4609,"hostname":"runnervm8df0l","accountId":"01a0ffc2-5905-79f3-9e37-6157468a05fd","msg":"Account updated"}
2026-10-03T03:15:22.0824833Z {"level":30,"time":1790997322024,"pid":4609,"hostname":"runnervm8df0l","accountId":"01a0ffc2-591a-700f-8389-641032a51272","msg":"Account updated"}
2026-10-03T03:15:22.0826734Z {"level":30,"time":1790997322064,"pid":4609,"hostname":"runnervm8df0l","accountId":"01a0ffc2-5946-7979-8312-0ca4f79fcc46","parentAccountId":"01a0ffc2-5939-7b29-bf38-606df45b2293","kind":"organization","createdBy":"01a0ffc2-5939-7b29-bf38-606df45b2293","msg":"Account created"}
2026-10-03T03:15:22.1874833Z {"level":30,"time":1790997322084,"pid":4609,"hostname":"runnervm8df0l","accountId":"01a0ffc2-595c-78d7-869e-0b821d8926ba","parentAccountId":"01a0ffc2-5952-7ae2-9385-d728361bab61","kind":"bot","createdBy":"01a0ffc2-5952-7ae2-9385-d728361bab61","msg":"Account created"}
2026-10-03T03:15:22.1878524Z {"level":30,"time":1790997322098,"pid":4609,"hostname":"runnervm8df0l","accountId":"01a0ffc2-596a-7c94-9188-d4d9fd5018f5","parentAccountId":"01a0ffc2-5952-7ae2-9385-d728361bab61","kind":"bot","createdBy":"01a0ffc2-5952-7ae2-9385-d728361bab61","msg":"Account created"}
2026-10-03T03:15:22.1880659Z {"level":30,"time":1790997322112,"pid":4609,"hostname":"runnervm8df0l","accountId":"01a0ffc2-5978-755f-8cd1-04d8d3b4942e","parentAccountId":"01a0ffc2-5952-7ae2-9385-d728361bab61","kind":"bot","createdBy":"01a0ffc2-5952-7ae2-9385-d728361bab61","msg":"Account created"}
2026-10-03T03:15:22.1882755Z {"level":30,"time":1790997322133,"pid":4609,"hostname":"runnervm8df0l","accountId":"01a0ffc2-598d-7d2c-bbac-cc74408cf5d2","parentAccountId":"01a0ffc2-5984-769d-9d71-ace2147b3619","kind":"organization","createdBy":"01a0ffc2-5984-769d-9d71-ace2147b3619","msg":"Account created"}
2026-10-03T03:15:22.1885850Z {"level":30,"time":1790997322148,"pid":4609,"hostname":"runnervm8df0l","accountId":"01a0ffc2-599c-7921-a35d-247b91c6e362","parentAccountId":"01a0ffc2-5984-769d-9d71-ace2147b3619","kind":"project","createdBy":"01a0ffc2-5984-769d-9d71-ace2147b3619","msg":"Account created"}
2026-10-03T03:15:22.1887957Z {"level":30,"time":1790997322162,"pid":4609,"hostname":"runnervm8df0l","accountId":"01a0ffc2-59ab-7cd3-a402-44aaebcef933","parentAccountId":"01a0ffc2-5984-769d-9d71-ace2147b3619","kind":"bot","createdBy":"01a0ffc2-5984-769d-9d71-ace2147b3619","msg":"Account created"}
2026-10-03T03:15:22.1889993Z {"level":30,"time":1790997322176,"pid":4609,"hostname":"runnervm8df0l","accountId":"01a0ffc2-59b9-7fef-b1da-8c955e58c47e","parentAccountId":"01a0ffc2-5984-769d-9d71-ace2147b3619","kind":"channel","createdBy":"01a0ffc2-5984-769d-9d71-ace2147b3619","msg":"Account created"}
2026-10-03T03:15:22.3030560Z {"level":30,"time":1790997322201,"pid":4609,"hostname":"runnervm8df0l","accountId":"01a0ffc2-59d2-7376-9270-87aaacbcdf18","parentAccountId":"01a0ffc2-59c8-7601-adb1-3a1a5586eae9","kind":"channel","createdBy":"01a0ffc2-59c8-7601-adb1-3a1a5586eae9","msg":"Account created"}
2026-10-03T03:15:22.3033321Z {"level":30,"time":1790997322223,"pid":4609,"hostname":"runnervm8df0l","accountId":"01a0ffc2-59e6-795e-80e0-46e855574947","parentAccountId":"01a0ffc2-59db-78ca-b1b2-40458ab41870","kind":"channel","createdBy":"01a0ffc2-59db-78ca-b1b2-40458ab41870","msg":"Account created"}
2026-10-03T03:15:22.3037331Z {"level":30,"time":1790997322244,"pid":4609,"hostname":"runnervm8df0l","accountId":"01a0ffc2-59fd-7314-866e-2faea95adb3d","parentAccountId":"01a0ffc2-59f3-732e-9d58-354fa658161c","kind":"organization","createdBy":"01a0ffc2-59f3-732e-9d58-354fa658161c","msg":"Account created"}
2026-10-03T03:15:22.3040863Z {"level":30,"time":1790997322262,"pid":4609,"hostname":"runnervm8df0l","accountId":"01a0ffc2-5a0e-76a7-81cf-969195846495","parentAccountId":"01a0ffc2-5a05-786a-990d-af162b201e46","kind":"organization","createdBy":"01a0ffc2-5a05-786a-990d-af162b201e46","msg":"Account created"}
2026-10-03T03:15:22.3044683Z {"level":30,"time":1790997322274,"pid":4609,"hostname":"runnervm8df0l","accountId":"01a0ffc2-5a1b-743a-90c8-2afbe5a2bd69","parentAccountId":"01a0ffc2-5a05-786a-990d-af162b201e46","kind":"project","createdBy":"01a0ffc2-5a05-786a-990d-af162b201e46","msg":"Account created"}
2026-10-03T03:15:22.3048769Z {"level":30,"time":1790997322287,"pid":4609,"hostname":"runnervm8df0l","accountId":"01a0ffc2-5a27-7b80-93a1-b1e7986b4c0f","parentAccountId":"01a0ffc2-5a05-786a-990d-af162b201e46","kind":"bot","createdBy":"01a0ffc2-5a05-786a-990d-af162b201e46","msg":"Account created"}
2026-10-03T03:15:22.3052562Z {"level":30,"time":1790997322299,"pid":4609,"hostname":"runnervm8df0l","accountId":"01a0ffc2-5a34-7d11-9dcb-b8c0670d5ba8","parentAccountId":"01a0ffc2-5a05-786a-990d-af162b201e46","kind":"channel","createdBy":"01a0ffc2-5a05-786a-990d-af162b201e46","msg":"Account created"}
2026-10-03T03:15:22.4249997Z {"level":30,"time":1790997322323,"pid":4609,"hostname":"runnervm8df0l","accountId":"01a0ffc2-5a46-760e-b2b5-bac48490ecc4","parentAccountId":"01a0ffc2-5a3b-7d4e-955c-357452c4e1c3","kind":"project","createdBy":"01a0ffc2-5a3b-7d4e-955c-357452c4e1c3","msg":"Account created"}
2026-10-03T03:15:22.4253085Z {"level":30,"time":1790997322344,"pid":4609,"hostname":"runnervm8df0l","accountId":"01a0ffc2-5a61-7e79-90d1-b127942ca5fa","parentAccountId":"01a0ffc2-5a54-761c-9b83-725415514d8a","kind":"organization","createdBy":"01a0ffc2-5a54-761c-9b83-725415514d8a","msg":"Account created"}
2026-10-03T03:15:22.4254668Z {"level":30,"time":1790997322350,"pid":4609,"hostname":"runnervm8df0l","accountId":"01a0ffc2-5a61-7e79-90d1-b127942ca5fa","msg":"Account updated"}
2026-10-03T03:15:22.4256863Z {"level":30,"time":1790997322367,"pid":4609,"hostname":"runnervm8df0l","accountId":"01a0ffc2-5a78-7ad9-98f2-db4676709e9e","parentAccountId":"01a0ffc2-5a6f-78b7-a184-005fb67d0cef","kind":"channel","createdBy":"01a0ffc2-5a6f-78b7-a184-005fb67d0cef","msg":"Account created"}
2026-10-03T03:15:22.4258860Z {"level":30,"time":1790997322373,"pid":4609,"hostname":"runnervm8df0l","accountId":"01a0ffc2-5a78-7ad9-98f2-db4676709e9e","msg":"Account updated"}
2026-10-03T03:15:22.4260912Z {"level":30,"time":1790997322391,"pid":4609,"hostname":"runnervm8df0l","accountId":"01a0ffc2-5a90-7835-b079-96179b851eac","parentAccountId":"01a0ffc2-5a86-7566-a25d-4e731dc6d4b8","kind":"channel","createdBy":"01a0ffc2-5a86-7566-a25d-4e731dc6d4b8","msg":"Account created"}
2026-10-03T03:15:22.4262462Z {"level":30,"time":1790997322397,"pid":4609,"hostname":"runnervm8df0l","accountId":"01a0ffc2-5a90-7835-b079-96179b851eac","msg":"Account updated"}
2026-10-03T03:15:22.4264338Z {"level":30,"time":1790997322415,"pid":4609,"hostname":"runnervm8df0l","accountId":"01a0ffc2-5aa8-76d1-a076-930b576e3e23","parentAccountId":"01a0ffc2-5a9e-7a60-9329-9bf57b803939","kind":"channel","createdBy":"01a0ffc2-5a9e-7a60-9329-9bf57b803939","msg":"Account created"}
2026-10-03T03:15:22.4266149Z {"level":30,"time":1790997322421,"pid":4609,"hostname":"runnervm8df0l","accountId":"01a0ffc2-5aa8-76d1-a076-930b576e3e23","msg":"Account updated"}
2026-10-03T03:15:22.6451527Z {"level":30,"time":1790997322544,"pid":4609,"hostname":"runnervm8df0l","accountId":"01a0ffc2-5b03-7e2b-a8f2-a4f10cd129b0","newParentId":"01a0ffc2-5b10-7033-90cb-f1483295b865","affected":2,"msg":"Account moved"}
2026-10-03T03:15:22.6454053Z {"level":30,"time":1790997322607,"pid":4609,"hostname":"runnervm8df0l","accountId":"01a0ffc2-5b67-729f-91dd-55c191c071d3","parentAccountId":"01a0ffc2-5b5e-7c14-9534-acb178c68003","kind":"channel","createdBy":"01a0ffc2-5b5e-7c14-9534-acb178c68003","msg":"Account created"}
2026-10-03T03:15:22.6456568Z {"level":30,"time":1790997322623,"pid":4609,"hostname":"runnervm8df0l","accountId":"01a0ffc2-5b76-7e40-b992-99d6e2c83036","parentAccountId":"01a0ffc2-5b5e-7c14-9534-acb178c68003","kind":"channel","createdBy":"01a0ffc2-5b5e-7c14-9534-acb178c68003","msg":"Account created"}
2026-10-03T03:15:22.9988304Z {"level":30,"time":1790997322895,"pid":4609,"hostname":"runnervm8df0l","accountId":"01a0ffc2-5c7e-7228-963b-85266a8aaa88","memberId":"01a0ffc2-5c8d-7bc1-a1ef-c2b59c928746","role":"developer","by":"01a0ffc2-5c82-7d6c-a203-9aa81932b762","msg":"Account member added"}
2026-10-03T03:15:22.9991092Z {"level":30,"time":1790997322913,"pid":4609,"hostname":"runnervm8df0l","accountId":"01a0ffc2-5c91-7d43-b11f-722bcef380f0","memberId":"01a0ffc2-5c9d-722d-a4be-a0def150e82d","role":"developer","by":"01a0ffc2-5c95-785f-af96-6ded3ad30d51","msg":"Account member added"}
2026-10-03T03:15:22.9993244Z {"level":30,"time":1790997322953,"pid":4609,"hostname":"runnervm8df0l","accountId":"01a0ffc2-5cba-7993-80f3-fb29fc1e66e4","memberId":"01a0ffc2-5cc5-70af-a1c1-75d2cd1f7ecf","role":"viewer","by":"01a0ffc2-5cbe-7ae1-a452-bbb61fdc6e11","msg":"Account member added"}
2026-10-03T03:15:22.9995390Z {"level":30,"time":1790997322975,"pid":4609,"hostname":"runnervm8df0l","accountId":"01a0ffc2-5ccd-7303-93ce-8a44dec65b54","from":"01a0ffc2-5cd1-76a3-bf79-a12e8c9a1547","to":"01a0ffc2-5cd4-7399-943f-8ca641dfe7c8","msg":"Account ownership transferred"}
2026-10-03T03:15:23.1109593Z {"level":30,"time":1790997323007,"pid":4609,"hostname":"runnervm8df0l","accountId":"01a0ffc2-5cf3-7bb9-8fe4-3758dc90b7e6","memberId":"01a0ffc2-5cfb-7739-a8d6-e58efb03a21f","msg":"Account member removed"}
2026-10-03T03:15:23.1113233Z {"level":30,"time":1790997323027,"pid":4609,"hostname":"runnervm8df0l","accountId":"01a0ffc2-5d01-7263-b85c-351085ce1747","from":"01a0ffc2-5d05-7ecc-a2df-631560b4f22b","to":"01a0ffc2-5d08-71f6-8a11-5d2213a31eef","msg":"Account ownership transferred"}
2026-10-03T03:15:23.1115688Z PASS src/services/__tests__/account.service.test.ts
2026-10-03T03:15:24.1748208Z {"level":30,"time":1790997324074,"pid":4609,"hostname":"runnervm8df0l","maxPoolSize":8,"msg":"Connected to PostgreSQL successfully"}
2026-10-03T03:15:24.8075762Z PASS src/services/__tests__/inferenceCatalogue.test.ts
2026-10-03T03:15:27.5566736Z PASS src/routes/__tests__/federationDomainPurge.test.ts
2026-10-03T03:15:28.2467346Z {"level":30,"time":1790997328073,"pid":4609,"hostname":"runnervm8df0l","maxPoolSize":8,"msg":"Connected to PostgreSQL successfully"}
2026-10-03T03:15:28.7349702Z PASS src/services/__tests__/accountBillingAudit.test.ts
2026-10-03T03:15:29.3595889Z [BABEL] Note: The code generator has deoptimised the styling of /home/runner/work/oxy/oxy/packages/api/src/services/inferenceEdge.service.ts as it exceeds the max of 500KB.
2026-10-03T03:15:32.0373044Z PASS src/routes/__tests__/inferenceEdgeRollout.test.ts
2026-10-03T03:15:33.9803733Z PASS src/routes/__tests__/oauthToken.test.ts
2026-10-03T03:15:34.3079547Z {"level":30,"time":1790997334207,"pid":4609,"hostname":"runnervm8df0l","maxPoolSize":8,"msg":"Connected to PostgreSQL successfully"}
2026-10-03T03:15:34.5686514Z PASS src/db/schema/__tests__/billingWallet.test.ts
2026-10-03T03:15:35.3966500Z PASS src/routes/__tests__/federation.test.ts
2026-10-03T03:15:36.2559640Z PASS src/services/updates/__tests__/publish.service.test.ts
2026-10-03T03:15:37.2435630Z PASS src/routes/__tests__/accountsMemberPermissions.test.ts
2026-10-03T03:15:37.6989040Z {"level":30,"time":1790997337599,"pid":4609,"hostname":"runnervm8df0l","maxPoolSize":8,"msg":"Connected to PostgreSQL successfully"}
2026-10-03T03:15:37.8032969Z {"level":30,"time":1790997337703,"pid":4609,"hostname":"runnervm8df0l","component":"civic.realLife","subjectUserId":"01a0ffc2-9601-7c3a-a061-81b01b1e082a","attestorUserId":"01a0ffc2-9608-73c2-a386-e1bc6ea5d76e","recordId":"43a9164f4b4904cea3128b3b78f1dd90c0573cd56d4c550335d7f266ab8733ce","msg":"Real-life attestation accepted"}
2026-10-03T03:15:37.8036114Z {"level":30,"time":1790997337782,"pid":4609,"hostname":"runnervm8df0l","component":"civic.realLife","subjectUserId":"01a0ffc2-9671-7f75-aaf3-ce0792bc1fdb","attestorUserId":"01a0ffc2-9675-7f32-b4f9-ac56aac80ada","recordId":"373d6824849f4fa10fe7ac9321a605d0e5e0e18488b5ea39a267a2397928fb0e","msg":"Real-life attestation accepted"}
2026-10-03T03:15:37.9400338Z {"level":30,"time":1790997337840,"pid":4609,"hostname":"runnervm8df0l","component":"civic.realLife","subjectUserId":"01a0ffc2-9671-7f75-aaf3-ce0792bc1fdb","attestorUserId":"01a0ffc2-9679-7edd-8a27-ff5fe9372803","recordId":"7b0447d1446b4a49181f5993107dbdad6da58e895986080ccece4590d79a5c6c","msg":"Real-life attestation accepted"}
2026-10-03T03:15:37.9404920Z {"level":30,"time":1790997337900,"pid":4609,"hostname":"runnervm8df0l","component":"civic.realLife","subjectUserId":"01a0ffc2-96f2-7111-8f61-c9d6501dfd3e","attestorUserId":"01a0ffc2-96f5-72ee-848a-647c2a6c0b6b","recordId":"578a168e34eb80910e0c6e35dfc896a7d6e9797a7accaf350afee35856af3a1c","msg":"Real-life attestation accepted"}
2026-10-03T03:15:38.2392697Z {"level":30,"time":1790997338090,"pid":4609,"hostname":"runnervm8df0l","component":"civic.realLife","subjectUserId":"01a0ffc2-97b0-729f-8bea-37bfa088b1df","attestorUserId":"01a0ffc2-97b2-72d2-ba7a-074d3ee1de97","recordId":"069782b079b329225949e4a8ce0e76ac71f993b0b91c1297e0d8b83356477a5b","msg":"Real-life attestation accepted"}
2026-10-03T03:15:38.2395504Z PASS src/services/__tests__/civic.realLife.test.ts
2026-10-03T03:15:38.2398492Z {"level":30,"time":1790997338165,"pid":4609,"hostname":"runnervm8df0l","component":"civic.realLife","subjectUserId":"01a0ffc2-97f7-7b94-9f67-58c16b17a798","attestorUserId":"01a0ffc2-97fc-754d-a28b-9bf706278c9f","recordId":"cb2f8cda63129e9aff44f70176bc82d1f8ed90cc88feb49c0855bf7e7175a1df","msg":"Real-life attestation accepted"}
2026-10-03T03:15:38.5400142Z {"level":30,"time":1790997338439,"pid":4609,"hostname":"runnervm8df0l","maxPoolSize":8,"msg":"Connected to PostgreSQL successfully"}
2026-10-03T03:15:38.6845612Z PASS src/db/schema/__tests__/signedRecords.test.ts
2026-10-03T03:15:39.0169521Z {"level":30,"time":1790997338915,"pid":4609,"hostname":"runnervm8df0l","maxPoolSize":8,"msg":"Connected to PostgreSQL successfully"}
2026-10-03T03:15:39.8042122Z PASS src/services/__tests__/reputation.service.test.ts
2026-10-03T03:15:39.9837768Z PASS src/schemas/__tests__/inferenceReporting.schemas.test.ts
2026-10-03T03:15:40.9650333Z PASS src/routes/__tests__/privacyOperatedAccount.test.ts
2026-10-03T03:15:41.4254444Z PASS src/routes/__tests__/accountsSwitch.test.ts
2026-10-03T03:15:41.7301244Z {"level":30,"time":1790997341628,"pid":4609,"hostname":"runnervm8df0l","maxPoolSize":8,"msg":"Connected to PostgreSQL successfully"}
2026-10-03T03:15:41.7302755Z {"level":40,"time":1790997341647,"pid":4609,"hostname":"runnervm8df0l","kid":"dev-ephemeral-a6bb2198710e","msg":"[ServiceToken] no signing key configured; minting with a per-process ephemeral Ed25519 key"}
2026-10-03T03:15:41.7305013Z {"level":30,"time":1790997341650,"pid":4609,"hostname":"runnervm8df0l","applicationId":"01a0ffc2-a5c3-749b-a4d3-47ff3e087a8d","appName":"Workload test 59f9069a-ae15-41f7-8878-e5192f2f9880","provider":"aws-iam","attestationId":"wl_3384dcde6bf14edf90e45875","attribution":"created","scopes":["user:read"],"msg":"[WorkloadIdentity] service token issued"}
2026-10-03T03:15:41.7308238Z {"level":30,"time":1790997341668,"pid":4609,"hostname":"runnervm8df0l","applicationId":"01a0ffc2-a5d8-7955-9849-80768276f917","appName":"Workload test ba16e422-4734-4945-bc83-2312d45d2971","provider":"aws-iam","attestationId":"wl_7e2beadb10edef55c2cc116b","attribution":"created","scopes":["user:read"],"msg":"[WorkloadIdentity] service token issued"}
2026-10-03T03:15:41.7310973Z {"level":30,"time":1790997341686,"pid":4609,"hostname":"runnervm8df0l","applicationId":"01a0ffc2-a5ea-7632-9890-d90b7c068719","appName":"Workload test f42e2087-f9fa-42f6-b248-9051f00f6a25","provider":"aws-iam","attestationId":"wl_c2f7125dbe3a797f48e48994","attribution":"created","scopes":["user:read"],"msg":"[WorkloadIdentity] service token issued"}
2026-10-03T03:15:41.7313352Z {"level":50,"time":1790997341692,"pid":4609,"hostname":"runnervm8df0l","provider":"aws-iam","attestationId":"wl_c2f7125dbe3a797f48e48994","applicationId":"01a0ffc2-a5ee-73f6-b04f-653ef16e6556","msg":"[WorkloadIdentity] attested identity is attributed to another application"}
2026-10-03T03:15:41.7315956Z {"level":30,"time":1790997341705,"pid":4609,"hostname":"runnervm8df0l","applicationId":"01a0ffc2-a601-796e-8779-46f42fbea242","appName":"Workload test 5647ef8a-8509-48f4-aabd-5c24e559cf82","provider":"aws-iam","attestationId":"wl_814d9df9baec09f2c2a0fbe2","attribution":"created","scopes":["user:read"],"msg":"[WorkloadIdentity] service token issued"}
2026-10-03T03:15:41.7317898Z {"level":40,"time":1790997341705,"pid":4609,"hostname":"runnervm8df0l","provider":"aws-iam","reason":"unknown_challenge","nonceLength":43,"msg":"[WorkloadIdentity] attestation refused"}
2026-10-03T03:15:41.7319284Z {"level":40,"time":1790997341706,"pid":4609,"hostname":"runnervm8df0l","provider":"aws-iam","reason":"unknown_challenge","nonceLength":35,"msg":"[WorkloadIdentity] attestation refused"}
2026-10-03T03:15:41.7320667Z {"level":40,"time":1790997341707,"pid":4609,"hostname":"runnervm8df0l","provider":"aws-iam","reason":"unknown_challenge","nonceLength":33,"msg":"[WorkloadIdentity] attestation refused"}
2026-10-03T03:15:41.7321914Z {"level":40,"time":1790997341709,"pid":4609,"hostname":"runnervm8df0l","provider":"aws-iam","msg":"[WorkloadIdentity] attested workload has no binding"}
2026-10-03T03:15:41.8332031Z {"level":40,"time":1790997341732,"pid":4609,"hostname":"runnervm8df0l","provider":"aws-iam","msg":"[WorkloadIdentity] attested workload has no binding"}
2026-10-03T03:15:41.8334294Z {"level":30,"time":1790997341744,"pid":4609,"hostname":"runnervm8df0l","applicationId":"01a0ffc2-a628-71ab-9ad8-46e593f72849","appName":"Workload test 2a9b0b07-f220-4996-a28c-e609b721427d","provider":"aws-iam","attestationId":"wl_5c85b768462f209cf39e7524","attribution":"created","scopes":["user:read"],"msg":"[WorkloadIdentity] service token issued"}
2026-10-03T03:15:41.8337315Z {"level":30,"time":1790997341756,"pid":4609,"hostname":"runnervm8df0l","applicationId":"01a0ffc2-a633-749f-9d5d-aadcfe7ff1a8","appName":"Workload test d973b63e-a99b-4528-a380-c40a1be3e5ca","provider":"aws-iam","attestationId":"wl_868285f87a6b59987e2c3a64","attribution":"created","scopes":["user:read"],"msg":"[WorkloadIdentity] service token issued"}
2026-10-03T03:15:41.8340824Z {"level":30,"time":1790997341767,"pid":4609,"hostname":"runnervm8df0l","applicationId":"01a0ffc2-a63f-7ccc-8b22-cddeff3c1f05","appName":"Workload test a21f69fd-10fe-402e-88ba-81a2b8d17ee5","provider":"aws-iam","attestationId":"wl_4274ca043309163abf18f483","attribution":"created","scopes":["federation:write","signals:write","catalogs:write"],"msg":"[WorkloadIdentity] service token issued"}
2026-10-03T03:15:41.8343775Z {"level":30,"time":1790997341777,"pid":4609,"hostname":"runnervm8df0l","applicationId":"01a0ffc2-a64a-7bb1-9f19-5ed2fbf1d158","appName":"Workload test 376fcb88-c1bc-4bea-a103-df567414dac0","provider":"aws-iam","attestationId":"wl_9278df0917e98661807020b2","attribution":"created","scopes":["user:read"],"msg":"[WorkloadIdentity] service token issued"}
2026-10-03T03:15:41.8346781Z {"level":30,"time":1790997341788,"pid":4609,"hostname":"runnervm8df0l","applicationId":"01a0ffc2-a654-70bc-a35a-8721b4b9d34e","appName":"Workload test ff87c50d-673a-4bc0-abdf-cd58466785f2","provider":"aws-iam","attestationId":"wl_092785ca69b5fb8f7209ad25","attribution":"created","scopes":["user:read","signals:write"],"msg":"[WorkloadIdentity] service token issued"}
2026-10-03T03:15:41.8349513Z {"level":30,"time":1790997341794,"pid":4609,"hostname":"runnervm8df0l","applicationId":"01a0ffc2-a654-70bc-a35a-8721b4b9d34e","appName":"Workload test ff87c50d-673a-4bc0-abdf-cd58466785f2","provider":"aws-iam","attestationId":"wl_092785ca69b5fb8f7209ad25","attribution":"unchanged","scopes":["user:read"],"msg":"[WorkloadIdentity] service token issued"}
2026-10-03T03:15:41.9119694Z FAIL src/services/__tests__/workloadIdentity.db.test.ts
2026-10-03T03:15:41.9120915Z   ● workload-identity mint › mints a service token for a bound, official application
2026-10-03T03:15:41.9121378Z 
2026-10-03T03:15:41.9121645Z     expect(received).toBe(expected) // Object.is equality
2026-10-03T03:15:41.9121975Z 
2026-10-03T03:15:41.9122126Z     Expected: 3600
2026-10-03T03:15:41.9122408Z     Received: 300
2026-10-03T03:15:41.9122570Z 
2026-10-03T03:15:41.9122731Z     [0m [90m 183 |[39m
2026-10-03T03:15:41.9123488Z      [90m 184 |[39m     expect(grant[33m.[39mappName)[33m.[39mtoBe(application[33m.[39mname)[33m;[39m
2026-10-03T03:15:41.9124553Z     [31m[1m>[22m[39m[90m 185 |[39m     expect(grant[33m.[39mexpiresIn)[33m.[39mtoBe([35m3600[39m)[33m;[39m
2026-10-03T03:15:41.9125595Z      [90m     |[39m                             [31m[1m^[22m[39m
2026-10-03T03:15:41.9126271Z      [90m 186 |[39m     [36mconst[39m verified [33m=[39m verifyServiceToken(grant[33m.[39mtoken)[33m;[39m
2026-10-03T03:15:41.9127063Z      [90m 187 |[39m     expect(verified[33m.[39mok)[33m.[39mtoBe([36mtrue[39m)[33m;[39m
2026-10-03T03:15:41.9127789Z      [90m 188 |[39m     [36mif[39m ([33m![39mverified[33m.[39mok) [36mreturn[39m[33m;[39m[0m
2026-10-03T03:15:41.9128135Z 
2026-10-03T03:15:41.9128370Z       at src/services/__tests__/workloadIdentity.db.test.ts:185:29
2026-10-03T03:15:41.9128912Z       at fulfilled (src/services/__tests__/workloadIdentity.db.test.ts:31:58)
2026-10-03T03:15:41.9129228Z 
2026-10-03T03:15:42.4471558Z PASS src/routes/__tests__/pushTokenRegistration.test.ts
2026-10-03T03:15:42.6921933Z PASS src/services/federation/__tests__/metaFirstPartyProof.test.ts
2026-10-03T03:15:42.9773019Z PASS src/routes/__tests__/moderationReputationAuthz.test.ts
2026-10-03T03:15:43.3963657Z {"level":30,"time":1790997343295,"pid":4609,"hostname":"runnervm8df0l","maxPoolSize":8,"msg":"Connected to PostgreSQL successfully"}
2026-10-03T03:15:43.5669656Z PASS src/services/__tests__/accountBilling.service.test.ts
2026-10-03T03:15:44.2570890Z PASS src/routes/__tests__/applicationPermissionOverrides.test.ts
2026-10-03T03:15:45.3428413Z PASS src/routes/__tests__/civicValidations.test.ts
2026-10-03T03:15:45.6757950Z {"level":30,"time":1790997345571,"pid":4609,"hostname":"runnervm8df0l","maxPoolSize":8,"msg":"Connected to PostgreSQL successfully"}
2026-10-03T03:15:46.2052710Z PASS src/services/__tests__/civic.slash.test.ts
2026-10-03T03:15:46.5293084Z {"level":30,"time":1790997346428,"pid":4609,"hostname":"runnervm8df0l","maxPoolSize":8,"msg":"Connected to PostgreSQL successfully"}
2026-10-03T03:15:47.2248710Z PASS src/services/__tests__/followCommand.service.test.ts
2026-10-03T03:15:47.5762094Z {"level":30,"time":1790997347473,"pid":4609,"hostname":"runnervm8df0l","maxPoolSize":8,"msg":"Connected to PostgreSQL successfully"}
2026-10-03T03:15:47.8431510Z {"level":40,"time":1790997347743,"pid":4609,"hostname":"runnervm8df0l","component":"civic.attestation","txnId":"01a0ffc2-bd81-75d2-9ced-d6d377c435e5","subjectUserId":"01a0ffc2-bd70-7fac-9db0-677588e3c0d4","msg":"Reputation attestation abandoned after chain-race retries"}
2026-10-03T03:15:47.8434380Z {"level":40,"time":1790997347750,"pid":4609,"hostname":"runnervm8df0l","component":"civic.attestation","msg":"Reputation attestation skipped: OXY_PRIVATE_KEY/OXY_PUBLIC_KEY not configured"}
2026-10-03T03:15:47.8436254Z {"level":40,"time":1790997347840,"pid":4609,"hostname":"runnervm8df0l","component":"civic.attestation","msg":"Reputation attestation skipped: OXY_PRIVATE_KEY/OXY_PUBLIC_KEY not configured"}
2026-10-03T03:15:47.9103309Z PASS src/services/__tests__/civic.attestation.test.ts
2026-10-03T03:15:48.9072239Z PASS src/controllers/__tests__/devices.controller.test.ts
2026-10-03T03:15:49.6107544Z [BABEL] Note: The code generator has deoptimised the styling of /home/runner/work/oxy/oxy/packages/api/src/services/email.service.ts as it exceeds the max of 500KB.
2026-10-03T03:15:50.4271830Z PASS src/services/__tests__/emailService.inboundAttachments.test.ts
2026-10-03T03:15:50.6542602Z PASS src/middleware/__tests__/serviceCredentialRateLimit.test.ts
2026-10-03T03:15:50.8048686Z {"level":40,"time":1790997350611,"pid":4609,"hostname":"runnervm8df0l","kid":"dev-ephemeral-e67224cf7799","msg":"[ServiceToken] no signing key configured; minting with a per-process ephemeral Ed25519 key"}
2026-10-03T03:15:51.0288461Z PASS src/routes/__tests__/nodeLimiterOrdering.test.ts
2026-10-03T03:15:51.3586943Z PASS src/config/__tests__/dynamicOriginRegistry.test.ts
2026-10-03T03:15:51.8673817Z PASS src/routes/__tests__/reputationLeaderboardShape.test.ts
2026-10-03T03:15:52.2796261Z {"level":30,"time":1790997352140,"pid":4609,"hostname":"runnervm8df0l","maxPoolSize":8,"msg":"Connected to PostgreSQL successfully"}
2026-10-03T03:15:52.2797295Z PASS src/routes/__tests__/topics.routes.test.ts
2026-10-03T03:15:52.6048425Z {"level":30,"time":1790997352504,"pid":4609,"hostname":"runnervm8df0l","maxPoolSize":8,"msg":"Connected to PostgreSQL successfully"}
2026-10-03T03:15:52.9317520Z PASS src/services/__tests__/store.listing.test.ts
2026-10-03T03:15:53.2322919Z {"level":30,"time":1790997353130,"pid":4609,"hostname":"runnervm8df0l","maxPoolSize":8,"msg":"Connected to PostgreSQL successfully"}
2026-10-03T03:15:53.4473884Z PASS src/services/__tests__/signedRecord.chain.test.ts
2026-10-03T03:15:53.7632984Z {"level":30,"time":1790997353651,"pid":4609,"hostname":"runnervm8df0l","maxPoolSize":8,"msg":"Connected to PostgreSQL successfully"}
2026-10-03T03:15:53.7651521Z {"level":50,"time":1790997353655,"pid":4609,"hostname":"runnervm8df0l","component":"spendAnomaly","expected":"a number greater than 1, e.g. 3","err":{"type":"Object","message":"INFERENCE_SPEND_ANOMALY_MULTIPLE is not a number above 1; the default multiple applies","stack":"Error: INFERENCE_SPEND_ANOMALY_MULTIPLE is not a number above 1; the default multiple applies\n    at reportUnreadableMultiple (/home/runner/work/oxy/oxy/packages/api/src/services/spendAnomaly.service.ts:112:5)\n    at reportUnreadableMultiple (/home/runner/work/oxy/oxy/packages/api/src/services/spendAnomaly.service.ts:98:5)\n    at /home/runner/work/oxy/oxy/packages/api/src/services/__tests__/spendAnomaly.service.test.ts:171:36\n    at Object.<anonymous> (/home/runner/work/oxy/oxy/node_modules/.bun/jest-each@30.5.1/node_modules/jest-each/build/index.js:80:140)\n    at Promise.finally.completed (/home/runner/work/oxy/oxy/node_modules/.bun/jest-circus@30.5.1/node_modules/jest-circus/build/jestAdapterInit.js:1834:28)\n    at new Promise (<anonymous>)\n    at callAsyncCircusFn (/home/runner/work/oxy/oxy/node_modules/.bun/jest-circus@30.5.1/node_modules/jest-circus/build/jestAdapterInit.js:1774:10)\n    at _callCircusTest (/home/runner/work/oxy/oxy/node_modules/.bun/jest-circus@30.5.1/node_modules/jest-circus/build/jestAdapterInit.js:1167:40)\n    at processTicksAndRejections (node:internal/process/task_queues:104:5)\n    at _runTestInContext (/home/runner/work/oxy/oxy/node_modules/.bun/jest-circus@30.5.1/node_modules/jest-circus/build/jestAdapterInit.js:1103:3)\n    at runTestWithContext (/home/runner/work/oxy/oxy/node_modules/.bun/jest-circus@30.5.1/node_modules/jest-circus/build/jestAdapterInit.js:996:5)\n    at _runTestsForDescribeBlockOnce (/home/runner/work/oxy/oxy/node_modules/.bun/jest-circus@30.5.1/node_modules/jest-circus/build/jestAdapterInit.js:1008:11)\n    at _runTestsForDescribeBlock (/home/runner/work/oxy/oxy/node_modules/.bun/jest-circus@30.5.1/node_modules/jest-circus/build/jestAdapterInit.js:824:5)\n    at _runTestsForDescribeBlockOnce (/home/runner/work/oxy/oxy/node_modules/.bun/jest-circus@30.5.1/node_modules/jest-circus/build/jestAdapterInit.js:1003:11)\n    at _runTestsForDescribeBlock (/home/runner/work/oxy/oxy/node_modules/.bun/jest-circus@30.5.1/node_modules/jest-circus/build/jestAdapterInit.js:824:5)\n    at run (/home/runner/work/oxy/oxy/node_modules/.bun/jest-circus@30.5.1/node_modules/jest-circus/build/jestAdapterInit.js:789:3)\n    at runAndTransformResultsToJestFormat (/home/runner/work/oxy/oxy/node_modules/.bun/jest-circus@30.5.1/node_modules/jest-circus/build/jestAdapterInit.js:2300:21)\n    at jestAdapter (/home/runner/work/oxy/oxy/node_modules/.bun/jest-circus@30.5.1/node_modules/jest-circus/build/runner.js:111:19)\n    at runTestInternal (/home/runner/work/oxy/oxy/node_modules/.bun/jest-runner@30.5.1/node_modules/jest-runner/build/index.js:247:16)\n    at runTest (/home/runner/work/oxy/oxy/node_modules/.bun/jest-runner@30.5.1/node_modules/jest-runner/build/index.js:315:7)","name":"Error"},"msg":"inference.spend.anomaly_multiple_unreadable"}
2026-10-03T03:15:53.7679632Z {"level":50,"time":1790997353656,"pid":4609,"hostname":"runnervm8df0l","component":"spendAnomaly","expected":"a number greater than 1, e.g. 3","err":{"type":"Object","message":"INFERENCE_SPEND_ANOMALY_MULTIPLE is not a number above 1; the default multiple applies","stack":"Error: INFERENCE_SPEND_ANOMALY_MULTIPLE is not a number above 1; the default multiple applies\n    at reportUnreadableMultiple (/home/runner/work/oxy/oxy/packages/api/src/services/spendAnomaly.service.ts:112:5)\n    at reportUnreadableMultiple (/home/runner/work/oxy/oxy/packages/api/src/services/spendAnomaly.service.ts:98:5)\n    at /home/runner/work/oxy/oxy/packages/api/src/services/__tests__/spendAnomaly.service.test.ts:171:36\n    at Object.<anonymous> (/home/runner/work/oxy/oxy/node_modules/.bun/jest-each@30.5.1/node_modules/jest-each/build/index.js:80:140)\n    at Promise.finally.completed (/home/runner/work/oxy/oxy/node_modules/.bun/jest-circus@30.5.1/node_modules/jest-circus/build/jestAdapterInit.js:1834:28)\n    at new Promise (<anonymous>)\n    at callAsyncCircusFn (/home/runner/work/oxy/oxy/node_modules/.bun/jest-circus@30.5.1/node_modules/jest-circus/build/jestAdapterInit.js:1774:10)\n    at _callCircusTest (/home/runner/work/oxy/oxy/node_modules/.bun/jest-circus@30.5.1/node_modules/jest-circus/build/jestAdapterInit.js:1167:40)\n    at processTicksAndRejections (node:internal/process/task_queues:104:5)\n    at _runTestInContext (/home/runner/work/oxy/oxy/node_modules/.bun/jest-circus@30.5.1/node_modules/jest-circus/build/jestAdapterInit.js:1103:3)\n    at runTestWithContext (/home/runner/work/oxy/oxy/node_modules/.bun/jest-circus@30.5.1/node_modules/jest-circus/build/jestAdapterInit.js:996:5)\n    at _runTestsForDescribeBlockOnce (/home/runner/work/oxy/oxy/node_modules/.bun/jest-circus@30.5.1/node_modules/jest-circus/build/jestAdapterInit.js:1008:11)\n    at _runTestsForDescribeBlock (/home/runner/work/oxy/oxy/node_modules/.bun/jest-circus@30.5.1/node_modules/jest-circus/build/jestAdapterInit.js:824:5)\n    at _runTestsForDescribeBlockOnce (/home/runner/work/oxy/oxy/node_modules/.bun/jest-circus@30.5.1/node_modules/jest-circus/build/jestAdapterInit.js:1003:11)\n    at _runTestsForDescribeBlock (/home/runner/work/oxy/oxy/node_modules/.bun/jest-circus@30.5.1/node_modules/jest-circus/build/jestAdapterInit.js:824:5)\n    at run (/home/runner/work/oxy/oxy/node_modules/.bun/jest-circus@30.5.1/node_modules/jest-circus/build/jestAdapterInit.js:789:3)\n    at runAndTransformResultsToJestFormat (/home/runner/work/oxy/oxy/node_modules/.bun/jest-circus@30.5.1/node_modules/jest-circus/build/jestAdapterInit.js:2300:21)\n    at jestAdapter (/home/runner/work/oxy/oxy/node_modules/.bun/jest-circus@30.5.1/node_modules/jest-circus/build/runner.js:111:19)\n    at runTestInternal (/home/runner/work/oxy/oxy/node_modules/.bun/jest-runner@30.5.1/node_modules/jest-runner/build/index.js:247:16)\n    at runTest (/home/runner/work/oxy/oxy/node_modules/.bun/jest-runner@30.5.1/node_modules/jest-runner/build/index.js:315:7)","name":"Error"},"msg":"inference.spend.anomaly_multiple_unreadable"}
2026-10-03T03:15:53.7706949Z {"level":50,"time":1790997353656,"pid":4609,"hostname":"runnervm8df0l","component":"spendAnomaly","expected":"a number greater than 1, e.g. 3","err":{"type":"Object","message":"INFERENCE_SPEND_ANOMALY_MULTIPLE is not a number above 1; the default multiple applies","stack":"Error: INFERENCE_SPEND_ANOMALY_MULTIPLE is not a number above 1; the default multiple applies\n    at reportUnreadableMultiple (/home/runner/work/oxy/oxy/packages/api/src/services/spendAnomaly.service.ts:112:5)\n    at reportUnreadableMultiple (/home/runner/work/oxy/oxy/packages/api/src/services/spendAnomaly.service.ts:98:5)\n    at /home/runner/work/oxy/oxy/packages/api/src/services/__tests__/spendAnomaly.service.test.ts:171:36\n    at Object.<anonymous> (/home/runner/work/oxy/oxy/node_modules/.bun/jest-each@30.5.1/node_modules/jest-each/build/index.js:80:140)\n    at Promise.finally.completed (/home/runner/work/oxy/oxy/node_modules/.bun/jest-circus@30.5.1/node_modules/jest-circus/build/jestAdapterInit.js:1834:28)\n    at new Promise (<anonymous>)\n    at callAsyncCircusFn (/home/runner/work/oxy/oxy/node_modules/.bun/jest-circus@30.5.1/node_modules/jest-circus/build/jestAdapterInit.js:1774:10)\n    at _callCircusTest (/home/runner/work/oxy/oxy/node_modules/.bun/jest-circus@30.5.1/node_modules/jest-circus/build/jestAdapterInit.js:1167:40)\n    at processTicksAndRejections (node:internal/process/task_queues:104:5)\n    at _runTestInContext (/home/runner/work/oxy/oxy/node_modules/.bun/jest-circus@30.5.1/node_modules/jest-circus/build/jestAdapterInit.js:1103:3)\n    at runTestWithContext (/home/runner/work/oxy/oxy/node_modules/.bun/jest-circus@30.5.1/node_modules/jest-circus/build/jestAdapterInit.js:996:5)\n    at _runTestsForDescribeBlockOnce (/home/runner/work/oxy/oxy/node_modules/.bun/jest-circus@30.5.1/node_modules/jest-circus/build/jestAdapterInit.js:1008:11)\n    at _runTestsForDescribeBlock (/home/runner/work/oxy/oxy/node_modules/.bun/jest-circus@30.5.1/node_modules/jest-circus/build/jestAdapterInit.js:824:5)\n    at _runTestsForDescribeBlockOnce (/home/runner/work/oxy/oxy/node_modules/.bun/jest-circus@30.5.1/node_modules/jest-circus/build/jestAdapterInit.js:1003:11)\n    at _runTestsForDescribeBlock (/home/runner/work/oxy/oxy/node_modules/.bun/jest-circus@30.5.1/node_modules/jest-circus/build/jestAdapterInit.js:824:5)\n    at run (/home/runner/work/oxy/oxy/node_modules/.bun/jest-circus@30.5.1/node_modules/jest-circus/build/jestAdapterInit.js:789:3)\n    at runAndTransformResultsToJestFormat (/home/runner/work/oxy/oxy/node_modules/.bun/jest-circus@30.5.1/node_modules/jest-circus/build/jestAdapterInit.js:2300:21)\n    at jestAdapter (/home/runner/work/oxy/oxy/node_modules/.bun/jest-circus@30.5.1/node_modules/jest-circus/build/runner.js:111:19)\n    at runTestInternal (/home/runner/work/oxy/oxy/node_modules/.bun/jest-runner@30.5.1/node_modules/jest-runner/build/index.js:247:16)\n    at runTest (/home/runner/work/oxy/oxy/node_modules/.bun/jest-runner@30.5.1/node_modules/jest-runner/build/index.js:315:7)","name":"Error"},"msg":"inference.spend.anomaly_multiple_unreadable"}
2026-10-03T03:15:53.7742901Z {"level":50,"time":1790997353657,"pid":4609,"hostname":"runnervm8df0l","component":"spendAnomaly","expected":"a number greater than 1, e.g. 3","err":{"type":"Object","message":"INFERENCE_SPEND_ANOMALY_MULTIPLE is not a number above 1; the default multiple applies","stack":"Error: INFERENCE_SPEND_ANOMALY_MULTIPLE is not a number above 1; the default multiple applies\n    at reportUnreadableMultiple (/home/runner/work/oxy/oxy/packages/api/src/services/spendAnomaly.service.ts:112:5)\n    at reportUnreadableMultiple (/home/runner/work/oxy/oxy/packages/api/src/services/spendAnomaly.service.ts:98:5)\n    at /home/runner/work/oxy/oxy/packages/api/src/services/__tests__/spendAnomaly.service.test.ts:171:36\n    at Object.<anonymous> (/home/runner/work/oxy/oxy/node_modules/.bun/jest-each@30.5.1/node_modules/jest-each/build/index.js:80:140)\n    at Promise.finally.completed (/home/runner/work/oxy/oxy/node_modules/.bun/jest-circus@30.5.1/node_modules/jest-circus/build/jestAdapterInit.js:1834:28)\n    at new Promise (<anonymous>)\n    at callAsyncCircusFn (/home/runner/work/oxy/oxy/node_modules/.bun/jest-circus@30.5.1/node_modules/jest-circus/build/jestAdapterInit.js:1774:10)\n    at _callCircusTest (/home/runner/work/oxy/oxy/node_modules/.bun/jest-circus@30.5.1/node_modules/jest-circus/build/jestAdapterInit.js:1167:40)\n    at processTicksAndRejections (node:internal/process/task_queues:104:5)\n    at _runTestInContext (/home/runner/work/oxy/oxy/node_modules/.bun/jest-circus@30.5.1/node_modules/jest-circus/build/jestAdapterInit.js:1103:3)\n    at runTestWithContext (/home/runner/work/oxy/oxy/node_modules/.bun/jest-circus@30.5.1/node_modules/jest-circus/build/jestAdapterInit.js:996:5)\n    at _runTestsForDescribeBlockOnce (/home/runner/work/oxy/oxy/node_modules/.bun/jest-circus@30.5.1/node_modules/jest-circus/build/jestAdapterInit.js:1008:11)\n    at _runTestsForDescribeBlock (/home/runner/work/oxy/oxy/node_modules/.bun/jest-circus@30.5.1/node_modules/jest-circus/build/jestAdapterInit.js:824:5)\n    at _runTestsForDescribeBlockOnce (/home/runner/work/oxy/oxy/node_modules/.bun/jest-circus@30.5.1/node_modules/jest-circus/build/jestAdapterInit.js:1003:11)\n    at _runTestsForDescribeBlock (/home/runner/work/oxy/oxy/node_modules/.bun/jest-circus@30.5.1/node_modules/jest-circus/build/jestAdapterInit.js:824:5)\n    at run (/home/runner/work/oxy/oxy/node_modules/.bun/jest-circus@30.5.1/node_modules/jest-circus/build/jestAdapterInit.js:789:3)\n    at runAndTransformResultsToJestFormat (/home/runner/work/oxy/oxy/node_modules/.bun/jest-circus@30.5.1/node_modules/jest-circus/build/jestAdapterInit.js:2300:21)\n    at jestAdapter (/home/runner/work/oxy/oxy/node_modules/.bun/jest-circus@30.5.1/node_modules/jest-circus/build/runner.js:111:19)\n    at runTestInternal (/home/runner/work/oxy/oxy/node_modules/.bun/jest-runner@30.5.1/node_modules/jest-runner/build/index.js:247:16)\n    at runTest (/home/runner/work/oxy/oxy/node_modules/.bun/jest-runner@30.5.1/node_modules/jest-runner/build/index.js:315:7)","name":"Error"},"msg":"inference.spend.anomaly_multiple_unreadable"}
2026-10-03T03:15:53.7771772Z {"level":50,"time":1790997353658,"pid":4609,"hostname":"runnervm8df0l","component":"spendAnomaly","expected":"a number greater than 1, e.g. 3","err":{"type":"Object","message":"INFERENCE_SPEND_ANOMALY_MULTIPLE is not a number above 1; the default multiple applies","stack":"Error: INFERENCE_SPEND_ANOMALY_MULTIPLE is not a number above 1; the default multiple applies\n    at reportUnreadableMultiple (/home/runner/work/oxy/oxy/packages/api/src/services/spendAnomaly.service.ts:112:5)\n    at reportUnreadableMultiple (/home/runner/work/oxy/oxy/packages/api/src/services/spendAnomaly.service.ts:98:5)\n    at /home/runner/work/oxy/oxy/packages/api/src/services/__tests__/spendAnomaly.service.test.ts:171:36\n    at Object.<anonymous> (/home/runner/work/oxy/oxy/node_modules/.bun/jest-each@30.5.1/node_modules/jest-each/build/index.js:80:140)\n    at Promise.finally.completed (/home/runner/work/oxy/oxy/node_modules/.bun/jest-circus@30.5.1/node_modules/jest-circus/build/jestAdapterInit.js:1834:28)\n    at new Promise (<anonymous>)\n    at callAsyncCircusFn (/home/runner/work/oxy/oxy/node_modules/.bun/jest-circus@30.5.1/node_modules/jest-circus/build/jestAdapterInit.js:1774:10)\n    at _callCircusTest (/home/runner/work/oxy/oxy/node_modules/.bun/jest-circus@30.5.1/node_modules/jest-circus/build/jestAdapterInit.js:1167:40)\n    at processTicksAndRejections (node:internal/process/task_queues:104:5)\n    at _runTestInContext (/home/runner/work/oxy/oxy/node_modules/.bun/jest-circus@30.5.1/node_modules/jest-circus/build/jestAdapterInit.js:1103:3)\n    at runTestWithContext (/home/runner/work/oxy/oxy/node_modules/.bun/jest-circus@30.5.1/node_modules/jest-circus/build/jestAdapterInit.js:996:5)\n    at _runTestsForDescribeBlockOnce (/home/runner/work/oxy/oxy/node_modules/.bun/jest-circus@30.5.1/node_modules/jest-circus/build/jestAdapterInit.js:1008:11)\n    at _runTestsForDescribeBlock (/home/runner/work/oxy/oxy/node_modules/.bun/jest-circus@30.5.1/node_modules/jest-circus/build/jestAdapterInit.js:824:5)\n    at _runTestsForDescribeBlockOnce (/home/runner/work/oxy/oxy/node_modules/.bun/jest-circus@30.5.1/node_modules/jest-circus/build/jestAdapterInit.js:1003:11)\n    at _runTestsForDescribeBlock (/home/runner/work/oxy/oxy/node_modules/.bun/jest-circus@30.5.1/node_modules/jest-circus/build/jestAdapterInit.js:824:5)\n    at run (/home/runner/work/oxy/oxy/node_modules/.bun/jest-circus@30.5.1/node_modules/jest-circus/build/jestAdapterInit.js:789:3)\n    at runAndTransformResultsToJestFormat (/home/runner/work/oxy/oxy/node_modules/.bun/jest-circus@30.5.1/node_modules/jest-circus/build/jestAdapterInit.js:2300:21)\n    at jestAdapter (/home/runner/work/oxy/oxy/node_modules/.bun/jest-circus@30.5.1/node_modules/jest-circus/build/runner.js:111:19)\n    at runTestInternal (/home/runner/work/oxy/oxy/node_modules/.bun/jest-runner@30.5.1/node_modules/jest-runner/build/index.js:247:16)\n    at runTest (/home/runner/work/oxy/oxy/node_modules/.bun/jest-runner@30.5.1/node_modules/jest-runner/build/index.js:315:7)","name":"Error"},"msg":"inference.spend.anomaly_multiple_unreadable"}
2026-10-03T03:15:53.9377942Z PASS src/services/__tests__/spendAnomaly.service.test.ts
2026-10-03T03:15:54.0761909Z {"level":40,"time":1790997353850,"pid":4609,"hostname":"runnervm8df0l","component":"spendAnomaly","accountId":"01a0ffc2-d4bb-7cf9-89a2-4591cdee0999","currency":"USD","detectedForHour":"2026-10-03T02:00:00.000Z","hourAmount":"10.000000000000","baselineMedianAmount":"1.000000000000","thresholdMultiple":3,"observedDays":8,"msg":"inference.spend.anomaly"}
2026-10-03T03:15:54.0764731Z {"level":40,"time":1790997353851,"pid":4609,"hostname":"runnervm8df0l","component":"spendAnomaly","accountId":"01a0ffc2-d509-7460-b9a2-b219a89f0963","currency":"USD","detectedForHour":"2026-10-03T02:00:00.000Z","hourAmount":"500.000000000000","baselineMedianAmount":"1.000000000000","thresholdMultiple":3,"observedDays":8,"msg":"inference.spend.anomaly"}
2026-10-03T03:15:54.0767842Z {"level":40,"time":1790997353853,"pid":4609,"hostname":"runnervm8df0l","component":"spendAnomaly","accountId":"01a0ffc2-d546-7c5d-b12a-efea272d7186","currency":"USD","detectedForHour":"2026-10-03T02:00:00.000Z","hourAmount":"4.000000000000","baselineMedianAmount":"1.000000000000","thresholdMultiple":3,"observedDays":8,"msg":"inference.spend.anomaly"}
2026-10-03T03:15:54.0770540Z {"level":40,"time":1790997353855,"pid":4609,"hostname":"runnervm8df0l","component":"spendAnomaly","accountId":"01a0ffc2-d560-7b08-b0a6-87b0bd93a109","currency":"USD","detectedForHour":"2026-10-03T02:00:00.000Z","hourAmount":"20.000000000000","baselineMedianAmount":"1.000000000000","thresholdMultiple":3,"observedDays":8,"msg":"inference.spend.anomaly"}
2026-10-03T03:15:54.0774152Z PASS src/scripts/__tests__/internalCostCenterSpecs.test.ts
2026-10-03T03:15:54.3749035Z {"level":30,"time":1790997354274,"pid":4609,"hostname":"runnervm8df0l","maxPoolSize":8,"msg":"Connected to PostgreSQL successfully"}
2026-10-03T03:15:54.8344023Z PASS src/services/__tests__/civic.sybil.test.ts
2026-10-03T03:15:55.8224873Z PASS src/routes/__tests__/isolatedOAuthLogout.test.ts
2026-10-03T03:15:56.0718227Z PASS src/services/__tests__/inferenceAutoPowerLevel.test.ts
2026-10-03T03:15:56.4034058Z {"level":30,"time":1790997356302,"pid":4609,"hostname":"runnervm8df0l","maxPoolSize":8,"msg":"Connected to PostgreSQL successfully"}
2026-10-03T03:15:56.6952741Z PASS src/services/__tests__/store.screenshots.test.ts
2026-10-03T03:15:56.7825548Z PASS src/scripts/__tests__/inboxPrincipalReadbackTask.test.ts
2026-10-03T03:15:57.2379736Z PASS src/routes/__tests__/identityRecords.test.ts
2026-10-03T03:15:57.3659642Z PASS src/services/__tests__/httpKaanaDecisions.test.ts
2026-10-03T03:15:57.5719385Z {"level":30,"time":1790997357305,"pid":4609,"hostname":"runnervm8df0l","component":"inference-kaana","baseUrl":"https://kaana.ai","keyId":"synthetic","msg":"inference.kaana.configured"}
2026-10-03T03:15:57.5721828Z {"level":30,"time":1790997357312,"pid":4609,"hostname":"runnervm8df0l","component":"inference-kaana","baseUrl":"https://kaana.ai","keyId":"synthetic","msg":"inference.kaana.configured"}
2026-10-03T03:15:57.5723375Z {"level":30,"time":1790997357318,"pid":4609,"hostname":"runnervm8df0l","component":"inference-kaana","baseUrl":"https://kaana.ai","keyId":"synthetic","msg":"inference.kaana.configured"}
2026-10-03T03:15:57.5724922Z {"level":30,"time":1790997357319,"pid":4609,"hostname":"runnervm8df0l","component":"inference-kaana","baseUrl":"https://kaana.ai","keyId":"synthetic","msg":"inference.kaana.configured"}
2026-10-03T03:15:57.5726794Z {"level":30,"time":1790997357320,"pid":4609,"hostname":"runnervm8df0l","component":"inference-kaana","baseUrl":"https://kaana.ai","keyId":"synthetic","msg":"inference.kaana.configured"}
2026-10-03T03:15:57.5728304Z {"level":30,"time":1790997357322,"pid":4609,"hostname":"runnervm8df0l","component":"inference-kaana","baseUrl":"https://kaana.ai","keyId":"synthetic","msg":"inference.kaana.configured"}
2026-10-03T03:15:57.5729825Z {"level":30,"time":1790997357323,"pid":4609,"hostname":"runnervm8df0l","component":"inference-kaana","baseUrl":"https://kaana.ai","keyId":"synthetic","msg":"inference.kaana.configured"}
2026-10-03T03:15:57.5731480Z {"level":30,"time":1790997357325,"pid":4609,"hostname":"runnervm8df0l","component":"inference-kaana","baseUrl":"https://kaana.ai","keyId":"synthetic","msg":"inference.kaana.configured"}
2026-10-03T03:15:57.5733304Z {"level":30,"time":1790997357328,"pid":4609,"hostname":"runnervm8df0l","component":"inference-kaana","baseUrl":"https://kaana.ai","keyId":"synthetic","msg":"inference.kaana.configured"}
2026-10-03T03:15:57.5739901Z {"level":50,"time":1790997357329,"pid":4609,"hostname":"runnervm8df0l","component":"inference-kaana","requestId":"req-decision-fixture","status":502,"upstreamCode":"provider_credential_invalid","err":{"type":"Object","message":"the inference data plane answered HTTP 502","stack":"Error: the inference data plane answered HTTP 502\n    at logDecisionsFailure (/home/runner/work/oxy/oxy/packages/api/src/services/httpKaanaClient.ts:683:5)\n    at logDecisionsFailure (/home/runner/work/oxy/oxy/packages/api/src/services/httpKaanaClient.ts:645:5)\n    at Generator.next (<anonymous>)\n    at fulfilled (/home/runner/work/oxy/oxy/packages/api/src/services/httpKaanaClient.ts:12199:24)","name":"Error"},"msg":"inference.kaana.decisions_failed"}
2026-10-03T03:15:57.5743239Z {"level":30,"time":1790997357330,"pid":4609,"hostname":"runnervm8df0l","component":"inference-kaana","baseUrl":"https://kaana.ai","keyId":"synthetic","msg":"inference.kaana.configured"}
2026-10-03T03:15:57.5747270Z {"level":50,"time":1790997357331,"pid":4609,"hostname":"runnervm8df0l","component":"inference-kaana","requestId":"req-decision-fixture","status":502,"upstreamCode":"provider_overloaded","err":{"type":"Object","message":"the inference data plane answered HTTP 502","stack":"Error: the inference data plane answered HTTP 502\n    at logDecisionsFailure (/home/runner/work/oxy/oxy/packages/api/src/services/httpKaanaClient.ts:683:5)\n    at logDecisionsFailure (/home/runner/work/oxy/oxy/packages/api/src/services/httpKaanaClient.ts:645:5)\n    at Generator.next (<anonymous>)\n    at fulfilled (/home/runner/work/oxy/oxy/packages/api/src/services/httpKaanaClient.ts:12199:24)","name":"Error"},"msg":"inference.kaana.decisions_failed"}
2026-10-03T03:15:57.5751343Z {"level":30,"time":1790997357332,"pid":4609,"hostname":"runnervm8df0l","component":"inference-kaana","baseUrl":"https://kaana.ai","keyId":"synthetic","msg":"inference.kaana.configured"}
2026-10-03T03:15:57.5755155Z {"level":50,"time":1790997357332,"pid":4609,"hostname":"runnervm8df0l","component":"inference-kaana","requestId":"req-decision-fixture","status":502,"err":{"type":"Object","message":"the inference data plane answered HTTP 502","stack":"Error: the inference data plane answered HTTP 502\n    at logDecisionsFailure (/home/runner/work/oxy/oxy/packages/api/src/services/httpKaanaClient.ts:683:5)\n    at logDecisionsFailure (/home/runner/work/oxy/oxy/packages/api/src/services/httpKaanaClient.ts:638:23)\n    at Generator.next (<anonymous>)\n    at fulfilled (/home/runner/work/oxy/oxy/packages/api/src/services/httpKaanaClient.ts:12199:24)","name":"Error"},"msg":"inference.kaana.decisions_failed"}
2026-10-03T03:15:57.5758564Z {"level":30,"time":1790997357333,"pid":4609,"hostname":"runnervm8df0l","component":"inference-kaana","baseUrl":"https://kaana.ai","keyId":"synthetic","msg":"inference.kaana.configured"}
2026-10-03T03:15:57.5763395Z {"level":50,"time":1790997357333,"pid":4609,"hostname":"runnervm8df0l","component":"inference-kaana","requestId":"req-decision-fixture","status":502,"upstreamCode":"provider_error","err":{"type":"Object","message":"the inference data plane answered HTTP 502","stack":"Error: the inference data plane answered HTTP 502\n    at logDecisionsFailure (/home/runner/work/oxy/oxy/packages/api/src/services/httpKaanaClient.ts:683:5)\n    at logDecisionsFailure (/home/runner/work/oxy/oxy/packages/api/src/services/httpKaanaClient.ts:645:5)\n    at Generator.next (<anonymous>)\n    at fulfilled (/home/runner/work/oxy/oxy/packages/api/src/services/httpKaanaClient.ts:12199:24)","name":"Error"},"msg":"inference.kaana.decisions_failed"}
2026-10-03T03:15:57.5767131Z {"level":30,"time":1790997357334,"pid":4609,"hostname":"runnervm8df0l","component":"inference-kaana","baseUrl":"https://kaana.ai","keyId":"synthetic","msg":"inference.kaana.configured"}
2026-10-03T03:15:57.5770809Z {"level":50,"time":1790997357335,"pid":4609,"hostname":"runnervm8df0l","component":"inference-kaana","requestId":"req-decision-fixture","status":502,"err":{"type":"Object","message":"the inference data plane answered HTTP 502","stack":"Error: the inference data plane answered HTTP 502\n    at logDecisionsFailure (/home/runner/work/oxy/oxy/packages/api/src/services/httpKaanaClient.ts:683:5)\n    at logDecisionsFailure (/home/runner/work/oxy/oxy/packages/api/src/services/httpKaanaClient.ts:645:5)\n    at Generator.next (<anonymous>)\n    at fulfilled (/home/runner/work/oxy/oxy/packages/api/src/services/httpKaanaClient.ts:12199:24)","name":"Error"},"msg":"inference.kaana.decisions_failed"}
2026-10-03T03:15:57.5773914Z {"level":30,"time":1790997357335,"pid":4609,"hostname":"runnervm8df0l","component":"inference-kaana","baseUrl":"https://kaana.ai","keyId":"synthetic","msg":"inference.kaana.configured"}
2026-10-03T03:15:57.5775495Z {"level":30,"time":1790997357337,"pid":4609,"hostname":"runnervm8df0l","component":"inference-kaana","baseUrl":"https://kaana.ai","keyId":"synthetic","msg":"inference.kaana.configured"}
2026-10-03T03:15:57.5777458Z {"level":30,"time":1790997357338,"pid":4609,"hostname":"runnervm8df0l","component":"inference-kaana","baseUrl":"https://kaana.ai","keyId":"synthetic","msg":"inference.kaana.configured"}
2026-10-03T03:15:57.5778876Z {"level":30,"time":1790997357339,"pid":4609,"hostname":"runnervm8df0l","component":"inference-kaana","baseUrl":"https://kaana.ai","keyId":"synthetic","msg":"inference.kaana.configured"}
2026-10-03T03:15:57.5782682Z {"level":50,"time":1790997357340,"pid":4609,"hostname":"runnervm8df0l","component":"inference-kaana","requestId":"req-decision-fixture","status":400,"upstreamCode":"invalid_request","err":{"type":"Object","message":"the inference data plane answered HTTP 400","stack":"Error: the inference data plane answered HTTP 400\n    at /home/runner/work/oxy/oxy/packages/api/src/services/httpKaanaClient.ts:1119:5\n    at Generator.next (<anonymous>)\n    at fulfilled (/home/runner/work/oxy/oxy/packages/api/src/services/httpKaanaClient.ts:12199:24)","name":"Error"},"msg":"inference.kaana.rejected_envelope"}
2026-10-03T03:15:57.5785621Z {"level":30,"time":1790997357341,"pid":4609,"hostname":"runnervm8df0l","component":"inference-kaana","baseUrl":"https://kaana.ai","keyId":"synthetic","msg":"inference.kaana.configured"}
2026-10-03T03:15:57.5787041Z {"level":30,"time":1790997357342,"pid":4609,"hostname":"runnervm8df0l","component":"inference-kaana","baseUrl":"https://kaana.ai","keyId":"synthetic","msg":"inference.kaana.configured"}
2026-10-03T03:15:57.7057578Z {"level":30,"time":1790997357604,"pid":4609,"hostname":"runnervm8df0l","maxPoolSize":8,"msg":"Connected to PostgreSQL successfully"}
2026-10-03T03:15:57.8120424Z PASS src/services/__tests__/providerCredentialValidation.service.test.ts
2026-10-03T03:15:59.0111472Z {"level":30,"time":1790997358909,"pid":4609,"hostname":"runnervm8df0l","maxPoolSize":8,"msg":"Connected to PostgreSQL successfully"}
2026-10-03T03:16:00.2683845Z {"level":30,"time":1790997360167,"pid":4609,"hostname":"runnervm8df0l","userId":"01a0ffc2-edb4-78f5-a9db-8fdd34b24446","username":"leavingab2bcd87e806","accountEventId":"01a0ffc2-edfd-7fb8-90fc-af3eeeedc159","accountEventRecipients":18,"storageDeletionFiles":0,"storageDeletionTargets":0,"msg":"Account deleted"}
2026-10-03T03:16:00.4952837Z {"level":30,"time":1790997360288,"pid":4609,"hostname":"runnervm8df0l","userId":"01a0ffc2-ee50-72fc-8227-e266b4747790","username":"leavingbf8d664e0490","accountEventId":"01a0ffc2-ee91-7321-93f5-6a7f70cbcd6a","accountEventRecipients":18,"storageDeletionFiles":0,"storageDeletionTargets":0,"msg":"Account deleted"}
2026-10-03T03:16:00.4955843Z {"level":30,"time":1790997360364,"pid":4609,"hostname":"runnervm8df0l","userId":"01a0ffc2-eeac-7e02-bbb1-da65b2e374a6","username":"leaving7ee18e11bb73","accountEventId":"01a0ffc2-eedd-71f7-9eb2-b437f72e25ec","accountEventRecipients":18,"storageDeletionFiles":0,"storageDeletionTargets":0,"msg":"Account deleted"}
2026-10-03T03:16:00.4957782Z {"level":40,"time":1790997360375,"pid":4609,"hostname":"runnervm8df0l","applicationId":"01a0ffc2-eef1-7b37-bbc4-e37b8898b169","path":"/me","msg":"device.lane.third_party_refused"}
2026-10-03T03:16:00.4959384Z PASS src/routes/__tests__/usersDeleteKeylessAccount.test.ts
2026-10-03T03:16:00.8285912Z {"level":30,"time":1790997360727,"pid":4609,"hostname":"runnervm8df0l","maxPoolSize":8,"msg":"Connected to PostgreSQL successfully"}
2026-10-03T03:16:00.9177981Z PASS src/utils/__tests__/deviceUtils.postgres.test.ts
2026-10-03T03:16:01.1111029Z {"level":30,"time":1790997360829,"pid":4609,"hostname":"runnervm8df0l","msg":"[DeviceUtils] Logged out 2 sessions for device: dev-4717c8a9-9fd5-4591-947c-32dc3b2de99d"}
2026-10-03T03:16:01.1112423Z {"level":30,"time":1790997360854,"pid":4609,"hostname":"runnervm8df0l","msg":"[DeviceUtils] Logged out 1 sessions for device: dev-3b37aa77-0903-472a-bb7a-85045d9c7da8"}
2026-10-03T03:16:01.1113696Z {"level":30,"time":1790997360863,"pid":4609,"hostname":"runnervm8df0l","msg":"[DeviceUtils] Logged out 1 sessions for device: dev-b73648ef-8798-4b74-a76a-0dfdcdb6677e"}
2026-10-03T03:16:01.1114960Z {"level":30,"time":1790997360866,"pid":4609,"hostname":"runnervm8df0l","msg":"[DeviceUtils] Logged out 0 sessions for device: dev-6a4c68a8-fe60-492b-85a5-14f925e8a34a"}
2026-10-03T03:16:01.3769816Z PASS src/services/__tests__/appAffinity.service.test.ts
2026-10-03T03:16:01.7890344Z {"level":30,"time":1790997361688,"pid":4609,"hostname":"runnervm8df0l","maxPoolSize":8,"msg":"Connected to PostgreSQL successfully"}
2026-10-03T03:16:01.8549481Z PASS src/routes/__tests__/creditsUsage.test.ts
2026-10-03T03:16:02.2528987Z PASS src/routes/__tests__/updatesManifest.test.ts
2026-10-03T03:16:02.7697642Z PASS src/routes/__tests__/sessionRequesterLabel.test.ts
2026-10-03T03:16:02.8666422Z PASS src/config/__tests__/kaanaDataPlane.test.ts
2026-10-03T03:16:03.6496660Z PASS src/services/__tests__/botHasNoWayInOfItsOwn.test.ts
2026-10-03T03:16:03.9381001Z {"level":30,"time":1790997363838,"pid":4609,"hostname":"runnervm8df0l","maxPoolSize":8,"msg":"Connected to PostgreSQL successfully"}
2026-10-03T03:16:04.1070562Z PASS src/db/schema/__tests__/schemaInvariants.test.ts
2026-10-03T03:16:04.4356574Z {"level":30,"time":1790997364334,"pid":4609,"hostname":"runnervm8df0l","maxPoolSize":8,"msg":"Connected to PostgreSQL successfully"}
2026-10-03T03:16:04.6881215Z PASS src/services/__tests__/user.service.getViewerGraph.test.ts
2026-10-03T03:16:05.1059656Z PASS src/routes/__tests__/sessionAuthorizeCode.test.ts
2026-10-03T03:16:05.6604886Z PASS src/services/__tests__/managedSessionFailClosed.test.ts
2026-10-03T03:16:06.3855856Z PASS src/services/__tests__/inferenceRealtimeDurationCeiling.test.ts
2026-10-03T03:16:06.7219877Z {"level":30,"time":1790997366611,"pid":4609,"hostname":"runnervm8df0l","maxPoolSize":8,"msg":"Connected to PostgreSQL successfully"}
2026-10-03T03:16:06.7340679Z PASS src/db/__tests__/expiry.test.ts
2026-10-03T03:16:17.0507609Z {"level":30,"time":1790997367953,"pid":4609,"hostname":"runnervm8df0l","binaryPath":"/usr/bin/ffmpeg","msg":"[VariantService] Using system ffmpeg"}
2026-10-03T03:16:17.0509161Z {"level":30,"time":1790997367967,"pid":4609,"hostname":"runnervm8df0l","binaryPath":"/usr/bin/ffprobe","msg":"[VariantService] Using system ffprobe"}
2026-10-03T03:16:17.0510803Z {"level":30,"time":1790997367967,"pid":4609,"hostname":"runnervm8df0l","ffmpegPath":"/usr/bin/ffmpeg","msg":"[VariantService] Resolved FFmpeg path"}
2026-10-03T03:16:17.0513244Z {"level":30,"time":1790997367967,"pid":4609,"hostname":"runnervm8df0l","ffprobePath":"/usr/bin/ffprobe","msg":"[VariantService] Resolved FFprobe path"}
2026-10-03T03:16:17.0515656Z {"level":30,"time":1790997367967,"pid":4609,"hostname":"runnervm8df0l","ffmpegPath":"/usr/bin/ffmpeg","ffprobePath":"/usr/bin/ffprobe","ffmpegExists":true,"ffprobeExists":true,"msg":"FFmpeg/FFprobe paths initialized"}
2026-10-03T03:16:17.0519747Z {"level":40,"time":1790997376983,"pid":4609,"hostname":"runnervm8df0l","component":"env","placeholder":"dev-only-device-id-salt-do-not-use-in-prod","msg":"DEVICE_ID_SALT is unset — using a development-only placeholder. Set DEVICE_ID_SALT to a strong random value (≥32 chars) before deploying. Generate one with: openssl rand -base64 48"}
2026-10-03T03:16:17.0523033Z {"level":40,"time":1790997376984,"pid":4609,"hostname":"runnervm8df0l","kid":"dev-ephemeral-9e0f371e54f8","msg":"[ServiceToken] no signing key configured; minting with a per-process ephemeral Ed25519 key"}
2026-10-03T03:16:17.0526148Z {"level":30,"time":1790997376984,"pid":4609,"hostname":"runnervm8df0l","NODE_ENV":"test","PORT":"35205","AWS_REGION":"us-east-1","AWS_S3_BUCKET":"test-bucket","AWS_ENDPOINT_URL":"default","ASSET_CDN_URL":"https://cloud.oxy.so","DATABASE_URL":"***127.0.0.1:5432/oxy_boot_gate_absent","msg":"Environment configuration validated"}
2026-10-03T03:16:17.1687722Z {"level":40,"time":1790997377067,"pid":4609,"hostname":"runnervm8df0l","attempts":1,"msRemaining":280,"error":"database \"oxy_boot_gate_absent\" does not exist","msg":"PostgreSQL not ready yet, retrying"}
2026-10-03T03:16:17.4917494Z {"level":40,"time":1790997377386,"pid":4609,"hostname":"runnervm8df0l","attempts":2,"msRemaining":0,"error":"database \"oxy_boot_gate_absent\" does not exist","msg":"PostgreSQL not ready yet, retrying"}
2026-10-03T03:16:20.0418788Z {"level":30,"time":1790997379940,"pid":4609,"hostname":"runnervm8df0l","maxPoolSize":8,"msg":"Connected to PostgreSQL successfully"}
2026-10-03T03:16:20.0421289Z {"level":30,"time":1790997379971,"pid":4609,"hostname":"runnervm8df0l","component":"inference-catalogue-sync","msg":"inference.catalogue_sync.not_configured"}
2026-10-03T03:16:20.0423580Z {"level":30,"time":1790997379971,"pid":4609,"hostname":"runnervm8df0l","component":"inference-provider-cost","msg":"inference.provider_cost_feed.not_configured"}
2026-10-03T03:16:20.0426676Z {"level":50,"time":1790997379971,"pid":4609,"hostname":"runnervm8df0l","msg":"Outbound email is DISABLED: SMTP_RELAY_HOST is unset. Every send will be refused with 503. Configure SMTP_RELAY_HOST/SMTP_RELAY_PORT/SMTP_RELAY_USER/SMTP_RELAY_PASS."}
2026-10-03T03:16:20.0430144Z {"level":30,"time":1790997379971,"pid":4609,"hostname":"runnervm8df0l","msg":"[FollowOutbox] Worker disabled (FOLLOW_OUTBOX_WORKER_ENABLED) — follow events accumulate for whenever it is enabled"}
2026-10-03T03:16:20.0432458Z {"level":30,"time":1790997379971,"pid":4609,"hostname":"runnervm8df0l","msg":"[NormalizedEventOutbox] Inbox worker disabled; events remain durable"}
2026-10-03T03:16:20.0434962Z {"level":30,"time":1790997379973,"pid":4609,"hostname":"runnervm8df0l","ownerId":"runnervm8df0l:4609:db53bb6f","intervalMs":15000,"msg":"[AccountEventWebhook] Worker started"}
2026-10-03T03:16:20.0437542Z {"level":30,"time":1790997379973,"pid":4609,"hostname":"runnervm8df0l","ownerId":"runnervm8df0l:4609:6797f07c","intervalMs":30000,"msg":"[StorageDeletion] Worker started"}
2026-10-03T03:16:20.0440176Z {"level":40,"time":1790997379973,"pid":4609,"hostname":"runnervm8df0l","msg":"BullMQ queues disabled (REDIS_URL unset) — using in-process cron fallback for email maintenance"}
2026-10-03T03:16:20.0442437Z {"level":30,"time":1790997379973,"pid":4609,"hostname":"runnervm8df0l","msg":"Snooze, reminder & scheduled send cron started (in-process fallback, 60s interval)"}
2026-10-03T03:16:20.0444475Z {"level":30,"time":1790997379975,"pid":4609,"hostname":"runnervm8df0l","msg":"Node ingest using in-process interval fallback (REDIS_URL unset)"}
2026-10-03T03:16:20.0446802Z {"level":30,"time":1790997379976,"pid":4609,"hostname":"runnervm8df0l","msg":"Transparency checkpoints using in-process interval fallback (REDIS_URL unset)"}
2026-10-03T03:16:20.0448957Z {"level":30,"time":1790997379977,"pid":4609,"hostname":"runnervm8df0l","msg":"Asset variant generation using in-process fallback (queue Redis URL unset)"}
2026-10-03T03:16:20.0451031Z {"level":30,"time":1790997379977,"pid":4609,"hostname":"runnervm8df0l","msg":"Conduct risk expiry using in-process interval fallback (REDIS_URL unset)"}
2026-10-03T03:16:20.0453083Z {"level":30,"time":1790997379978,"pid":4609,"hostname":"runnervm8df0l","msg":"Subscription expiry using in-process interval fallback (REDIS_URL unset)"}
2026-10-03T03:16:20.0455161Z {"level":30,"time":1790997379978,"pid":4609,"hostname":"runnervm8df0l","msg":"Federated avatar retry using in-process interval fallback (REDIS_URL unset)"}
2026-10-03T03:16:20.0457248Z {"level":30,"time":1790997379978,"pid":4609,"hostname":"runnervm8df0l","database":"connected","msg":"Server running on port 35205"}
2026-10-03T03:16:20.0459706Z {"level":50,"time":1790997379991,"pid":4609,"hostname":"runnervm8df0l","component":"transparencyCheckpoint","msg":"Transparency log cannot publish: OXY_PRIVATE_KEY is not configured and no checkpoint exists yet"}
2026-10-03T03:16:21.1655615Z PASS src/__tests__/bootGate.test.ts (13.38 s)
2026-10-03T03:16:21.5896281Z {"level":30,"time":1790997381488,"pid":4609,"hostname":"runnervm8df0l","maxPoolSize":8,"msg":"Connected to PostgreSQL successfully"}
2026-10-03T03:16:21.6424773Z PASS src/controllers/__tests__/subscription.controller.test.ts
2026-10-03T03:16:22.1047379Z {"level":30,"time":1790997381916,"pid":4609,"hostname":"runnervm8df0l","maxPoolSize":8,"msg":"Connected to PostgreSQL successfully"}
2026-10-03T03:16:22.1049155Z {"level":30,"time":1790997381939,"pid":4609,"hostname":"runnervm8df0l","fileId":"01a0ffc3-4330-715f-9a98-b2bf8234dcb0","mime":"image/png","msg":"Queueing variant generation"}
2026-10-03T03:16:22.1050779Z PASS src/services/__tests__/assetService.dedupGuards.test.ts
2026-10-03T03:16:22.1052594Z {"level":30,"time":1790997381939,"pid":4609,"hostname":"runnervm8df0l","fileId":"01a0ffc3-4330-715f-9a98-b2bf8234dcb0","sha256":"c9bc872dadb8285f5380727b07b4b25bed9e60557faf71bbd1f08db196a7af08","size":24,"originalName":"avatar.png","msg":"File uploaded directly"}
2026-10-03T03:16:22.1054840Z {"level":30,"time":1790997381961,"pid":4609,"hostname":"runnervm8df0l","sha256":"4aba271715228baa958e2bc860d6ad625fd2fd6a4c751fa77f19fbe144e88805","fileId":"01a0ffc3-4339-74ae-826e-9aba9e2549b0","logLabel":"direct upload","msg":"File already exists for this owner, returning it"}
2026-10-03T03:16:22.4480200Z {"level":30,"time":1790997382347,"pid":4609,"hostname":"runnervm8df0l","maxPoolSize":8,"msg":"Connected to PostgreSQL successfully"}
2026-10-03T03:16:22.6885796Z PASS src/services/__tests__/user.service.getMutualUserIds.test.ts
2026-10-03T03:16:23.2079177Z PASS src/routes/__tests__/authIdentifierLookup.test.ts
2026-10-03T03:16:23.6862606Z PASS src/routes/__tests__/assetServiceLookupLimiterMounted.test.ts
2026-10-03T03:16:24.0013199Z {"level":30,"time":1790997383885,"pid":4609,"hostname":"runnervm8df0l","maxPoolSize":8,"msg":"Connected to PostgreSQL successfully"}
2026-10-03T03:16:24.0014950Z {"level":30,"time":1790997383899,"pid":4609,"hostname":"runnervm8df0l","reason":"bounce_permanent","source":"ses","scoped":false,"msg":"Email address suppressed"}
2026-10-03T03:16:24.0016903Z {"level":30,"time":1790997383912,"pid":4609,"hostname":"runnervm8df0l","reason":"complaint","source":"ses","scoped":true,"msg":"Email address suppressed"}
2026-10-03T03:16:24.0018592Z {"level":30,"time":1790997383922,"pid":4609,"hostname":"runnervm8df0l","reason":"bounce_transient","source":"ses","scoped":false,"msg":"Email address suppressed"}
2026-10-03T03:16:24.0020297Z {"level":30,"time":1790997383931,"pid":4609,"hostname":"runnervm8df0l","reason":"bounce_transient","source":"ses","scoped":false,"msg":"Email address suppressed"}
2026-10-03T03:16:24.0022023Z {"level":30,"time":1790997383933,"pid":4609,"hostname":"runnervm8df0l","reason":"bounce_permanent","source":"ses","scoped":false,"msg":"Email address suppressed"}
2026-10-03T03:16:24.0023777Z {"level":30,"time":1790997383939,"pid":4609,"hostname":"runnervm8df0l","reason":"bounce_permanent","source":"ses","scoped":false,"msg":"Email address suppressed"}
2026-10-03T03:16:24.0025795Z {"level":30,"time":1790997383948,"pid":4609,"hostname":"runnervm8df0l","reason":"bounce_permanent","source":"ses","scoped":false,"msg":"Email address suppressed"}
2026-10-03T03:16:24.0027912Z {"level":30,"time":1790997383956,"pid":4609,"hostname":"runnervm8df0l","reason":"bounce_permanent","source":"ses","scoped":false,"msg":"Email address suppressed"}
2026-10-03T03:16:24.0137432Z PASS src/services/__tests__/emailSuppression.service.test.ts
2026-10-03T03:16:27.0041754Z {"level":30,"time":1790997386040,"pid":4609,"hostname":"runnervm8df0l","maxPoolSize":8,"msg":"Connected to PostgreSQL successfully"}
2026-10-03T03:16:27.0043027Z {"level":30,"time":1790997386255,"pid":4609,"hostname":"runnervm8df0l","binaryPath":"/usr/bin/ffmpeg","msg":"[VariantService] Using system ffmpeg"}
2026-10-03T03:16:27.0044275Z {"level":30,"time":1790997386272,"pid":4609,"hostname":"runnervm8df0l","binaryPath":"/usr/bin/ffprobe","msg":"[VariantService] Using system ffprobe"}
2026-10-03T03:16:27.0045743Z {"level":30,"time":1790997386272,"pid":4609,"hostname":"runnervm8df0l","ffmpegPath":"/usr/bin/ffmpeg","msg":"[VariantService] Resolved FFmpeg path"}
2026-10-03T03:16:27.0046982Z {"level":30,"time":1790997386272,"pid":4609,"hostname":"runnervm8df0l","ffprobePath":"/usr/bin/ffprobe","msg":"[VariantService] Resolved FFprobe path"}
2026-10-03T03:16:27.0048545Z {"level":30,"time":1790997386272,"pid":4609,"hostname":"runnervm8df0l","ffmpegPath":"/usr/bin/ffmpeg","ffprobePath":"/usr/bin/ffprobe","ffmpegExists":true,"ffprobeExists":true,"msg":"FFmpeg/FFprobe paths initialized"}
2026-10-03T03:16:27.0051425Z {"level":40,"time":1790997386992,"pid":4609,"hostname":"runnervm8df0l","component":"env","placeholder":"dev-only-device-id-salt-do-not-use-in-prod","msg":"DEVICE_ID_SALT is unset — using a development-only placeholder. Set DEVICE_ID_SALT to a strong random value (≥32 chars) before deploying. Generate one with: openssl rand -base64 48"}
2026-10-03T03:16:27.0054003Z {"level":40,"time":1790997386993,"pid":4609,"hostname":"runnervm8df0l","kid":"dev-ephemeral-f91843721abb","msg":"[ServiceToken] no signing key configured; minting with a per-process ephemeral Ed25519 key"}
2026-10-03T03:16:27.0056886Z {"level":30,"time":1790997386993,"pid":4609,"hostname":"runnervm8df0l","NODE_ENV":"test","PORT":"4100","AWS_REGION":"us-east-1","AWS_S3_BUCKET":"test-bucket","AWS_ENDPOINT_URL":"default","ASSET_CDN_URL":"https://cloud.oxy.so","DATABASE_URL":"***127.0.0.1:5432/oxy_test_834ea65e61ed9592","msg":"Environment configuration validated"}
2026-10-03T03:16:28.2151365Z {"level":50,"time":1790997387171,"pid":4609,"hostname":"runnervm8df0l","err":{"type":"Object","message":"database \"oxy_test_834ea65e61ed9592\" does not exist","stack":"PostgresError: database \"oxy_test_834ea65e61ed9592\" does not exist\n    at ErrorResponse (/home/runner/work/oxy/oxy/node_modules/.bun/postgres@3.4.9/node_modules/postgres/cjs/src/connection.js:817:22)\n    at handle (/home/runner/work/oxy/oxy/node_modules/.bun/postgres@3.4.9/node_modules/postgres/cjs/src/connection.js:489:6)\n    at Socket.data (/home/runner/work/oxy/oxy/node_modules/.bun/postgres@3.4.9/node_modules/postgres/cjs/src/connection.js:324:9)\n    at Socket.emit (node:events:514:28)\n    at addChunk (node:internal/streams/readable:568:12)\n    at readableAddChunkPushByteMode (node:internal/streams/readable:519:3)\n    at Socket.Readable.push (node:internal/streams/readable:399:5)\n    at TCP.onStreamRead (node:internal/stream_base_commons:189:23)\n    at cachedError (/home/runner/work/oxy/oxy/node_modules/.bun/postgres@3.4.9/node_modules/postgres/cjs/src/query.js:170:23)\n    at new Query (/home/runner/work/oxy/oxy/node_modules/.bun/postgres@3.4.9/node_modules/postgres/cjs/src/query.js:36:24)\n    at sql (/home/runner/work/oxy/oxy/node_modules/.bun/postgres@3.4.9/node_modules/postgres/cjs/src/index.js:112:11)\n    at /home/runner/work/oxy/oxy/packages/api/src/config/postgres.ts:150:25","name":"PostgresError"},"msg":"Postgres health check failed:"}
2026-10-03T03:16:28.2160883Z PASS src/__tests__/healthGate.test.ts
2026-10-03T03:16:28.2173274Z {"level":50,"time":1790997387179,"pid":4609,"hostname":"runnervm8df0l","err":{"type":"Object","message":"database \"oxy_test_834ea65e61ed9592\" does not exist","stack":"PostgresError: database \"oxy_test_834ea65e61ed9592\" does not exist\n    at ErrorResponse (/home/runner/work/oxy/oxy/node_modules/.bun/postgres@3.4.9/node_modules/postgres/cjs/src/connection.js:817:22)\n    at handle (/home/runner/work/oxy/oxy/node_modules/.bun/postgres@3.4.9/node_modules/postgres/cjs/src/connection.js:489:6)\n    at Socket.data (/home/runner/work/oxy/oxy/node_modules/.bun/postgres@3.4.9/node_modules/postgres/cjs/src/connection.js:324:9)\n    at Socket.emit (node:events:514:28)\n    at addChunk (node:internal/streams/readable:568:12)\n    at readableAddChunkPushByteMode (node:internal/streams/readable:519:3)\n    at Socket.Readable.push (node:internal/streams/readable:399:5)\n    at TCP.onStreamRead (node:internal/stream_base_commons:189:23)\n    at cachedError (/home/runner/work/oxy/oxy/node_modules/.bun/postgres@3.4.9/node_modules/postgres/cjs/src/query.js:170:23)\n    at new Query (/home/runner/work/oxy/oxy/node_modules/.bun/postgres@3.4.9/node_modules/postgres/cjs/src/query.js:36:24)\n    at sql (/home/runner/work/oxy/oxy/node_modules/.bun/postgres@3.4.9/node_modules/postgres/cjs/src/index.js:112:11)\n    at /home/runner/work/oxy/oxy/packages/api/src/config/postgres.ts:150:25","name":"PostgresError"},"msg":"Postgres health check failed:"}
2026-10-03T03:16:28.2243211Z   ● Console
2026-10-03T03:16:28.2243451Z 
2026-10-03T03:16:28.2243608Z     console.log
2026-10-03T03:16:28.2243961Z       {
2026-10-03T03:16:28.2244349Z         severity_local: 'NOTICE',
2026-10-03T03:16:28.2245096Z         severity: 'NOTICE',
2026-10-03T03:16:28.2245757Z         code: '00000',
2026-10-03T03:16:28.2246428Z         message: 'database "oxy_test_834ea65e61ed9592" does not exist, skipping',
2026-10-03T03:16:28.2247077Z         file: 'dbcommands.c',
2026-10-03T03:16:28.2247487Z         line: '1671',
2026-10-03T03:16:28.2247860Z         routine: 'dropdb'
2026-10-03T03:16:28.2248239Z       }
2026-10-03T03:16:28.2248416Z 
2026-10-03T03:16:28.2249126Z       at NoticeResponse (../../node_modules/.bun/postgres@3.4.9/node_modules/postgres/cjs/src/connection.js:918:17)
2026-10-03T03:16:28.2249802Z 
2026-10-03T03:16:29.5659680Z {"level":30,"time":1790997389411,"pid":4609,"hostname":"runnervm8df0l","maxPoolSize":8,"msg":"Connected to PostgreSQL successfully"}
2026-10-03T03:16:29.7869080Z PASS src/services/__tests__/user.service.getFollowingStatuses.test.ts
2026-10-03T03:16:30.0672769Z PASS src/routes/__tests__/chainHead.test.ts
2026-10-03T03:16:30.2703679Z PASS src/schemas/__tests__/account.schemas.test.ts
2026-10-03T03:16:31.4129906Z {"level":30,"time":1790997390454,"pid":4609,"hostname":"runnervm8df0l","maxPoolSize":8,"msg":"Connected to PostgreSQL successfully"}
2026-10-03T03:16:31.4131545Z {"level":30,"time":1790997390668,"pid":4609,"hostname":"runnervm8df0l","binaryPath":"/usr/bin/ffmpeg","msg":"[VariantService] Using system ffmpeg"}
2026-10-03T03:16:31.4132734Z {"level":30,"time":1790997390685,"pid":4609,"hostname":"runnervm8df0l","binaryPath":"/usr/bin/ffprobe","msg":"[VariantService] Using system ffprobe"}
2026-10-03T03:16:31.4133851Z {"level":30,"time":1790997390685,"pid":4609,"hostname":"runnervm8df0l","ffmpegPath":"/usr/bin/ffmpeg","msg":"[VariantService] Resolved FFmpeg path"}
2026-10-03T03:16:31.4135048Z {"level":30,"time":1790997390685,"pid":4609,"hostname":"runnervm8df0l","ffprobePath":"/usr/bin/ffprobe","msg":"[VariantService] Resolved FFprobe path"}
2026-10-03T03:16:31.4136842Z {"level":30,"time":1790997390685,"pid":4609,"hostname":"runnervm8df0l","ffmpegPath":"/usr/bin/ffmpeg","ffprobePath":"/usr/bin/ffprobe","ffmpegExists":true,"ffprobeExists":true,"msg":"FFmpeg/FFprobe paths initialized"}
2026-10-03T03:16:31.4139514Z {"level":40,"time":1790997391400,"pid":4609,"hostname":"runnervm8df0l","component":"env","placeholder":"dev-only-device-id-salt-do-not-use-in-prod","msg":"DEVICE_ID_SALT is unset — using a development-only placeholder. Set DEVICE_ID_SALT to a strong random value (≥32 chars) before deploying. Generate one with: openssl rand -base64 48"}
2026-10-03T03:16:31.4141570Z {"level":40,"time":1790997391401,"pid":4609,"hostname":"runnervm8df0l","kid":"dev-ephemeral-c1a8a6ccbc3b","msg":"[ServiceToken] no signing key configured; minting with a per-process ephemeral Ed25519 key"}
2026-10-03T03:16:31.4143892Z {"level":30,"time":1790997391401,"pid":4609,"hostname":"runnervm8df0l","NODE_ENV":"test","PORT":"4100","AWS_REGION":"us-east-1","AWS_S3_BUCKET":"test-bucket","AWS_ENDPOINT_URL":"default","ASSET_CDN_URL":"https://cloud.oxy.so","DATABASE_URL":"***127.0.0.1:5432/oxy_test_624397dad78b1636","msg":"Environment configuration validated"}
2026-10-03T03:16:32.4635532Z {"level":40,"time":1790997391418,"pid":4609,"hostname":"runnervm8df0l","requestId":"ebdc2cf0-139a-4fe6-8489-8db927a48d85","reason":"no_bearer","path":"/chat/completions","msg":"inference.edge.unauthenticated"}
2026-10-03T03:16:32.4637218Z PASS src/routes/__tests__/inferenceEdgeMount.test.ts
2026-10-03T03:16:32.4639047Z {"level":40,"time":1790997391425,"pid":4609,"hostname":"runnervm8df0l","requestId":"fca7aa7e-b349-46c1-9772-953bc99b58b3","reason":"no_bearer","path":"/responses","msg":"inference.edge.unauthenticated"}
2026-10-03T03:16:32.4641852Z {"level":40,"time":1790997391427,"pid":4609,"hostname":"runnervm8df0l","requestId":"13892cc4-c36a-43fa-876f-3d46c2f06057","reason":"no_bearer","path":"/generations/anything","msg":"inference.edge.unauthenticated"}
2026-10-03T03:16:32.9404077Z {"level":30,"time":1790997392833,"pid":4609,"hostname":"runnervm8df0l","maxPoolSize":8,"msg":"Connected to PostgreSQL successfully"}
2026-10-03T03:16:32.9520371Z PASS src/db/schema/__tests__/agencyPayloadBounds.test.ts
2026-10-03T03:16:33.0776722Z PASS src/middleware/__tests__/idpServiceRateLimit.test.ts
2026-10-03T03:16:33.1729245Z PASS src/controllers/__tests__/emailProxy.controller.test.ts
2026-10-03T03:16:33.9419664Z PASS src/db/schema/__tests__/foreignKeys.test.ts
2026-10-03T03:16:34.0739517Z PASS src/capabilities/__tests__/inbox.catalog.test.ts
2026-10-03T03:16:34.2939714Z PASS src/config/__tests__/chainCollectionPolicy.test.ts
2026-10-03T03:16:34.4868385Z PASS src/services/__tests__/inferenceRoutingReadiness.test.ts
2026-10-03T03:16:34.5589279Z PASS src/queue/__tests__/transparencyCheckpoint.queue.test.ts
2026-10-03T03:16:34.6531846Z PASS src/services/__tests__/productBillingCatalogue.test.ts
2026-10-03T03:16:34.9767358Z {"level":30,"time":1790997394875,"pid":4609,"hostname":"runnervm8df0l","binaryPath":"/usr/bin/ffmpeg","msg":"[VariantService] Using system ffmpeg"}
2026-10-03T03:16:34.9769423Z {"level":30,"time":1790997394892,"pid":4609,"hostname":"runnervm8df0l","binaryPath":"/usr/bin/ffprobe","msg":"[VariantService] Using system ffprobe"}
2026-10-03T03:16:34.9771694Z {"level":30,"time":1790997394892,"pid":4609,"hostname":"runnervm8df0l","ffmpegPath":"/usr/bin/ffmpeg","msg":"[VariantService] Resolved FFmpeg path"}
2026-10-03T03:16:34.9773653Z {"level":30,"time":1790997394892,"pid":4609,"hostname":"runnervm8df0l","ffprobePath":"/usr/bin/ffprobe","msg":"[VariantService] Resolved FFprobe path"}
2026-10-03T03:16:34.9776492Z {"level":30,"time":1790997394892,"pid":4609,"hostname":"runnervm8df0l","ffmpegPath":"/usr/bin/ffmpeg","ffprobePath":"/usr/bin/ffprobe","ffmpegExists":true,"ffprobeExists":true,"msg":"FFmpeg/FFprobe paths initialized"}
2026-10-03T03:16:34.9789776Z {"level":50,"time":1790997394973,"pid":4609,"hostname":"runnervm8df0l","err":{"type":"Object","message":"PostgreSQL is not connected. Call connectPostgres() during startup before issuing queries.","stack":"ConfigurationError: PostgreSQL is not connected. Call connectPostgres() during startup before issuing queries.\n    at getDb (/home/runner/work/oxy/oxy/packages/api/src/config/postgres.ts:118:11)\n    at /home/runner/work/oxy/oxy/packages/api/src/services/accountEventWebhook.worker.ts:117:19\n    at Generator.next (<anonymous>)\n    at /home/runner/work/oxy/oxy/packages/api/src/services/accountEventWebhook.worker.ts:3448:40\n    at new Promise (<anonymous>)\n    at __awaiter (/home/runner/work/oxy/oxy/packages/api/src/services/accountEventWebhook.worker.ts:3397:10)\n    at runAccountEventWebhookBatch (/home/runner/work/oxy/oxy/packages/api/src/services/accountEventWebhook.worker.ts:3606:10)\n    at runAccountEventWebhookBatch (/home/runner/work/oxy/oxy/packages/api/src/services/accountEventWebhook.worker.ts:260:11)\n    at Generator.next (<anonymous>)\n    at /home/runner/work/oxy/oxy/packages/api/src/services/accountEventWebhook.worker.ts:3448:40\n    at new Promise (<anonymous>)\n    at __awaiter (/home/runner/work/oxy/oxy/packages/api/src/services/accountEventWebhook.worker.ts:3397:10)\n    at tick (/home/runner/work/oxy/oxy/packages/api/src/services/accountEventWebhook.worker.ts:3955:10)\n    at Timeout.tick [as _onTimeout] (/home/runner/work/oxy/oxy/packages/api/src/services/accountEventWebhook.worker.ts:288:34)\n    at listOnTimeout (node:internal/timers:685:17)\n    at processTimers (node:internal/timers:618:7)","name":"ConfigurationError"},"msg":"[AccountEventWebhook] Batch failed"}
2026-10-03T03:16:35.1115997Z {"level":30,"time":1790997395011,"pid":4609,"hostname":"runnervm8df0l","maxPoolSize":8,"msg":"Connected to PostgreSQL successfully"}
2026-10-03T03:16:35.6625099Z PASS src/__tests__/reconciliationIdempotence.test.ts
2026-10-03T03:16:35.8549414Z PASS src/__tests__/openapiBaseYaml.test.ts
2026-10-03T03:16:35.9188717Z PASS src/utils/__tests__/username.test.ts
2026-10-03T03:16:36.0244658Z PASS src/services/__tests__/providerCredentialLeak.test.ts
2026-10-03T03:16:36.3230065Z PASS src/services/__tests__/formatUserResponse.fediverse.test.ts
2026-10-03T03:16:36.3762675Z PASS src/services/__tests__/cardExtraction.disabled.test.ts
2026-10-03T03:16:36.4109537Z PASS src/utils/__tests__/performanceMonitor.test.ts
2026-10-03T03:16:39.3618482Z 
2026-10-03T03:16:39.3619334Z =============================== Coverage summary ===============================
2026-10-03T03:16:39.3620169Z Statements   : 37.7% ( 17357/46033 )
2026-10-03T03:16:39.3620535Z Branches     : 17.73% ( 6198/34955 )
2026-10-03T03:16:39.3620879Z Functions    : 31.67% ( 2412/7614 )
2026-10-03T03:16:39.3621200Z Lines        : 39.42% ( 16782/42572 )
2026-10-03T03:16:39.3621617Z ================================================================================
2026-10-03T03:16:39.3627672Z 
2026-10-03T03:16:39.3629492Z Summary of all failing tests
2026-10-03T03:16:39.3632270Z FAIL src/services/__tests__/workloadIdentity.db.test.ts
2026-10-03T03:16:39.3634397Z   ● workload-identity mint › mints a service token for a bound, official application
2026-10-03T03:16:39.3635037Z 
2026-10-03T03:16:39.3635590Z     expect(received).toBe(expected) // Object.is equality
2026-10-03T03:16:39.3636063Z 
2026-10-03T03:16:39.3636222Z     Expected: 3600
2026-10-03T03:16:39.3637265Z     Received: 300
2026-10-03T03:16:39.3637498Z 
2026-10-03T03:16:39.3638280Z     [0m [90m 183 |[39m
2026-10-03T03:16:39.3642854Z      [90m 184 |[39m     expect(grant[33m.[39mappName)[33m.[39mtoBe(application[33m.[39mname)[33m;[39m
2026-10-03T03:16:39.3646008Z     [31m[1m>[22m[39m[90m 185 |[39m     expect(grant[33m.[39mexpiresIn)[33m.[39mtoBe([35m3600[39m)[33m;[39m
2026-10-03T03:16:39.3647644Z      [90m     |[39m                             [31m[1m^[22m[39m
2026-10-03T03:16:39.3652633Z      [90m 186 |[39m     [36mconst[39m verified [33m=[39m verifyServiceToken(grant[33m.[39mtoken)[33m;[39m
2026-10-03T03:16:39.3654645Z      [90m 187 |[39m     expect(verified[33m.[39mok)[33m.[39mtoBe([36mtrue[39m)[33m;[39m
2026-10-03T03:16:39.3666602Z      [90m 188 |[39m     [36mif[39m ([33m![39mverified[33m.[39mok) [36mreturn[39m[33m;[39m[0m
2026-10-03T03:16:39.3667342Z 
2026-10-03T03:16:39.3667924Z       at src/services/__tests__/workloadIdentity.db.test.ts:185:29
2026-10-03T03:16:39.3668979Z       at fulfilled (src/services/__tests__/workloadIdentity.db.test.ts:31:58)
2026-10-03T03:16:39.3669736Z 
2026-10-03T03:16:39.3669912Z 
2026-10-03T03:16:39.3671636Z Test Suites: 1 failed, 88 passed, 89 total
2026-10-03T03:16:39.3672294Z Tests:       1 failed, 1343 passed, 1344 total
2026-10-03T03:16:39.3672827Z Snapshots:   0 total
2026-10-03T03:16:39.3673223Z Time:        93.086 s
2026-10-03T03:16:39.3673631Z Ran all test suites.
2026-10-03T03:16:39.3761877Z {"level":40,"time":1790997396400,"pid":4609,"hostname":"runnervm8df0l","msg":"Slow operation detected: GET /items/:id took 1001ms"}
2026-10-03T03:16:39.3763503Z {"level":40,"time":1790997396400,"pid":4609,"hostname":"runnervm8df0l","msg":"Slow operation detected: GET /items/:id took 1002ms"}
2026-10-03T03:16:39.3764741Z {"level":40,"time":1790997396400,"pid":4609,"hostname":"runnervm8df0l","msg":"Slow operation detected: GET /items/:id took 1003ms"}
2026-10-03T03:16:39.3766229Z {"level":40,"time":1790997396400,"pid":4609,"hostname":"runnervm8df0l","msg":"Slow operation detected: GET /items/:id took 1004ms"}
2026-10-03T03:16:39.3767449Z {"level":40,"time":1790997396401,"pid":4609,"hostname":"runnervm8df0l","msg":"Slow operation detected: GET /items/:id took 1005ms"}
2026-10-03T03:16:39.3768566Z {"level":40,"time":1790997396401,"pid":4609,"hostname":"runnervm8df0l","msg":"Slow operation detected: GET /items/:id took 1006ms"}
2026-10-03T03:16:39.3769536Z {"level":40,"time":1790997396401,"pid":4609,"hostname":"runnervm8df0l","msg":"Slow operation detected: GET /items/:id took 1007ms"}
2026-10-03T03:16:39.3770841Z {"level":40,"time":1790997396401,"pid":4609,"hostname":"runnervm8df0l","msg":"Slow operation detected: GET /items/:id took 1008ms"}
2026-10-03T03:16:39.3772346Z {"level":40,"time":1790997396401,"pid":4609,"hostname":"runnervm8df0l","msg":"Slow operation detected: GET /items/:id took 1009ms"}
2026-10-03T03:16:40.5306698Z Test results written to: coverage/shard-5/jest-results.json
2026-10-03T03:16:40.9741849Z error: script "test:coverage" exited with code 1
2026-10-03T03:16:40.9760572Z ##[error]Process completed with exit code 1.
2026-10-03T03:16:40.9887917Z Post job cleanup.
2026-10-03T03:16:41.0746019Z [command]/usr/bin/git version
2026-10-03T03:16:41.0790361Z git version 2.55.0
2026-10-03T03:16:41.0829029Z Temporarily overriding HOME='/home/runner/work/_temp/0dc15947-f4ec-4cb1-bfff-076d62b8a44a' before making global git config changes
2026-10-03T03:16:41.0830621Z Adding repository directory to the temporary git global config as a safe directory
2026-10-03T03:16:41.0832724Z [command]/usr/bin/git config --global --add safe.directory /home/runner/work/oxy/oxy
2026-10-03T03:16:41.0868764Z Removing SSH command configuration
2026-10-03T03:16:41.0875729Z [command]/usr/bin/git config --local --name-only --get-regexp core\.sshCommand
2026-10-03T03:16:41.0914889Z [command]/usr/bin/git submodule foreach --recursive sh -c "git config --local --name-only --get-regexp 'core\.sshCommand' && git config --local --unset-all 'core.sshCommand' || :"
2026-10-03T03:16:41.1168333Z Removing HTTP extra header
2026-10-03T03:16:41.1174082Z [command]/usr/bin/git config --local --name-only --get-regexp http\.https\:\/\/github\.com\/\.extraheader
2026-10-03T03:16:41.1221841Z [command]/usr/bin/git submodule foreach --recursive sh -c "git config --local --name-only --get-regexp 'http\.https\:\/\/github\.com\/\.extraheader' && git config --local --unset-all 'http.https://github.com/.extraheader' || :"
2026-10-03T03:16:41.1492780Z Removing includeIf entries pointing to credentials config files
2026-10-03T03:16:41.1499415Z [command]/usr/bin/git config --local --name-only --get-regexp ^includeIf\.gitdir:
2026-10-03T03:16:41.1533723Z includeif.gitdir:/home/runner/work/oxy/oxy/.git.path
2026-10-03T03:16:41.1534783Z includeif.gitdir:/home/runner/work/oxy/oxy/.git/worktrees/*.path
2026-10-03T03:16:41.1536226Z includeif.gitdir:/github/workspace/.git.path
2026-10-03T03:16:41.1537306Z includeif.gitdir:/github/workspace/.git/worktrees/*.path
2026-10-03T03:16:41.1544774Z [command]/usr/bin/git config --local --get-all includeif.gitdir:/home/runner/work/oxy/oxy/.git.path
2026-10-03T03:16:41.1578966Z /home/runner/work/_temp/git-credentials-a9c52216-254d-438d-80e5-d011c4187e79.config
2026-10-03T03:16:41.1583873Z [command]/usr/bin/git config --local --unset includeif.gitdir:/home/runner/work/oxy/oxy/.git.path \/home\/runner\/work\/_temp\/git\-credentials\-a9c52216\-254d\-438d\-80e5\-d011c4187e79\.config
2026-10-03T03:16:41.1637338Z [command]/usr/bin/git config --local --get-all includeif.gitdir:/home/runner/work/oxy/oxy/.git/worktrees/*.path
2026-10-03T03:16:41.1664668Z /home/runner/work/_temp/git-credentials-a9c52216-254d-438d-80e5-d011c4187e79.config
2026-10-03T03:16:41.1673688Z [command]/usr/bin/git config --local --unset includeif.gitdir:/home/runner/work/oxy/oxy/.git/worktrees/*.path \/home\/runner\/work\/_temp\/git\-credentials\-a9c52216\-254d\-438d\-80e5\-d011c4187e79\.config
2026-10-03T03:16:41.1712212Z [command]/usr/bin/git config --local --get-all includeif.gitdir:/github/workspace/.git.path
2026-10-03T03:16:41.1740093Z /github/runner_temp/git-credentials-a9c52216-254d-438d-80e5-d011c4187e79.config
2026-10-03T03:16:41.1748509Z [command]/usr/bin/git config --local --unset includeif.gitdir:/github/workspace/.git.path \/github\/runner_temp\/git\-credentials\-a9c52216\-254d\-438d\-80e5\-d011c4187e79\.config
2026-10-03T03:16:41.1796892Z [command]/usr/bin/git config --local --get-all includeif.gitdir:/github/workspace/.git/worktrees/*.path
2026-10-03T03:16:41.1822235Z /github/runner_temp/git-credentials-a9c52216-254d-438d-80e5-d011c4187e79.config
2026-10-03T03:16:41.1832766Z [command]/usr/bin/git config --local --unset includeif.gitdir:/github/workspace/.git/worktrees/*.path \/github\/runner_temp\/git\-credentials\-a9c52216\-254d\-438d\-80e5\-d011c4187e79\.config
2026-10-03T03:16:41.1875086Z [command]/usr/bin/git submodule foreach --recursive git config --local --show-origin --name-only --get-regexp remote.origin.url
2026-10-03T03:16:41.2123981Z Removing credentials config '/home/runner/work/_temp/git-credentials-a9c52216-254d-438d-80e5-d011c4187e79.config'
2026-10-03T03:16:41.2254820Z Print service container logs: 553f3de98fcf437bbaf8cea9e40dbc4f_postgispostgis1735_2ae91f
2026-10-03T03:16:41.2260025Z ##[command]/usr/bin/docker logs --details 612eef1bc7071a5be9bf4d8212432462aafdbf894db50d04758fc0b694cd6e7b
2026-10-03T03:16:41.2390597Z  initdb: warning: enabling "trust" authentication for local connections
2026-10-03T03:16:41.2391595Z  initdb: hint: You can change this by editing pg_hba.conf or using the option -A, or --auth-local and --auth-host, the next time you run initdb.
2026-10-03T03:16:41.2392422Z  The files belonging to this database system will be owned by user "postgres".
2026-10-03T03:16:41.2392896Z  This user must also own the server process.
2026-10-03T03:16:41.2393190Z  
2026-10-03T03:16:41.2393476Z  The database cluster will be initialized with locale "en_US.utf8".
2026-10-03T03:16:41.2393980Z  The default database encoding has accordingly been set to "UTF8".
2026-10-03T03:16:41.2394939Z  The default text search configuration will be set to "english".
2026-10-03T03:16:41.2396289Z  
2026-10-03T03:16:41.2396652Z  Data page checksums are disabled.
2026-10-03T03:16:41.2397428Z  
2026-10-03T03:16:41.2397959Z  fixing permissions on existing directory /var/lib/postgresql/data ... ok
2026-10-03T03:16:41.2398680Z  creating subdirectories ... ok
2026-10-03T03:16:41.2399244Z  selecting dynamic shared memory implementation ... posix
2026-10-03T03:16:41.2399890Z  selecting default "max_connections" ... 100
2026-10-03T03:16:41.2400446Z  selecting default "shared_buffers" ... 128MB
2026-10-03T03:16:41.2400988Z  selecting default time zone ... Etc/UTC
2026-10-03T03:16:41.2401493Z  creating configuration files ... ok
2026-10-03T03:16:41.2401988Z  running bootstrap script ... ok
2026-10-03T03:16:41.2402512Z  performing post-bootstrap initialization ... ok
2026-10-03T03:16:41.2403075Z  syncing data to disk ... ok
2026-10-03T03:16:41.2403497Z  
2026-10-03T03:16:41.2403804Z  
2026-10-03T03:16:41.2404220Z  Success. You can now start the database server using:
2026-10-03T03:16:41.2404763Z  
2026-10-03T03:16:41.2405430Z      pg_ctl -D /var/lib/postgresql/data -l logfile start
2026-10-03T03:16:41.2406000Z  
2026-10-03T03:16:41.2407173Z  waiting for server to start....2026-10-03 03:13:24.429 UTC [48] LOG:  starting PostgreSQL 17.5 (Debian 17.5-1.pgdg110+1) on x86_64-pc-linux-gnu, compiled by gcc (Debian 10.2.1-6) 10.2.1 20210110, 64-bit
2026-10-03T03:16:41.2408300Z  2026-10-03 03:13:24.429 UTC [48] LOG:  listening on Unix socket "/var/run/postgresql/.s.PGSQL.5432"
2026-10-03T03:16:41.2408935Z  2026-10-03 03:13:24.432 UTC [51] LOG:  database system was shut down at 2026-10-03 03:13:24 UTC
2026-10-03T03:16:41.2409478Z  2026-10-03 03:13:24.435 UTC [48] LOG:  database system is ready to accept connections
2026-10-03T03:16:41.2409860Z   done
2026-10-03T03:16:41.2410060Z  server started
2026-10-03T03:16:41.2410708Z  2026-10-03 03:13:26.106 UTC [1] LOG:  starting PostgreSQL 17.5 (Debian 17.5-1.pgdg110+1) on x86_64-pc-linux-gnu, compiled by gcc (Debian 10.2.1-6) 10.2.1 20210110, 64-bit
2026-10-03T03:16:41.2411471Z  2026-10-03 03:13:26.106 UTC [1] LOG:  listening on IPv4 address "0.0.0.0", port 5432
2026-10-03T03:16:41.2411952Z  2026-10-03 03:13:26.106 UTC [1] LOG:  listening on IPv6 address "::", port 5432
2026-10-03T03:16:41.2412474Z  2026-10-03 03:13:26.107 UTC [1] LOG:  listening on Unix socket "/var/run/postgresql/.s.PGSQL.5432"
2026-10-03T03:16:41.2413087Z  2026-10-03 03:13:26.110 UTC [72] LOG:  database system was shut down at 2026-10-03 03:13:25 UTC
2026-10-03T03:16:41.2413885Z  2026-10-03 03:13:26.114 UTC [1] LOG:  database system is ready to accept connections
2026-10-03T03:16:41.2414509Z  2026-10-03 03:15:34.349 UTC [198] ERROR:  new row for relation "wallets" violates check constraint "wallets_balance_check"
2026-10-03T03:16:41.2416041Z  2026-10-03 03:15:34.349 UTC [198] DETAIL:  Failing row contains (01a0ffc2-894b-72bc-b62f-3b543ffd5ab5, 01a0ffc2-8949-74b6-b6a1-d50c6173e388, -1.00000000, null, 2026-10-03 03:15:34.347+00, 2026-10-03 03:15:34.348+00).
2026-10-03T03:16:41.2418023Z  2026-10-03 03:15:34.349 UTC [198] STATEMENT:  update "wallets" set "balance" = "wallets"."balance" - 2.00000000, "updated_at" = $1 where "wallets"."user_id" = $2
2026-10-03T03:16:41.2419355Z  2026-10-03 03:15:34.354 UTC [198] ERROR:  duplicate key value violates unique constraint "wallets_user_id_key"
2026-10-03T03:16:41.2420041Z  2026-10-03 03:15:34.354 UTC [198] DETAIL:  Key (user_id)=(01a0ffc2-894f-71f2-b142-aebf963d46c9) already exists.
2026-10-03T03:16:41.2420953Z  2026-10-03 03:15:34.354 UTC [198] STATEMENT:  insert into "wallets" ("id", "user_id", "balance", "address", "created_at", "updated_at") values ($1, $2, default, default, default, default)
2026-10-03T03:16:41.2421935Z  2026-10-03 03:15:34.361 UTC [198] ERROR:  duplicate key value violates unique constraint "billing_transactions_subscription_period_key"
2026-10-03T03:16:41.2423076Z  2026-10-03 03:15:34.361 UTC [198] DETAIL:  Key (stripe_subscription_id, stripe_subscription_period_start, type)=(sub_b3cf1bbd-1ab8-4d27-8e30-0820ed072aa4, 2026-01-01 00:00:00+00, subscription_payment) already exists.
2026-10-03T03:16:41.2425382Z  2026-10-03 03:15:34.361 UTC [198] STATEMENT:  insert into "billing_transactions" ("id", "user_id", "stripe_customer_id", "stripe_payment_intent_id", "stripe_subscription_id", "stripe_subscription_period_start", "stripe_invoice_id", "type", "promotion_id", "amount_minor_units", "currency", "credits", "status", "description", "created_at", "updated_at") values ($1, $2, default, default, $3, $4, default, $5, default, $6, default, $7, $8, default, default, default)
2026-10-03T03:16:41.2427241Z  2026-10-03 03:15:34.403 UTC [198] ERROR:  duplicate key value violates unique constraint "user_credits_stripe_customer_id_key"
2026-10-03T03:16:41.2428020Z  2026-10-03 03:15:34.403 UTC [198] DETAIL:  Key (stripe_customer_id)=(cus_f65554b4-90be-450a-9d7a-4864b3c66ba9) already exists.
2026-10-03T03:16:41.2429376Z  2026-10-03 03:15:34.403 UTC [198] STATEMENT:  insert into "user_credits" ("user_id", "credits_free", "credits_free_limit", "credits_daily_refresh", "credits_last_refresh", "credits_paid", "stripe_customer_id", "created_at", "updated_at") values ($1, default, default, default, default, default, $2, default, default)
2026-10-03T03:16:41.2430985Z  2026-10-03 03:15:34.427 UTC [198] ERROR:  update or delete on table "users" violates foreign key constraint "wallets_user_id_users_id_fk" on table "wallets"
2026-10-03T03:16:41.2431885Z  2026-10-03 03:15:34.427 UTC [198] DETAIL:  Key (id)=(01a0ffc2-898f-7a99-b244-3ec05d1d12e3) is still referenced from table "wallets".
2026-10-03T03:16:41.2432563Z  2026-10-03 03:15:34.427 UTC [198] STATEMENT:  delete from "users" where "users"."id" = $1
2026-10-03T03:16:41.2433351Z  2026-10-03 03:15:34.434 UTC [198] ERROR:  update or delete on table "users" violates foreign key constraint "transactions_user_id_users_id_fk" on table "transactions"
2026-10-03T03:16:41.2434344Z  2026-10-03 03:15:34.434 UTC [198] DETAIL:  Key (id)=(01a0ffc2-899c-734d-8434-2f06a9566578) is still referenced from table "transactions".
2026-10-03T03:16:41.2435029Z  2026-10-03 03:15:34.434 UTC [198] STATEMENT:  delete from "users" where "users"."id" = $1
2026-10-03T03:16:41.2436038Z  2026-10-03 03:15:34.442 UTC [198] ERROR:  update or delete on table "users" violates foreign key constraint "transactions_recipient_id_users_id_fk" on table "transactions"
2026-10-03T03:16:41.2437003Z  2026-10-03 03:15:34.442 UTC [198] DETAIL:  Key (id)=(01a0ffc2-89a5-7c75-8ab6-5ce012cb6909) is still referenced from table "transactions".
2026-10-03T03:16:41.2437687Z  2026-10-03 03:15:34.442 UTC [198] STATEMENT:  delete from "users" where "users"."id" = $1
2026-10-03T03:16:41.2438522Z  2026-10-03 03:15:34.448 UTC [198] ERROR:  update or delete on table "users" violates foreign key constraint "billing_transactions_user_id_users_id_fk" on table "billing_transactions"
2026-10-03T03:16:41.2439733Z  2026-10-03 03:15:34.448 UTC [198] DETAIL:  Key (id)=(01a0ffc2-89ab-76a4-a33c-fbc0af890df4) is still referenced from table "billing_transactions".
2026-10-03T03:16:41.2440568Z  2026-10-03 03:15:34.448 UTC [198] STATEMENT:  delete from "users" where "users"."id" = $1
2026-10-03T03:16:41.2441240Z  2026-10-03 03:15:34.507 UTC [198] ERROR:  new row for relation "transactions" violates check constraint "transactions_type_check"
2026-10-03T03:16:41.2442472Z  2026-10-03 03:15:34.507 UTC [198] DETAIL:  Failing row contains (312f2631-a3d0-499a-a9d4-de82219b140c, 01a0ffc2-89e8-7fb5-97db-9f30904a0a40, chargeback, 1.00000000, pending, null, null, null, null, null, null, 2026-10-03 03:15:34.507+00, 2026-10-03 03:15:34.507+00).
2026-10-03T03:16:41.2443463Z  2026-10-03 03:15:34.507 UTC [198] STATEMENT:  
2026-10-03T03:16:41.2443817Z  	        insert into transactions (id, user_id, type, amount)
2026-10-03T03:16:41.2444161Z  	        values ($1, $2, 'chargeback', 1)
2026-10-03T03:16:41.2444429Z  	      
2026-10-03T03:16:41.2444946Z  2026-10-03 03:15:34.510 UTC [198] ERROR:  new row for relation "billing_transactions" violates check constraint "billing_transactions_type_check"
2026-10-03T03:16:41.2446475Z  2026-10-03 03:15:34.510 UTC [198] DETAIL:  Failing row contains (446d9b8d-61e5-4c49-8b5f-ae6da8607790, 01a0ffc2-89ec-767c-95a7-a0895adbc2fa, null, null, null, null, chargeback, 100, usd, 0, pending, null, 2026-10-03 03:15:34.51+00, 2026-10-03 03:15:34.51+00, null, null).
2026-10-03T03:16:41.2447487Z  2026-10-03 03:15:34.510 UTC [198] STATEMENT:  
2026-10-03T03:16:41.2447927Z  	        insert into billing_transactions (id, user_id, type, amount_minor_units, credits)
2026-10-03T03:16:41.2448378Z  	        values ($1, $2, 'chargeback', 100, 0)
2026-10-03T03:16:41.2448646Z  	      
2026-10-03T03:16:41.2449169Z  2026-10-03 03:15:34.519 UTC [198] ERROR:  new row for relation "billing_subscriptions" violates check constraint "billing_subscriptions_status_check"
2026-10-03T03:16:41.2450766Z  2026-10-03 03:15:34.519 UTC [198] DETAIL:  Failing row contains (a002f31c-cc50-4c79-b1fd-215da1a4a460, 01a0ffc2-89f4-78a0-81af-7cd9d61a79d7, cus_x, sub_65fcdbff-74a6-44c1-93e3-71e807b1e075, price_x, chargeback, 2026-10-03 03:15:34.519113+00, 2026-11-02 03:15:34.519113+00, f, Pro, 10000, 2999, usd, 2026-10-03 03:15:34.519+00, 2026-10-03 03:15:34.519+00, null).
2026-10-03T03:16:41.2452024Z  2026-10-03 03:15:34.519 UTC [198] STATEMENT:  
2026-10-03T03:16:41.2452320Z  	        insert into billing_subscriptions
2026-10-03T03:16:41.2452747Z  	          (id, user_id, stripe_customer_id, stripe_subscription_id, stripe_price_id, status,
2026-10-03T03:16:41.2453392Z  	           current_period_start, current_period_end, plan_name, plan_credits_per_month, plan_price_minor_units)
2026-10-03T03:16:41.2453941Z  	        values ($1, $2, 'cus_x', $3, 'price_x', 'chargeback',
2026-10-03T03:16:41.2454314Z  	                now(), now() + interval '30 days', 'Pro', 10000, 2999)
2026-10-03T03:16:41.2454629Z  	      
2026-10-03T03:16:41.2455100Z  2026-10-03 03:15:34.523 UTC [198] ERROR:  new row for relation "transactions" violates check constraint "transactions_amount_check"
2026-10-03T03:16:41.2456643Z  2026-10-03 03:15:34.523 UTC [198] DETAIL:  Failing row contains (01a0ffc2-89fa-78c2-ba66-e1871856206b, 01a0ffc2-89f8-7347-a470-6929bad27f3d, purchase, -1.00000000, pending, null, null, null, null, null, null, 2026-10-03 03:15:34.522+00, 2026-10-03 03:15:34.522+00).
2026-10-03T03:16:41.2458499Z  2026-10-03 03:15:34.523 UTC [198] STATEMENT:  insert into "transactions" ("id", "user_id", "type", "amount", "status", "description", "recipient_id", "item_id", "item_type", "external_reference", "completed_at", "created_at", "updated_at") values ($1, $2, $3, $4, default, default, default, default, default, default, default, default, default)
2026-10-03T03:16:41.2459887Z  2026-10-03 03:15:38.099 UTC [215] ERROR:  duplicate key value violates unique constraint "civic_nonces_nonce_hash_key"
2026-10-03T03:16:41.2460724Z  2026-10-03 03:15:38.099 UTC [215] DETAIL:  Key (nonce_hash)=(f275d7383bf22a89b981800dccb9c24c73f928dc9473bd7934c3565941ef74ba) already exists.
2026-10-03T03:16:41.2462009Z  2026-10-03 03:15:38.099 UTC [215] STATEMENT:  insert into "civic_nonces" ("id", "nonce_hash", "purpose", "subject_user_id", "expires_at", "created_at") values ($1, $2, $3, $4, $5, default)
2026-10-03T03:16:41.2462812Z  2026-10-03 03:15:38.513 UTC [218] ERROR:  unsupported Unicode escape sequence
2026-10-03T03:16:41.2463285Z  2026-10-03 03:15:38.513 UTC [218] DETAIL:  \u0000 cannot be converted to text.
2026-10-03T03:16:41.2463824Z  2026-10-03 03:15:38.513 UTC [218] CONTEXT:  JSON data, line 1: {"record":{"nul":"a\u0000...
2026-10-03T03:16:41.2464270Z  	unnamed portal parameter $3 = '...'
2026-10-03T03:16:41.2464568Z  2026-10-03 03:15:38.513 UTC [218] STATEMENT:  
2026-10-03T03:16:41.2465022Z  	        insert into signed_records (id, subject_did, user_id, type, envelope, public_key)
2026-10-03T03:16:41.2465709Z  	        values ($1, 'did:web:oxy.so:u:x', $2, 'identity',
2026-10-03T03:16:41.2466027Z  	                $3::jsonb, 'pk')
2026-10-03T03:16:41.2466273Z  	      
2026-10-03T03:16:41.2466710Z  2026-10-03 03:15:38.519 UTC [218] ERROR:  duplicate key value violates unique constraint "signed_records_user_id_seq_key"
2026-10-03T03:16:41.2467450Z  2026-10-03 03:15:38.519 UTC [218] DETAIL:  Key (user_id, seq)=(01a0ffc2-9993-7b19-af32-3720375fd14a, 0) already exists.
2026-10-03T03:16:41.2468606Z  2026-10-03 03:15:38.519 UTC [218] STATEMENT:  insert into "signed_records" ("id", "subject_did", "user_id", "type", "envelope", "public_key", "verified", "seq", "prev", "record_id", "nsid", "rkey", "created_at") values ($1, $2, $3, $4, $5, $6, default, $7, $8, $9, $10, $11, default)
2026-10-03T03:16:41.2469795Z  2026-10-03 03:15:38.534 UTC [219] ERROR:  duplicate key value violates unique constraint "signed_records_user_id_seq_key"
2026-10-03T03:16:41.2470522Z  2026-10-03 03:15:38.534 UTC [219] DETAIL:  Key (user_id, seq)=(01a0ffc2-9999-7a05-b68e-f206d2d6e70a, 7) already exists.
2026-10-03T03:16:41.2471675Z  2026-10-03 03:15:38.534 UTC [219] STATEMENT:  insert into "signed_records" ("id", "subject_did", "user_id", "type", "envelope", "public_key", "verified", "seq", "prev", "record_id", "nsid", "rkey", "created_at") values ($1, $2, $3, $4, $5, $6, default, $7, $8, $9, $10, $11, default)
2026-10-03T03:16:41.2472936Z  2026-10-03 03:15:38.545 UTC [219] ERROR:  new row for relation "signed_records" violates check constraint "signed_records_chain_completeness_check"
2026-10-03T03:16:41.2474467Z  2026-10-03 03:15:38.545 UTC [219] DETAIL:  Failing row contains (01a0ffc2-99b0-7881-a43d-84cab53de152, did:web:oxy.so:u:01a0ffc2-99ae-7a70-8753-89b591d2b467, 01a0ffc2-99ae-7a70-8753-89b591d2b467, identity, {"alg": "ES256K-DER-SHA256", "type": "identity", "issuer": "did:..., pk, f, 3, null, null, null, null, 2026-10-03 03:15:38.545+00).
2026-10-03T03:16:41.2476651Z  2026-10-03 03:15:38.545 UTC [219] STATEMENT:  insert into "signed_records" ("id", "subject_did", "user_id", "type", "envelope", "public_key", "verified", "seq", "prev", "record_id", "nsid", "rkey", "created_at") values ($1, $2, $3, $4, $5, $6, default, $7, default, default, default, default, default)
2026-10-03T03:16:41.2478049Z  2026-10-03 03:15:38.550 UTC [219] ERROR:  insert or update on table "signed_records" violates foreign key constraint "signed_records_prev_signed_records_record_id_fk"
2026-10-03T03:16:41.2479060Z  2026-10-03 03:15:38.550 UTC [219] DETAIL:  Key (prev)=(never-stored-082be6e4-78ee-4b4c-9d84-f7df2997baa1) is not present in table "signed_records".
2026-10-03T03:16:41.2480332Z  2026-10-03 03:15:38.550 UTC [219] STATEMENT:  insert into "signed_records" ("id", "subject_did", "user_id", "type", "envelope", "public_key", "verified", "seq", "prev", "record_id", "nsid", "rkey", "created_at") values ($1, $2, $3, $4, $5, $6, default, $7, $8, $9, $10, $11, default)
2026-10-03T03:16:41.2481542Z  2026-10-03 03:15:38.553 UTC [219] ERROR:  new row for relation "signed_records" violates check constraint "signed_records_type_check"
2026-10-03T03:16:41.2482980Z  2026-10-03 03:15:38.553 UTC [219] DETAIL:  Failing row contains (4e08a723-6be2-4464-b4d2-40d1e7741142, did:web:oxy.so:u:x, 01a0ffc2-99b7-7f0e-aa81-3a7c806413a5, app.syra.listen, {}, pk, f, null, null, null, null, null, 2026-10-03 03:15:38.553+00).
2026-10-03T03:16:41.2483916Z  2026-10-03 03:15:38.553 UTC [219] STATEMENT:  
2026-10-03T03:16:41.2484361Z  	        insert into signed_records (id, subject_did, user_id, type, envelope, public_key)
2026-10-03T03:16:41.2484888Z  	        values ($1, 'did:web:oxy.so:u:x', $2, 'app.syra.listen', '{}'::jsonb, 'pk')
2026-10-03T03:16:41.2485485Z  	      
2026-10-03T03:16:41.2486081Z  2026-10-03 03:15:38.558 UTC [219] ERROR:  insert or update on table "repo_heads" violates foreign key constraint "repo_heads_head_record_id_signed_records_record_id_fk"
2026-10-03T03:16:41.2487108Z  2026-10-03 03:15:38.558 UTC [219] DETAIL:  Key (head_record_id)=(ghost-fd08eacf-fefd-465f-a572-930f9cc4e88d) is not present in table "signed_records".
2026-10-03T03:16:41.2488250Z  2026-10-03 03:15:38.558 UTC [219] STATEMENT:  insert into "repo_heads" ("id", "user_id", "subject_did", "seq", "head_record_id", "record_count", "created_at", "updated_at") values ($1, $2, $3, $4, $5, $6, default, default)
2026-10-03T03:16:41.2489272Z  2026-10-03 03:15:38.566 UTC [219] ERROR:  duplicate key value violates unique constraint "repo_heads_userId_unique"
2026-10-03T03:16:41.2489958Z  2026-10-03 03:15:38.566 UTC [219] DETAIL:  Key (user_id)=(01a0ffc2-99bf-7473-add3-cfc36a853d05) already exists.
2026-10-03T03:16:41.2490930Z  2026-10-03 03:15:38.566 UTC [219] STATEMENT:  insert into "repo_heads" ("id", "user_id", "subject_did", "seq", "head_record_id", "record_count", "created_at", "updated_at") values ($1, $2, $3, $4, $5, $6, default, default)
2026-10-03T03:16:41.2491926Z  2026-10-03 03:15:52.567 UTC [258] ERROR:  duplicate key value violates unique constraint "app_listings_slug_unique"
2026-10-03T03:16:41.2492525Z  2026-10-03 03:15:52.567 UTC [258] DETAIL:  Key (slug)=(slug-c219cf36) already exists.
2026-10-03T03:16:41.2494185Z  2026-10-03 03:15:52.567 UTC [258] STATEMENT:  insert into "app_listings" ("id", "application_id", "slug", "tagline", "description", "category_id", "support_url", "support_email", "status", "published_at", "created_at", "updated_at") values ($1, $2, $3, $4, $5, $6, $7, $8, default, default, default, default) on conflict ("application_id") do update set "slug" = $9, "tagline" = $10, "description" = $11, "category_id" = $12, "support_url" = $13, "support_email" = $14, "updated_at" = $15
2026-10-03T03:16:41.2496254Z  2026-10-03 03:15:52.821 UTC [258] ERROR:  duplicate key value violates unique constraint "app_categories_slug_unique"
2026-10-03T03:16:41.2496884Z  2026-10-03 03:15:52.821 UTC [258] DETAIL:  Key (slug)=(cat-78ee9555) already exists.
2026-10-03T03:16:41.2497848Z  2026-10-03 03:15:52.821 UTC [258] STATEMENT:  insert into "app_categories" ("id", "slug", "label", "description", "order", "created_at", "updated_at") values ($1, $2, $3, $4, $5, default, default) returning "slug", "label", "description", "order"
2026-10-03T03:16:41.2499108Z  2026-10-03 03:16:01.253 UTC [285] ERROR:  insert or update on table "app_affinity_edges" violates foreign key constraint "app_affinity_edges_from_user_id_users_id_fk"
2026-10-03T03:16:41.2499970Z  2026-10-03 03:16:01.253 UTC [285] DETAIL:  Key (from_user_id)=(no-such-user) is not present in table "users".
2026-10-03T03:16:41.2501652Z  2026-10-03 03:16:01.253 UTC [285] STATEMENT:  insert into "app_affinity_edges" ("id", "application_id", "from_user_id", "to_user_id", "affinity", "last_event_at", "event_count", "created_at", "updated_at") values ($1, $2, $3, $4, $5, $6, $7, default, default) on conflict ("application_id","from_user_id","to_user_id") do update set "affinity" = $8, "last_event_at" = $9, "event_count" = "app_affinity_edges"."event_count" + 1, "updated_at" = $10 returning xmax = 0
2026-10-03T03:16:41.2503312Z  2026-10-03 03:16:05.392 UTC [304] ERROR:  relation "account_members" does not exist at character 185
2026-10-03T03:16:41.2504995Z  2026-10-03 03:16:05.392 UTC [304] STATEMENT:  select "id", "account_id", "member_user_id", "role", "permission_grants", "permission_revokes", "inherit", "status", "invited_by_user_id", "joined_at", "created_at", "updated_at" from "account_members" where ("account_members"."member_user_id" = $1 and "account_members"."account_id" in ($2) and "account_members"."status" = $3)
2026-10-03T03:16:41.2506717Z  2026-10-03 03:16:05.411 UTC [304] ERROR:  relation "account_members" does not exist at character 185
2026-10-03T03:16:41.2508154Z  2026-10-03 03:16:05.411 UTC [304] STATEMENT:  select "id", "account_id", "member_user_id", "role", "permission_grants", "permission_revokes", "inherit", "status", "invited_by_user_id", "joined_at", "created_at", "updated_at" from "account_members" where ("account_members"."member_user_id" = $1 and "account_members"."account_id" in ($2) and "account_members"."status" = $3)
2026-10-03T03:16:41.2509579Z  2026-10-03 03:16:05.430 UTC [304] ERROR:  relation "account_members" does not exist at character 185
2026-10-03T03:16:41.2511015Z  2026-10-03 03:16:05.430 UTC [304] STATEMENT:  select "id", "account_id", "member_user_id", "role", "permission_grants", "permission_revokes", "inherit", "status", "invited_by_user_id", "joined_at", "created_at", "updated_at" from "account_members" where ("account_members"."member_user_id" = $1 and "account_members"."account_id" in ($2) and "account_members"."status" = $3)
2026-10-03T03:16:41.2512434Z  2026-10-03 03:16:05.448 UTC [304] ERROR:  relation "account_members" does not exist at character 185
2026-10-03T03:16:41.2513863Z  2026-10-03 03:16:05.448 UTC [304] STATEMENT:  select "id", "account_id", "member_user_id", "role", "permission_grants", "permission_revokes", "inherit", "status", "invited_by_user_id", "joined_at", "created_at", "updated_at" from "account_members" where ("account_members"."member_user_id" = $1 and "account_members"."account_id" in ($2) and "account_members"."status" = $3)
2026-10-03T03:16:41.2515457Z  2026-10-03 03:16:17.063 UTC [315] FATAL:  database "oxy_boot_gate_absent" does not exist
2026-10-03T03:16:41.2516005Z  2026-10-03 03:16:17.373 UTC [316] FATAL:  database "oxy_boot_gate_absent" does not exist
2026-10-03T03:16:41.2516519Z  2026-10-03 03:16:20.021 UTC [70] LOG:  checkpoint starting: immediate force wait
2026-10-03T03:16:41.2517648Z  2026-10-03 03:16:20.083 UTC [70] LOG:  checkpoint complete: wrote 4734 buffers (28.9%); 0 WAL file(s) added, 0 removed, 4 recycled; write=0.047 s, sync=0.012 s, total=0.063 s; sync files=1977, longest=0.001 s, average=0.001 s; distance=65854 kB, estimate=65854 kB; lsn=0/7726E58, redo lsn=0/7726E00
2026-10-03T03:16:41.2519033Z  2026-10-03 03:16:23.916 UTC [334] ERROR:  new row for relation "email_suppressions" violates check constraint "email_suppressions_complaint_is_scoped_check"
2026-10-03T03:16:41.2520338Z  2026-10-03 03:16:23.916 UTC [334] DETAIL:  Failing row contains (01a0ffc3-4aeb-7d36-add8-0ed4d7916d13, null, victim-48065b78aac9@example.com, complaint, ses, null, 2026-10-03 03:16:23.916241+00, null, 2026-10-03 03:16:23.916+00, 2026-10-03 03:16:23.916+00).
2026-10-03T03:16:41.2521929Z  2026-10-03 03:16:23.916 UTC [334] STATEMENT:  insert into "email_suppressions" ("id", "user_id", "address", "reason", "source", "diagnostic", "reported_at", "expires_at", "created_at", "updated_at") values ($1, $2, $3, $4, $5, default, default, default, default, default)
2026-10-03T03:16:41.2523007Z  2026-10-03 03:16:27.016 UTC [347] FATAL:  terminating connection due to administrator command
2026-10-03T03:16:41.2523530Z  2026-10-03 03:16:27.118 UTC [70] LOG:  checkpoint starting: immediate force wait
2026-10-03T03:16:41.2524634Z  2026-10-03 03:16:27.125 UTC [70] LOG:  checkpoint complete: wrote 432 buffers (2.6%); 0 WAL file(s) added, 0 removed, 2 recycled; write=0.004 s, sync=0.002 s, total=0.008 s; sync files=80, longest=0.001 s, average=0.001 s; distance=26970 kB, estimate=61965 kB; lsn=0/917D8C0, redo lsn=0/917D868
2026-10-03T03:16:41.2526004Z  2026-10-03 03:16:27.171 UTC [349] FATAL:  database "oxy_test_834ea65e61ed9592" does not exist
2026-10-03T03:16:41.2526691Z  2026-10-03 03:16:27.178 UTC [350] FATAL:  database "oxy_test_834ea65e61ed9592" does not exist
2026-10-03T03:16:41.2527337Z  2026-10-03 03:16:27.185 UTC [351] FATAL:  database "oxy_test_834ea65e61ed9592" does not exist
2026-10-03T03:16:41.2528077Z  2026-10-03 03:16:32.848 UTC [355] ERROR:  new row for relation "agency_limit_test" violates check constraint "delegation_limits_scalar_value_check"
2026-10-03T03:16:41.2529166Z  2026-10-03 03:16:32.848 UTC [355] DETAIL:  Failing row contains (370e8b5f-f81e-4872-9b2f-f5a93d4df449, grant-test, limit, "PRIVATE_PROMPT_MARKER", 2026-10-03 03:16:32.845781+00, searchEmails).
2026-10-03T03:16:41.2530016Z  2026-10-03 03:16:32.848 UTC [355] STATEMENT:  insert into agency_limit_test
2026-10-03T03:16:41.2530416Z  	      (id, grant_id, tool, key, value, created_at)
2026-10-03T03:16:41.2530803Z  	      values ($1, 'grant-test', 'searchEmails', 'limit', $2::jsonb, now())
2026-10-03T03:16:41.2531497Z  2026-10-03 03:16:32.852 UTC [355] ERROR:  new row for relation "agency_limit_test" violates check constraint "delegation_limits_scalar_value_check"
2026-10-03T03:16:41.2532571Z  2026-10-03 03:16:32.852 UTC [355] DETAIL:  Failing row contains (f535c6ef-6389-4c24-9ca3-176916ab77b8, grant-test, limit, ["private@example.test"], 2026-10-03 03:16:32.850153+00, searchEmails).
2026-10-03T03:16:41.2533407Z  2026-10-03 03:16:32.852 UTC [355] STATEMENT:  insert into agency_limit_test
2026-10-03T03:16:41.2533793Z  	      (id, grant_id, tool, key, value, created_at)
2026-10-03T03:16:41.2534210Z  	      values ($1, 'grant-test', 'searchEmails', 'limit', $2::jsonb, now())
2026-10-03T03:16:41.2534976Z  2026-10-03 03:16:32.865 UTC [355] ERROR:  new row for relation "agency_authorization_test" violates check constraint "capability_execution_authorizations_limits_check"
2026-10-03T03:16:41.2537250Z  2026-10-03 03:16:32.865 UTC [355] DETAIL:  Failing row contains (045c97b4-b6bf-4d29-b1f6-e1a749510777, direct_request, requester-test, owner-test, app-test, credential-test, alia, null, inbox, account-test, mailbox, mailbox-test, searchEmails, run-test, null, null, execute_on_request, [{"key": "q", "tool": "searchEmails", "value": "PRIVATE_PROMPT_M..., 2026-10-03 03:21:32.861595+00, null, 2026-10-03 03:16:32.861595+00, 2026-10-03 03:16:32.861595+00, null).
2026-10-03T03:16:41.2538941Z  2026-10-03 03:16:32.865 UTC [355] STATEMENT:  insert into agency_authorization_test (
2026-10-03T03:16:41.2539462Z  	      id, kind, requester_account_id, owner_account_id, coordinator_application_id,
2026-10-03T03:16:41.2539998Z  	      coordinator_credential_id, actor_type, resource_app, effective_account_id,
2026-10-03T03:16:41.2540493Z  	      resource_type, resource_key, tool, run_id, maximum_autonomy, limits,
2026-10-03T03:16:41.2540888Z  	      expires_at, created_at, updated_at
2026-10-03T03:16:41.2541155Z  	    ) values (
2026-10-03T03:16:41.2541443Z  	      $1, 'direct_request', 'requester-test', 'owner-test', 'app-test',
2026-10-03T03:16:41.2541928Z  	      'credential-test', 'alia', 'inbox', 'account-test', 'mailbox', 'mailbox-test',
2026-10-03T03:16:41.2542395Z  	      'searchEmails', 'run-test', 'execute_on_request', $2::jsonb,
2026-10-03T03:16:41.2542771Z  	      now() + interval '5 minutes', now(), now()
2026-10-03T03:16:41.2543049Z  	    )
2026-10-03T03:16:41.2543648Z  2026-10-03 03:16:32.871 UTC [355] ERROR:  new row for relation "agency_authorization_test" violates check constraint "capability_execution_authorizations_limits_check"
2026-10-03T03:16:41.2545819Z  2026-10-03 03:16:32.871 UTC [355] DETAIL:  Failing row contains (e18029c4-c5b7-4a05-91a2-223c8928cf8e, direct_request, requester-test, owner-test, app-test, credential-test, alia, null, inbox, account-test, mailbox, mailbox-test, searchEmails, run-test, null, null, execute_on_request, [{"key": "limit", "tool": "searchEmails", "value": 25, "prompt":..., 2026-10-03 03:21:32.867333+00, null, 2026-10-03 03:16:32.867333+00, 2026-10-03 03:16:32.867333+00, null).
2026-10-03T03:16:41.2547638Z  2026-10-03 03:16:32.871 UTC [355] STATEMENT:  insert into agency_authorization_test (
2026-10-03T03:16:41.2548174Z  	      id, kind, requester_account_id, owner_account_id, coordinator_application_id,
2026-10-03T03:16:41.2548811Z  	      coordinator_credential_id, actor_type, resource_app, effective_account_id,
2026-10-03T03:16:41.2549315Z  	      resource_type, resource_key, tool, run_id, maximum_autonomy, limits,
2026-10-03T03:16:41.2549703Z  	      expires_at, created_at, updated_at
2026-10-03T03:16:41.2549963Z  	    ) values (
2026-10-03T03:16:41.2550251Z  	      $1, 'direct_request', 'requester-test', 'owner-test', 'app-test',
2026-10-03T03:16:41.2550719Z  	      'credential-test', 'alia', 'inbox', 'account-test', 'mailbox', 'mailbox-test',
2026-10-03T03:16:41.2551186Z  	      'searchEmails', 'run-test', 'execute_on_request', $2::jsonb,
2026-10-03T03:16:41.2551553Z  	      now() + interval '5 minutes', now(), now()
2026-10-03T03:16:41.2551832Z  	    )
2026-10-03T03:16:41.2552423Z  2026-10-03 03:16:32.877 UTC [355] ERROR:  new row for relation "agency_authorization_test" violates check constraint "capability_execution_authorizations_limits_check"
2026-10-03T03:16:41.2554203Z  2026-10-03 03:16:32.877 UTC [355] DETAIL:  Failing row contains (b60c3a69-61ee-481e-90e2-07dad9bbfff6, direct_request, requester-test, owner-test, app-test, credential-test, alia, null, inbox, account-test, mailbox, mailbox-test, searchEmails, run-test, null, null, execute_on_request, [1], 2026-10-03 03:21:32.872975+00, null, 2026-10-03 03:16:32.872975+00, 2026-10-03 03:16:32.872975+00, null).
2026-10-03T03:16:41.2555956Z  2026-10-03 03:16:32.877 UTC [355] STATEMENT:  insert into agency_authorization_test (
2026-10-03T03:16:41.2556476Z  	      id, kind, requester_account_id, owner_account_id, coordinator_application_id,
2026-10-03T03:16:41.2556998Z  	      coordinator_credential_id, actor_type, resource_app, effective_account_id,
2026-10-03T03:16:41.2557501Z  	      resource_type, resource_key, tool, run_id, maximum_autonomy, limits,
2026-10-03T03:16:41.2557895Z  	      expires_at, created_at, updated_at
2026-10-03T03:16:41.2558161Z  	    ) values (
2026-10-03T03:16:41.2558442Z  	      $1, 'direct_request', 'requester-test', 'owner-test', 'app-test',
2026-10-03T03:16:41.2558911Z  	      'credential-test', 'alia', 'inbox', 'account-test', 'mailbox', 'mailbox-test',
2026-10-03T03:16:41.2559380Z  	      'searchEmails', 'run-test', 'execute_on_request', $2::jsonb,
2026-10-03T03:16:41.2559741Z  	      now() + interval '5 minutes', now(), now()
2026-10-03T03:16:41.2560015Z  	    )
2026-10-03T03:16:41.2560561Z  2026-10-03 03:16:32.888 UTC [355] ERROR:  new row for relation "agency_audit_test" violates check constraint "capability_audit_events_bounded_event_check"
2026-10-03T03:16:41.2561928Z  2026-10-03 03:16:32.888 UTC [355] DETAIL:  Failing row contains (002edefb-4e19-4dac-9542-9af9c8ac6c30, f8f7a0b9-ff66-4b9d-9eb9-0318b15768c8, account-test, null, run-test, {"result": {"status": "failed", "message": "PRIVATE_PROMPT_MARKE..., 2026-10-03 03:16:32.884739+00).
2026-10-03T03:16:41.2563024Z  2026-10-03 03:16:32.888 UTC [355] STATEMENT:  insert into agency_audit_test
2026-10-03T03:16:41.2563482Z  	      (id, event_key, effective_account_key, run_key, event, created_at)
2026-10-03T03:16:41.2563910Z  	      values ($1, $2, 'account-test', 'run-test', $3::jsonb, now())
2026-10-03T03:16:41.2564606Z  2026-10-03 03:16:32.893 UTC [355] ERROR:  new row for relation "agency_audit_test" violates check constraint "capability_audit_events_bounded_event_check"
2026-10-03T03:16:41.2566150Z  2026-10-03 03:16:32.893 UTC [355] DETAIL:  Failing row contains (103cb9eb-4cb4-4290-a946-f7a221f92b53, db1877f5-ecb0-4f72-995f-64a161f31220, account-test, null, run-test, {"result": {"status": "failed"}, "correlation": {"runId": "run-t..., 2026-10-03 03:16:32.889606+00).
2026-10-03T03:16:41.2567243Z  2026-10-03 03:16:32.893 UTC [355] STATEMENT:  insert into agency_audit_test
2026-10-03T03:16:41.2567687Z  	      (id, event_key, effective_account_key, run_key, event, created_at)
2026-10-03T03:16:41.2568311Z  	      values ($1, $2, 'account-test', 'run-test', $3::jsonb, now())
2026-10-03T03:16:41.2569099Z  2026-10-03 03:16:32.898 UTC [355] ERROR:  new row for relation "agency_audit_test" violates check constraint "capability_audit_events_bounded_event_check"
2026-10-03T03:16:41.2570447Z  2026-10-03 03:16:32.898 UTC [355] DETAIL:  Failing row contains (5d84ffcc-6cb5-4327-8817-40162670d398, 2a2be07e-b5c9-42f6-9a2b-37cd611fd43b, account-test, null, run-test, {"result": {"status": "failed"}, "resource": {"prompt": "PRIVATE..., 2026-10-03 03:16:32.894672+00).
2026-10-03T03:16:41.2571513Z  2026-10-03 03:16:32.898 UTC [355] STATEMENT:  insert into agency_audit_test
2026-10-03T03:16:41.2571961Z  	      (id, event_key, effective_account_key, run_key, event, created_at)
2026-10-03T03:16:41.2572376Z  	      values ($1, $2, 'account-test', 'run-test', $3::jsonb, now())
2026-10-03T03:16:41.2572814Z  2026-10-03 03:16:39.424 UTC [70] LOG:  checkpoint starting: immediate force wait
2026-10-03T03:16:41.2573920Z  2026-10-03 03:16:39.429 UTC [70] LOG:  checkpoint complete: wrote 3 buffers (0.0%); 0 WAL file(s) added, 0 removed, 0 recycled; write=0.001 s, sync=0.001 s, total=0.005 s; sync files=3, longest=0.001 s, average=0.001 s; distance=1923 kB, estimate=55961 kB; lsn=0/935E670, redo lsn=0/935E618
2026-10-03T03:16:41.2574902Z  CREATE DATABASE
2026-10-03T03:16:41.2575099Z  
2026-10-03T03:16:41.2575495Z  
2026-10-03T03:16:41.2575856Z  /usr/local/bin/docker-entrypoint.sh: sourcing /docker-entrypoint-initdb.d/10_postgis.sh
2026-10-03T03:16:41.2576305Z  CREATE DATABASE
2026-10-03T03:16:41.2576550Z  Loading PostGIS extensions into template_postgis
2026-10-03T03:16:41.2576856Z  CREATE EXTENSION
2026-10-03T03:16:41.2577052Z  CREATE EXTENSION
2026-10-03T03:16:41.2577347Z  You are now connected to database "template_postgis" as user "oxy".
2026-10-03T03:16:41.2577698Z  DO
2026-10-03T03:16:41.2577901Z  Loading PostGIS extensions into oxy_test
2026-10-03T03:16:41.2578179Z  CREATE EXTENSION
2026-10-03T03:16:41.2578380Z  CREATE EXTENSION
2026-10-03T03:16:41.2578656Z  You are now connected to database "oxy_test" as user "oxy".
2026-10-03T03:16:41.2578976Z  DO
2026-10-03T03:16:41.2579143Z  
2026-10-03T03:16:41.2579517Z  waiting for server to shut down...2026-10-03 03:13:25.886 UTC [48] LOG:  received fast shutdown request
2026-10-03T03:16:41.2580080Z  .2026-10-03 03:13:25.886 UTC [48] LOG:  aborting any active transactions
2026-10-03T03:16:41.2580697Z  2026-10-03 03:13:25.890 UTC [48] LOG:  background worker "logical replication launcher" (PID 54) exited with exit code 1
2026-10-03T03:16:41.2581257Z  2026-10-03 03:13:25.890 UTC [49] LOG:  shutting down
2026-10-03T03:16:41.2581664Z  2026-10-03 03:13:25.891 UTC [49] LOG:  checkpoint starting: shutdown immediate
2026-10-03T03:16:41.2582797Z  2026-10-03 03:13:25.982 UTC [49] LOG:  checkpoint complete: wrote 4453 buffers (27.2%); 0 WAL file(s) added, 0 removed, 2 recycled; write=0.036 s, sync=0.055 s, total=0.092 s; sync files=963, longest=0.002 s, average=0.001 s; distance=34775 kB, estimate=34775 kB; lsn=0/36D7588, redo lsn=0/36D7588
2026-10-03T03:16:41.2583900Z  2026-10-03 03:13:25.994 UTC [48] LOG:  database system is shut down
2026-10-03T03:16:41.2584232Z   done
2026-10-03T03:16:41.2584421Z  server stopped
2026-10-03T03:16:41.2584615Z  
2026-10-03T03:16:41.2584857Z  PostgreSQL init process complete; ready for start up.
2026-10-03T03:16:41.2585163Z  
2026-10-03T03:16:41.2591597Z Stop and remove container: 553f3de98fcf437bbaf8cea9e40dbc4f_postgispostgis1735_2ae91f
2026-10-03T03:16:41.2597274Z ##[command]/usr/bin/docker rm --force 612eef1bc7071a5be9bf4d8212432462aafdbf894db50d04758fc0b694cd6e7b
2026-10-03T03:16:41.4291103Z 612eef1bc7071a5be9bf4d8212432462aafdbf894db50d04758fc0b694cd6e7b
2026-10-03T03:16:41.4317344Z Remove container network: github_network_5f64d3994b704628bde59be847911a6f
2026-10-03T03:16:41.4321773Z ##[command]/usr/bin/docker network rm github_network_5f64d3994b704628bde59be847911a6f
2026-10-03T03:16:41.5399755Z github_network_5f64d3994b704628bde59be847911a6f
2026-10-03T03:16:41.5469947Z Cleaning up orphan processes
