2026-10-03T03:13:13.7900223Z Current runner version: '2.337.0'
2026-10-03T03:13:13.7928954Z ##[group]Runner Image Provisioner
2026-10-03T03:13:13.7929858Z Hosted Compute Agent
2026-10-03T03:13:13.7930831Z Version: 20260901.588
2026-10-03T03:13:13.7931513Z Commit: f88ec8081b781fac6c440065ac7ff9e710ce3d0b
2026-10-03T03:13:13.7932351Z Build Date: 2026-09-01T19:56:44Z
2026-10-03T03:13:13.7933239Z Worker ID: {ec86d589-1e80-47b2-945b-f4d8a072e666}
2026-10-03T03:13:13.7933982Z Azure Region: westus
2026-10-03T03:13:13.7934604Z ##[endgroup]
2026-10-03T03:13:13.7936231Z ##[group]Operating System
2026-10-03T03:13:13.7936943Z Ubuntu
2026-10-03T03:13:13.7937625Z 24.04.5
2026-10-03T03:13:13.7938170Z LTS
2026-10-03T03:13:13.7938783Z ##[endgroup]
2026-10-03T03:13:13.7939403Z ##[group]Runner Image
2026-10-03T03:13:13.7940090Z Image: ubuntu-24.04
2026-10-03T03:13:13.7941044Z Version: 20260927.320.1
2026-10-03T03:13:13.7942302Z Included Software: https://github.com/actions/runner-images/blob/ubuntu24/20260927.320/images/ubuntu/Ubuntu2404-Readme.md
2026-10-03T03:13:13.7943932Z Image Release: https://github.com/actions/runner-images/releases/tag/ubuntu24%2F20260927.320
2026-10-03T03:13:13.7944927Z ##[endgroup]
2026-10-03T03:13:13.7946181Z ##[group]GITHUB_TOKEN Permissions
2026-10-03T03:13:13.7948146Z Contents: read
2026-10-03T03:13:13.7948881Z Metadata: read
2026-10-03T03:13:13.7949480Z ##[endgroup]
2026-10-03T03:13:13.7952043Z Secret source: Actions
2026-10-03T03:13:13.7953017Z Cache mode: write
2026-10-03T03:13:13.7953805Z Prepare workflow directory
2026-10-03T03:13:13.8425957Z Prepare all required actions
2026-10-03T03:13:13.8476139Z Getting action download info
2026-10-03T03:13:14.2625580Z Download action repository 'actions/checkout@v7' (SHA:3d3c42e5aac5ba805825da76410c181273ba90b1)
2026-10-03T03:13:14.3764410Z Download action repository 'oven-sh/setup-bun@v2' (SHA:0c5077e51419868618aeaa5fe8019c62421857d6)
2026-10-03T03:13:14.7796214Z Download action repository 'actions/setup-node@v7' (SHA:820762786026740c76f36085b0efc47a31fe5020)
2026-10-03T03:13:14.8577233Z Download action repository 'actions/cache@55cc8345863c7cc4c66a329aec7e433d2d1c52a9' (SHA:55cc8345863c7cc4c66a329aec7e433d2d1c52a9)
2026-10-03T03:13:14.9777993Z Download action repository 'actions/upload-artifact@v7' (SHA:043fb46d1a93c77aae656e7c1c64a875d1fc6a0a)
2026-10-03T03:13:15.2157686Z Complete job name: API Tests (6/6)
2026-10-03T03:13:15.2775371Z ##[group]Checking docker version
2026-10-03T03:13:15.2789529Z ##[command]/usr/bin/docker version --format '{{.Server.APIVersion}}'
2026-10-03T03:13:15.3981628Z '1.48'
2026-10-03T03:13:15.4007153Z Docker daemon API version: '1.48'
2026-10-03T03:13:15.4009446Z ##[command]/usr/bin/docker version --format '{{.Client.APIVersion}}'
2026-10-03T03:13:15.4192767Z '1.48'
2026-10-03T03:13:15.4206388Z Docker client API version: '1.48'
2026-10-03T03:13:15.4213086Z ##[endgroup]
2026-10-03T03:13:15.4216433Z ##[group]Clean up resources from previous jobs
2026-10-03T03:13:15.4223659Z ##[command]/usr/bin/docker ps --all --quiet --no-trunc --filter "label=1b782b"
2026-10-03T03:13:15.4416893Z ##[command]/usr/bin/docker network prune --force --filter "label=1b782b"
2026-10-03T03:13:15.4578156Z ##[endgroup]
2026-10-03T03:13:15.4579077Z ##[group]Create local container network
2026-10-03T03:13:15.4590228Z ##[command]/usr/bin/docker network create --label 1b782b github_network_465b03dc3f664fc0b4b89a899f0d014d
2026-10-03T03:13:15.5168887Z 65fe1cab2081e7994d7919c576a0d1689c2e1fdcb2d6d29f4d6a4f9abc6a198b
2026-10-03T03:13:15.5189327Z ##[endgroup]
2026-10-03T03:13:15.5224944Z ##[group]Starting postgres service container
2026-10-03T03:13:15.5254294Z ##[command]/usr/bin/docker pull postgis/postgis:17-3.5
2026-10-03T03:13:16.4171209Z 17-3.5: Pulling from postgis/postgis
2026-10-03T03:13:16.6703641Z ccaf924377f9: Pulling fs layer
2026-10-03T03:13:16.6705138Z a0a48bd22597: Pulling fs layer
2026-10-03T03:13:16.6705628Z 953b3faade64: Pulling fs layer
2026-10-03T03:13:16.6706258Z 4c5e3cb23b1e: Pulling fs layer
2026-10-03T03:13:16.6706682Z b032a4e70c86: Pulling fs layer
2026-10-03T03:13:16.6707195Z 84e2e0dafa9e: Pulling fs layer
2026-10-03T03:13:16.6708049Z 9388a07819e8: Pulling fs layer
2026-10-03T03:13:16.6708627Z 9b3173aa38c2: Pulling fs layer
2026-10-03T03:13:16.6709045Z 2f600d70ef01: Pulling fs layer
2026-10-03T03:13:16.6709527Z 26a029cc5101: Pulling fs layer
2026-10-03T03:13:16.6710016Z 87746d0d7566: Pulling fs layer
2026-10-03T03:13:16.6710544Z 5756942faa50: Pulling fs layer
2026-10-03T03:13:16.6711211Z dc61d0df75b4: Pulling fs layer
2026-10-03T03:13:16.6711627Z 0c9580cd8863: Pulling fs layer
2026-10-03T03:13:16.6712152Z 26502799a66b: Pulling fs layer
2026-10-03T03:13:16.6712607Z 4f4fb700ef54: Pulling fs layer
2026-10-03T03:13:16.6713243Z ee293c60aa50: Pulling fs layer
2026-10-03T03:13:16.6713872Z ea025e641e62: Pulling fs layer
2026-10-03T03:13:16.6714508Z 26a029cc5101: Waiting
2026-10-03T03:13:16.6715058Z 87746d0d7566: Waiting
2026-10-03T03:13:16.6715663Z 5756942faa50: Waiting
2026-10-03T03:13:16.6716220Z dc61d0df75b4: Waiting
2026-10-03T03:13:16.6716813Z 0c9580cd8863: Waiting
2026-10-03T03:13:16.6717399Z 26502799a66b: Waiting
2026-10-03T03:13:16.6718020Z 4f4fb700ef54: Waiting
2026-10-03T03:13:16.6718618Z ee293c60aa50: Waiting
2026-10-03T03:13:16.6719218Z ea025e641e62: Waiting
2026-10-03T03:13:16.6719861Z 84e2e0dafa9e: Waiting
2026-10-03T03:13:16.6720690Z 9388a07819e8: Waiting
2026-10-03T03:13:16.6721230Z 4c5e3cb23b1e: Waiting
2026-10-03T03:13:16.6721866Z 9b3173aa38c2: Waiting
2026-10-03T03:13:16.6722376Z b032a4e70c86: Waiting
2026-10-03T03:13:16.6722998Z 2f600d70ef01: Waiting
2026-10-03T03:13:16.8812869Z a0a48bd22597: Verifying Checksum
2026-10-03T03:13:16.8816861Z a0a48bd22597: Download complete
2026-10-03T03:13:16.9037437Z 953b3faade64: Verifying Checksum
2026-10-03T03:13:16.9039662Z 953b3faade64: Download complete
2026-10-03T03:13:16.9782135Z ccaf924377f9: Verifying Checksum
2026-10-03T03:13:16.9782822Z ccaf924377f9: Download complete
2026-10-03T03:13:17.1001719Z 4c5e3cb23b1e: Verifying Checksum
2026-10-03T03:13:17.1021186Z 4c5e3cb23b1e: Download complete
2026-10-03T03:13:17.1553093Z b032a4e70c86: Verifying Checksum
2026-10-03T03:13:17.1556010Z b032a4e70c86: Download complete
2026-10-03T03:13:17.2139239Z 84e2e0dafa9e: Verifying Checksum
2026-10-03T03:13:17.2142555Z 84e2e0dafa9e: Download complete
2026-10-03T03:13:17.3169842Z 9388a07819e8: Verifying Checksum
2026-10-03T03:13:17.3171876Z 9388a07819e8: Download complete
2026-10-03T03:13:17.3628854Z 9b3173aa38c2: Verifying Checksum
2026-10-03T03:13:17.3629491Z 9b3173aa38c2: Download complete
2026-10-03T03:13:17.5256371Z 26a029cc5101: Verifying Checksum
2026-10-03T03:13:17.5851351Z 26a029cc5101: Download complete
2026-10-03T03:13:17.5852024Z 87746d0d7566: Download complete
2026-10-03T03:13:17.7362386Z 5756942faa50: Verifying Checksum
2026-10-03T03:13:17.7375105Z 5756942faa50: Download complete
2026-10-03T03:13:17.8012328Z dc61d0df75b4: Verifying Checksum
2026-10-03T03:13:17.8014784Z dc61d0df75b4: Download complete
2026-10-03T03:13:17.8066937Z 2f600d70ef01: Download complete
2026-10-03T03:13:17.9445536Z 0c9580cd8863: Verifying Checksum
2026-10-03T03:13:17.9446284Z 0c9580cd8863: Download complete
2026-10-03T03:13:18.0208196Z 4f4fb700ef54: Verifying Checksum
2026-10-03T03:13:18.0210605Z 4f4fb700ef54: Download complete
2026-10-03T03:13:18.1641860Z ee293c60aa50: Verifying Checksum
2026-10-03T03:13:18.1643256Z ee293c60aa50: Download complete
2026-10-03T03:13:18.2422956Z ea025e641e62: Verifying Checksum
2026-10-03T03:13:18.2431076Z ea025e641e62: Download complete
2026-10-03T03:13:18.2439546Z 26502799a66b: Verifying Checksum
2026-10-03T03:13:18.2440368Z 26502799a66b: Download complete
2026-10-03T03:13:18.5471850Z ccaf924377f9: Pull complete
2026-10-03T03:13:20.8850921Z a0a48bd22597: Pull complete
2026-10-03T03:13:21.0216206Z 953b3faade64: Pull complete
2026-10-03T03:13:21.0660550Z 4c5e3cb23b1e: Pull complete
2026-10-03T03:13:21.3663611Z b032a4e70c86: Pull complete
2026-10-03T03:13:21.4238909Z 84e2e0dafa9e: Pull complete
2026-10-03T03:13:21.4319307Z 9388a07819e8: Pull complete
2026-10-03T03:13:21.4438405Z 9b3173aa38c2: Pull complete
2026-10-03T03:13:24.3100637Z 2f600d70ef01: Pull complete
2026-10-03T03:13:24.3248203Z 26a029cc5101: Pull complete
2026-10-03T03:13:24.3341973Z 87746d0d7566: Pull complete
2026-10-03T03:13:24.3424052Z 5756942faa50: Pull complete
2026-10-03T03:13:24.3531905Z dc61d0df75b4: Pull complete
2026-10-03T03:13:24.3614464Z 0c9580cd8863: Pull complete
2026-10-03T03:13:25.9010313Z 26502799a66b: Pull complete
2026-10-03T03:13:25.9116619Z 4f4fb700ef54: Pull complete
2026-10-03T03:13:25.9241337Z ee293c60aa50: Pull complete
2026-10-03T03:13:25.9352367Z ea025e641e62: Pull complete
2026-10-03T03:13:25.9388456Z Digest: sha256:01a6a70e41e6c4467c8f55f6063555ed72db2d6662cd0d571040d42eadaeb6f6
2026-10-03T03:13:25.9402836Z Status: Downloaded newer image for postgis/postgis:17-3.5
2026-10-03T03:13:25.9410898Z docker.io/postgis/postgis:17-3.5
2026-10-03T03:13:25.9478434Z ##[command]/usr/bin/docker create --name 231a82a00b13457a9126f5516e196a1a_postgispostgis1735_856b1d --label 1b782b --network github_network_465b03dc3f664fc0b4b89a899f0d014d --network-alias postgres -p 5432:5432 --health-cmd "pg_isready -U oxy -d oxy_test" --health-interval 10s --health-timeout 5s --health-retries 5 -e "POSTGRES_USER=oxy" -e "POSTGRES_PASSWORD=oxy" -e "POSTGRES_DB=oxy_test" -e GITHUB_ACTIONS=true -e CI=true postgis/postgis:17-3.5
2026-10-03T03:13:25.9727241Z 64e5c62047c2cf52f0ddcc1a444a5873a77a3adc1ccf6c43abafb2ba43fd1e44
2026-10-03T03:13:25.9750952Z ##[command]/usr/bin/docker start 64e5c62047c2cf52f0ddcc1a444a5873a77a3adc1ccf6c43abafb2ba43fd1e44
2026-10-03T03:13:26.1923620Z 64e5c62047c2cf52f0ddcc1a444a5873a77a3adc1ccf6c43abafb2ba43fd1e44
2026-10-03T03:13:26.1978588Z ##[command]/usr/bin/docker ps --all --filter id=64e5c62047c2cf52f0ddcc1a444a5873a77a3adc1ccf6c43abafb2ba43fd1e44 --filter status=running --no-trunc --format "{{.ID}} {{.Status}}"
2026-10-03T03:13:26.2125158Z 64e5c62047c2cf52f0ddcc1a444a5873a77a3adc1ccf6c43abafb2ba43fd1e44 Up Less than a second (health: starting)
2026-10-03T03:13:26.2146985Z ##[command]/usr/bin/docker port 64e5c62047c2cf52f0ddcc1a444a5873a77a3adc1ccf6c43abafb2ba43fd1e44
2026-10-03T03:13:26.2413480Z 5432/tcp -> 0.0.0.0:5432
2026-10-03T03:13:26.2414152Z 5432/tcp -> [::]:5432
2026-10-03T03:13:26.2452296Z ##[endgroup]
2026-10-03T03:13:26.2461249Z ##[group]Waiting for all services to be ready
2026-10-03T03:13:26.2475370Z ##[command]/usr/bin/docker inspect --format="{{if .Config.Healthcheck}}{{print .State.Health.Status}}{{end}}" 64e5c62047c2cf52f0ddcc1a444a5873a77a3adc1ccf6c43abafb2ba43fd1e44
2026-10-03T03:13:26.2627214Z starting
2026-10-03T03:13:26.2653390Z postgres service is starting, waiting 2 seconds before checking again.
2026-10-03T03:13:28.2655037Z ##[command]/usr/bin/docker inspect --format="{{if .Config.Healthcheck}}{{print .State.Health.Status}}{{end}}" 64e5c62047c2cf52f0ddcc1a444a5873a77a3adc1ccf6c43abafb2ba43fd1e44
2026-10-03T03:13:28.2796450Z starting
2026-10-03T03:13:28.2814370Z postgres service is starting, waiting 3 seconds before checking again.
2026-10-03T03:13:32.1369523Z ##[command]/usr/bin/docker inspect --format="{{if .Config.Healthcheck}}{{print .State.Health.Status}}{{end}}" 64e5c62047c2cf52f0ddcc1a444a5873a77a3adc1ccf6c43abafb2ba43fd1e44
2026-10-03T03:13:32.1496140Z starting
2026-10-03T03:13:32.1510972Z postgres service is starting, waiting 6 seconds before checking again.
2026-10-03T03:13:39.0717659Z ##[command]/usr/bin/docker inspect --format="{{if .Config.Healthcheck}}{{print .State.Health.Status}}{{end}}" 64e5c62047c2cf52f0ddcc1a444a5873a77a3adc1ccf6c43abafb2ba43fd1e44
2026-10-03T03:13:39.0858619Z healthy
2026-10-03T03:13:39.0874048Z postgres service is healthy.
2026-10-03T03:13:39.0874758Z ##[endgroup]
2026-10-03T03:13:39.1178175Z ##[group]Run actions/checkout@v7
2026-10-03T03:13:39.1178730Z with:
2026-10-03T03:13:39.1178947Z   repository: OxyHQ/oxy
2026-10-03T03:13:39.1181513Z   token: ***
2026-10-03T03:13:39.1181725Z   ssh-strict: true
2026-10-03T03:13:39.1181933Z   ssh-user: git
2026-10-03T03:13:39.1182141Z   persist-credentials: true
2026-10-03T03:13:39.1182376Z   clean: true
2026-10-03T03:13:39.1182585Z   sparse-checkout-cone-mode: true
2026-10-03T03:13:39.1183046Z   fetch-depth: 1
2026-10-03T03:13:39.1183246Z   fetch-tags: false
2026-10-03T03:13:39.1183451Z   show-progress: true
2026-10-03T03:13:39.1183655Z   lfs: false
2026-10-03T03:13:39.1183848Z   submodules: false
2026-10-03T03:13:39.1184054Z   set-safe-directory: true
2026-10-03T03:13:39.1184294Z   allow-unsafe-pr-checkout: false
2026-10-03T03:13:39.1184817Z ##[endgroup]
2026-10-03T03:13:39.2217703Z Syncing repository: OxyHQ/oxy
2026-10-03T03:13:39.2219481Z ##[group]Getting Git version info
2026-10-03T03:13:39.2220120Z Working directory is '/home/runner/work/oxy/oxy'
2026-10-03T03:13:39.2221284Z [command]/usr/bin/git version
2026-10-03T03:13:39.2287121Z git version 2.55.0
2026-10-03T03:13:39.2309864Z ##[endgroup]
2026-10-03T03:13:39.2321680Z Temporarily overriding HOME='/home/runner/work/_temp/0b96d41b-5f6a-46c0-a282-c7c7e03ed0ed' before making global git config changes
2026-10-03T03:13:39.2323091Z Adding repository directory to the temporary git global config as a safe directory
2026-10-03T03:13:39.2328429Z [command]/usr/bin/git config --global --add safe.directory /home/runner/work/oxy/oxy
2026-10-03T03:13:39.2383963Z Deleting the contents of '/home/runner/work/oxy/oxy'
2026-10-03T03:13:39.2387459Z ##[group]Determining repository object format
2026-10-03T03:13:39.2389059Z ##[endgroup]
2026-10-03T03:13:39.2389743Z ##[group]Initializing the repository
2026-10-03T03:13:39.2394207Z [command]/usr/bin/git init /home/runner/work/oxy/oxy
2026-10-03T03:13:39.2558824Z hint: Using 'master' as the name for the initial branch. This default branch name
2026-10-03T03:13:39.2559874Z hint: will change to "main" in Git 3.0. To configure the initial branch name
2026-10-03T03:13:39.2561085Z hint: to use in all of your new repositories, which will suppress this warning,
2026-10-03T03:13:39.2562076Z hint: call:
2026-10-03T03:13:39.2562638Z hint:
2026-10-03T03:13:39.2563505Z hint: 	git config --global init.defaultBranch <name>
2026-10-03T03:13:39.2564373Z hint:
2026-10-03T03:13:39.2565157Z hint: Names commonly chosen instead of 'master' are 'main', 'trunk' and
2026-10-03T03:13:39.2565928Z hint: 'development'. The just-created branch can be renamed via this command:
2026-10-03T03:13:39.2566493Z hint:
2026-10-03T03:13:39.2566782Z hint: 	git branch -m <name>
2026-10-03T03:13:39.2567204Z hint:
2026-10-03T03:13:39.2567807Z hint: Disable this message with "git config set advice.defaultBranchName false"
2026-10-03T03:13:39.2568554Z Initialized empty Git repository in /home/runner/work/oxy/oxy/.git/
2026-10-03T03:13:39.2581256Z [command]/usr/bin/git remote add origin https://github.com/OxyHQ/oxy
2026-10-03T03:13:39.2647332Z ##[endgroup]
2026-10-03T03:13:39.2647982Z ##[group]Disabling automatic garbage collection
2026-10-03T03:13:39.2651488Z [command]/usr/bin/git config --local gc.auto 0
2026-10-03T03:13:39.2685320Z ##[endgroup]
2026-10-03T03:13:39.2685893Z ##[group]Setting up auth
2026-10-03T03:13:39.2686499Z Removing SSH command configuration
2026-10-03T03:13:39.2694285Z [command]/usr/bin/git config --local --name-only --get-regexp core\.sshCommand
2026-10-03T03:13:39.2750997Z [command]/usr/bin/git submodule foreach --recursive sh -c "git config --local --name-only --get-regexp 'core\.sshCommand' && git config --local --unset-all 'core.sshCommand' || :"
2026-10-03T03:13:39.3148876Z Removing HTTP extra header
2026-10-03T03:13:39.3154719Z [command]/usr/bin/git config --local --name-only --get-regexp http\.https\:\/\/github\.com\/\.extraheader
2026-10-03T03:13:39.3191656Z [command]/usr/bin/git submodule foreach --recursive sh -c "git config --local --name-only --get-regexp 'http\.https\:\/\/github\.com\/\.extraheader' && git config --local --unset-all 'http.https://github.com/.extraheader' || :"
2026-10-03T03:13:39.3413074Z Removing includeIf entries pointing to credentials config files
2026-10-03T03:13:39.3418787Z [command]/usr/bin/git config --local --name-only --get-regexp ^includeIf\.gitdir:
2026-10-03T03:13:39.3462662Z [command]/usr/bin/git submodule foreach --recursive git config --local --show-origin --name-only --get-regexp remote.origin.url
2026-10-03T03:13:39.3691725Z [command]/usr/bin/git config --file /home/runner/work/_temp/git-credentials-9fe5cdf8-6111-45d2-8e84-bb5ab8d1fcd9.config http.https://github.com/.extraheader AUTHORIZATION: basic ***
2026-10-03T03:13:39.3731573Z [command]/usr/bin/git config --local includeIf.gitdir:/home/runner/work/oxy/oxy/.git.path /home/runner/work/_temp/git-credentials-9fe5cdf8-6111-45d2-8e84-bb5ab8d1fcd9.config
2026-10-03T03:13:39.3764733Z [command]/usr/bin/git config --local includeIf.gitdir:/home/runner/work/oxy/oxy/.git/worktrees/*.path /home/runner/work/_temp/git-credentials-9fe5cdf8-6111-45d2-8e84-bb5ab8d1fcd9.config
2026-10-03T03:13:39.3801985Z [command]/usr/bin/git config --local includeIf.gitdir:/github/workspace/.git.path /github/runner_temp/git-credentials-9fe5cdf8-6111-45d2-8e84-bb5ab8d1fcd9.config
2026-10-03T03:13:39.3838310Z [command]/usr/bin/git config --local includeIf.gitdir:/github/workspace/.git/worktrees/*.path /github/runner_temp/git-credentials-9fe5cdf8-6111-45d2-8e84-bb5ab8d1fcd9.config
2026-10-03T03:13:39.3869113Z ##[endgroup]
2026-10-03T03:13:39.3869531Z ##[group]Fetching the repository
2026-10-03T03:13:39.3876321Z [command]/usr/bin/git -c protocol.version=2 fetch --no-tags --prune --no-recurse-submodules --depth=1 origin +ae227ca54db3f3ed86f68eaad099aa33736c6d81:refs/remotes/pull/1557/merge
2026-10-03T03:13:42.0914963Z From https://github.com/OxyHQ/oxy
2026-10-03T03:13:42.0915505Z  * [new ref]         ae227ca54db3f3ed86f68eaad099aa33736c6d81 -> pull/1557/merge
2026-10-03T03:13:42.0920146Z ##[endgroup]
2026-10-03T03:13:42.0921057Z ##[group]Determining the checkout info
2026-10-03T03:13:42.0921817Z ##[endgroup]
2026-10-03T03:13:42.0927208Z [command]/usr/bin/git sparse-checkout disable
2026-10-03T03:13:42.0983462Z [command]/usr/bin/git config --local --unset-all extensions.worktreeConfig
2026-10-03T03:13:42.1017360Z ##[group]Checking out the ref
2026-10-03T03:13:42.1021449Z [command]/usr/bin/git checkout --progress --force refs/remotes/pull/1557/merge
2026-10-03T03:13:42.5559159Z Note: switching to 'refs/remotes/pull/1557/merge'.
2026-10-03T03:13:42.5559650Z 
2026-10-03T03:13:42.5560048Z You are in 'detached HEAD' state. You can look around, make experimental
2026-10-03T03:13:42.5561189Z changes and commit them, and you can discard any commits you make in this
2026-10-03T03:13:42.5562089Z state without impacting any branches by switching back to a branch.
2026-10-03T03:13:42.5562604Z 
2026-10-03T03:13:42.5563066Z If you want to create a new branch to retain commits you create, you may
2026-10-03T03:13:42.5563842Z do so (now or later) by using -c with the switch command. Example:
2026-10-03T03:13:42.5564268Z 
2026-10-03T03:13:42.5564434Z   git switch -c <new-branch-name>
2026-10-03T03:13:42.5564725Z 
2026-10-03T03:13:42.5564899Z Or undo this operation with:
2026-10-03T03:13:42.5565168Z 
2026-10-03T03:13:42.5565317Z   git switch -
2026-10-03T03:13:42.5565605Z 
2026-10-03T03:13:42.5565966Z Turn off this advice by setting config variable advice.detachedHead to false
2026-10-03T03:13:42.5566527Z 
2026-10-03T03:13:42.5567126Z HEAD is now at ae227ca Merge 26cf80a5e74459de28e8477b98a8e1fa8b2690b0 into 4b145040afca38be93ad4096241d4c60e12e1c82
2026-10-03T03:13:42.5617128Z ##[endgroup]
2026-10-03T03:13:42.5668648Z [command]/usr/bin/git log -1 --format=%H
2026-10-03T03:13:42.5699077Z ae227ca54db3f3ed86f68eaad099aa33736c6d81
2026-10-03T03:13:42.5939426Z ##[group]Run oven-sh/setup-bun@v2
2026-10-03T03:13:42.5939710Z with:
2026-10-03T03:13:42.5939925Z   bun-version-file: package.json
2026-10-03T03:13:42.5940184Z   no-cache: false
2026-10-03T03:13:42.5942833Z   token: ***
2026-10-03T03:13:42.5943045Z ##[endgroup]
2026-10-03T03:13:42.7695324Z Obtained version 1.4.2 from package.json
2026-10-03T03:13:43.0250793Z Cache hit for: bun-gmoqYqdUbaYsI0KujeXt7Zg/p0I=
2026-10-03T03:13:44.3397823Z Received 0 of 35684133 (0.0%), 0.0 MBs/sec
2026-10-03T03:13:44.6312476Z Received 35684133 of 35684133 (100.0%), 26.4 MBs/sec
2026-10-03T03:13:44.6320945Z Cache Size: ~34 MB (35684133 B)
2026-10-03T03:13:44.6347666Z [command]/usr/bin/tar -xf /home/runner/work/_temp/34e7022c-42d9-4719-973f-e2b76b2fd580/cache.tzst -P -C /home/runner/work/oxy/oxy --use-compress-program unzstd
2026-10-03T03:13:44.7693781Z Cache restored successfully
2026-10-03T03:13:44.7718797Z [command]/home/runner/.bun/bin/bun --revision
2026-10-03T03:13:44.7760641Z 1.4.2+744846f84
2026-10-03T03:13:44.7767197Z Using a cached version of Bun: 1.4.2+744846f84
2026-10-03T03:13:44.7910693Z ##[group]Run actions/setup-node@v7
2026-10-03T03:13:44.7911010Z with:
2026-10-03T03:13:44.7911214Z   node-version: 24.x
2026-10-03T03:13:44.7911446Z   check-latest: false
2026-10-03T03:13:44.7913778Z   token: ***
2026-10-03T03:13:44.7914003Z   package-manager-cache: true
2026-10-03T03:13:44.7914260Z ##[endgroup]
2026-10-03T03:13:44.9212853Z Found in cache @ /opt/hostedtoolcache/node/24.21.0/x64
2026-10-03T03:13:44.9213676Z ##[group]Environment details
2026-10-03T03:13:45.3367719Z node: v24.21.0
2026-10-03T03:13:45.3368318Z npm: 11.19.0
2026-10-03T03:13:45.3368808Z yarn: 1.22.22
2026-10-03T03:13:45.3369784Z ##[endgroup]
2026-10-03T03:13:45.3502283Z ##[group]Run set -eu
2026-10-03T03:13:45.3502633Z [36;1mset -eu[0m
2026-10-03T03:13:45.3503064Z [36;1mapt_opts='-o Acquire::Retries=3 -o Acquire::http::Timeout=15 -o Acquire::https::Timeout=15'[0m
2026-10-03T03:13:45.3503555Z [36;1mfor attempt in 1 2; do[0m
2026-10-03T03:13:45.3503852Z [36;1m  if sudo timeout -k 15s 420s bash -c \[0m
2026-10-03T03:13:45.3504456Z [36;1m    "apt-get update $apt_opts && apt-get install -y --no-install-recommends $apt_opts -o DPkg::Lock::Timeout=120 ffmpeg"; then[0m
2026-10-03T03:13:45.3505028Z [36;1m    break[0m
2026-10-03T03:13:45.3505234Z [36;1m  fi[0m
2026-10-03T03:13:45.3505443Z [36;1m  if [ "$attempt" = 2 ]; then[0m
2026-10-03T03:13:45.3505821Z [36;1m    echo "::error::apt-get could not install ffmpeg after 2 attempts"[0m
2026-10-03T03:13:45.3506207Z [36;1m    exit 1[0m
2026-10-03T03:13:45.3506417Z [36;1m  fi[0m
2026-10-03T03:13:45.3506739Z [36;1m  # Names the lock holder in the log, so the next failure of this step[0m
2026-10-03T03:13:45.3507261Z [36;1m  # says whether it was our own attempt or something the runner boots.[0m
2026-10-03T03:13:45.3507850Z [36;1m  echo "apt-get attempt $attempt failed or timed out; retrying once. apt/dpkg processes still alive:"[0m
2026-10-03T03:13:45.3508527Z [36;1m  ps -eo pid,user,etimes,stat,args | grep -E '[a]pt-get|[d]pkg|[u]nattended' || echo "  (none)"[0m
2026-10-03T03:13:45.3508990Z [36;1m  sleep 30[0m
2026-10-03T03:13:45.3509468Z [36;1m  sudo timeout -k 15s 120s dpkg --configure -a || echo "dpkg --configure -a did not finish; the retry will say why"[0m
2026-10-03T03:13:45.3509977Z [36;1mdone[0m
2026-10-03T03:13:45.3510190Z [36;1mffmpeg -version | head -1[0m
2026-10-03T03:13:45.3510957Z [36;1mffprobe -version | head -1[0m
2026-10-03T03:13:45.3511360Z [36;1m# The positive control, and the reason the two lines above are not one:[0m
2026-10-03T03:13:45.3511871Z [36;1m# without `pipefail` a pipeline reports `head`'s status, so `ffmpeg[0m
2026-10-03T03:13:45.3512381Z [36;1m# -version | head -1` exits 0 even when the binary is missing entirely —[0m
2026-10-03T03:13:45.3512888Z [36;1m# this step could go green having installed nothing. Encoding one frame[0m
2026-10-03T03:13:45.3513374Z [36;1m# the way the fixture builder does (`-f lavfi testsrc`, `-c:v libx264`)[0m
2026-10-03T03:13:45.3513895Z [36;1m# is the cheapest assertion that what apt installed can do the one thing[0m
2026-10-03T03:13:45.3514347Z [36;1m# the suite needs, and it fails loudly if it cannot.[0m
2026-10-03T03:13:45.3514687Z [36;1mprobe_dir=$(mktemp -d)[0m
2026-10-03T03:13:45.3514999Z [36;1mffmpeg -hide_banner -loglevel error -f lavfi \[0m
2026-10-03T03:13:45.3515366Z [36;1m  -i testsrc=size=64x64:rate=10:duration=1 \[0m
2026-10-03T03:13:45.3515847Z [36;1m  -c:v libx264 -pix_fmt yuv420p -movflags +faststart -y "$probe_dir/probe.mp4"[0m
2026-10-03T03:13:45.3516523Z [36;1mcodec=$(ffprobe -v error -select_streams v:0 -show_entries stream=codec_name -of csv=p=0 "$probe_dir/probe.mp4")[0m
2026-10-03T03:13:45.3517280Z [36;1mrm -rf "$probe_dir"[0m
2026-10-03T03:13:45.3517536Z [36;1mif [ "$codec" != h264 ]; then[0m
2026-10-03T03:13:45.3518037Z [36;1m  echo "::error::ffmpeg is on PATH but encoded '$codec', not h264 — the video variant fixture cannot be built"[0m
2026-10-03T03:13:45.3518550Z [36;1m  exit 1[0m
2026-10-03T03:13:45.3518753Z [36;1mfi[0m
2026-10-03T03:13:45.3519081Z [36;1mecho "ffmpeg encodes h264 via lavfi: the video variant fixture can be built"[0m
2026-10-03T03:13:45.3754220Z shell: /usr/bin/bash -e {0}
2026-10-03T03:13:45.3754565Z ##[endgroup]
2026-10-03T03:13:45.4688536Z Get:1 file:/etc/apt/apt-mirrors.txt Mirrorlist [144 B]
2026-10-03T03:13:45.4984396Z Hit:2 http://azure.archive.ubuntu.com/ubuntu noble InRelease
2026-10-03T03:13:45.4996075Z Get:6 https://packages.microsoft.com/ubuntu/24.04/prod noble InRelease [3600 B]
2026-10-03T03:13:45.5016967Z Get:3 http://azure.archive.ubuntu.com/ubuntu noble-updates InRelease [126 kB]
2026-10-03T03:13:45.5033579Z Get:4 http://azure.archive.ubuntu.com/ubuntu noble-backports InRelease [126 kB]
2026-10-03T03:13:45.5073010Z Get:5 http://azure.archive.ubuntu.com/ubuntu noble-security InRelease [126 kB]
2026-10-03T03:13:45.6354646Z Get:7 https://packages.microsoft.com/ubuntu/24.04/prod noble/main arm64 Packages [458 kB]
2026-10-03T03:13:45.6511910Z Get:8 https://packages.microsoft.com/ubuntu/24.04/prod noble/main armhf Packages [12.6 kB]
2026-10-03T03:13:45.6521116Z Get:9 https://packages.microsoft.com/ubuntu/24.04/prod noble/main amd64 Packages [511 kB]
2026-10-03T03:13:45.6843721Z Get:10 http://azure.archive.ubuntu.com/ubuntu noble-updates/main amd64 Packages [1364 kB]
2026-10-03T03:13:45.6923493Z Get:11 http://azure.archive.ubuntu.com/ubuntu noble-updates/main Translation-en [304 kB]
2026-10-03T03:13:45.6961383Z Get:12 http://azure.archive.ubuntu.com/ubuntu noble-updates/main amd64 Components [180 kB]
2026-10-03T03:13:45.6992599Z Get:13 http://azure.archive.ubuntu.com/ubuntu noble-updates/universe amd64 Packages [1699 kB]
2026-10-03T03:13:45.7082283Z Get:14 http://azure.archive.ubuntu.com/ubuntu noble-updates/universe Translation-en [341 kB]
2026-10-03T03:13:45.7105023Z Get:15 http://azure.archive.ubuntu.com/ubuntu noble-updates/universe amd64 Components [388 kB]
2026-10-03T03:13:45.7141790Z Get:16 http://azure.archive.ubuntu.com/ubuntu noble-updates/restricted amd64 Packages [1720 kB]
2026-10-03T03:13:45.7233072Z Get:17 http://azure.archive.ubuntu.com/ubuntu noble-updates/restricted Translation-en [394 kB]
2026-10-03T03:13:45.7238552Z Get:18 http://azure.archive.ubuntu.com/ubuntu noble-updates/multiverse amd64 Components [940 B]
2026-10-03T03:13:45.7651741Z Get:19 http://azure.archive.ubuntu.com/ubuntu noble-backports/main amd64 Components [5764 B]
2026-10-03T03:13:45.8073695Z Get:20 http://azure.archive.ubuntu.com/ubuntu noble-backports/universe amd64 Components [12.6 kB]
2026-10-03T03:13:45.8316358Z Get:21 http://azure.archive.ubuntu.com/ubuntu noble-security/main amd64 Packages [1069 kB]
2026-10-03T03:13:45.8369587Z Get:22 http://azure.archive.ubuntu.com/ubuntu noble-security/main Translation-en [221 kB]
2026-10-03T03:13:45.8384492Z Get:23 http://azure.archive.ubuntu.com/ubuntu noble-security/main amd64 Components [46.3 kB]
2026-10-03T03:13:45.8394620Z Get:24 http://azure.archive.ubuntu.com/ubuntu noble-security/universe amd64 Packages [1216 kB]
2026-10-03T03:13:45.8474998Z Get:25 http://azure.archive.ubuntu.com/ubuntu noble-security/universe Translation-en [244 kB]
2026-10-03T03:13:45.8490116Z Get:26 http://azure.archive.ubuntu.com/ubuntu noble-security/universe amd64 Components [76.3 kB]
2026-10-03T03:13:45.8499989Z Get:27 http://azure.archive.ubuntu.com/ubuntu noble-security/restricted amd64 Packages [1566 kB]
2026-10-03T03:13:45.8585523Z Get:28 http://azure.archive.ubuntu.com/ubuntu noble-security/restricted Translation-en [361 kB]
2026-10-03T03:13:50.1277883Z Fetched 12.6 MB in 1s (9127 kB/s)
2026-10-03T03:13:50.9672697Z Reading package lists...
2026-10-03T03:13:50.9912502Z Reading package lists...
2026-10-03T03:13:51.1783986Z Building dependency tree...
2026-10-03T03:13:51.1791064Z Reading state information...
2026-10-03T03:13:51.3169928Z The following additional packages will be installed:
2026-10-03T03:13:51.3174115Z   libass9 libasyncns0 libavc1394-0 libavcodec60 libavdevice60 libavfilter9
2026-10-03T03:13:51.3175659Z   libavformat60 libavutil58 libblas3 libbluray2 libbs2b0 libcaca0
2026-10-03T03:13:51.3177095Z   libcdio-cdda2t64 libcdio-paranoia2t64 libcdio19t64 libchromaprint1 libcjson1
2026-10-03T03:13:51.3178466Z   libcodec2-1.2 libdav1d7 libdc1394-25 libdecor-0-0 libflac12t64 libflite1
2026-10-03T03:13:51.3179836Z   libgme0 libgsm1 libhwy1t64 libiec61883-0 libjack-jackd2-0 libjxl0.7
2026-10-03T03:13:51.3181421Z   liblapack3 liblilv-0-0 libmbedcrypto7t64 libmp3lame0 libmpg123-0t64
2026-10-03T03:13:51.3182804Z   libmysofa1 libopenal-data libopenal1 libopenmpt0t64 libopus0 libplacebo338
2026-10-03T03:13:51.3184165Z   libpocketsphinx3 libpostproc57 libpulse0 librav1e0 libraw1394-11 librist4
2026-10-03T03:13:51.3186237Z   librsvg2-2 librubberband2 libsamplerate0 libsdl2-2.0-0 libserd-0-0 libshine3
2026-10-03T03:13:51.3187369Z   libsndfile1 libsndio7.0 libsord-0-0 libsoxr0 libspeex1 libsphinxbase3t64
2026-10-03T03:13:51.3188303Z   libsratom-0-0 libsrt1.5-gnutls libssh-gcrypt-4 libsvtav1enc1d1
2026-10-03T03:13:51.3189382Z   libswresample4 libswscale7 libtheora0 libtwolame0 libudfread0 libunibreak5
2026-10-03T03:13:51.3190699Z   libva-drm2 libva-x11-2 libva2 libvdpau1 libvidstab1.1 libvorbisenc2 libvpl2
2026-10-03T03:13:51.3191714Z   libvpx9 libx264-164 libx265-199 libxcb-shape0 libxv1 libxvidcore4 libzimg2
2026-10-03T03:13:51.3192639Z   libzix-0-0 libzvbi-common libzvbi0t64 ocl-icd-libopencl1
2026-10-03T03:13:51.3193287Z Suggested packages:
2026-10-03T03:13:51.3193971Z   ffmpeg-doc libcuda1 libnvcuvid1 libnvidia-encode1 libbluray-bdj jackd2
2026-10-03T03:13:51.3195077Z   libportaudio2 opus-tools pulseaudio libraw1394-doc librsvg2-bin serdi sndiod
2026-10-03T03:13:51.3195901Z   sordi speex opencl-icd
2026-10-03T03:13:51.3196485Z Recommended packages:
2026-10-03T03:13:51.3197144Z   libaacs0 default-libdecor-0-plugin-1 | libdecor-0-plugin-1
2026-10-03T03:13:51.3198054Z   pocketsphinx-en-us librsvg2-common va-driver-all | va-driver
2026-10-03T03:13:51.3198876Z   vdpau-driver-all | vdpau-driver
2026-10-03T03:13:51.3561178Z The following NEW packages will be installed:
2026-10-03T03:13:51.3562204Z   ffmpeg libass9 libasyncns0 libavc1394-0 libavcodec60 libavdevice60
2026-10-03T03:13:51.3563105Z   libavfilter9 libavformat60 libavutil58 libblas3 libbluray2 libbs2b0 libcaca0
2026-10-03T03:13:51.3563907Z   libcdio-cdda2t64 libcdio-paranoia2t64 libcdio19t64 libchromaprint1 libcjson1
2026-10-03T03:13:51.3565084Z   libcodec2-1.2 libdav1d7 libdc1394-25 libdecor-0-0 libflac12t64 libflite1
2026-10-03T03:13:51.3565863Z   libgme0 libgsm1 libhwy1t64 libiec61883-0 libjack-jackd2-0 libjxl0.7
2026-10-03T03:13:51.3566895Z   liblapack3 liblilv-0-0 libmbedcrypto7t64 libmp3lame0 libmpg123-0t64
2026-10-03T03:13:51.3567868Z   libmysofa1 libopenal-data libopenal1 libopenmpt0t64 libopus0 libplacebo338
2026-10-03T03:13:51.3568860Z   libpocketsphinx3 libpostproc57 libpulse0 librav1e0 libraw1394-11 librist4
2026-10-03T03:13:51.3569897Z   librsvg2-2 librubberband2 libsamplerate0 libsdl2-2.0-0 libserd-0-0 libshine3
2026-10-03T03:13:51.3571037Z   libsndfile1 libsndio7.0 libsord-0-0 libsoxr0 libspeex1 libsphinxbase3t64
2026-10-03T03:13:51.3571731Z   libsratom-0-0 libsrt1.5-gnutls libssh-gcrypt-4 libsvtav1enc1d1
2026-10-03T03:13:51.3572422Z   libswresample4 libswscale7 libtheora0 libtwolame0 libudfread0 libunibreak5
2026-10-03T03:13:51.3573179Z   libva-drm2 libva-x11-2 libva2 libvdpau1 libvidstab1.1 libvorbisenc2 libvpl2
2026-10-03T03:13:51.3573903Z   libvpx9 libx264-164 libx265-199 libxcb-shape0 libxv1 libxvidcore4 libzimg2
2026-10-03T03:13:51.3574550Z   libzix-0-0 libzvbi-common libzvbi0t64 ocl-icd-libopencl1
2026-10-03T03:13:51.3763189Z 0 upgraded, 87 newly installed, 0 to remove and 25 not upgraded.
2026-10-03T03:13:51.3763665Z Need to get 62.8 MB of archives.
2026-10-03T03:13:51.3764408Z After this operation, 173 MB of additional disk space will be used.
2026-10-03T03:13:51.3764906Z Get:1 file:/etc/apt/apt-mirrors.txt Mirrorlist [144 B]
2026-10-03T03:13:51.5361826Z Get:2 http://azure.archive.ubuntu.com/ubuntu noble-updates/universe amd64 libva2 amd64 2.20.0-2ubuntu0.2 [66.4 kB]
2026-10-03T03:13:51.7842208Z Get:3 http://azure.archive.ubuntu.com/ubuntu noble-updates/universe amd64 libva-drm2 amd64 2.20.0-2ubuntu0.2 [7124 B]
2026-10-03T03:13:51.8606485Z Get:4 http://azure.archive.ubuntu.com/ubuntu noble-updates/universe amd64 libva-x11-2 amd64 2.20.0-2ubuntu0.2 [12.0 kB]
2026-10-03T03:13:51.9392934Z Get:5 http://azure.archive.ubuntu.com/ubuntu noble/main amd64 libvdpau1 amd64 1.5-2build1 [27.8 kB]
2026-10-03T03:13:52.0312408Z Get:6 http://azure.archive.ubuntu.com/ubuntu noble/universe amd64 libvpl2 amd64 2023.3.0-1build1 [99.8 kB]
2026-10-03T03:13:52.1804448Z Get:7 http://azure.archive.ubuntu.com/ubuntu noble/universe amd64 ocl-icd-libopencl1 amd64 2.3.2-1build1 [38.5 kB]
2026-10-03T03:13:52.2623764Z Get:8 http://azure.archive.ubuntu.com/ubuntu noble/universe amd64 libavutil58 amd64 7:6.1.1-3ubuntu5 [401 kB]
2026-10-03T03:13:52.4626836Z Get:9 http://azure.archive.ubuntu.com/ubuntu noble/universe amd64 libcodec2-1.2 amd64 1.2.0-2build1 [8998 kB]
2026-10-03T03:13:52.8943484Z Get:10 http://azure.archive.ubuntu.com/ubuntu noble/universe amd64 libdav1d7 amd64 1.4.1-1build1 [604 kB]
2026-10-03T03:13:52.9710625Z Get:11 http://azure.archive.ubuntu.com/ubuntu noble/universe amd64 libgsm1 amd64 1.0.22-1build1 [27.8 kB]
2026-10-03T03:13:53.0436997Z Get:12 http://azure.archive.ubuntu.com/ubuntu noble/universe amd64 libhwy1t64 amd64 1.0.7-8.1build1 [584 kB]
2026-10-03T03:13:53.1202298Z Get:13 http://azure.archive.ubuntu.com/ubuntu noble-updates/universe amd64 libjxl0.7 amd64 0.7.0-10.2ubuntu6.1 [1001 kB]
2026-10-03T03:13:53.1998285Z Get:14 http://azure.archive.ubuntu.com/ubuntu noble/main amd64 libmp3lame0 amd64 3.100-6build1 [142 kB]
2026-10-03T03:13:53.2734404Z Get:15 http://azure.archive.ubuntu.com/ubuntu noble/main amd64 libopus0 amd64 1.4-1build1 [208 kB]
2026-10-03T03:13:53.3468171Z Get:16 http://azure.archive.ubuntu.com/ubuntu noble/universe amd64 librav1e0 amd64 0.7.1-2 [1022 kB]
2026-10-03T03:13:53.4268636Z Get:17 http://azure.archive.ubuntu.com/ubuntu noble/main amd64 librsvg2-2 amd64 2.58.0+dfsg-1build1 [2135 kB]
2026-10-03T03:13:53.5158626Z Get:18 http://azure.archive.ubuntu.com/ubuntu noble/universe amd64 libshine3 amd64 3.1.1-2build1 [23.2 kB]
2026-10-03T03:13:53.5884830Z Get:19 http://azure.archive.ubuntu.com/ubuntu noble-updates/main amd64 libspeex1 amd64 1.2.1-2ubuntu2.24.04.1 [59.6 kB]
2026-10-03T03:13:53.6615751Z Get:20 http://azure.archive.ubuntu.com/ubuntu noble/universe amd64 libsvtav1enc1d1 amd64 1.7.0+dfsg-2build1 [2425 kB]
2026-10-03T03:13:53.7526587Z Get:21 http://azure.archive.ubuntu.com/ubuntu noble/universe amd64 libsoxr0 amd64 0.1.3-4build3 [80.0 kB]
2026-10-03T03:13:53.8255815Z Get:22 http://azure.archive.ubuntu.com/ubuntu noble/universe amd64 libswresample4 amd64 7:6.1.1-3ubuntu5 [63.8 kB]
2026-10-03T03:13:53.8985768Z Get:23 http://azure.archive.ubuntu.com/ubuntu noble/main amd64 libtheora0 amd64 1.1.1+dfsg.1-16.1build3 [211 kB]
2026-10-03T03:13:53.9721303Z Get:24 http://azure.archive.ubuntu.com/ubuntu noble/main amd64 libtwolame0 amd64 0.4.0-2build3 [52.3 kB]
2026-10-03T03:13:54.0447669Z Get:25 http://azure.archive.ubuntu.com/ubuntu noble/main amd64 libvorbisenc2 amd64 1.3.7-1build3 [80.8 kB]
2026-10-03T03:13:54.1175854Z Get:26 http://azure.archive.ubuntu.com/ubuntu noble-updates/main amd64 libvpx9 amd64 1.14.0-1ubuntu2.3 [1143 kB]
2026-10-03T03:13:54.1985692Z Get:27 http://azure.archive.ubuntu.com/ubuntu noble/universe amd64 libx264-164 amd64 2:0.164.3108+git31e19f9-1 [604 kB]
2026-10-03T03:13:54.2752574Z Get:28 http://azure.archive.ubuntu.com/ubuntu noble/universe amd64 libx265-199 amd64 3.5-2build1 [1226 kB]
2026-10-03T03:13:54.3635474Z Get:29 http://azure.archive.ubuntu.com/ubuntu noble/universe amd64 libxvidcore4 amd64 2:1.3.7-1build1 [219 kB]
2026-10-03T03:13:54.4369284Z Get:30 http://azure.archive.ubuntu.com/ubuntu noble/universe amd64 libzvbi-common all 0.2.42-2 [42.4 kB]
2026-10-03T03:13:54.5096021Z Get:31 http://azure.archive.ubuntu.com/ubuntu noble/universe amd64 libzvbi0t64 amd64 0.2.42-2 [261 kB]
2026-10-03T03:13:54.5836169Z Get:32 http://azure.archive.ubuntu.com/ubuntu noble/universe amd64 libavcodec60 amd64 7:6.1.1-3ubuntu5 [5851 kB]
2026-10-03T03:13:54.7494738Z Get:33 http://azure.archive.ubuntu.com/ubuntu noble/main amd64 libraw1394-11 amd64 2.1.2-2build3 [26.2 kB]
2026-10-03T03:13:54.8220739Z Get:34 http://azure.archive.ubuntu.com/ubuntu noble/main amd64 libavc1394-0 amd64 0.5.4-5build3 [15.4 kB]
2026-10-03T03:13:54.8943138Z Get:35 http://azure.archive.ubuntu.com/ubuntu noble/universe amd64 libunibreak5 amd64 5.1-2build1 [25.0 kB]
2026-10-03T03:13:54.9666651Z Get:36 http://azure.archive.ubuntu.com/ubuntu noble/universe amd64 libass9 amd64 1:0.17.1-2build1 [104 kB]
2026-10-03T03:13:55.0399343Z Get:37 http://azure.archive.ubuntu.com/ubuntu noble/universe amd64 libudfread0 amd64 1.1.2-1build1 [19.0 kB]
2026-10-03T03:13:55.1125602Z Get:38 http://azure.archive.ubuntu.com/ubuntu noble/universe amd64 libbluray2 amd64 1:1.3.4-1build1 [159 kB]
2026-10-03T03:13:55.1858106Z Get:39 http://azure.archive.ubuntu.com/ubuntu noble/universe amd64 libchromaprint1 amd64 1.5.1-5 [30.5 kB]
2026-10-03T03:13:55.2579628Z Get:40 http://azure.archive.ubuntu.com/ubuntu noble/universe amd64 libgme0 amd64 0.6.3-7build1 [134 kB]
2026-10-03T03:13:55.3310037Z Get:41 http://azure.archive.ubuntu.com/ubuntu noble-updates/main amd64 libmpg123-0t64 amd64 1.32.5-1ubuntu1.1 [169 kB]
2026-10-03T03:13:55.4047225Z Get:42 http://azure.archive.ubuntu.com/ubuntu noble/universe amd64 libopenmpt0t64 amd64 0.7.3-1.1build3 [647 kB]
2026-10-03T03:13:55.4816303Z Get:43 http://azure.archive.ubuntu.com/ubuntu noble/universe amd64 libcjson1 amd64 1.7.17-1 [24.8 kB]
2026-10-03T03:13:55.5541176Z Get:44 http://azure.archive.ubuntu.com/ubuntu noble/universe amd64 libmbedcrypto7t64 amd64 2.28.8-1 [209 kB]
2026-10-03T03:13:55.6277537Z Get:45 http://azure.archive.ubuntu.com/ubuntu noble/universe amd64 librist4 amd64 0.2.10+dfsg-2 [74.9 kB]
2026-10-03T03:13:55.7005718Z Get:46 http://azure.archive.ubuntu.com/ubuntu noble/universe amd64 libsrt1.5-gnutls amd64 1.5.3-1build2 [316 kB]
2026-10-03T03:13:55.7751037Z Get:47 http://azure.archive.ubuntu.com/ubuntu noble-updates/main amd64 libssh-gcrypt-4 amd64 0.10.6-2ubuntu0.5 [226 kB]
2026-10-03T03:13:55.8486788Z Get:48 http://azure.archive.ubuntu.com/ubuntu noble/universe amd64 libavformat60 amd64 7:6.1.1-3ubuntu5 [1153 kB]
2026-10-03T03:13:55.9299153Z Get:49 http://azure.archive.ubuntu.com/ubuntu noble/universe amd64 libbs2b0 amd64 3.1.0+dfsg-7build1 [10.6 kB]
2026-10-03T03:13:56.0023898Z Get:50 http://azure.archive.ubuntu.com/ubuntu noble/universe amd64 libflite1 amd64 2.2-6build3 [13.6 MB]
2026-10-03T03:13:56.3899684Z Get:51 http://azure.archive.ubuntu.com/ubuntu noble/universe amd64 libserd-0-0 amd64 0.32.2-1 [43.6 kB]
2026-10-03T03:13:56.4632519Z Get:52 http://azure.archive.ubuntu.com/ubuntu noble/universe amd64 libzix-0-0 amd64 0.4.2-2build1 [23.6 kB]
2026-10-03T03:13:56.5358410Z Get:53 http://azure.archive.ubuntu.com/ubuntu noble/universe amd64 libsord-0-0 amd64 0.16.16-2build1 [15.8 kB]
2026-10-03T03:13:56.6087134Z Get:54 http://azure.archive.ubuntu.com/ubuntu noble/universe amd64 libsratom-0-0 amd64 0.6.16-1build1 [17.3 kB]
2026-10-03T03:13:56.6813293Z Get:55 http://azure.archive.ubuntu.com/ubuntu noble/universe amd64 liblilv-0-0 amd64 0.24.22-1build1 [41.0 kB]
2026-10-03T03:13:56.7542273Z Get:56 http://azure.archive.ubuntu.com/ubuntu noble/universe amd64 libmysofa1 amd64 1.3.2+dfsg-2ubuntu2 [1158 kB]
2026-10-03T03:13:56.8545039Z Get:57 http://azure.archive.ubuntu.com/ubuntu noble/universe amd64 libplacebo338 amd64 6.338.2-2build1 [2654 kB]
2026-10-03T03:13:57.0265471Z Get:58 http://azure.archive.ubuntu.com/ubuntu noble-updates/main amd64 libblas3 amd64 3.12.0-3build1.1 [238 kB]
2026-10-03T03:13:57.1034754Z Get:59 http://azure.archive.ubuntu.com/ubuntu noble-updates/main amd64 liblapack3 amd64 3.12.0-3build1.1 [2646 kB]
2026-10-03T03:13:57.2362376Z Get:60 http://azure.archive.ubuntu.com/ubuntu noble/main amd64 libasyncns0 amd64 0.8-6build4 [11.3 kB]
2026-10-03T03:13:57.3086961Z Get:61 http://azure.archive.ubuntu.com/ubuntu noble/main amd64 libflac12t64 amd64 1.4.3+ds-2.1ubuntu2 [197 kB]
2026-10-03T03:13:57.3848418Z Get:62 http://azure.archive.ubuntu.com/ubuntu noble-updates/main amd64 libsndfile1 amd64 1.2.2-1ubuntu5.24.04.1 [209 kB]
2026-10-03T03:13:57.4617851Z Get:63 http://azure.archive.ubuntu.com/ubuntu noble-updates/main amd64 libpulse0 amd64 1:16.1+dfsg1-2ubuntu10.1 [292 kB]
2026-10-03T03:13:57.5398259Z Get:64 http://azure.archive.ubuntu.com/ubuntu noble/universe amd64 libsphinxbase3t64 amd64 0.8+5prealpha+1-17build2 [126 kB]
2026-10-03T03:13:57.6143404Z Get:65 http://azure.archive.ubuntu.com/ubuntu noble/universe amd64 libpocketsphinx3 amd64 0.8.0+real5prealpha+1-15ubuntu5 [133 kB]
2026-10-03T03:13:57.6889131Z Get:66 http://azure.archive.ubuntu.com/ubuntu noble/universe amd64 libpostproc57 amd64 7:6.1.1-3ubuntu5 [49.9 kB]
2026-10-03T03:13:57.7615704Z Get:67 http://azure.archive.ubuntu.com/ubuntu noble/main amd64 libsamplerate0 amd64 0.2.2-4build1 [1344 kB]
2026-10-03T03:13:57.8655427Z Get:68 http://azure.archive.ubuntu.com/ubuntu noble/universe amd64 librubberband2 amd64 3.3.0+dfsg-2build1 [130 kB]
2026-10-03T03:13:57.9397141Z Get:69 http://azure.archive.ubuntu.com/ubuntu noble/universe amd64 libswscale7 amd64 7:6.1.1-3ubuntu5 [193 kB]
2026-10-03T03:13:58.0158701Z Get:70 http://azure.archive.ubuntu.com/ubuntu noble/universe amd64 libvidstab1.1 amd64 1.1.0-2build1 [38.5 kB]
2026-10-03T03:13:58.0887272Z Get:71 http://azure.archive.ubuntu.com/ubuntu noble/universe amd64 libzimg2 amd64 3.0.5+ds1-1build1 [254 kB]
2026-10-03T03:13:58.1657129Z Get:72 http://azure.archive.ubuntu.com/ubuntu noble/universe amd64 libavfilter9 amd64 7:6.1.1-3ubuntu5 [4235 kB]
2026-10-03T03:13:58.3384984Z Get:73 http://azure.archive.ubuntu.com/ubuntu noble-updates/main amd64 libcaca0 amd64 0.99.beta20-4ubuntu0.2 [209 kB]
2026-10-03T03:13:58.4155318Z Get:74 http://azure.archive.ubuntu.com/ubuntu noble-updates/main amd64 libcdio19t64 amd64 2.1.0-4.1ubuntu1.2 [62.4 kB]
2026-10-03T03:13:58.4881980Z Get:75 http://azure.archive.ubuntu.com/ubuntu noble/main amd64 libcdio-cdda2t64 amd64 10.2+2.0.1-1.1build2 [16.5 kB]
2026-10-03T03:13:58.5613138Z Get:76 http://azure.archive.ubuntu.com/ubuntu noble/main amd64 libcdio-paranoia2t64 amd64 10.2+2.0.1-1.1build2 [16.6 kB]
2026-10-03T03:13:58.6346453Z Get:77 http://azure.archive.ubuntu.com/ubuntu noble/universe amd64 libdc1394-25 amd64 2.2.6-4build1 [90.1 kB]
2026-10-03T03:13:58.7083705Z Get:78 http://azure.archive.ubuntu.com/ubuntu noble/main amd64 libiec61883-0 amd64 1.2.0-6build1 [24.5 kB]
2026-10-03T03:13:58.7815267Z Get:79 http://azure.archive.ubuntu.com/ubuntu noble/main amd64 libjack-jackd2-0 amd64 1.9.21~dfsg-3ubuntu3 [289 kB]
2026-10-03T03:13:58.8566881Z Get:80 http://azure.archive.ubuntu.com/ubuntu noble/universe amd64 libopenal-data all 1:1.23.1-4build1 [161 kB]
2026-10-03T03:13:58.9308209Z Get:81 http://azure.archive.ubuntu.com/ubuntu noble/universe amd64 libsndio7.0 amd64 1.9.0-0.3build3 [29.6 kB]
2026-10-03T03:13:59.0067553Z Get:82 http://azure.archive.ubuntu.com/ubuntu noble/universe amd64 libopenal1 amd64 1:1.23.1-4build1 [540 kB]
2026-10-03T03:13:59.0835096Z Get:83 http://azure.archive.ubuntu.com/ubuntu noble/main amd64 libdecor-0-0 amd64 0.2.2-1build2 [16.5 kB]
2026-10-03T03:13:59.1566845Z Get:84 http://azure.archive.ubuntu.com/ubuntu noble-updates/main amd64 libsdl2-2.0-0 amd64 2.30.0+dfsg-1ubuntu3.1 [686 kB]
2026-10-03T03:13:59.2305221Z Get:85 http://azure.archive.ubuntu.com/ubuntu noble/main amd64 libxcb-shape0 amd64 1.15-1ubuntu2 [6100 B]
2026-10-03T03:13:59.2991431Z Get:86 http://azure.archive.ubuntu.com/ubuntu noble/main amd64 libxv1 amd64 2:1.0.11-1.1build1 [10.7 kB]
2026-10-03T03:13:59.3678133Z Get:87 http://azure.archive.ubuntu.com/ubuntu noble/universe amd64 libavdevice60 amd64 7:6.1.1-3ubuntu5 [82.3 kB]
2026-10-03T03:13:59.4371681Z Get:88 http://azure.archive.ubuntu.com/ubuntu noble/universe amd64 ffmpeg amd64 7:6.1.1-3ubuntu5 [1879 kB]
2026-10-03T03:13:59.7899448Z Fetched 62.8 MB in 8s (7747 kB/s)
2026-10-03T03:13:59.8131424Z Selecting previously unselected package libva2:amd64.
2026-10-03T03:13:59.8406022Z (Reading database ... 
2026-10-03T03:13:59.8406676Z (Reading database ... 5%
2026-10-03T03:13:59.8407012Z (Reading database ... 10%
2026-10-03T03:13:59.8407319Z (Reading database ... 15%
2026-10-03T03:13:59.8407616Z (Reading database ... 20%
2026-10-03T03:13:59.8407891Z (Reading database ... 25%
2026-10-03T03:13:59.8408175Z (Reading database ... 30%
2026-10-03T03:13:59.8408446Z (Reading database ... 35%
2026-10-03T03:13:59.8408717Z (Reading database ... 40%
2026-10-03T03:13:59.8408993Z (Reading database ... 45%
2026-10-03T03:13:59.8409280Z (Reading database ... 50%
2026-10-03T03:13:59.8455205Z (Reading database ... 55%
2026-10-03T03:13:59.9440349Z (Reading database ... 60%
2026-10-03T03:14:00.1941364Z (Reading database ... 65%
2026-10-03T03:14:00.3961938Z (Reading database ... 70%
2026-10-03T03:14:00.5476622Z (Reading database ... 75%
2026-10-03T03:14:00.6825695Z (Reading database ... 80%
2026-10-03T03:14:00.8440097Z (Reading database ... 85%
2026-10-03T03:14:00.9899686Z (Reading database ... 90%
2026-10-03T03:14:01.1089564Z (Reading database ... 95%
2026-10-03T03:14:01.1090146Z (Reading database ... 100%
2026-10-03T03:14:01.1091282Z (Reading database ... 202296 files and directories currently installed.)
2026-10-03T03:14:01.1134289Z Preparing to unpack .../00-libva2_2.20.0-2ubuntu0.2_amd64.deb ...
2026-10-03T03:14:01.1166896Z Unpacking libva2:amd64 (2.20.0-2ubuntu0.2) ...
2026-10-03T03:14:01.1382989Z Selecting previously unselected package libva-drm2:amd64.
2026-10-03T03:14:01.1509782Z Preparing to unpack .../01-libva-drm2_2.20.0-2ubuntu0.2_amd64.deb ...
2026-10-03T03:14:01.1516318Z Unpacking libva-drm2:amd64 (2.20.0-2ubuntu0.2) ...
2026-10-03T03:14:01.1717490Z Selecting previously unselected package libva-x11-2:amd64.
2026-10-03T03:14:01.1843761Z Preparing to unpack .../02-libva-x11-2_2.20.0-2ubuntu0.2_amd64.deb ...
2026-10-03T03:14:01.1851099Z Unpacking libva-x11-2:amd64 (2.20.0-2ubuntu0.2) ...
2026-10-03T03:14:01.2051088Z Selecting previously unselected package libvdpau1:amd64.
2026-10-03T03:14:01.2177316Z Preparing to unpack .../03-libvdpau1_1.5-2build1_amd64.deb ...
2026-10-03T03:14:01.2184813Z Unpacking libvdpau1:amd64 (1.5-2build1) ...
2026-10-03T03:14:01.2393031Z Selecting previously unselected package libvpl2.
2026-10-03T03:14:01.2519962Z Preparing to unpack .../04-libvpl2_2023.3.0-1build1_amd64.deb ...
2026-10-03T03:14:01.2526529Z Unpacking libvpl2 (2023.3.0-1build1) ...
2026-10-03T03:14:01.2740794Z Selecting previously unselected package ocl-icd-libopencl1:amd64.
2026-10-03T03:14:01.2865703Z Preparing to unpack .../05-ocl-icd-libopencl1_2.3.2-1build1_amd64.deb ...
2026-10-03T03:14:01.2872818Z Unpacking ocl-icd-libopencl1:amd64 (2.3.2-1build1) ...
2026-10-03T03:14:01.3109503Z Selecting previously unselected package libavutil58:amd64.
2026-10-03T03:14:01.3234904Z Preparing to unpack .../06-libavutil58_7%3a6.1.1-3ubuntu5_amd64.deb ...
2026-10-03T03:14:01.3242300Z Unpacking libavutil58:amd64 (7:6.1.1-3ubuntu5) ...
2026-10-03T03:14:01.3481129Z Selecting previously unselected package libcodec2-1.2:amd64.
2026-10-03T03:14:01.3605694Z Preparing to unpack .../07-libcodec2-1.2_1.2.0-2build1_amd64.deb ...
2026-10-03T03:14:01.3614125Z Unpacking libcodec2-1.2:amd64 (1.2.0-2build1) ...
2026-10-03T03:14:01.4352041Z Selecting previously unselected package libdav1d7:amd64.
2026-10-03T03:14:01.4482008Z Preparing to unpack .../08-libdav1d7_1.4.1-1build1_amd64.deb ...
2026-10-03T03:14:01.4489440Z Unpacking libdav1d7:amd64 (1.4.1-1build1) ...
2026-10-03T03:14:01.4751679Z Selecting previously unselected package libgsm1:amd64.
2026-10-03T03:14:01.4880552Z Preparing to unpack .../09-libgsm1_1.0.22-1build1_amd64.deb ...
2026-10-03T03:14:01.4887172Z Unpacking libgsm1:amd64 (1.0.22-1build1) ...
2026-10-03T03:14:01.5085117Z Selecting previously unselected package libhwy1t64:amd64.
2026-10-03T03:14:01.5211676Z Preparing to unpack .../10-libhwy1t64_1.0.7-8.1build1_amd64.deb ...
2026-10-03T03:14:01.5218409Z Unpacking libhwy1t64:amd64 (1.0.7-8.1build1) ...
2026-10-03T03:14:01.5532803Z Selecting previously unselected package libjxl0.7:amd64.
2026-10-03T03:14:01.5668657Z Preparing to unpack .../11-libjxl0.7_0.7.0-10.2ubuntu6.1_amd64.deb ...
2026-10-03T03:14:01.5676222Z Unpacking libjxl0.7:amd64 (0.7.0-10.2ubuntu6.1) ...
2026-10-03T03:14:01.6016910Z Selecting previously unselected package libmp3lame0:amd64.
2026-10-03T03:14:01.6145675Z Preparing to unpack .../12-libmp3lame0_3.100-6build1_amd64.deb ...
2026-10-03T03:14:01.6152377Z Unpacking libmp3lame0:amd64 (3.100-6build1) ...
2026-10-03T03:14:01.6361021Z Selecting previously unselected package libopus0:amd64.
2026-10-03T03:14:01.6488402Z Preparing to unpack .../13-libopus0_1.4-1build1_amd64.deb ...
2026-10-03T03:14:01.6494725Z Unpacking libopus0:amd64 (1.4-1build1) ...
2026-10-03T03:14:01.6708245Z Selecting previously unselected package librav1e0:amd64.
2026-10-03T03:14:01.6835821Z Preparing to unpack .../14-librav1e0_0.7.1-2_amd64.deb ...
2026-10-03T03:14:01.6842585Z Unpacking librav1e0:amd64 (0.7.1-2) ...
2026-10-03T03:14:01.7205182Z Selecting previously unselected package librsvg2-2:amd64.
2026-10-03T03:14:01.7336100Z Preparing to unpack .../15-librsvg2-2_2.58.0+dfsg-1build1_amd64.deb ...
2026-10-03T03:14:01.7344882Z Unpacking librsvg2-2:amd64 (2.58.0+dfsg-1build1) ...
2026-10-03T03:14:01.7811048Z Selecting previously unselected package libshine3:amd64.
2026-10-03T03:14:01.7942122Z Preparing to unpack .../16-libshine3_3.1.1-2build1_amd64.deb ...
2026-10-03T03:14:01.7950032Z Unpacking libshine3:amd64 (3.1.1-2build1) ...
2026-10-03T03:14:01.8151410Z Selecting previously unselected package libspeex1:amd64.
2026-10-03T03:14:01.8279506Z Preparing to unpack .../17-libspeex1_1.2.1-2ubuntu2.24.04.1_amd64.deb ...
2026-10-03T03:14:01.8286796Z Unpacking libspeex1:amd64 (1.2.1-2ubuntu2.24.04.1) ...
2026-10-03T03:14:01.8509264Z Selecting previously unselected package libsvtav1enc1d1:amd64.
2026-10-03T03:14:01.8637436Z Preparing to unpack .../18-libsvtav1enc1d1_1.7.0+dfsg-2build1_amd64.deb ...
2026-10-03T03:14:01.8649197Z Unpacking libsvtav1enc1d1:amd64 (1.7.0+dfsg-2build1) ...
2026-10-03T03:14:01.9142017Z Selecting previously unselected package libsoxr0:amd64.
2026-10-03T03:14:01.9267662Z Preparing to unpack .../19-libsoxr0_0.1.3-4build3_amd64.deb ...
2026-10-03T03:14:01.9277236Z Unpacking libsoxr0:amd64 (0.1.3-4build3) ...
2026-10-03T03:14:01.9514173Z Selecting previously unselected package libswresample4:amd64.
2026-10-03T03:14:01.9642905Z Preparing to unpack .../20-libswresample4_7%3a6.1.1-3ubuntu5_amd64.deb ...
2026-10-03T03:14:01.9650455Z Unpacking libswresample4:amd64 (7:6.1.1-3ubuntu5) ...
2026-10-03T03:14:01.9861434Z Selecting previously unselected package libtheora0:amd64.
2026-10-03T03:14:01.9988561Z Preparing to unpack .../21-libtheora0_1.1.1+dfsg.1-16.1build3_amd64.deb ...
2026-10-03T03:14:01.9995742Z Unpacking libtheora0:amd64 (1.1.1+dfsg.1-16.1build3) ...
2026-10-03T03:14:02.0225646Z Selecting previously unselected package libtwolame0:amd64.
2026-10-03T03:14:02.0353677Z Preparing to unpack .../22-libtwolame0_0.4.0-2build3_amd64.deb ...
2026-10-03T03:14:02.0361084Z Unpacking libtwolame0:amd64 (0.4.0-2build3) ...
2026-10-03T03:14:02.0571322Z Selecting previously unselected package libvorbisenc2:amd64.
2026-10-03T03:14:02.0701067Z Preparing to unpack .../23-libvorbisenc2_1.3.7-1build3_amd64.deb ...
2026-10-03T03:14:02.0711250Z Unpacking libvorbisenc2:amd64 (1.3.7-1build3) ...
2026-10-03T03:14:02.0933869Z Selecting previously unselected package libvpx9:amd64.
2026-10-03T03:14:02.1062442Z Preparing to unpack .../24-libvpx9_1.14.0-1ubuntu2.3_amd64.deb ...
2026-10-03T03:14:02.1069688Z Unpacking libvpx9:amd64 (1.14.0-1ubuntu2.3) ...
2026-10-03T03:14:02.1398066Z Selecting previously unselected package libx264-164:amd64.
2026-10-03T03:14:02.1528798Z Preparing to unpack .../25-libx264-164_2%3a0.164.3108+git31e19f9-1_amd64.deb ...
2026-10-03T03:14:02.1537220Z Unpacking libx264-164:amd64 (2:0.164.3108+git31e19f9-1) ...
2026-10-03T03:14:02.1815031Z Selecting previously unselected package libx265-199:amd64.
2026-10-03T03:14:02.1945585Z Preparing to unpack .../26-libx265-199_3.5-2build1_amd64.deb ...
2026-10-03T03:14:02.1953889Z Unpacking libx265-199:amd64 (3.5-2build1) ...
2026-10-03T03:14:02.2620996Z Selecting previously unselected package libxvidcore4:amd64.
2026-10-03T03:14:02.2750174Z Preparing to unpack .../27-libxvidcore4_2%3a1.3.7-1build1_amd64.deb ...
2026-10-03T03:14:02.2757250Z Unpacking libxvidcore4:amd64 (2:1.3.7-1build1) ...
2026-10-03T03:14:02.2972842Z Selecting previously unselected package libzvbi-common.
2026-10-03T03:14:02.3099880Z Preparing to unpack .../28-libzvbi-common_0.2.42-2_all.deb ...
2026-10-03T03:14:02.3105912Z Unpacking libzvbi-common (0.2.42-2) ...
2026-10-03T03:14:02.3395032Z Selecting previously unselected package libzvbi0t64:amd64.
2026-10-03T03:14:02.3522095Z Preparing to unpack .../29-libzvbi0t64_0.2.42-2_amd64.deb ...
2026-10-03T03:14:02.3529330Z Unpacking libzvbi0t64:amd64 (0.2.42-2) ...
2026-10-03T03:14:02.3765539Z Selecting previously unselected package libavcodec60:amd64.
2026-10-03T03:14:02.3894242Z Preparing to unpack .../30-libavcodec60_7%3a6.1.1-3ubuntu5_amd64.deb ...
2026-10-03T03:14:02.3902500Z Unpacking libavcodec60:amd64 (7:6.1.1-3ubuntu5) ...
2026-10-03T03:14:02.4752727Z Selecting previously unselected package libraw1394-11:amd64.
2026-10-03T03:14:02.4879633Z Preparing to unpack .../31-libraw1394-11_2.1.2-2build3_amd64.deb ...
2026-10-03T03:14:02.4887595Z Unpacking libraw1394-11:amd64 (2.1.2-2build3) ...
2026-10-03T03:14:02.5094544Z Selecting previously unselected package libavc1394-0:amd64.
2026-10-03T03:14:02.5217989Z Preparing to unpack .../32-libavc1394-0_0.5.4-5build3_amd64.deb ...
2026-10-03T03:14:02.5226017Z Unpacking libavc1394-0:amd64 (0.5.4-5build3) ...
2026-10-03T03:14:02.5427018Z Selecting previously unselected package libunibreak5:amd64.
2026-10-03T03:14:02.5553779Z Preparing to unpack .../33-libunibreak5_5.1-2build1_amd64.deb ...
2026-10-03T03:14:02.5562323Z Unpacking libunibreak5:amd64 (5.1-2build1) ...
2026-10-03T03:14:02.5757700Z Selecting previously unselected package libass9:amd64.
2026-10-03T03:14:02.5882607Z Preparing to unpack .../34-libass9_1%3a0.17.1-2build1_amd64.deb ...
2026-10-03T03:14:02.5888604Z Unpacking libass9:amd64 (1:0.17.1-2build1) ...
2026-10-03T03:14:02.6091777Z Selecting previously unselected package libudfread0:amd64.
2026-10-03T03:14:02.6217450Z Preparing to unpack .../35-libudfread0_1.1.2-1build1_amd64.deb ...
2026-10-03T03:14:02.6224105Z Unpacking libudfread0:amd64 (1.1.2-1build1) ...
2026-10-03T03:14:02.6426459Z Selecting previously unselected package libbluray2:amd64.
2026-10-03T03:14:02.6553358Z Preparing to unpack .../36-libbluray2_1%3a1.3.4-1build1_amd64.deb ...
2026-10-03T03:14:02.6559656Z Unpacking libbluray2:amd64 (1:1.3.4-1build1) ...
2026-10-03T03:14:02.6769682Z Selecting previously unselected package libchromaprint1:amd64.
2026-10-03T03:14:02.6897806Z Preparing to unpack .../37-libchromaprint1_1.5.1-5_amd64.deb ...
2026-10-03T03:14:02.6906106Z Unpacking libchromaprint1:amd64 (1.5.1-5) ...
2026-10-03T03:14:02.7112979Z Selecting previously unselected package libgme0:amd64.
2026-10-03T03:14:02.7239443Z Preparing to unpack .../38-libgme0_0.6.3-7build1_amd64.deb ...
2026-10-03T03:14:02.7246549Z Unpacking libgme0:amd64 (0.6.3-7build1) ...
2026-10-03T03:14:02.7459874Z Selecting previously unselected package libmpg123-0t64:amd64.
2026-10-03T03:14:02.7587631Z Preparing to unpack .../39-libmpg123-0t64_1.32.5-1ubuntu1.1_amd64.deb ...
2026-10-03T03:14:02.7595181Z Unpacking libmpg123-0t64:amd64 (1.32.5-1ubuntu1.1) ...
2026-10-03T03:14:02.7816077Z Selecting previously unselected package libopenmpt0t64:amd64.
2026-10-03T03:14:02.7944896Z Preparing to unpack .../40-libopenmpt0t64_0.7.3-1.1build3_amd64.deb ...
2026-10-03T03:14:02.7950596Z Unpacking libopenmpt0t64:amd64 (0.7.3-1.1build3) ...
2026-10-03T03:14:02.8228648Z Selecting previously unselected package libcjson1:amd64.
2026-10-03T03:14:02.8356793Z Preparing to unpack .../41-libcjson1_1.7.17-1_amd64.deb ...
2026-10-03T03:14:02.8362871Z Unpacking libcjson1:amd64 (1.7.17-1) ...
2026-10-03T03:14:02.8559912Z Selecting previously unselected package libmbedcrypto7t64:amd64.
2026-10-03T03:14:02.8687534Z Preparing to unpack .../42-libmbedcrypto7t64_2.28.8-1_amd64.deb ...
2026-10-03T03:14:02.8694497Z Unpacking libmbedcrypto7t64:amd64 (2.28.8-1) ...
2026-10-03T03:14:02.8916472Z Selecting previously unselected package librist4:amd64.
2026-10-03T03:14:02.9045874Z Preparing to unpack .../43-librist4_0.2.10+dfsg-2_amd64.deb ...
2026-10-03T03:14:02.9052531Z Unpacking librist4:amd64 (0.2.10+dfsg-2) ...
2026-10-03T03:14:02.9258933Z Selecting previously unselected package libsrt1.5-gnutls:amd64.
2026-10-03T03:14:02.9388559Z Preparing to unpack .../44-libsrt1.5-gnutls_1.5.3-1build2_amd64.deb ...
2026-10-03T03:14:02.9396815Z Unpacking libsrt1.5-gnutls:amd64 (1.5.3-1build2) ...
2026-10-03T03:14:02.9633321Z Selecting previously unselected package libssh-gcrypt-4:amd64.
2026-10-03T03:14:02.9761371Z Preparing to unpack .../45-libssh-gcrypt-4_0.10.6-2ubuntu0.5_amd64.deb ...
2026-10-03T03:14:02.9767928Z Unpacking libssh-gcrypt-4:amd64 (0.10.6-2ubuntu0.5) ...
2026-10-03T03:14:02.9996572Z Selecting previously unselected package libavformat60:amd64.
2026-10-03T03:14:03.0124691Z Preparing to unpack .../46-libavformat60_7%3a6.1.1-3ubuntu5_amd64.deb ...
2026-10-03T03:14:03.0137853Z Unpacking libavformat60:amd64 (7:6.1.1-3ubuntu5) ...
2026-10-03T03:14:03.0463159Z Selecting previously unselected package libbs2b0:amd64.
2026-10-03T03:14:03.0592126Z Preparing to unpack .../47-libbs2b0_3.1.0+dfsg-7build1_amd64.deb ...
2026-10-03T03:14:03.0600178Z Unpacking libbs2b0:amd64 (3.1.0+dfsg-7build1) ...
2026-10-03T03:14:03.0828423Z Selecting previously unselected package libflite1:amd64.
2026-10-03T03:14:03.0955463Z Preparing to unpack .../48-libflite1_2.2-6build3_amd64.deb ...
2026-10-03T03:14:03.0962274Z Unpacking libflite1:amd64 (2.2-6build3) ...
2026-10-03T03:14:03.2023605Z Selecting previously unselected package libserd-0-0:amd64.
2026-10-03T03:14:03.2149732Z Preparing to unpack .../49-libserd-0-0_0.32.2-1_amd64.deb ...
2026-10-03T03:14:03.2156559Z Unpacking libserd-0-0:amd64 (0.32.2-1) ...
2026-10-03T03:14:03.2358009Z Selecting previously unselected package libzix-0-0:amd64.
2026-10-03T03:14:03.2485040Z Preparing to unpack .../50-libzix-0-0_0.4.2-2build1_amd64.deb ...
2026-10-03T03:14:03.2492695Z Unpacking libzix-0-0:amd64 (0.4.2-2build1) ...
2026-10-03T03:14:03.2696171Z Selecting previously unselected package libsord-0-0:amd64.
2026-10-03T03:14:03.2823903Z Preparing to unpack .../51-libsord-0-0_0.16.16-2build1_amd64.deb ...
2026-10-03T03:14:03.2831340Z Unpacking libsord-0-0:amd64 (0.16.16-2build1) ...
2026-10-03T03:14:03.3035087Z Selecting previously unselected package libsratom-0-0:amd64.
2026-10-03T03:14:03.3162515Z Preparing to unpack .../52-libsratom-0-0_0.6.16-1build1_amd64.deb ...
2026-10-03T03:14:03.3170169Z Unpacking libsratom-0-0:amd64 (0.6.16-1build1) ...
2026-10-03T03:14:03.3376676Z Selecting previously unselected package liblilv-0-0:amd64.
2026-10-03T03:14:03.3504757Z Preparing to unpack .../53-liblilv-0-0_0.24.22-1build1_amd64.deb ...
2026-10-03T03:14:03.3513558Z Unpacking liblilv-0-0:amd64 (0.24.22-1build1) ...
2026-10-03T03:14:03.3721149Z Selecting previously unselected package libmysofa1:amd64.
2026-10-03T03:14:03.3849120Z Preparing to unpack .../54-libmysofa1_1.3.2+dfsg-2ubuntu2_amd64.deb ...
2026-10-03T03:14:03.3856133Z Unpacking libmysofa1:amd64 (1.3.2+dfsg-2ubuntu2) ...
2026-10-03T03:14:03.4105925Z Selecting previously unselected package libplacebo338:amd64.
2026-10-03T03:14:03.4233463Z Preparing to unpack .../55-libplacebo338_6.338.2-2build1_amd64.deb ...
2026-10-03T03:14:03.4240164Z Unpacking libplacebo338:amd64 (6.338.2-2build1) ...
2026-10-03T03:14:03.4784533Z Selecting previously unselected package libblas3:amd64.
2026-10-03T03:14:03.4913046Z Preparing to unpack .../56-libblas3_3.12.0-3build1.1_amd64.deb ...
2026-10-03T03:14:03.4941210Z Unpacking libblas3:amd64 (3.12.0-3build1.1) ...
2026-10-03T03:14:03.5183197Z Selecting previously unselected package liblapack3:amd64.
2026-10-03T03:14:03.5314230Z Preparing to unpack .../57-liblapack3_3.12.0-3build1.1_amd64.deb ...
2026-10-03T03:14:03.5343462Z Unpacking liblapack3:amd64 (3.12.0-3build1.1) ...
2026-10-03T03:14:03.5824613Z Selecting previously unselected package libasyncns0:amd64.
2026-10-03T03:14:03.5954843Z Preparing to unpack .../58-libasyncns0_0.8-6build4_amd64.deb ...
2026-10-03T03:14:03.5962363Z Unpacking libasyncns0:amd64 (0.8-6build4) ...
2026-10-03T03:14:03.6155695Z Selecting previously unselected package libflac12t64:amd64.
2026-10-03T03:14:03.6288468Z Preparing to unpack .../59-libflac12t64_1.4.3+ds-2.1ubuntu2_amd64.deb ...
2026-10-03T03:14:03.6295103Z Unpacking libflac12t64:amd64 (1.4.3+ds-2.1ubuntu2) ...
2026-10-03T03:14:03.6513916Z Selecting previously unselected package libsndfile1:amd64.
2026-10-03T03:14:03.6643175Z Preparing to unpack .../60-libsndfile1_1.2.2-1ubuntu5.24.04.1_amd64.deb ...
2026-10-03T03:14:03.6650486Z Unpacking libsndfile1:amd64 (1.2.2-1ubuntu5.24.04.1) ...
2026-10-03T03:14:03.6875821Z Selecting previously unselected package libpulse0:amd64.
2026-10-03T03:14:03.7003924Z Preparing to unpack .../61-libpulse0_1%3a16.1+dfsg1-2ubuntu10.1_amd64.deb ...
2026-10-03T03:14:03.7073780Z Unpacking libpulse0:amd64 (1:16.1+dfsg1-2ubuntu10.1) ...
2026-10-03T03:14:03.7315222Z Selecting previously unselected package libsphinxbase3t64:amd64.
2026-10-03T03:14:03.7442789Z Preparing to unpack .../62-libsphinxbase3t64_0.8+5prealpha+1-17build2_amd64.deb ...
2026-10-03T03:14:03.7449017Z Unpacking libsphinxbase3t64:amd64 (0.8+5prealpha+1-17build2) ...
2026-10-03T03:14:03.7675305Z Selecting previously unselected package libpocketsphinx3:amd64.
2026-10-03T03:14:03.7805053Z Preparing to unpack .../63-libpocketsphinx3_0.8.0+real5prealpha+1-15ubuntu5_amd64.deb ...
2026-10-03T03:14:03.7811472Z Unpacking libpocketsphinx3:amd64 (0.8.0+real5prealpha+1-15ubuntu5) ...
2026-10-03T03:14:03.8019240Z Selecting previously unselected package libpostproc57:amd64.
2026-10-03T03:14:03.8148311Z Preparing to unpack .../64-libpostproc57_7%3a6.1.1-3ubuntu5_amd64.deb ...
2026-10-03T03:14:03.8155992Z Unpacking libpostproc57:amd64 (7:6.1.1-3ubuntu5) ...
2026-10-03T03:14:03.8354614Z Selecting previously unselected package libsamplerate0:amd64.
2026-10-03T03:14:03.8480506Z Preparing to unpack .../65-libsamplerate0_0.2.2-4build1_amd64.deb ...
2026-10-03T03:14:03.8487787Z Unpacking libsamplerate0:amd64 (0.2.2-4build1) ...
2026-10-03T03:14:03.8775318Z Selecting previously unselected package librubberband2:amd64.
2026-10-03T03:14:03.8903648Z Preparing to unpack .../66-librubberband2_3.3.0+dfsg-2build1_amd64.deb ...
2026-10-03T03:14:03.8909763Z Unpacking librubberband2:amd64 (3.3.0+dfsg-2build1) ...
2026-10-03T03:14:03.9115949Z Selecting previously unselected package libswscale7:amd64.
2026-10-03T03:14:03.9243200Z Preparing to unpack .../67-libswscale7_7%3a6.1.1-3ubuntu5_amd64.deb ...
2026-10-03T03:14:03.9249900Z Unpacking libswscale7:amd64 (7:6.1.1-3ubuntu5) ...
2026-10-03T03:14:03.9473325Z Selecting previously unselected package libvidstab1.1:amd64.
2026-10-03T03:14:03.9601893Z Preparing to unpack .../68-libvidstab1.1_1.1.0-2build1_amd64.deb ...
2026-10-03T03:14:03.9609090Z Unpacking libvidstab1.1:amd64 (1.1.0-2build1) ...
2026-10-03T03:14:04.0042332Z Selecting previously unselected package libzimg2:amd64.
2026-10-03T03:14:04.0168797Z Preparing to unpack .../69-libzimg2_3.0.5+ds1-1build1_amd64.deb ...
2026-10-03T03:14:04.0175873Z Unpacking libzimg2:amd64 (3.0.5+ds1-1build1) ...
2026-10-03T03:14:04.0409109Z Selecting previously unselected package libavfilter9:amd64.
2026-10-03T03:14:04.0538171Z Preparing to unpack .../70-libavfilter9_7%3a6.1.1-3ubuntu5_amd64.deb ...
2026-10-03T03:14:04.0545005Z Unpacking libavfilter9:amd64 (7:6.1.1-3ubuntu5) ...
2026-10-03T03:14:04.1239941Z Selecting previously unselected package libcaca0:amd64.
2026-10-03T03:14:04.1368173Z Preparing to unpack .../71-libcaca0_0.99.beta20-4ubuntu0.2_amd64.deb ...
2026-10-03T03:14:04.1375643Z Unpacking libcaca0:amd64 (0.99.beta20-4ubuntu0.2) ...
2026-10-03T03:14:04.1616065Z Selecting previously unselected package libcdio19t64:amd64.
2026-10-03T03:14:04.1744201Z Preparing to unpack .../72-libcdio19t64_2.1.0-4.1ubuntu1.2_amd64.deb ...
2026-10-03T03:14:04.1751194Z Unpacking libcdio19t64:amd64 (2.1.0-4.1ubuntu1.2) ...
2026-10-03T03:14:04.1955889Z Selecting previously unselected package libcdio-cdda2t64:amd64.
2026-10-03T03:14:04.2085292Z Preparing to unpack .../73-libcdio-cdda2t64_10.2+2.0.1-1.1build2_amd64.deb ...
2026-10-03T03:14:04.2092865Z Unpacking libcdio-cdda2t64:amd64 (10.2+2.0.1-1.1build2) ...
2026-10-03T03:14:04.2294300Z Selecting previously unselected package libcdio-paranoia2t64:amd64.
2026-10-03T03:14:04.2422384Z Preparing to unpack .../74-libcdio-paranoia2t64_10.2+2.0.1-1.1build2_amd64.deb ...
2026-10-03T03:14:04.2430963Z Unpacking libcdio-paranoia2t64:amd64 (10.2+2.0.1-1.1build2) ...
2026-10-03T03:14:04.2629699Z Selecting previously unselected package libdc1394-25:amd64.
2026-10-03T03:14:04.2756964Z Preparing to unpack .../75-libdc1394-25_2.2.6-4build1_amd64.deb ...
2026-10-03T03:14:04.2764530Z Unpacking libdc1394-25:amd64 (2.2.6-4build1) ...
2026-10-03T03:14:04.2968978Z Selecting previously unselected package libiec61883-0:amd64.
2026-10-03T03:14:04.3094229Z Preparing to unpack .../76-libiec61883-0_1.2.0-6build1_amd64.deb ...
2026-10-03T03:14:04.3101635Z Unpacking libiec61883-0:amd64 (1.2.0-6build1) ...
2026-10-03T03:14:04.3295925Z Selecting previously unselected package libjack-jackd2-0:amd64.
2026-10-03T03:14:04.3421782Z Preparing to unpack .../77-libjack-jackd2-0_1.9.21~dfsg-3ubuntu3_amd64.deb ...
2026-10-03T03:14:04.3428517Z Unpacking libjack-jackd2-0:amd64 (1.9.21~dfsg-3ubuntu3) ...
2026-10-03T03:14:04.3684377Z Selecting previously unselected package libopenal-data.
2026-10-03T03:14:04.3810581Z Preparing to unpack .../78-libopenal-data_1%3a1.23.1-4build1_all.deb ...
2026-10-03T03:14:04.3818068Z Unpacking libopenal-data (1:1.23.1-4build1) ...
2026-10-03T03:14:04.4041174Z Selecting previously unselected package libsndio7.0:amd64.
2026-10-03T03:14:04.4165257Z Preparing to unpack .../79-libsndio7.0_1.9.0-0.3build3_amd64.deb ...
2026-10-03T03:14:04.4175208Z Unpacking libsndio7.0:amd64 (1.9.0-0.3build3) ...
2026-10-03T03:14:04.4402306Z Selecting previously unselected package libopenal1:amd64.
2026-10-03T03:14:04.4535123Z Preparing to unpack .../80-libopenal1_1%3a1.23.1-4build1_amd64.deb ...
2026-10-03T03:14:04.4543470Z Unpacking libopenal1:amd64 (1:1.23.1-4build1) ...
2026-10-03T03:14:04.4812410Z Selecting previously unselected package libdecor-0-0:amd64.
2026-10-03T03:14:04.4938487Z Preparing to unpack .../81-libdecor-0-0_0.2.2-1build2_amd64.deb ...
2026-10-03T03:14:04.4946034Z Unpacking libdecor-0-0:amd64 (0.2.2-1build2) ...
2026-10-03T03:14:04.5178583Z Selecting previously unselected package libsdl2-2.0-0:amd64.
2026-10-03T03:14:04.5305012Z Preparing to unpack .../82-libsdl2-2.0-0_2.30.0+dfsg-1ubuntu3.1_amd64.deb ...
2026-10-03T03:14:04.5312514Z Unpacking libsdl2-2.0-0:amd64 (2.30.0+dfsg-1ubuntu3.1) ...
2026-10-03T03:14:04.5863230Z Selecting previously unselected package libxcb-shape0:amd64.
2026-10-03T03:14:04.5991282Z Preparing to unpack .../83-libxcb-shape0_1.15-1ubuntu2_amd64.deb ...
2026-10-03T03:14:04.5998365Z Unpacking libxcb-shape0:amd64 (1.15-1ubuntu2) ...
2026-10-03T03:14:04.6199201Z Selecting previously unselected package libxv1:amd64.
2026-10-03T03:14:04.6328050Z Preparing to unpack .../84-libxv1_2%3a1.0.11-1.1build1_amd64.deb ...
2026-10-03T03:14:04.6334907Z Unpacking libxv1:amd64 (2:1.0.11-1.1build1) ...
2026-10-03T03:14:04.6543622Z Selecting previously unselected package libavdevice60:amd64.
2026-10-03T03:14:04.6670681Z Preparing to unpack .../85-libavdevice60_7%3a6.1.1-3ubuntu5_amd64.deb ...
2026-10-03T03:14:04.6676904Z Unpacking libavdevice60:amd64 (7:6.1.1-3ubuntu5) ...
2026-10-03T03:14:04.6880775Z Selecting previously unselected package ffmpeg.
2026-10-03T03:14:04.7006665Z Preparing to unpack .../86-ffmpeg_7%3a6.1.1-3ubuntu5_amd64.deb ...
2026-10-03T03:14:04.7013017Z Unpacking ffmpeg (7:6.1.1-3ubuntu5) ...
2026-10-03T03:14:04.7618015Z Setting up libgme0:amd64 (0.6.3-7build1) ...
2026-10-03T03:14:04.7642317Z Setting up libchromaprint1:amd64 (1.5.1-5) ...
2026-10-03T03:14:04.7657822Z Setting up libssh-gcrypt-4:amd64 (0.10.6-2ubuntu0.5) ...
2026-10-03T03:14:04.7674311Z Setting up libhwy1t64:amd64 (1.0.7-8.1build1) ...
2026-10-03T03:14:04.7693900Z Setting up libudfread0:amd64 (1.1.2-1build1) ...
2026-10-03T03:14:04.7711861Z Setting up libraw1394-11:amd64 (2.1.2-2build3) ...
2026-10-03T03:14:04.7729533Z Setting up libspeex1:amd64 (1.2.1-2ubuntu2.24.04.1) ...
2026-10-03T03:14:04.7754479Z Setting up libshine3:amd64 (3.1.1-2build1) ...
2026-10-03T03:14:04.7773107Z Setting up libcaca0:amd64 (0.99.beta20-4ubuntu0.2) ...
2026-10-03T03:14:04.7791148Z Setting up libvpl2 (2023.3.0-1build1) ...
2026-10-03T03:14:04.7812935Z Setting up libx264-164:amd64 (2:0.164.3108+git31e19f9-1) ...
2026-10-03T03:14:04.7829614Z Setting up libtwolame0:amd64 (0.4.0-2build3) ...
2026-10-03T03:14:04.7849254Z Setting up libmbedcrypto7t64:amd64 (2.28.8-1) ...
2026-10-03T03:14:04.7867337Z Setting up libgsm1:amd64 (1.0.22-1build1) ...
2026-10-03T03:14:04.7884764Z Setting up libsoxr0:amd64 (0.1.3-4build3) ...
2026-10-03T03:14:04.7909171Z Setting up libzix-0-0:amd64 (0.4.2-2build1) ...
2026-10-03T03:14:04.7933382Z Setting up libcodec2-1.2:amd64 (1.2.0-2build1) ...
2026-10-03T03:14:04.7954563Z Setting up libmysofa1:amd64 (1.3.2+dfsg-2ubuntu2) ...
2026-10-03T03:14:04.7974173Z Setting up libxcb-shape0:amd64 (1.15-1ubuntu2) ...
2026-10-03T03:14:04.7993328Z Setting up libcdio19t64:amd64 (2.1.0-4.1ubuntu1.2) ...
2026-10-03T03:14:04.8013253Z Setting up libsvtav1enc1d1:amd64 (1.7.0+dfsg-2build1) ...
2026-10-03T03:14:04.8032548Z Setting up libmpg123-0t64:amd64 (1.32.5-1ubuntu1.1) ...
2026-10-03T03:14:04.8051677Z Setting up libcjson1:amd64 (1.7.17-1) ...
2026-10-03T03:14:04.8072073Z Setting up libxvidcore4:amd64 (2:1.3.7-1build1) ...
2026-10-03T03:14:04.8090683Z Setting up librav1e0:amd64 (0.7.1-2) ...
2026-10-03T03:14:04.8111474Z Setting up libcdio-cdda2t64:amd64 (10.2+2.0.1-1.1build2) ...
2026-10-03T03:14:04.8129715Z Setting up librist4:amd64 (0.2.10+dfsg-2) ...
2026-10-03T03:14:04.8150378Z Setting up librsvg2-2:amd64 (2.58.0+dfsg-1build1) ...
2026-10-03T03:14:04.8172460Z Setting up libblas3:amd64 (3.12.0-3build1.1) ...
2026-10-03T03:14:04.8236287Z update-alternatives: using /usr/lib/x86_64-linux-gnu/blas/libblas.so.3 to provide /usr/lib/x86_64-linux-gnu/libblas.so.3 (libblas.so.3-x86_64-linux-gnu) in auto mode
2026-10-03T03:14:04.8255815Z Setting up libplacebo338:amd64 (6.338.2-2build1) ...
2026-10-03T03:14:04.8274695Z Setting up libva2:amd64 (2.20.0-2ubuntu0.2) ...
2026-10-03T03:14:04.8294696Z Setting up libopus0:amd64 (1.4-1build1) ...
2026-10-03T03:14:04.8314220Z Setting up libcdio-paranoia2t64:amd64 (10.2+2.0.1-1.1build2) ...
2026-10-03T03:14:04.8332509Z Setting up libdc1394-25:amd64 (2.2.6-4build1) ...
2026-10-03T03:14:04.8349163Z Setting up libxv1:amd64 (2:1.0.11-1.1build1) ...
2026-10-03T03:14:04.8367034Z Setting up libunibreak5:amd64 (5.1-2build1) ...
2026-10-03T03:14:04.8406644Z Setting up libjxl0.7:amd64 (0.7.0-10.2ubuntu6.1) ...
2026-10-03T03:14:04.8427117Z Setting up libx265-199:amd64 (3.5-2build1) ...
2026-10-03T03:14:04.8443620Z Setting up libsndio7.0:amd64 (1.9.0-0.3build3) ...
2026-10-03T03:14:04.8464440Z Setting up libvidstab1.1:amd64 (1.1.0-2build1) ...
2026-10-03T03:14:04.8481461Z Setting up libvpx9:amd64 (1.14.0-1ubuntu2.3) ...
2026-10-03T03:14:04.8498653Z Setting up libsrt1.5-gnutls:amd64 (1.5.3-1build2) ...
2026-10-03T03:14:04.8518112Z Setting up libflite1:amd64 (2.2-6build3) ...
2026-10-03T03:14:04.8536539Z Setting up libdav1d7:amd64 (1.4.1-1build1) ...
2026-10-03T03:14:04.8554686Z Setting up libva-drm2:amd64 (2.20.0-2ubuntu0.2) ...
2026-10-03T03:14:04.8571215Z Setting up ocl-icd-libopencl1:amd64 (2.3.2-1build1) ...
2026-10-03T03:14:04.8589824Z Setting up libasyncns0:amd64 (0.8-6build4) ...
2026-10-03T03:14:04.8608510Z Setting up libvdpau1:amd64 (1.5-2build1) ...
2026-10-03T03:14:04.8631371Z Setting up libbs2b0:amd64 (3.1.0+dfsg-7build1) ...
2026-10-03T03:14:04.8649632Z Setting up libtheora0:amd64 (1.1.1+dfsg.1-16.1build3) ...
2026-10-03T03:14:04.8668246Z Setting up libdecor-0-0:amd64 (0.2.2-1build2) ...
2026-10-03T03:14:04.8684566Z Setting up libzimg2:amd64 (3.0.5+ds1-1build1) ...
2026-10-03T03:14:04.8704685Z Setting up libopenal-data (1:1.23.1-4build1) ...
2026-10-03T03:14:04.8728070Z Setting up libflac12t64:amd64 (1.4.3+ds-2.1ubuntu2) ...
2026-10-03T03:14:04.8748807Z Setting up libbluray2:amd64 (1:1.3.4-1build1) ...
2026-10-03T03:14:04.8766181Z Setting up libsamplerate0:amd64 (0.2.2-4build1) ...
2026-10-03T03:14:04.8786092Z Setting up libva-x11-2:amd64 (2.20.0-2ubuntu0.2) ...
2026-10-03T03:14:04.8804243Z Setting up libopenmpt0t64:amd64 (0.7.3-1.1build3) ...
2026-10-03T03:14:04.8823988Z Setting up libzvbi-common (0.2.42-2) ...
2026-10-03T03:14:04.8843377Z Setting up libmp3lame0:amd64 (3.100-6build1) ...
2026-10-03T03:14:04.8868133Z Setting up libvorbisenc2:amd64 (1.3.7-1build3) ...
2026-10-03T03:14:04.8892625Z Setting up libiec61883-0:amd64 (1.2.0-6build1) ...
2026-10-03T03:14:04.8911361Z Setting up libserd-0-0:amd64 (0.32.2-1) ...
2026-10-03T03:14:04.8943572Z Setting up libavc1394-0:amd64 (0.5.4-5build3) ...
2026-10-03T03:14:04.8961342Z Setting up liblapack3:amd64 (3.12.0-3build1.1) ...
2026-10-03T03:14:04.9023058Z update-alternatives: using /usr/lib/x86_64-linux-gnu/lapack/liblapack.so.3 to provide /usr/lib/x86_64-linux-gnu/liblapack.so.3 (liblapack.so.3-x86_64-linux-gnu) in auto mode
2026-10-03T03:14:04.9037201Z Setting up libzvbi0t64:amd64 (0.2.42-2) ...
2026-10-03T03:14:04.9056530Z Setting up libavutil58:amd64 (7:6.1.1-3ubuntu5) ...
2026-10-03T03:14:04.9074771Z Setting up libopenal1:amd64 (1:1.23.1-4build1) ...
2026-10-03T03:14:04.9094386Z Setting up libass9:amd64 (1:0.17.1-2build1) ...
2026-10-03T03:14:04.9113024Z Setting up libswresample4:amd64 (7:6.1.1-3ubuntu5) ...
2026-10-03T03:14:04.9131226Z Setting up libavcodec60:amd64 (7:6.1.1-3ubuntu5) ...
2026-10-03T03:14:04.9152909Z Setting up librubberband2:amd64 (3.3.0+dfsg-2build1) ...
2026-10-03T03:14:04.9172417Z Setting up libjack-jackd2-0:amd64 (1.9.21~dfsg-3ubuntu3) ...
2026-10-03T03:14:04.9194470Z Setting up libsord-0-0:amd64 (0.16.16-2build1) ...
2026-10-03T03:14:04.9214486Z Setting up libpostproc57:amd64 (7:6.1.1-3ubuntu5) ...
2026-10-03T03:14:04.9232967Z Setting up libsratom-0-0:amd64 (0.6.16-1build1) ...
2026-10-03T03:14:04.9254262Z Setting up libsndfile1:amd64 (1.2.2-1ubuntu5.24.04.1) ...
2026-10-03T03:14:04.9273093Z Setting up liblilv-0-0:amd64 (0.24.22-1build1) ...
2026-10-03T03:14:04.9295280Z Setting up libswscale7:amd64 (7:6.1.1-3ubuntu5) ...
2026-10-03T03:14:04.9315269Z Setting up libpulse0:amd64 (1:16.1+dfsg1-2ubuntu10.1) ...
2026-10-03T03:14:04.9390354Z Setting up libavformat60:amd64 (7:6.1.1-3ubuntu5) ...
2026-10-03T03:14:04.9412612Z Setting up libsphinxbase3t64:amd64 (0.8+5prealpha+1-17build2) ...
2026-10-03T03:14:04.9431207Z Setting up libsdl2-2.0-0:amd64 (2.30.0+dfsg-1ubuntu3.1) ...
2026-10-03T03:14:04.9721568Z Setting up libpocketsphinx3:amd64 (0.8.0+real5prealpha+1-15ubuntu5) ...
2026-10-03T03:14:04.9739572Z Setting up libavfilter9:amd64 (7:6.1.1-3ubuntu5) ...
2026-10-03T03:14:04.9755758Z Setting up libavdevice60:amd64 (7:6.1.1-3ubuntu5) ...
2026-10-03T03:14:04.9772277Z Setting up ffmpeg (7:6.1.1-3ubuntu5) ...
2026-10-03T03:14:04.9794031Z Processing triggers for man-db (2.12.0-4build2) ...
2026-10-03T03:14:04.9819457Z Not building database; man-db/auto-update is not 'true'.
2026-10-03T03:14:04.9832896Z Processing triggers for libc-bin (2.39-0ubuntu8.9) ...
2026-10-03T03:14:05.6846834Z 
2026-10-03T03:14:05.6847717Z Running kernel seems to be up-to-date.
2026-10-03T03:14:05.6848144Z 
2026-10-03T03:14:05.6848436Z No services need to be restarted.
2026-10-03T03:14:05.6848756Z 
2026-10-03T03:14:05.6849022Z No containers need to be restarted.
2026-10-03T03:14:05.6849349Z 
2026-10-03T03:14:05.6849659Z No user sessions are running outdated binaries.
2026-10-03T03:14:05.6850024Z 
2026-10-03T03:14:05.6850819Z No VM guests are running outdated hypervisor (qemu) binaries on this host.
2026-10-03T03:14:06.7319368Z ffmpeg version 6.1.1-3ubuntu5 Copyright (c) 2000-2023 the FFmpeg developers
2026-10-03T03:14:06.7778923Z ffprobe version 6.1.1-3ubuntu5 Copyright (c) 2007-2023 the FFmpeg developers
2026-10-03T03:14:06.8839250Z ffmpeg encodes h264 via lavfi: the video variant fixture can be built
2026-10-03T03:14:06.8878001Z ##[group]Run bun install --frozen-lockfile --minimum-release-age=0
2026-10-03T03:14:06.8878550Z [36;1mbun install --frozen-lockfile --minimum-release-age=0[0m
2026-10-03T03:14:06.8941855Z shell: /usr/bin/bash -e {0}
2026-10-03T03:14:06.8942158Z ##[endgroup]
2026-10-03T03:14:06.9058714Z bun install v1.4.2 (744846f84)
2026-10-03T03:14:06.9260181Z Resolving dependencies
2026-10-03T03:14:06.9273900Z Resolved, downloaded and extracted [1]
2026-10-03T03:14:19.4640961Z 
2026-10-03T03:14:19.4641507Z + @types/express@4.17.25
2026-10-03T03:14:19.4642009Z + @types/jest@30.0.0
2026-10-03T03:14:19.4642279Z + drizzle-orm@0.45.2
2026-10-03T03:14:19.4642543Z + expo@57.0.21
2026-10-03T03:14:19.4642790Z + expo-constants@57.0.17
2026-10-03T03:14:19.4643069Z + expo-document-picker@57.0.1
2026-10-03T03:14:19.4643352Z + expo-haptics@57.0.2
2026-10-03T03:14:19.4643644Z + expo-image-manipulator@57.0.16
2026-10-03T03:14:19.4643932Z + expo-linear-gradient@57.0.1
2026-10-03T03:14:19.4644270Z + expo-modules-core@57.0.17
2026-10-03T03:14:19.4644541Z + expo-notifications@57.0.17
2026-10-03T03:14:19.4644805Z + expo-web-browser@57.0.2
2026-10-03T03:14:19.4645095Z + jest-environment-jsdom@30.5.1
2026-10-03T03:14:19.4645427Z + react-native-keyboard-controller@1.21.13
2026-10-03T03:14:19.4645741Z + react-native-web@0.21.2
2026-10-03T03:14:19.4645986Z + ts-jest@29.4.12
2026-10-03T03:14:19.4646196Z + turbo@2.10.12
2026-10-03T03:14:19.4646418Z + typescript@5.9.3
2026-10-03T03:14:19.4646629Z + vite@7.3.1
2026-10-03T03:14:19.4646862Z + @expo/metro-runtime@57.0.15
2026-10-03T03:14:19.4647122Z + @oxy.so/bloom@6.2.0
2026-10-03T03:14:19.4647362Z + expo-contacts@57.0.4
2026-10-03T03:14:19.4647625Z + expo-image-picker@57.0.16
2026-10-03T03:14:19.4647893Z + expo-splash-screen@57.0.8
2026-10-03T03:14:19.4648139Z + is-arrayish@0.3.4
2026-10-03T03:14:19.4648400Z + react-native-worklets@0.10.0
2026-10-03T03:14:19.4648572Z 
2026-10-03T03:14:19.4648721Z 2265 packages installed [12.56s]
2026-10-03T03:14:19.4787387Z ##[group]Run actions/cache/restore@55cc8345863c7cc4c66a329aec7e433d2d1c52a9
2026-10-03T03:14:19.4787813Z with:
2026-10-03T03:14:19.4788028Z   path: .turbo/cache
2026-10-03T03:14:19.4788369Z   key: turbo-build-Linux-X64-ae227ca54db3f3ed86f68eaad099aa33736c6d81
2026-10-03T03:14:19.4788786Z   restore-keys: turbo-build-Linux-X64-
2026-10-03T03:14:19.4789078Z   enableCrossOsArchive: false
2026-10-03T03:14:19.4789345Z   fail-on-cache-miss: false
2026-10-03T03:14:19.4789587Z   lookup-only: false
2026-10-03T03:14:19.4789810Z ##[endgroup]
2026-10-03T03:14:19.8895030Z Cache hit for restore-key: turbo-build-Linux-X64-4b145040afca38be93ad4096241d4c60e12e1c82
2026-10-03T03:14:21.2000917Z Received 0 of 10805377 (0.0%), 0.0 MBs/sec
2026-10-03T03:14:21.4174378Z Received 10805377 of 10805377 (100.0%), 8.5 MBs/sec
2026-10-03T03:14:21.4175249Z Cache Size: ~10 MB (10805377 B)
2026-10-03T03:14:21.4209449Z [command]/usr/bin/tar -xf /home/runner/work/_temp/32b92eb0-c0ad-4ad9-9608-9f3898746bd5/cache.tzst -P -C /home/runner/work/oxy/oxy --use-compress-program unzstd
2026-10-03T03:14:21.4421720Z Cache restored successfully
2026-10-03T03:14:21.4504426Z Cache restored from key: turbo-build-Linux-X64-4b145040afca38be93ad4096241d4c60e12e1c82
2026-10-03T03:14:21.4621265Z ##[group]Run bunx turbo run build --filter=@oxy.so/contracts --filter=@oxy.so/protocol --filter=@oxy.so/core --filter=@oxy.so/federation --filter=@oxy.so/mcp --filter=@oxy.so/db
2026-10-03T03:14:21.4622488Z [36;1mbunx turbo run build --filter=@oxy.so/contracts --filter=@oxy.so/protocol --filter=@oxy.so/core --filter=@oxy.so/federation --filter=@oxy.so/mcp --filter=@oxy.so/db[0m
2026-10-03T03:14:21.4686151Z shell: /usr/bin/bash -e {0}
2026-10-03T03:14:21.4686586Z ##[endgroup]
2026-10-03T03:14:21.5156434Z 
2026-10-03T03:14:21.5157000Z Attention:
2026-10-03T03:14:21.5158376Z Turborepo now collects completely anonymous telemetry regarding usage.
2026-10-03T03:14:21.5159529Z This information is used to shape the Turborepo roadmap and prioritize features.
2026-10-03T03:14:21.5161331Z You can learn more, including how to opt-out if you'd not like to participate in this anonymous program, by visiting the following URL:
2026-10-03T03:14:21.5162562Z https://turborepo.dev/docs/telemetry
2026-10-03T03:14:21.5163181Z 
2026-10-03T03:14:21.6177065Z 
2026-10-03T03:14:21.6178910Z    • Packages in scope: @oxy.so/contracts, @oxy.so/core, @oxy.so/db, @oxy.so/federation, @oxy.so/mcp, @oxy.so/protocol
2026-10-03T03:14:21.6180766Z    • Running build in 6 packages
2026-10-03T03:14:21.6181549Z    • Remote caching disabled
2026-10-03T03:14:21.6182015Z 
2026-10-03T03:14:30.0801921Z ##[group]@oxy.so/telemetry:build
2026-10-03T03:14:30.0802770Z cache miss, executing 06fcb736969983f1
2026-10-03T03:14:30.0803785Z $ bun run clean && bun run build:cjs && bun run build:esm && bun run build:types
2026-10-03T03:14:30.0804521Z $ rm -rf dist
2026-10-03T03:14:30.0805129Z $ tsc -p tsconfig.cjs.json && node scripts/mark-cjs.mjs
2026-10-03T03:14:30.0805779Z $ tsc -p tsconfig.esm.json
2026-10-03T03:14:30.0806280Z $ tsc -p tsconfig.types.json
2026-10-03T03:14:30.0807668Z ##[endgroup]
2026-10-03T03:14:33.4852013Z ##[group]@oxy.so/db:build
2026-10-03T03:14:33.4871916Z cache miss, executing 2741ecedaf2d04b6
2026-10-03T03:14:33.4899870Z $ bun run build:cjs && bun run build:esm && bun run build:types
2026-10-03T03:14:33.4956122Z $ tsc -p tsconfig.cjs.json
2026-10-03T03:14:33.4981302Z $ tsc -p tsconfig.esm.json && node scripts/fix-esm-imports.mjs
2026-10-03T03:14:33.4993836Z ESM imports fixed
2026-10-03T03:14:33.4994623Z $ tsc -p tsconfig.types.json
2026-10-03T03:14:33.4995823Z ##[endgroup]
2026-10-03T03:14:43.2753452Z ##[group]@oxy.so/contracts:build
2026-10-03T03:14:43.2754282Z cache miss, executing a32e2a440b62e0e3
2026-10-03T03:14:43.2755010Z $ bun run build:cjs && bun run build:esm && bun run build:types
2026-10-03T03:14:43.2755482Z $ tsc -p tsconfig.cjs.json
2026-10-03T03:14:43.2755982Z $ tsc -p tsconfig.esm.json && node scripts/fix-esm-imports.mjs
2026-10-03T03:14:43.2756419Z ESM imports fixed
2026-10-03T03:14:43.2756726Z $ tsc -p tsconfig.types.json
2026-10-03T03:14:43.2757260Z ##[endgroup]
2026-10-03T03:14:51.9206667Z ##[group]@oxy.so/protocol:build
2026-10-03T03:14:51.9207937Z cache miss, executing 4a550da7d65dc64e
2026-10-03T03:14:51.9209498Z $ bun run build:cjs && bun run build:esm && bun run build:types
2026-10-03T03:14:51.9210911Z $ tsc -p tsconfig.cjs.json
2026-10-03T03:14:51.9211987Z $ tsc -p tsconfig.esm.json && node scripts/fix-esm-imports.mjs
2026-10-03T03:14:51.9212968Z ESM imports fixed
2026-10-03T03:14:51.9213742Z $ tsc -p tsconfig.types.json
2026-10-03T03:14:51.9214883Z ##[endgroup]
2026-10-03T03:14:52.9095716Z ##[group]@oxy.so/mcp:build
2026-10-03T03:14:52.9096729Z cache miss, executing ecf97a6512bdd0e4
2026-10-03T03:14:52.9097985Z $ bun run build:cjs && bun run build:esm && bun run build:types
2026-10-03T03:14:52.9098820Z $ tsc -p tsconfig.cjs.json
2026-10-03T03:14:52.9099668Z $ tsc -p tsconfig.esm.json && node scripts/fix-esm-imports.mjs
2026-10-03T03:14:52.9100846Z $ tsc -p tsconfig.types.json
2026-10-03T03:14:52.9101602Z ##[endgroup]
2026-10-03T03:15:05.3475957Z ##[group]@oxy.so/core:build
2026-10-03T03:15:05.3476767Z cache miss, executing 90d8920173b74634
2026-10-03T03:15:05.3478843Z $ node scripts/build-workspace-deps.mjs @oxy.so/telemetry && bun run build:cjs && bun run build:esm && bun run build:types && node scripts/mark-module-formats.mjs
2026-10-03T03:15:05.3480208Z $ tsc -p tsconfig.cjs.json
2026-10-03T03:15:05.3481237Z $ tsc -p tsconfig.esm.json && node scripts/fix-esm-imports.mjs
2026-10-03T03:15:05.3481934Z ESM imports fixed
2026-10-03T03:15:05.3482367Z $ tsc -p tsconfig.types.json
2026-10-03T03:15:05.3482963Z ##[endgroup]
2026-10-03T03:15:10.8377813Z ##[group]@oxy.so/federation:build
2026-10-03T03:15:10.8378772Z cache miss, executing eee288f2a781e56d
2026-10-03T03:15:10.8380055Z $ node ../core/scripts/build-workspace-deps.mjs @oxy.so/contracts @oxy.so/protocol @oxy.so/core && bun run build:cjs && bun run build:esm && bun run build:types
2026-10-03T03:15:10.8381713Z $ tsc -p tsconfig.cjs.json
2026-10-03T03:15:10.8382309Z $ tsc -p tsconfig.esm.json && node scripts/fix-esm-imports.mjs
2026-10-03T03:15:10.8383031Z ESM imports fixed
2026-10-03T03:15:10.8383517Z $ tsc -p tsconfig.types.json
2026-10-03T03:15:10.8384556Z ##[endgroup]
2026-10-03T03:15:10.8385263Z 
2026-10-03T03:15:10.8385603Z  Tasks:    7 successful, 7 total
2026-10-03T03:15:10.8386209Z Cached:    0 cached, 7 total
2026-10-03T03:15:10.8386834Z   Time:    49.322s 
2026-10-03T03:15:10.8387123Z 
2026-10-03T03:15:10.8561085Z ##[group]Run node -e "const os=require('node:os');console.log('cpus=%d totalmem=%s GiB maxWorkers=%d',os.cpus().length,(os.totalmem()/1073741824).toFixed(1),require('./jest.config.js').maxWorkers)"
2026-10-03T03:15:10.8562436Z [36;1mnode -e "const os=require('node:os');console.log('cpus=%d totalmem=%s GiB maxWorkers=%d',os.cpus().length,(os.totalmem()/1073741824).toFixed(1),require('./jest.config.js').maxWorkers)"[0m
2026-10-03T03:15:10.8627626Z shell: /usr/bin/bash -e {0}
2026-10-03T03:15:10.8627921Z ##[endgroup]
2026-10-03T03:15:10.9011289Z cpus=4 totalmem=15.6 GiB maxWorkers=1
2026-10-03T03:15:10.9096749Z ##[group]Run echo "Running API coverage shard ${SHARD_INDEX}/${SHARD_TOTAL}"
2026-10-03T03:15:10.9097315Z [36;1mecho "Running API coverage shard ${SHARD_INDEX}/${SHARD_TOTAL}"[0m
2026-10-03T03:15:10.9097712Z [36;1mbun run test:coverage -- \[0m
2026-10-03T03:15:10.9098031Z [36;1m  --shard="${SHARD_INDEX}/${SHARD_TOTAL}" \[0m
2026-10-03T03:15:10.9098483Z [36;1m  --json --outputFile="coverage/shard-${SHARD_INDEX}/jest-results.json" \[0m
2026-10-03T03:15:10.9098991Z [36;1m  --coverageDirectory="coverage/shard-${SHARD_INDEX}" \[0m
2026-10-03T03:15:10.9099362Z [36;1m  --coverageReporters=json \[0m
2026-10-03T03:15:10.9099687Z [36;1m  --coverageReporters=lcovonly \[0m
2026-10-03T03:15:10.9100003Z [36;1m  --coverageReporters=text-summary[0m
2026-10-03T03:15:10.9164440Z shell: /usr/bin/bash -e {0}
2026-10-03T03:15:10.9164714Z env:
2026-10-03T03:15:10.9164918Z   SHARD_INDEX: 6
2026-10-03T03:15:10.9165142Z   SHARD_TOTAL: 6
2026-10-03T03:15:10.9165828Z   DATABASE_URL: ***127.0.0.1:5432/oxy_test
2026-10-03T03:15:10.9166240Z   ACCESS_TOKEN_SECRET: test_access_token_secret_minimum_32_characters
2026-10-03T03:15:10.9166747Z   REFRESH_TOKEN_SECRET: test_refresh_token_secret_minimum_32_characters
2026-10-03T03:15:10.9167148Z   AWS_REGION: us-east-1
2026-10-03T03:15:10.9167422Z   AWS_ACCESS_KEY_ID: test_aws_access_key
2026-10-03T03:15:10.9167746Z   AWS_SECRET_ACCESS_KEY: test_aws_secret_key
2026-10-03T03:15:10.9168065Z   AWS_S3_BUCKET: test-bucket
2026-10-03T03:15:10.9168333Z   NODE_ENV: test
2026-10-03T03:15:10.9168556Z ##[endgroup]
2026-10-03T03:15:10.9253507Z Running API coverage shard 6/6
2026-10-03T03:15:10.9285233Z $ jest --coverage "--shard=6/6" --json "--outputFile=coverage/shard-6/jest-results.json" "--coverageDirectory=coverage/shard-6" "--coverageReporters=json" "--coverageReporters=lcovonly" "--coverageReporters=text-summary"
2026-10-03T03:15:27.5349069Z PASS src/services/__tests__/deviceDirectory.service.test.ts (13.646 s)
2026-10-03T03:15:27.9136639Z {"level":30,"time":1790997327813,"pid":4635,"hostname":"runnervm8df0l","maxPoolSize":8,"msg":"Connected to PostgreSQL successfully"}
2026-10-03T03:15:28.5794614Z {"level":30,"time":1790997328479,"pid":4635,"hostname":"runnervm8df0l","deviceId":"dev-279f820d-1693-4eff-85cc-39c5cc88a01f","accountId":"01a0ffc2-723c-7a5e-9958-c43873e996e2","msg":"deviceSession.getState: dropping revoked managed active account"}
2026-10-03T03:15:30.0261063Z PASS src/services/__tests__/deviceSession.service.test.ts
2026-10-03T03:15:32.3757604Z PASS src/routes/__tests__/sessionDevice.test.ts
2026-10-03T03:15:36.0431109Z PASS src/routes/__tests__/oauthConsentFinalizers.test.ts
2026-10-03T03:15:37.2171331Z FAIL src/routes/__tests__/oauthConsentGrants.test.ts
2026-10-03T03:15:37.2172855Z   ● DELETE /auth/grants/:applicationId — offline delegation › revokes an explicit FIRST-PARTY grant and writes a refusal marker
2026-10-03T03:15:37.2173531Z 
2026-10-03T03:15:37.2173795Z     expect(received).toEqual(expected) // deep equality
2026-10-03T03:15:37.2174110Z 
2026-10-03T03:15:37.2174275Z     - Expected  - 0
2026-10-03T03:15:37.2174585Z     + Received  + 1
2026-10-03T03:15:37.2174748Z 
2026-10-03T03:15:37.2174868Z       Object {
2026-10-03T03:15:37.2175162Z         "authorized": true,
2026-10-03T03:15:37.2175486Z     +   "epoch": "0",
2026-10-03T03:15:37.2175807Z         "scopes": Array [
2026-10-03T03:15:37.2176227Z           "user:read",
2026-10-03T03:15:37.2176592Z           "acting-as:offline",
2026-10-03T03:15:37.2176956Z         ],
2026-10-03T03:15:37.2177238Z       }
2026-10-03T03:15:37.2177396Z 
2026-10-03T03:15:37.2177672Z     [0m [90m 585 |[39m     })[33m;[39m
2026-10-03T03:15:37.2178126Z      [90m 586 |[39m
2026-10-03T03:15:37.2179213Z     [31m[1m>[22m[39m[90m 587 |[39m     expect([36mawait[39m resolveServiceActingAsGrant(applicationId[33m,[39m userId))[33m.[39mtoEqual({
2026-10-03T03:15:37.2180809Z      [90m     |[39m                                                                      [31m[1m^[22m[39m
2026-10-03T03:15:37.2182161Z      [90m 588 |[39m       authorized[33m:[39m [36mtrue[39m[33m,[39m
2026-10-03T03:15:37.2183211Z      [90m 589 |[39m       scopes[33m:[39m [[32m'user:read'[39m[33m,[39m [32m'acting-as:offline'[39m][33m,[39m
2026-10-03T03:15:37.2184003Z      [90m 590 |[39m     })[33m;[39m[0m
2026-10-03T03:15:37.2184286Z 
2026-10-03T03:15:37.2184582Z       at src/routes/__tests__/oauthConsentGrants.test.ts:587:70
2026-10-03T03:15:37.2185314Z       at fulfilled (src/routes/__tests__/oauthConsentGrants.test.ts:20:58)
2026-10-03T03:15:37.2185762Z 
2026-10-03T03:15:37.2186620Z   ● POST /auth/oauth/authorize — undoing a revocation › does NOT clear a revocation on an authorize that records a grant for OTHER scopes
2026-10-03T03:15:37.2187438Z 
2026-10-03T03:15:37.2187692Z     expect(received).toEqual(expected) // deep equality
2026-10-03T03:15:37.2187958Z 
2026-10-03T03:15:37.2188065Z     - Expected  - 0
2026-10-03T03:15:37.2188296Z     + Received  + 1
2026-10-03T03:15:37.2188432Z 
2026-10-03T03:15:37.2188538Z       Object {
2026-10-03T03:15:37.2188764Z         "authorized": false,
2026-10-03T03:15:37.2189024Z     +   "epoch": "2",
2026-10-03T03:15:37.2189260Z         "scopes": Array [],
2026-10-03T03:15:37.2189509Z       }
2026-10-03T03:15:37.2189619Z 
2026-10-03T03:15:37.2189800Z     [0m [90m 692 |[39m     ])[33m;[39m
2026-10-03T03:15:37.2190732Z      [90m 693 |[39m     expect([36mawait[39m storedRevocation(userId[33m,[39m applicationId))[33m.[39mtoBeDefined()[33m;[39m
2026-10-03T03:15:37.2191811Z     [31m[1m>[22m[39m[90m 694 |[39m     expect([36mawait[39m resolveServiceActingAsGrant(applicationId[33m,[39m userId))[33m.[39mtoEqual({
2026-10-03T03:15:37.2192679Z      [90m     |[39m                                                                      [31m[1m^[22m[39m
2026-10-03T03:15:37.2193241Z      [90m 695 |[39m       authorized[33m:[39m [36mfalse[39m[33m,[39m
2026-10-03T03:15:37.2193732Z      [90m 696 |[39m       scopes[33m:[39m [][33m,[39m
2026-10-03T03:15:37.2194127Z      [90m 697 |[39m     })[33m;[39m[0m
2026-10-03T03:15:37.2194323Z 
2026-10-03T03:15:37.2194536Z       at src/routes/__tests__/oauthConsentGrants.test.ts:694:70
2026-10-03T03:15:37.2195037Z       at fulfilled (src/routes/__tests__/oauthConsentGrants.test.ts:20:58)
2026-10-03T03:15:37.2195340Z 
2026-10-03T03:15:37.2195927Z   ● POST /auth/oauth/authorize — undoing a revocation › does NOT clear a revocation on an ordinary auto-approved first-party authorize
2026-10-03T03:15:37.2196443Z 
2026-10-03T03:15:37.2196629Z     expect(received).toEqual(expected) // deep equality
2026-10-03T03:15:37.2196869Z 
2026-10-03T03:15:37.2197186Z     - Expected  - 0
2026-10-03T03:15:37.2197417Z     + Received  + 1
2026-10-03T03:15:37.2197550Z 
2026-10-03T03:15:37.2197644Z       Object {
2026-10-03T03:15:37.2197868Z         "authorized": false,
2026-10-03T03:15:37.2198127Z     +   "epoch": "1",
2026-10-03T03:15:37.2198358Z         "scopes": Array [],
2026-10-03T03:15:37.2198592Z       }
2026-10-03T03:15:37.2198708Z 
2026-10-03T03:15:37.2199087Z     [0m [90m 716 |[39m     expect(res[33m.[39mstatus)[33m.[39mtoBe([35m200[39m)[33m;[39m
2026-10-03T03:15:37.2199930Z      [90m 717 |[39m     expect([36mawait[39m storedRevocation(userId[33m,[39m applicationId))[33m.[39mtoBeDefined()[33m;[39m
2026-10-03T03:15:37.2201126Z     [31m[1m>[22m[39m[90m 718 |[39m     expect([36mawait[39m resolveServiceActingAsGrant(applicationId[33m,[39m userId))[33m.[39mtoEqual({
2026-10-03T03:15:37.2201947Z      [90m     |[39m                                                                      [31m[1m^[22m[39m
2026-10-03T03:15:37.2202504Z      [90m 719 |[39m       authorized[33m:[39m [36mfalse[39m[33m,[39m
2026-10-03T03:15:37.2202985Z      [90m 720 |[39m       scopes[33m:[39m [][33m,[39m
2026-10-03T03:15:37.2203369Z      [90m 721 |[39m     })[33m;[39m[0m
2026-10-03T03:15:37.2203560Z 
2026-10-03T03:15:37.2203765Z       at src/routes/__tests__/oauthConsentGrants.test.ts:718:70
2026-10-03T03:15:37.2204425Z       at fulfilled (src/routes/__tests__/oauthConsentGrants.test.ts:20:58)
2026-10-03T03:15:37.2204728Z 
2026-10-03T03:15:37.5487334Z {"level":30,"time":1790997337448,"pid":4635,"hostname":"runnervm8df0l","maxPoolSize":8,"msg":"Connected to PostgreSQL successfully"}
2026-10-03T03:15:37.7701740Z PASS src/utils/__tests__/profileQuery.test.ts
2026-10-03T03:15:38.0698751Z {"level":30,"time":1790997337968,"pid":4635,"hostname":"runnervm8df0l","maxPoolSize":8,"msg":"Connected to PostgreSQL successfully"}
2026-10-03T03:15:38.2766823Z PASS src/db/schema/__tests__/inferenceModelDocumentation.test.ts
2026-10-03T03:15:39.4595909Z [BABEL] Note: The code generator has deoptimised the styling of /home/runner/work/oxy/oxy/packages/api/src/services/inferenceEdge.service.ts as it exceeds the max of 500KB.
2026-10-03T03:15:42.7961806Z PASS src/routes/__tests__/inferenceEdgeAudioChat.test.ts
2026-10-03T03:15:43.9666540Z PASS src/routes/__tests__/inferenceEdgeZeroUsage.test.ts
2026-10-03T03:15:44.8635495Z {"level":30,"time":1790997344762,"pid":4635,"hostname":"runnervm8df0l","maxPoolSize":8,"msg":"Connected to PostgreSQL successfully"}
2026-10-03T03:15:45.2676095Z {"level":50,"time":1790997345048,"pid":4635,"hostname":"runnervm8df0l","currency":"USD","periodStart":"2021-03-04T12:00:00.000Z","err":{"type":"Object","message":"processor unavailable","stack":"Error: processor unavailable\n    at /home/runner/work/oxy/oxy/packages/api/src/services/__tests__/billingReconciliation.service.test.ts:68:13\n    at Generator.next (<anonymous>)\n    at /home/runner/work/oxy/oxy/packages/api/src/services/__tests__/billingReconciliation.service.test.ts:30:71\n    at new Promise (<anonymous>)\n    at __awaiter (/home/runner/work/oxy/oxy/packages/api/src/services/__tests__/billingReconciliation.service.test.ts:26:12)\n    at Object.listSettledPayments (/home/runner/work/oxy/oxy/packages/api/src/services/__tests__/billingReconciliation.service.test.ts:67:37)\n    at listSettledPayments (/home/runner/work/oxy/oxy/packages/api/src/services/billingReconciliation.service.ts:244:28)\n    at Generator.next (<anonymous>)\n    at /home/runner/work/oxy/oxy/packages/api/src/services/billingReconciliation.service.ts:4594:40\n    at new Promise (<anonymous>)\n    at __awaiter (/home/runner/work/oxy/oxy/packages/api/src/services/billingReconciliation.service.ts:4543:10)\n    at executeReconciliationPass (/home/runner/work/oxy/oxy/packages/api/src/services/billingReconciliation.service.ts:4810:10)\n    at executeReconciliationPass (/home/runner/work/oxy/oxy/packages/api/src/services/billingReconciliation.service.ts:735:28)\n    at Generator.next (<anonymous>)\n    at fulfilled (/home/runner/work/oxy/oxy/packages/api/src/services/billingReconciliation.service.ts:4557:24)\n    at processTicksAndRejections (node:internal/process/task_queues:104:5)","name":"Error"},"msg":"billing.reconciliation.pass_failed"}
2026-10-03T03:15:45.2683667Z PASS src/services/__tests__/billingReconciliation.service.test.ts
2026-10-03T03:15:45.4146199Z PASS src/config/__tests__/kaanaInitialCatalogue.test.ts
2026-10-03T03:15:47.8991943Z PASS src/db/schema/__tests__/devicePrincipalsBackfill.test.ts
2026-10-03T03:15:48.3803258Z {"level":30,"time":1790997348279,"pid":4635,"hostname":"runnervm8df0l","maxPoolSize":8,"msg":"Connected to PostgreSQL successfully"}
2026-10-03T03:15:48.3806620Z {"level":30,"time":1790997348350,"pid":4635,"hostname":"runnervm8df0l","component":"SecurityActivityService","userId":"01a0ffc2-bfe3-7e8d-af3c-daa6fd95910e","eventType":"account_recovery","severity":"high","activityId":"01a0ffc2-bffc-7efc-a506-69492aaa459e","msg":"Security event logged"}
2026-10-03T03:15:48.3808954Z {"level":30,"time":1790997348357,"pid":4635,"hostname":"runnervm8df0l","component":"SecurityActivityService","userId":"01a0ffc2-bfe3-7e8d-af3c-daa6fd95910e","eventType":"suspicious_activity","severity":"critical","activityId":"01a0ffc2-c003-77c1-9b8b-2f74cb1bca5d","msg":"Security event logged"}
2026-10-03T03:15:48.3811766Z {"level":30,"time":1790997348361,"pid":4635,"hostname":"runnervm8df0l","component":"SecurityActivityService","userId":"01a0ffc2-bfe3-7e8d-af3c-daa6fd95910e","eventType":"private_key_exported","severity":"high","activityId":"01a0ffc2-c007-7950-b4d9-847d91779852","msg":"Security event logged"}
2026-10-03T03:15:48.3814008Z {"level":30,"time":1790997348364,"pid":4635,"hostname":"runnervm8df0l","component":"SecurityActivityService","userId":"01a0ffc2-bfe3-7e8d-af3c-daa6fd95910e","eventType":"backup_created","severity":"high","activityId":"01a0ffc2-c00a-7023-a234-dfa7f00f0f16","msg":"Security event logged"}
2026-10-03T03:15:48.3816202Z {"level":30,"time":1790997348372,"pid":4635,"hostname":"runnervm8df0l","component":"SecurityActivityService","userId":"01a0ffc2-c00f-792f-96cb-478bf31104f7","eventType":"suspicious_activity","severity":"critical","activityId":"01a0ffc2-c012-76a4-97cd-0dab0edb7a70","msg":"Security event logged"}
2026-10-03T03:15:48.3818378Z {"level":30,"time":1790997348379,"pid":4635,"hostname":"runnervm8df0l","component":"SecurityActivityService","userId":"01a0ffc2-c016-7eb9-b93d-28ca451adccd","eventType":"sign_in","severity":"high","activityId":"01a0ffc2-c019-715a-9b2e-86da08291cb3","msg":"Security event logged"}
2026-10-03T03:15:48.4918094Z {"level":40,"time":1790997348391,"pid":4635,"hostname":"runnervm8df0l","component":"SecurityActivityService","userId":"01a0ffc2-c024-7199-9751-b230d57b1d6b","eventType":"sign_out","msg":"Empty event description after sanitization"}
2026-10-03T03:15:48.4921016Z {"level":40,"time":1790997348398,"pid":4635,"hostname":"runnervm8df0l","component":"SecurityActivityService","originalSize":20011,"msg":"Metadata too large, truncating"}
2026-10-03T03:15:48.6554290Z {"level":50,"time":1790997348502,"pid":4635,"hostname":"runnervm8df0l","component":"SecurityActivityService","method":"logSecurityEvent","userId":"6a61e383-d0c1-4632-97bc-7cceda31639a","eventType":"sign_in","severity":"low","err":{"type":"Object","message":"Failed query: insert into \"security_activities\" (\"id\", \"user_id\", \"event_type\", \"event_description\", \"metadata\", \"user_agent\", \"device_id\", \"occurred_at\", \"severity\", \"created_at\", \"updated_at\") values ($1, $2, $3, $4, $5, $6, $7, $8, $9, default, default) returning \"id\", \"user_id\", \"event_type\", \"event_description\", \"metadata\", \"user_agent\", \"device_id\", \"occurred_at\", \"severity\", \"created_at\"\nparams: 01a0ffc2-c093-757c-b26e-a9e87ea2918e,6a61e383-d0c1-4632-97bc-7cceda31639a,sign_in,User signed in,{},,,2026-10-03T03:15:48.499Z,low","stack":"Error: Failed query: insert into \"security_activities\" (\"id\", \"user_id\", \"event_type\", \"event_description\", \"metadata\", \"user_agent\", \"device_id\", \"occurred_at\", \"severity\", \"created_at\", \"updated_at\") values ($1, $2, $3, $4, $5, $6, $7, $8, $9, default, default) returning \"id\", \"user_id\", \"event_type\", \"event_description\", \"metadata\", \"user_agent\", \"device_id\", \"occurred_at\", \"severity\", \"created_at\"\nparams: 01a0ffc2-c093-757c-b26e-a9e87ea2918e,6a61e383-d0c1-4632-97bc-7cceda31639a,sign_in,User signed in,{},,,2026-10-03T03:15:48.499Z,low\n    at PostgresJsPreparedQuery.queryWithCache (/home/runner/work/oxy/oxy/node_modules/.bun/drizzle-orm@0.45.2/node_modules/src/pg-core/session.ts:73:11)\n    at processTicksAndRejections (node:internal/process/task_queues:104:5)\n    at /home/runner/work/oxy/oxy/node_modules/.bun/drizzle-orm@0.45.2/node_modules/src/postgres-js/session.ts:58:17","name":"Error"},"msg":"Failed to log security event"}
2026-10-03T03:15:48.6565322Z PASS src/services/__tests__/securityActivityService.test.ts
2026-10-03T03:15:52.1176588Z PASS src/services/federation/__tests__/instagramGraphFallback.test.ts
2026-10-03T03:16:06.9092169Z PASS src/services/__tests__/transparency.service.test.ts (14.717 s)
2026-10-03T03:16:06.9976403Z PASS src/utils/__tests__/applicationScopes.test.ts
2026-10-03T03:16:07.5982421Z {"level":30,"time":1790997367494,"pid":4635,"hostname":"runnervm8df0l","maxPoolSize":8,"msg":"Connected to PostgreSQL successfully"}
2026-10-03T03:16:07.8357642Z {"level":30,"time":1790997367733,"pid":4635,"hostname":"runnervm8df0l","eventId":"follow.created:01a0ffc3-0ba1-77ed-b821-5c44c3dc1003:1790997367699","type":"follow.created","cause":"user_action","actorUserId":"01a0ffc3-0b88-7901-9206-0905b716b3c4","relationshipId":"01a0ffc3-0ba1-77ed-b821-5c44c3dc1003","targetKind":"oxy.user","intent":"federate the follow and tell the target they have a new follower","msg":"[FollowOutbox] Observed follow event"}
2026-10-03T03:16:07.8375964Z {"level":50,"time":1790997367779,"pid":4635,"hostname":"runnervm8df0l","eventId":"follow.created:01a0ffc3-0bce-7025-ad6a-cfe183ca9499:1790997367746","type":"follow.created","attempts":1,"deadLettered":false,"err":{"type":"Object","message":"interrupted","stack":"Error: interrupted\n    at /home/runner/work/oxy/oxy/packages/api/src/services/__tests__/followOutbox.worker.test.ts:201:15\n    at Generator.next (<anonymous>)\n    at /home/runner/work/oxy/oxy/packages/api/src/services/__tests__/followOutbox.worker.test.ts:32:71\n    at new Promise (<anonymous>)\n    at __awaiter (/home/runner/work/oxy/oxy/packages/api/src/services/__tests__/followOutbox.worker.test.ts:28:12)\n    at /home/runner/work/oxy/oxy/packages/api/src/services/__tests__/followOutbox.worker.test.ts:200:63\n    at /home/runner/work/oxy/oxy/packages/api/src/services/__tests__/followOutbox.worker.test.ts:73:44\n    at Generator.next (<anonymous>)\n    at /home/runner/work/oxy/oxy/packages/api/src/services/__tests__/followOutbox.worker.test.ts:32:71\n    at new Promise (<anonymous>)\n    at __awaiter (/home/runner/work/oxy/oxy/packages/api/src/services/__tests__/followOutbox.worker.test.ts:28:12)\n    at /home/runner/work/oxy/oxy/packages/api/src/services/__tests__/followOutbox.worker.test.ts:72:37\n    at handler (/home/runner/work/oxy/oxy/packages/api/src/services/followOutbox.worker.ts:425:13)\n    at Generator.next (<anonymous>)\n    at fulfilled (/home/runner/work/oxy/oxy/packages/api/src/services/followOutbox.worker.ts:2840:24)\n    at processTicksAndRejections (node:internal/process/task_queues:104:5)","name":"Error"},"msg":"[FollowOutbox] Handler failed"}
2026-10-03T03:16:07.8398288Z {"level":50,"time":1790997367822,"pid":4635,"hostname":"runnervm8df0l","eventId":"follow.created:01a0ffc3-0bfa-7601-9708-c29d63483f62:1790997367790","type":"follow.created","attempts":1,"deadLettered":false,"err":{"type":"Object","message":"interrupted","stack":"Error: interrupted\n    at /home/runner/work/oxy/oxy/packages/api/src/services/__tests__/followOutbox.worker.test.ts:228:15\n    at Generator.next (<anonymous>)\n    at /home/runner/work/oxy/oxy/packages/api/src/services/__tests__/followOutbox.worker.test.ts:32:71\n    at new Promise (<anonymous>)\n    at __awaiter (/home/runner/work/oxy/oxy/packages/api/src/services/__tests__/followOutbox.worker.test.ts:28:12)\n    at /home/runner/work/oxy/oxy/packages/api/src/services/__tests__/followOutbox.worker.test.ts:227:63\n    at /home/runner/work/oxy/oxy/packages/api/src/services/__tests__/followOutbox.worker.test.ts:73:44\n    at Generator.next (<anonymous>)\n    at /home/runner/work/oxy/oxy/packages/api/src/services/__tests__/followOutbox.worker.test.ts:32:71\n    at new Promise (<anonymous>)\n    at __awaiter (/home/runner/work/oxy/oxy/packages/api/src/services/__tests__/followOutbox.worker.test.ts:28:12)\n    at /home/runner/work/oxy/oxy/packages/api/src/services/__tests__/followOutbox.worker.test.ts:72:37\n    at handler (/home/runner/work/oxy/oxy/packages/api/src/services/followOutbox.worker.ts:425:13)\n    at Generator.next (<anonymous>)\n    at fulfilled (/home/runner/work/oxy/oxy/packages/api/src/services/followOutbox.worker.ts:2840:24)\n    at processTicksAndRejections (node:internal/process/task_queues:104:5)","name":"Error"},"msg":"[FollowOutbox] Handler failed"}
2026-10-03T03:16:07.8412708Z {"level":30,"time":1790997367824,"pid":4635,"hostname":"runnervm8df0l","eventId":"follow.created:01a0ffc3-0bfa-7601-9708-c29d63483f62:1790997367790","type":"follow.created","cause":"user_action","actorUserId":"01a0ffc3-0be7-7d87-858a-390cc1dd7ddc","relationshipId":"01a0ffc3-0bfa-7601-9708-c29d63483f62","targetKind":"oxy.user","intent":"federate the follow and tell the target they have a new follower","msg":"[FollowOutbox] Observed follow event"}
2026-10-03T03:16:07.8419004Z {"level":30,"time":1790997367825,"pid":4635,"hostname":"runnervm8df0l","eventId":"follow.created:01a0ffc3-0bce-7025-ad6a-cfe183ca9499:1790997367746","type":"follow.created","cause":"user_action","actorUserId":"01a0ffc3-0bba-74ea-a26e-97402aa31589","relationshipId":"01a0ffc3-0bce-7025-ad6a-cfe183ca9499","targetKind":"oxy.user","intent":"federate the follow and tell the target they have a new follower","msg":"[FollowOutbox] Observed follow event"}
2026-10-03T03:16:08.0577544Z {"level":30,"time":1790997367957,"pid":4635,"hostname":"runnervm8df0l","eventId":"follow.created:01a0ffc3-0c80-7b7b-8ee9-e77492bd086d:1790997367924","type":"follow.created","cause":"user_action","actorUserId":"01a0ffc3-0c6b-791c-9fa7-998cce462d58","relationshipId":"01a0ffc3-0c80-7b7b-8ee9-e77492bd086d","targetKind":"oxy.user","intent":"federate the follow and tell the target they have a new follower","msg":"[FollowOutbox] Observed follow event"}
2026-10-03T03:16:08.0581687Z {"level":40,"time":1790997367959,"pid":4635,"hostname":"runnervm8df0l","eventId":"follow.created:01a0ffc3-0c80-7b7b-8ee9-e77492bd086d:1790997367924","type":"follow.created","msg":"[FollowOutbox] Lease was lost before the event could be acknowledged"}
2026-10-03T03:16:08.0591245Z {"level":50,"time":1790997367999,"pid":4635,"hostname":"runnervm8df0l","eventId":"follow.created:01a0ffc3-0cab-74a0-8431-d151a414b91c:1790997367968","type":"follow.created","attempts":1,"deadLettered":false,"err":{"type":"Object","message":"delivery refused","stack":"Error: delivery refused\n    at /home/runner/work/oxy/oxy/packages/api/src/services/__tests__/followOutbox.worker.test.ts:324:15\n    at Generator.next (<anonymous>)\n    at /home/runner/work/oxy/oxy/packages/api/src/services/__tests__/followOutbox.worker.test.ts:32:71\n    at new Promise (<anonymous>)\n    at __awaiter (/home/runner/work/oxy/oxy/packages/api/src/services/__tests__/followOutbox.worker.test.ts:28:12)\n    at /home/runner/work/oxy/oxy/packages/api/src/services/__tests__/followOutbox.worker.test.ts:323:63\n    at /home/runner/work/oxy/oxy/packages/api/src/services/__tests__/followOutbox.worker.test.ts:73:44\n    at Generator.next (<anonymous>)\n    at /home/runner/work/oxy/oxy/packages/api/src/services/__tests__/followOutbox.worker.test.ts:32:71\n    at new Promise (<anonymous>)\n    at __awaiter (/home/runner/work/oxy/oxy/packages/api/src/services/__tests__/followOutbox.worker.test.ts:28:12)\n    at /home/runner/work/oxy/oxy/packages/api/src/services/__tests__/followOutbox.worker.test.ts:72:37\n    at handler (/home/runner/work/oxy/oxy/packages/api/src/services/followOutbox.worker.ts:425:13)\n    at Generator.next (<anonymous>)\n    at fulfilled (/home/runner/work/oxy/oxy/packages/api/src/services/followOutbox.worker.ts:2840:24)\n    at processTicksAndRejections (node:internal/process/task_queues:104:5)","name":"Error"},"msg":"[FollowOutbox] Handler failed"}
2026-10-03T03:16:08.0605300Z {"level":50,"time":1790997368041,"pid":4635,"hostname":"runnervm8df0l","eventId":"follow.created:01a0ffc3-0cd3-755a-9e4c-b8c3d37b0dae:1790997368007","type":"follow.created","attempts":1,"deadLettered":false,"err":{"type":"Object","message":"upstream is down","stack":"Error: upstream is down\n    at /home/runner/work/oxy/oxy/packages/api/src/services/__tests__/followOutbox.worker.test.ts:348:17\n    at Generator.next (<anonymous>)\n    at /home/runner/work/oxy/oxy/packages/api/src/services/__tests__/followOutbox.worker.test.ts:32:71\n    at new Promise (<anonymous>)\n    at __awaiter (/home/runner/work/oxy/oxy/packages/api/src/services/__tests__/followOutbox.worker.test.ts:28:12)\n    at /home/runner/work/oxy/oxy/packages/api/src/services/__tests__/followOutbox.worker.test.ts:346:65\n    at /home/runner/work/oxy/oxy/packages/api/src/services/__tests__/followOutbox.worker.test.ts:73:44\n    at Generator.next (<anonymous>)\n    at /home/runner/work/oxy/oxy/packages/api/src/services/__tests__/followOutbox.worker.test.ts:32:71\n    at new Promise (<anonymous>)\n    at __awaiter (/home/runner/work/oxy/oxy/packages/api/src/services/__tests__/followOutbox.worker.test.ts:28:12)\n    at /home/runner/work/oxy/oxy/packages/api/src/services/__tests__/followOutbox.worker.test.ts:72:37\n    at handler (/home/runner/work/oxy/oxy/packages/api/src/services/followOutbox.worker.ts:425:13)\n    at Generator.next (<anonymous>)\n    at fulfilled (/home/runner/work/oxy/oxy/packages/api/src/services/followOutbox.worker.ts:2840:24)\n    at processTicksAndRejections (node:internal/process/task_queues:104:5)","name":"Error"},"msg":"[FollowOutbox] Handler failed"}
2026-10-03T03:16:08.0619532Z {"level":50,"time":1790997368045,"pid":4635,"hostname":"runnervm8df0l","eventId":"follow.created:01a0ffc3-0cd3-755a-9e4c-b8c3d37b0dae:1790997368007","type":"follow.created","attempts":2,"deadLettered":false,"err":{"type":"Object","message":"upstream is down","stack":"Error: upstream is down\n    at /home/runner/work/oxy/oxy/packages/api/src/services/__tests__/followOutbox.worker.test.ts:348:17\n    at Generator.next (<anonymous>)\n    at /home/runner/work/oxy/oxy/packages/api/src/services/__tests__/followOutbox.worker.test.ts:32:71\n    at new Promise (<anonymous>)\n    at __awaiter (/home/runner/work/oxy/oxy/packages/api/src/services/__tests__/followOutbox.worker.test.ts:28:12)\n    at /home/runner/work/oxy/oxy/packages/api/src/services/__tests__/followOutbox.worker.test.ts:346:65\n    at /home/runner/work/oxy/oxy/packages/api/src/services/__tests__/followOutbox.worker.test.ts:73:44\n    at Generator.next (<anonymous>)\n    at /home/runner/work/oxy/oxy/packages/api/src/services/__tests__/followOutbox.worker.test.ts:32:71\n    at new Promise (<anonymous>)\n    at __awaiter (/home/runner/work/oxy/oxy/packages/api/src/services/__tests__/followOutbox.worker.test.ts:28:12)\n    at /home/runner/work/oxy/oxy/packages/api/src/services/__tests__/followOutbox.worker.test.ts:72:37\n    at handler (/home/runner/work/oxy/oxy/packages/api/src/services/followOutbox.worker.ts:425:13)\n    at Generator.next (<anonymous>)\n    at fulfilled (/home/runner/work/oxy/oxy/packages/api/src/services/followOutbox.worker.ts:2840:24)\n    at processTicksAndRejections (node:internal/process/task_queues:104:5)","name":"Error"},"msg":"[FollowOutbox] Handler failed"}
2026-10-03T03:16:08.0634412Z {"level":50,"time":1790997368049,"pid":4635,"hostname":"runnervm8df0l","eventId":"follow.created:01a0ffc3-0cd3-755a-9e4c-b8c3d37b0dae:1790997368007","type":"follow.created","attempts":3,"deadLettered":false,"err":{"type":"Object","message":"upstream is down","stack":"Error: upstream is down\n    at /home/runner/work/oxy/oxy/packages/api/src/services/__tests__/followOutbox.worker.test.ts:348:17\n    at Generator.next (<anonymous>)\n    at /home/runner/work/oxy/oxy/packages/api/src/services/__tests__/followOutbox.worker.test.ts:32:71\n    at new Promise (<anonymous>)\n    at __awaiter (/home/runner/work/oxy/oxy/packages/api/src/services/__tests__/followOutbox.worker.test.ts:28:12)\n    at /home/runner/work/oxy/oxy/packages/api/src/services/__tests__/followOutbox.worker.test.ts:346:65\n    at /home/runner/work/oxy/oxy/packages/api/src/services/__tests__/followOutbox.worker.test.ts:73:44\n    at Generator.next (<anonymous>)\n    at /home/runner/work/oxy/oxy/packages/api/src/services/__tests__/followOutbox.worker.test.ts:32:71\n    at new Promise (<anonymous>)\n    at __awaiter (/home/runner/work/oxy/oxy/packages/api/src/services/__tests__/followOutbox.worker.test.ts:28:12)\n    at /home/runner/work/oxy/oxy/packages/api/src/services/__tests__/followOutbox.worker.test.ts:72:37\n    at handler (/home/runner/work/oxy/oxy/packages/api/src/services/followOutbox.worker.ts:425:13)\n    at Generator.next (<anonymous>)\n    at fulfilled (/home/runner/work/oxy/oxy/packages/api/src/services/followOutbox.worker.ts:2840:24)\n    at processTicksAndRejections (node:internal/process/task_queues:104:5)","name":"Error"},"msg":"[FollowOutbox] Handler failed"}
2026-10-03T03:16:08.0648412Z {"level":50,"time":1790997368052,"pid":4635,"hostname":"runnervm8df0l","eventId":"follow.created:01a0ffc3-0cd3-755a-9e4c-b8c3d37b0dae:1790997368007","type":"follow.created","attempts":4,"deadLettered":false,"err":{"type":"Object","message":"upstream is down","stack":"Error: upstream is down\n    at /home/runner/work/oxy/oxy/packages/api/src/services/__tests__/followOutbox.worker.test.ts:348:17\n    at Generator.next (<anonymous>)\n    at /home/runner/work/oxy/oxy/packages/api/src/services/__tests__/followOutbox.worker.test.ts:32:71\n    at new Promise (<anonymous>)\n    at __awaiter (/home/runner/work/oxy/oxy/packages/api/src/services/__tests__/followOutbox.worker.test.ts:28:12)\n    at /home/runner/work/oxy/oxy/packages/api/src/services/__tests__/followOutbox.worker.test.ts:346:65\n    at /home/runner/work/oxy/oxy/packages/api/src/services/__tests__/followOutbox.worker.test.ts:73:44\n    at Generator.next (<anonymous>)\n    at /home/runner/work/oxy/oxy/packages/api/src/services/__tests__/followOutbox.worker.test.ts:32:71\n    at new Promise (<anonymous>)\n    at __awaiter (/home/runner/work/oxy/oxy/packages/api/src/services/__tests__/followOutbox.worker.test.ts:28:12)\n    at /home/runner/work/oxy/oxy/packages/api/src/services/__tests__/followOutbox.worker.test.ts:72:37\n    at handler (/home/runner/work/oxy/oxy/packages/api/src/services/followOutbox.worker.ts:425:13)\n    at Generator.next (<anonymous>)\n    at fulfilled (/home/runner/work/oxy/oxy/packages/api/src/services/followOutbox.worker.ts:2840:24)\n    at processTicksAndRejections (node:internal/process/task_queues:104:5)","name":"Error"},"msg":"[FollowOutbox] Handler failed"}
2026-10-03T03:16:08.0662690Z {"level":50,"time":1790997368056,"pid":4635,"hostname":"runnervm8df0l","eventId":"follow.created:01a0ffc3-0cd3-755a-9e4c-b8c3d37b0dae:1790997368007","type":"follow.created","attempts":5,"deadLettered":false,"err":{"type":"Object","message":"upstream is down","stack":"Error: upstream is down\n    at /home/runner/work/oxy/oxy/packages/api/src/services/__tests__/followOutbox.worker.test.ts:348:17\n    at Generator.next (<anonymous>)\n    at /home/runner/work/oxy/oxy/packages/api/src/services/__tests__/followOutbox.worker.test.ts:32:71\n    at new Promise (<anonymous>)\n    at __awaiter (/home/runner/work/oxy/oxy/packages/api/src/services/__tests__/followOutbox.worker.test.ts:28:12)\n    at /home/runner/work/oxy/oxy/packages/api/src/services/__tests__/followOutbox.worker.test.ts:346:65\n    at /home/runner/work/oxy/oxy/packages/api/src/services/__tests__/followOutbox.worker.test.ts:73:44\n    at Generator.next (<anonymous>)\n    at /home/runner/work/oxy/oxy/packages/api/src/services/__tests__/followOutbox.worker.test.ts:32:71\n    at new Promise (<anonymous>)\n    at __awaiter (/home/runner/work/oxy/oxy/packages/api/src/services/__tests__/followOutbox.worker.test.ts:28:12)\n    at /home/runner/work/oxy/oxy/packages/api/src/services/__tests__/followOutbox.worker.test.ts:72:37\n    at handler (/home/runner/work/oxy/oxy/packages/api/src/services/followOutbox.worker.ts:425:13)\n    at Generator.next (<anonymous>)\n    at fulfilled (/home/runner/work/oxy/oxy/packages/api/src/services/followOutbox.worker.ts:2840:24)\n    at processTicksAndRejections (node:internal/process/task_queues:104:5)","name":"Error"},"msg":"[FollowOutbox] Handler failed"}
2026-10-03T03:16:08.1613124Z {"level":50,"time":1790997368059,"pid":4635,"hostname":"runnervm8df0l","eventId":"follow.created:01a0ffc3-0cd3-755a-9e4c-b8c3d37b0dae:1790997368007","type":"follow.created","attempts":6,"deadLettered":false,"err":{"type":"Object","message":"upstream is down","stack":"Error: upstream is down\n    at /home/runner/work/oxy/oxy/packages/api/src/services/__tests__/followOutbox.worker.test.ts:348:17\n    at Generator.next (<anonymous>)\n    at /home/runner/work/oxy/oxy/packages/api/src/services/__tests__/followOutbox.worker.test.ts:32:71\n    at new Promise (<anonymous>)\n    at __awaiter (/home/runner/work/oxy/oxy/packages/api/src/services/__tests__/followOutbox.worker.test.ts:28:12)\n    at /home/runner/work/oxy/oxy/packages/api/src/services/__tests__/followOutbox.worker.test.ts:346:65\n    at /home/runner/work/oxy/oxy/packages/api/src/services/__tests__/followOutbox.worker.test.ts:73:44\n    at Generator.next (<anonymous>)\n    at /home/runner/work/oxy/oxy/packages/api/src/services/__tests__/followOutbox.worker.test.ts:32:71\n    at new Promise (<anonymous>)\n    at __awaiter (/home/runner/work/oxy/oxy/packages/api/src/services/__tests__/followOutbox.worker.test.ts:28:12)\n    at /home/runner/work/oxy/oxy/packages/api/src/services/__tests__/followOutbox.worker.test.ts:72:37\n    at handler (/home/runner/work/oxy/oxy/packages/api/src/services/followOutbox.worker.ts:425:13)\n    at Generator.next (<anonymous>)\n    at fulfilled (/home/runner/work/oxy/oxy/packages/api/src/services/followOutbox.worker.ts:2840:24)\n    at processTicksAndRejections (node:internal/process/task_queues:104:5)","name":"Error"},"msg":"[FollowOutbox] Handler failed"}
2026-10-03T03:16:08.1628763Z {"level":50,"time":1790997368063,"pid":4635,"hostname":"runnervm8df0l","eventId":"follow.created:01a0ffc3-0cd3-755a-9e4c-b8c3d37b0dae:1790997368007","type":"follow.created","attempts":7,"deadLettered":false,"err":{"type":"Object","message":"upstream is down","stack":"Error: upstream is down\n    at /home/runner/work/oxy/oxy/packages/api/src/services/__tests__/followOutbox.worker.test.ts:348:17\n    at Generator.next (<anonymous>)\n    at /home/runner/work/oxy/oxy/packages/api/src/services/__tests__/followOutbox.worker.test.ts:32:71\n    at new Promise (<anonymous>)\n    at __awaiter (/home/runner/work/oxy/oxy/packages/api/src/services/__tests__/followOutbox.worker.test.ts:28:12)\n    at /home/runner/work/oxy/oxy/packages/api/src/services/__tests__/followOutbox.worker.test.ts:346:65\n    at /home/runner/work/oxy/oxy/packages/api/src/services/__tests__/followOutbox.worker.test.ts:73:44\n    at Generator.next (<anonymous>)\n    at /home/runner/work/oxy/oxy/packages/api/src/services/__tests__/followOutbox.worker.test.ts:32:71\n    at new Promise (<anonymous>)\n    at __awaiter (/home/runner/work/oxy/oxy/packages/api/src/services/__tests__/followOutbox.worker.test.ts:28:12)\n    at /home/runner/work/oxy/oxy/packages/api/src/services/__tests__/followOutbox.worker.test.ts:72:37\n    at handler (/home/runner/work/oxy/oxy/packages/api/src/services/followOutbox.worker.ts:425:13)\n    at Generator.next (<anonymous>)\n    at fulfilled (/home/runner/work/oxy/oxy/packages/api/src/services/followOutbox.worker.ts:2840:24)\n    at processTicksAndRejections (node:internal/process/task_queues:104:5)","name":"Error"},"msg":"[FollowOutbox] Handler failed"}
2026-10-03T03:16:08.1643240Z {"level":50,"time":1790997368066,"pid":4635,"hostname":"runnervm8df0l","eventId":"follow.created:01a0ffc3-0cd3-755a-9e4c-b8c3d37b0dae:1790997368007","type":"follow.created","attempts":8,"deadLettered":true,"err":{"type":"Object","message":"upstream is down","stack":"Error: upstream is down\n    at /home/runner/work/oxy/oxy/packages/api/src/services/__tests__/followOutbox.worker.test.ts:348:17\n    at Generator.next (<anonymous>)\n    at /home/runner/work/oxy/oxy/packages/api/src/services/__tests__/followOutbox.worker.test.ts:32:71\n    at new Promise (<anonymous>)\n    at __awaiter (/home/runner/work/oxy/oxy/packages/api/src/services/__tests__/followOutbox.worker.test.ts:28:12)\n    at /home/runner/work/oxy/oxy/packages/api/src/services/__tests__/followOutbox.worker.test.ts:346:65\n    at /home/runner/work/oxy/oxy/packages/api/src/services/__tests__/followOutbox.worker.test.ts:73:44\n    at Generator.next (<anonymous>)\n    at /home/runner/work/oxy/oxy/packages/api/src/services/__tests__/followOutbox.worker.test.ts:32:71\n    at new Promise (<anonymous>)\n    at __awaiter (/home/runner/work/oxy/oxy/packages/api/src/services/__tests__/followOutbox.worker.test.ts:28:12)\n    at /home/runner/work/oxy/oxy/packages/api/src/services/__tests__/followOutbox.worker.test.ts:72:37\n    at handler (/home/runner/work/oxy/oxy/packages/api/src/services/followOutbox.worker.ts:425:13)\n    at Generator.next (<anonymous>)\n    at fulfilled (/home/runner/work/oxy/oxy/packages/api/src/services/followOutbox.worker.ts:2840:24)\n    at processTicksAndRejections (node:internal/process/task_queues:104:5)","name":"Error"},"msg":"[FollowOutbox] Handler failed"}
2026-10-03T03:16:08.1658100Z {"level":50,"time":1790997368142,"pid":4635,"hostname":"runnervm8df0l","eventId":"follow.created:01a0ffc3-0d1d-7984-9151-5465de52281e:1790997368082","type":"follow.created","attempts":1,"deadLettered":false,"err":{"type":"Object","message":"poison","stack":"Error: poison\n    at /home/runner/work/oxy/oxy/packages/api/src/services/__tests__/followOutbox.worker.test.ts:372:15\n    at Generator.next (<anonymous>)\n    at /home/runner/work/oxy/oxy/packages/api/src/services/__tests__/followOutbox.worker.test.ts:32:71\n    at new Promise (<anonymous>)\n    at __awaiter (/home/runner/work/oxy/oxy/packages/api/src/services/__tests__/followOutbox.worker.test.ts:28:12)\n    at /home/runner/work/oxy/oxy/packages/api/src/services/__tests__/followOutbox.worker.test.ts:371:64\n    at /home/runner/work/oxy/oxy/packages/api/src/services/__tests__/followOutbox.worker.test.ts:73:44\n    at Generator.next (<anonymous>)\n    at /home/runner/work/oxy/oxy/packages/api/src/services/__tests__/followOutbox.worker.test.ts:32:71\n    at new Promise (<anonymous>)\n    at __awaiter (/home/runner/work/oxy/oxy/packages/api/src/services/__tests__/followOutbox.worker.test.ts:28:12)\n    at /home/runner/work/oxy/oxy/packages/api/src/services/__tests__/followOutbox.worker.test.ts:72:37\n    at handler (/home/runner/work/oxy/oxy/packages/api/src/services/followOutbox.worker.ts:425:13)\n    at Generator.next (<anonymous>)\n    at fulfilled (/home/runner/work/oxy/oxy/packages/api/src/services/followOutbox.worker.ts:2840:24)\n    at processTicksAndRejections (node:internal/process/task_queues:104:5)","name":"Error"},"msg":"[FollowOutbox] Handler failed"}
2026-10-03T03:16:08.2867924Z {"level":50,"time":1790997368185,"pid":4635,"hostname":"runnervm8df0l","eventId":"follow.created:01a0ffc3-0d63-78fb-b87e-60c48dedd350:1790997368152","type":"follow.created","attempts":9,"msg":"[FollowOutbox] Dead-lettered an event that exhausted its attempts"}
2026-10-03T03:16:08.2873234Z {"level":50,"time":1790997368228,"pid":4635,"hostname":"runnervm8df0l","eventId":"follow.created:01a0ffc3-0d90-794e-b848-b5d2ab3b6af1:1790997368196","type":"follow.created","knownTypes":["follow.created","follow.removed","follow.requested","follow.accepted","follow.rejected","follow.context_enabled","follow.context_disabled"],"msg":"[FollowOutbox] Dead-lettered an event no handler is registered for"}
2026-10-03T03:16:08.2879235Z {"level":30,"time":1790997368270,"pid":4635,"hostname":"runnervm8df0l","eventId":"follow.created:01a0ffc3-0dbd-74f9-bfbf-f7bdfb634412:1790997368242","type":"follow.created","cause":"user_action","actorUserId":"01a0ffc3-0dab-7881-b7db-1668015a38a8","relationshipId":"01a0ffc3-0dbd-74f9-bfbf-f7bdfb634412","targetKind":"oxy.user","intent":"federate the follow and tell the target they have a new follower","msg":"[FollowOutbox] Observed follow event"}
2026-10-03T03:16:08.4889286Z {"level":30,"time":1790997368387,"pid":4635,"hostname":"runnervm8df0l","eventId":"follow.created:01a0ffc3-0e11-723a-9426-9535a1f4beb8:1790997368326","type":"follow.created","cause":"user_action","actorUserId":"01a0ffc3-0dff-76eb-af47-44cf9299c87f","relationshipId":"01a0ffc3-0e11-723a-9426-9535a1f4beb8","targetKind":"oxy.user","intent":"federate the follow and tell the target they have a new follower","msg":"[FollowOutbox] Observed follow event"}
2026-10-03T03:16:08.4892709Z PASS src/services/__tests__/followOutbox.worker.test.ts
2026-10-03T03:16:08.4896893Z {"level":30,"time":1790997368389,"pid":4635,"hostname":"runnervm8df0l","eventId":"follow.created:01a0ffc3-0e2f-7b24-a5be-2e00995fbedd:1790997368356","type":"follow.created","cause":"user_action","actorUserId":"01a0ffc3-0dff-76eb-af47-44cf9299c87f","relationshipId":"01a0ffc3-0e2f-7b24-a5be-2e00995fbedd","targetKind":"oxy.user","intent":"federate the follow and tell the target they have a new follower","msg":"[FollowOutbox] Observed follow event"}
2026-10-03T03:16:08.4903070Z {"level":30,"time":1790997368390,"pid":4635,"hostname":"runnervm8df0l","eventId":"follow.created:01a0ffc3-0de9-7a68-a02c-8402725fcff2:1790997368285","type":"follow.created","cause":"user_action","actorUserId":"01a0ffc3-0dd1-78a2-9bbb-e29cb295cf56","relationshipId":"01a0ffc3-0de9-7a68-a02c-8402725fcff2","targetKind":"oxy.user","intent":"federate the follow and tell the target they have a new follower","msg":"[FollowOutbox] Observed follow event"}
2026-10-03T03:16:09.3629674Z {"level":30,"time":1790997369261,"pid":4635,"hostname":"runnervm8df0l","maxPoolSize":8,"msg":"Connected to PostgreSQL successfully"}
2026-10-03T03:16:09.3632144Z {"level":30,"time":1790997369283,"pid":4635,"hostname":"runnervm8df0l","deviceId":"01a0ffc3-11b7-720d-afc1-c38b8052c1fc","msg":"device.bridge.register"}
2026-10-03T03:16:09.3634348Z {"level":30,"time":1790997369307,"pid":4635,"hostname":"runnervm8df0l","deviceId":"01a0ffc3-11d3-7423-8ed9-fa5580bd5ac9","msg":"device.bridge.register"}
2026-10-03T03:16:09.3636089Z {"level":30,"time":1790997369317,"pid":4635,"hostname":"runnervm8df0l","deviceId":"01a0ffc3-11dd-71be-b274-239e45d904d3","msg":"device.bridge.register"}
2026-10-03T03:16:09.4640520Z {"level":30,"time":1790997369363,"pid":4635,"hostname":"runnervm8df0l","deviceId":"01a0ffc3-120c-76f3-82a8-768eb372f5b7","msg":"device.bridge.register"}
2026-10-03T03:16:09.4642566Z {"level":30,"time":1790997369410,"pid":4635,"hostname":"runnervm8df0l","deviceId":"01a0ffc3-120c-76f3-82a8-768eb372f5b7","msg":"device.bridge.join"}
2026-10-03T03:16:09.4643821Z {"level":30,"time":1790997369447,"pid":4635,"hostname":"runnervm8df0l","deviceId":"01a0ffc3-120c-76f3-82a8-768eb372f5b7","msg":"device.bridge.join"}
2026-10-03T03:16:09.5823249Z {"level":30,"time":1790997369481,"pid":4635,"hostname":"runnervm8df0l","deviceId":"01a0ffc3-1283-74c3-bef0-04adb65ed301","msg":"device.bridge.register"}
2026-10-03T03:16:09.5825455Z {"level":30,"time":1790997369499,"pid":4635,"hostname":"runnervm8df0l","deviceId":"01a0ffc3-1283-74c3-bef0-04adb65ed301","msg":"device.bridge.join"}
2026-10-03T03:16:09.5827933Z {"level":30,"time":1790997369527,"pid":4635,"hostname":"runnervm8df0l","sessionToken":"at_48e93...","userId":"01a0ffc3-127f-753a-b2c8-1e7540e0afea","applicationId":"01a0ffc3-1277-771b-902f-18e0cacd3f1f","msg":"Auth session authorized"}
2026-10-03T03:16:09.5829729Z {"level":30,"time":1790997369553,"pid":4635,"hostname":"runnervm8df0l","sessionId":"18a8aea6","msg":"[SessionService] Deactivated session"}
2026-10-03T03:16:09.6855814Z {"level":30,"time":1790997369585,"pid":4635,"hostname":"runnervm8df0l","sessionToken":"at_48e93...","sessionId":"f37ab73f-a951-422b-aedd-71ddaf4f0852","userId":"01a0ffc3-127f-753a-b2c8-1e7540e0afea","applicationId":"01a0ffc3-1277-771b-902f-18e0cacd3f1f","msg":"[AuthSession] Claim succeeded"}
2026-10-03T03:16:09.6858046Z {"level":30,"time":1790997369600,"pid":4635,"hostname":"runnervm8df0l","mint_source":"secret","deviceId":"01a0ffc3-1283-74c3-bef0-04adb65ed301","msg":"device.token.mint"}
2026-10-03T03:16:09.6859430Z {"level":30,"time":1790997369614,"pid":4635,"hostname":"runnervm8df0l","mint_source":"secret","deviceId":"01a0ffc3-1283-74c3-bef0-04adb65ed301","msg":"device.token.mint"}
2026-10-03T03:16:09.6861022Z {"level":30,"time":1790997369646,"pid":4635,"hostname":"runnervm8df0l","deviceId":"01a0ffc3-1283-74c3-bef0-04adb65ed301","msg":"device.bridge.join"}
2026-10-03T03:16:09.6862519Z {"level":30,"time":1790997369660,"pid":4635,"hostname":"runnervm8df0l","mint_source":"secret","deviceId":"01a0ffc3-1283-74c3-bef0-04adb65ed301","msg":"device.token.mint"}
2026-10-03T03:16:09.6863706Z {"level":30,"time":1790997369665,"pid":4635,"hostname":"runnervm8df0l","sessionId":"f37ab73f","msg":"[SessionService] Deactivated session"}
2026-10-03T03:16:09.8006327Z {"level":30,"time":1790997369700,"pid":4635,"hostname":"runnervm8df0l","deviceId":"01a0ffc3-135e-734e-a1e3-d5d55ad052e6","msg":"device.bridge.register"}
2026-10-03T03:16:09.8008337Z {"level":30,"time":1790997369718,"pid":4635,"hostname":"runnervm8df0l","deviceId":"01a0ffc3-135e-734e-a1e3-d5d55ad052e6","msg":"device.bridge.join"}
2026-10-03T03:16:09.8010811Z {"level":30,"time":1790997369735,"pid":4635,"hostname":"runnervm8df0l","sessionToken":"at_3d642...","userId":"01a0ffc3-1359-7c42-9dab-a4fa325cfc0b","applicationId":"01a0ffc3-1356-76ee-8de6-b05fb042679a","msg":"Auth session authorized"}
2026-10-03T03:16:09.8012871Z {"level":30,"time":1790997369756,"pid":4635,"hostname":"runnervm8df0l","sessionId":"5864a56f","msg":"[SessionService] Deactivated session"}
2026-10-03T03:16:09.8016459Z {"level":30,"time":1790997369787,"pid":4635,"hostname":"runnervm8df0l","sessionToken":"at_3d642...","sessionId":"7b9e9552-2503-4c73-8eb4-69aafd360f81","userId":"01a0ffc3-1359-7c42-9dab-a4fa325cfc0b","applicationId":"01a0ffc3-1356-76ee-8de6-b05fb042679a","msg":"[AuthSession] Claim succeeded"}
2026-10-03T03:16:09.9425804Z {"level":30,"time":1790997369842,"pid":4635,"hostname":"runnervm8df0l","mint_source":"secret","deviceId":"01a0ffc3-135e-734e-a1e3-d5d55ad052e6","msg":"device.token.mint"}
2026-10-03T03:16:09.9427647Z {"level":30,"time":1790997369857,"pid":4635,"hostname":"runnervm8df0l","deviceId":"01a0ffc3-13fb-73c9-aa21-d10bb54d6412","msg":"device.bridge.register"}
2026-10-03T03:16:09.9429889Z {"level":30,"time":1790997369874,"pid":4635,"hostname":"runnervm8df0l","sessionToken":"at_1467f...","userId":"01a0ffc3-13f8-71f3-ba9c-a71d338f8902","applicationId":"01a0ffc3-13f6-7a26-92db-d9ddbdc2b12d","msg":"Auth session authorized"}
2026-10-03T03:16:09.9433290Z {"level":30,"time":1790997369916,"pid":4635,"hostname":"runnervm8df0l","sessionToken":"at_1467f...","sessionId":"273d02ce-ac31-4494-a6f2-192086e92ced","userId":"01a0ffc3-13f8-71f3-ba9c-a71d338f8902","applicationId":"01a0ffc3-13f6-7a26-92db-d9ddbdc2b12d","msg":"[AuthSession] Claim succeeded"}
2026-10-03T03:16:10.2925336Z {"level":30,"time":1790997369978,"pid":4635,"hostname":"runnervm8df0l","deviceId":"01a0ffc3-1474-760c-8a2c-638ff25600bc","msg":"device.bridge.register"}
2026-10-03T03:16:10.2929719Z PASS src/routes/__tests__/browserBridge.test.ts
2026-10-03T03:16:10.2931971Z {"level":30,"time":1790997369997,"pid":4635,"hostname":"runnervm8df0l","sessionToken":"at_21729...","userId":"01a0ffc3-1471-7eb1-a422-51e91ce95fd9","applicationId":"01a0ffc3-146e-7d72-b833-75f858633942","msg":"Auth session authorized"}
2026-10-03T03:16:10.2934989Z {"level":30,"time":1790997370045,"pid":4635,"hostname":"runnervm8df0l","sessionToken":"at_21729...","sessionId":"167b284a-a2af-4374-8a5c-6f1a061bd90a","userId":"01a0ffc3-1471-7eb1-a422-51e91ce95fd9","applicationId":"01a0ffc3-146e-7d72-b833-75f858633942","msg":"[AuthSession] Claim succeeded"}
2026-10-03T03:16:11.8869120Z PASS src/routes/__tests__/federationFollow.test.ts
2026-10-03T03:16:12.6826560Z {"level":30,"time":1790997372581,"pid":4635,"hostname":"runnervm8df0l","maxPoolSize":8,"msg":"Connected to PostgreSQL successfully"}
2026-10-03T03:16:12.9585501Z PASS src/services/__tests__/reputationCivic.postgres.test.ts
2026-10-03T03:16:16.1654644Z PASS src/routes/__tests__/nativeRequesterAssertion.routes.test.ts
2026-10-03T03:16:16.5676943Z {"level":30,"time":1790997376455,"pid":4635,"hostname":"runnervm8df0l","maxPoolSize":8,"msg":"Connected to PostgreSQL successfully"}
2026-10-03T03:16:16.8293211Z PASS src/services/__tests__/followRegistry.service.test.ts
2026-10-03T03:16:17.5553495Z PASS src/routes/__tests__/authSessionOAuthRequest.test.ts
2026-10-03T03:16:17.8925354Z {"level":30,"time":1790997377792,"pid":4635,"hostname":"runnervm8df0l","maxPoolSize":8,"msg":"Connected to PostgreSQL successfully"}
2026-10-03T03:16:18.0295919Z PASS src/db/schema/__tests__/users.test.ts
2026-10-03T03:16:19.0426196Z {"level":30,"time":1790997378942,"pid":4635,"hostname":"runnervm8df0l","maxPoolSize":8,"msg":"Connected to PostgreSQL successfully"}
2026-10-03T03:16:19.9630955Z {"level":30,"time":1790997379862,"pid":4635,"hostname":"runnervm8df0l","count":0,"userId":"01a0ffc3-379e-764b-bbbc-fc2577f57724","msg":"[SessionService] Deactivated sessions for user"}
2026-10-03T03:16:20.8220077Z {"level":30,"time":1790997380721,"pid":4635,"hostname":"runnervm8df0l","count":1,"userId":"01a0ffc3-379e-764b-bbbc-fc2577f57724","msg":"[SessionService] Deactivated sessions for user"}
2026-10-03T03:16:21.3321190Z {"level":30,"time":1790997381231,"pid":4635,"hostname":"runnervm8df0l","count":1,"userId":"01a0ffc3-379e-764b-bbbc-fc2577f57724","msg":"[SessionService] Deactivated sessions for user"}
2026-10-03T03:16:21.3324623Z {"level":30,"time":1790997381236,"pid":4635,"hostname":"runnervm8df0l","sessionId":"846d9e3c","msg":"[SessionService] Deactivated session"}
2026-10-03T03:16:21.3326362Z {"level":30,"time":1790997381248,"pid":4635,"hostname":"runnervm8df0l","sessionId":"fcce27b8","msg":"[SessionService] Deactivated session"}
2026-10-03T03:16:21.3329110Z {"level":30,"time":1790997381307,"pid":4635,"hostname":"runnervm8df0l","userId":"01a0ffc3-379e-764b-bbbc-fc2577f57724","username":"journey46e50134add8","accountEventId":"01a0ffc3-408a-7416-8d4a-ecc79c55c269","accountEventRecipients":40,"storageDeletionFiles":0,"storageDeletionTargets":0,"msg":"Account deleted"}
2026-10-03T03:16:30.3045129Z {"level":30,"time":1790997390204,"pid":4635,"hostname":"runnervm8df0l","count":1,"userId":"01a0ffc3-62f8-7321-8b91-923464be3433","msg":"[SessionService] Deactivated sessions for user"}
2026-10-03T03:16:30.3046721Z {"level":30,"time":1790997390209,"pid":4635,"hostname":"runnervm8df0l","sessionId":"1e43e952","msg":"[SessionService] Deactivated session"}
2026-10-03T03:16:30.3048597Z {"level":30,"time":1790997390241,"pid":4635,"hostname":"runnervm8df0l","userId":"01a0ffc3-62f8-7321-8b91-923464be3433","username":"journeyae1e73b19bff","accountEventId":"01a0ffc3-638b-7edf-b6d0-ae45c6b5a54b","accountEventRecipients":40,"storageDeletionFiles":0,"storageDeletionTargets":0,"msg":"Account deleted"}
2026-10-03T03:16:30.5997494Z {"level":30,"time":1790997390337,"pid":4635,"hostname":"runnervm8df0l","sessionId":"d65f607f","msg":"[SessionService] Deactivated session"}
2026-10-03T03:16:30.6017697Z PASS src/routes/__tests__/signInJourney.test.ts (12.322 s)
2026-10-03T03:16:30.7235818Z PASS src/utils/__tests__/reputationDerive.test.ts
2026-10-03T03:16:31.5572281Z {"level":30,"time":1790997391329,"pid":4635,"hostname":"runnervm8df0l","maxPoolSize":8,"msg":"Connected to PostgreSQL successfully"}
2026-10-03T03:16:32.6910856Z PASS src/services/__tests__/stickers.service.test.ts
2026-10-03T03:16:33.2631545Z {"level":30,"time":1790997393159,"pid":4635,"hostname":"runnervm8df0l","maxPoolSize":8,"msg":"Connected to PostgreSQL successfully"}
2026-10-03T03:16:33.4376073Z {"level":50,"time":1790997393288,"pid":4635,"hostname":"runnervm8df0l","msg":"ApiError [400] BAD_REQUEST: Validation failed"}
2026-10-03T03:16:33.4380569Z {"level":40,"time":1790997393330,"pid":4635,"hostname":"runnervm8df0l","applicationId":"01a0ffc3-6fae-74a9-b883-ccbd2fdee39c","path":"/link","msg":"device.lane.third_party_refused"}
2026-10-03T03:16:33.4382416Z PASS src/routes/__tests__/authLinking.reversibility.test.ts
2026-10-03T03:16:33.6454423Z PASS src/services/__tests__/cdnInvalidation.test.ts
2026-10-03T03:16:34.5415823Z PASS src/routes/__tests__/accountsColor.test.ts
2026-10-03T03:16:34.9623920Z {"level":30,"time":1790997394862,"pid":4635,"hostname":"runnervm8df0l","maxPoolSize":8,"msg":"Connected to PostgreSQL successfully"}
2026-10-03T03:16:35.2141796Z {"level":30,"time":1790997395110,"pid":4635,"hostname":"runnervm8df0l","sessionId":"2e04ecaf","msg":"[SessionService] Deactivated session"}
2026-10-03T03:16:35.2163785Z {"level":50,"time":1790997395167,"pid":4635,"hostname":"runnervm8df0l","component":"auth","method":"simpleAuthMiddleware","err":{"type":"Object","message":"jwt malformed","stack":"JsonWebTokenError: jwt malformed\n    at Object.module.exports [as verify] (/home/runner/work/oxy/oxy/node_modules/.bun/jsonwebtoken@9.0.3/node_modules/jsonwebtoken/verify.js:70:17)\n    at verify (/home/runner/work/oxy/oxy/packages/api/src/middleware/auth.ts:355:27)\n    at Generator.next (<anonymous>)\n    at /home/runner/work/oxy/oxy/packages/api/src/middleware/auth.ts:3301:39\n    at new Promise (<anonymous>)\n    at __awaiter (/home/runner/work/oxy/oxy/packages/api/src/middleware/auth.ts:3250:10)\n    at __awaiter (/home/runner/work/oxy/oxy/packages/api/src/middleware/auth.ts:334:105)\n    at Layer.handle [as handle_request] (/home/runner/work/oxy/oxy/node_modules/.bun/express@4.22.2/node_modules/express/lib/router/layer.js:95:5)\n    at next (/home/runner/work/oxy/oxy/node_modules/.bun/express@4.22.2/node_modules/express/lib/router/route.js:149:13)\n    at Route.dispatch (/home/runner/work/oxy/oxy/node_modules/.bun/express@4.22.2/node_modules/express/lib/router/route.js:119:3)\n    at Layer.handle [as handle_request] (/home/runner/work/oxy/oxy/node_modules/.bun/express@4.22.2/node_modules/express/lib/router/layer.js:95:5)\n    at /home/runner/work/oxy/oxy/node_modules/.bun/express@4.22.2/node_modules/express/lib/router/index.js:284:15\n    at router.process_params (/home/runner/work/oxy/oxy/node_modules/.bun/express@4.22.2/node_modules/express/lib/router/index.js:346:12)\n    at next (/home/runner/work/oxy/oxy/node_modules/.bun/express@4.22.2/node_modules/express/lib/router/index.js:280:10)\n    at expressInit (/home/runner/work/oxy/oxy/node_modules/.bun/express@4.22.2/node_modules/express/lib/middleware/init.js:40:5)\n    at Layer.handle [as handle_request] (/home/runner/work/oxy/oxy/node_modules/.bun/express@4.22.2/node_modules/express/lib/router/layer.js:95:5)\n    at trim_prefix (/home/runner/work/oxy/oxy/node_modules/.bun/express@4.22.2/node_modules/express/lib/router/index.js:328:13)\n    at /home/runner/work/oxy/oxy/node_modules/.bun/express@4.22.2/node_modules/express/lib/router/index.js:286:9\n    at router.process_params (/home/runner/work/oxy/oxy/node_modules/.bun/express@4.22.2/node_modules/express/lib/router/index.js:346:12)\n    at next (/home/runner/work/oxy/oxy/node_modules/.bun/express@4.22.2/node_modules/express/lib/router/index.js:280:10)\n    at query (/home/runner/work/oxy/oxy/node_modules/.bun/express@4.22.2/node_modules/express/lib/middleware/query.js:45:5)\n    at Layer.handle [as handle_request] (/home/runner/work/oxy/oxy/node_modules/.bun/express@4.22.2/node_modules/express/lib/router/layer.js:95:5)\n    at trim_prefix (/home/runner/work/oxy/oxy/node_modules/.bun/express@4.22.2/node_modules/express/lib/router/index.js:328:13)\n    at /home/runner/work/oxy/oxy/node_modules/.bun/express@4.22.2/node_modules/express/lib/router/index.js:286:9\n    at router.process_params (/home/runner/work/oxy/oxy/node_modules/.bun/express@4.22.2/node_modules/express/lib/router/index.js:346:12)\n    at next (/home/runner/work/oxy/oxy/node_modules/.bun/express@4.22.2/node_modules/express/lib/router/index.js:280:10)\n    at router.handle (/home/runner/work/oxy/oxy/node_modules/.bun/express@4.22.2/node_modules/express/lib/router/index.js:175:3)\n    at app.handle (/home/runner/work/oxy/oxy/node_modules/.bun/express@4.22.2/node_modules/express/lib/application.js:181:10)\n    at Server.app (/home/runner/work/oxy/oxy/node_modules/.bun/express@4.22.2/node_modules/express/lib/express.js:39:9)\n    at Server.emit (node:events:514:28)\n    at parserOnIncoming (node:_http_server:1293:12)\n    at HTTPParser.parserOnHeadersComplete (node:_http_common:125:17)","name":"JsonWebTokenError"},"msg":"Token verification error"}
2026-10-03T03:16:35.3862040Z PASS src/middleware/__tests__/authIdentity.test.ts
2026-10-03T03:16:36.3883061Z PASS src/routes/__tests__/sessionAuthorize.test.ts
2026-10-03T03:16:36.6462455Z PASS src/middleware/__tests__/optionalAuth.dualAuth.test.ts
2026-10-03T03:16:36.7249020Z PASS src/utils/__tests__/accessTokenV2.test.ts
2026-10-03T03:16:37.1887828Z {"level":30,"time":1790997397088,"pid":4635,"hostname":"runnervm8df0l","maxPoolSize":8,"msg":"Connected to PostgreSQL successfully"}
2026-10-03T03:16:37.3412120Z PASS src/services/__tests__/workloadAttributionIdentity.db.test.ts
2026-10-03T03:16:38.3235428Z PASS src/routes/__tests__/federationMove.test.ts
2026-10-03T03:16:38.7673984Z PASS src/routes/__tests__/platformStats.test.ts
2026-10-03T03:16:39.1331639Z {"level":30,"time":1790997399032,"pid":4635,"hostname":"runnervm8df0l","maxPoolSize":8,"msg":"Connected to PostgreSQL successfully"}
2026-10-03T03:16:39.2030178Z PASS src/scripts/__tests__/kaanaScorecardRenewal.test.ts
2026-10-03T03:16:39.5626273Z {"level":30,"time":1790997399462,"pid":4635,"hostname":"runnervm8df0l","maxPoolSize":8,"msg":"Connected to PostgreSQL successfully"}
2026-10-03T03:16:39.5628478Z {"level":30,"time":1790997399508,"pid":4635,"hostname":"runnervm8df0l","accountId":"01a0ffc3-87c9-775a-a659-8f7a3813c868","parentAccountId":"01a0ffc3-87bf-7ac2-bb53-604165b5356c","kind":"bot","createdBy":"01a0ffc3-87bf-7ac2-bb53-604165b5356c","msg":"Account created"}
2026-10-03T03:16:39.5631363Z {"level":30,"time":1790997399527,"pid":4635,"hostname":"runnervm8df0l","accountId":"01a0ffc3-87df-784a-8569-a5b48418b140","parentAccountId":"01a0ffc3-87d6-7a4d-8e98-de94a341a29c","kind":"bot","createdBy":"01a0ffc3-87d6-7a4d-8e98-de94a341a29c","msg":"Account created"}
2026-10-03T03:16:39.5633924Z {"level":30,"time":1790997399553,"pid":4635,"hostname":"runnervm8df0l","accountId":"01a0ffc3-87f9-7cee-9aef-3a6a0bcd5d02","parentAccountId":"01a0ffc3-87f0-7565-8da0-e37d6f8a06ce","kind":"project","createdBy":"01a0ffc3-87f0-7565-8da0-e37d6f8a06ce","msg":"Account created"}
2026-10-03T03:16:39.6728028Z {"level":30,"time":1790997399570,"pid":4635,"hostname":"runnervm8df0l","accountId":"01a0ffc3-880b-7550-a550-74cf62d86fbd","parentAccountId":"01a0ffc3-8802-735c-983d-d5dc816b75fe","kind":"organization","createdBy":"01a0ffc3-8802-735c-983d-d5dc816b75fe","msg":"Account created"}
2026-10-03T03:16:39.6731256Z {"level":30,"time":1790997399588,"pid":4635,"hostname":"runnervm8df0l","accountId":"01a0ffc3-881c-7d5d-a291-c34887d51157","parentAccountId":"01a0ffc3-8814-7ea9-b30d-5283a0365435","kind":"channel","createdBy":"01a0ffc3-8814-7ea9-b30d-5283a0365435","msg":"Account created"}
2026-10-03T03:16:39.7773796Z {"level":30,"time":1790997399608,"pid":4635,"hostname":"runnervm8df0l","accountId":"01a0ffc3-8831-7825-bcc2-6226a928e5d6","parentAccountId":"01a0ffc3-8829-78b3-93a2-55c24a3e78f4","kind":"project","createdBy":"01a0ffc3-8829-78b3-93a2-55c24a3e78f4","msg":"Account created"}
2026-10-03T03:16:39.7775938Z {"level":30,"time":1790997399626,"pid":4635,"hostname":"runnervm8df0l","accountId":"01a0ffc3-8842-73c4-a861-9bf87199e218","parentAccountId":"01a0ffc3-883a-7e7a-8e46-68b8953a7802","kind":"bot","createdBy":"01a0ffc3-883a-7e7a-8e46-68b8953a7802","msg":"Account created"}
2026-10-03T03:16:39.7778275Z {"level":30,"time":1790997399665,"pid":4635,"hostname":"runnervm8df0l","accountId":"01a0ffc3-886a-776b-894d-2623bf45c2fb","parentAccountId":"01a0ffc3-8862-7cb5-946d-e3da0238d890","kind":"bot","createdBy":"01a0ffc3-8862-7cb5-946d-e3da0238d890","msg":"Account created"}
2026-10-03T03:16:39.7781630Z {"level":30,"time":1790997399674,"pid":4635,"hostname":"runnervm8df0l","accountId":"01a0ffc3-886a-776b-894d-2623bf45c2fb","msg":"Account updated"}
2026-10-03T03:16:39.7784630Z {"level":30,"time":1790997399690,"pid":4635,"hostname":"runnervm8df0l","accountId":"01a0ffc3-8883-7ab6-b95b-540b935a0f09","parentAccountId":"01a0ffc3-887b-7076-abfe-c8d328df046b","kind":"project","createdBy":"01a0ffc3-887b-7076-abfe-c8d328df046b","msg":"Account created"}
2026-10-03T03:16:39.7786234Z {"level":30,"time":1790997399698,"pid":4635,"hostname":"runnervm8df0l","accountId":"01a0ffc3-8883-7ab6-b95b-540b935a0f09","msg":"Account updated"}
2026-10-03T03:16:39.7787877Z {"level":30,"time":1790997399713,"pid":4635,"hostname":"runnervm8df0l","accountId":"01a0ffc3-889a-796a-bf90-a626fe594688","parentAccountId":"01a0ffc3-8893-76b1-aa43-0ad0be403ce7","kind":"organization","createdBy":"01a0ffc3-8893-76b1-aa43-0ad0be403ce7","msg":"Account created"}
2026-10-03T03:16:39.7789674Z {"level":30,"time":1790997399721,"pid":4635,"hostname":"runnervm8df0l","accountId":"01a0ffc3-889a-796a-bf90-a626fe594688","msg":"Account updated"}
2026-10-03T03:16:39.7792371Z {"level":30,"time":1790997399737,"pid":4635,"hostname":"runnervm8df0l","accountId":"01a0ffc3-88b1-77f3-bda0-e5cb592ec90a","parentAccountId":"01a0ffc3-88aa-759c-b4d8-c387d649299a","kind":"channel","createdBy":"01a0ffc3-88aa-759c-b4d8-c387d649299a","msg":"Account created"}
2026-10-03T03:16:39.7795243Z {"level":30,"time":1790997399745,"pid":4635,"hostname":"runnervm8df0l","accountId":"01a0ffc3-88b1-77f3-bda0-e5cb592ec90a","msg":"Account updated"}
2026-10-03T03:16:39.7798282Z {"level":30,"time":1790997399760,"pid":4635,"hostname":"runnervm8df0l","accountId":"01a0ffc3-88c9-75a8-8db4-ae4eb94388dd","parentAccountId":"01a0ffc3-88c2-777a-a390-d721f3f07c05","kind":"bot","createdBy":"01a0ffc3-88c2-777a-a390-d721f3f07c05","msg":"Account created"}
2026-10-03T03:16:39.9611232Z {"level":30,"time":1790997399782,"pid":4635,"hostname":"runnervm8df0l","accountId":"01a0ffc3-88de-78f4-a987-cc197bd59489","parentAccountId":"01a0ffc3-88d6-7432-918f-ad9ba3f19e39","kind":"bot","createdBy":"01a0ffc3-88d6-7432-918f-ad9ba3f19e39","msg":"Account created"}
2026-10-03T03:16:39.9613275Z PASS src/services/__tests__/botUsernameSuffix.test.ts
2026-10-03T03:16:40.6606588Z [BABEL] Note: The code generator has deoptimised the styling of /home/runner/work/oxy/oxy/packages/api/src/services/email.service.ts as it exceeds the max of 500KB.
2026-10-03T03:16:41.2023559Z {"level":30,"time":1790997401101,"pid":4635,"hostname":"runnervm8df0l","maxPoolSize":8,"msg":"Connected to PostgreSQL successfully"}
2026-10-03T03:16:41.4134397Z PASS src/services/__tests__/emailService.threads.test.ts
2026-10-03T03:16:42.1878684Z {"level":30,"time":1790997402086,"pid":4635,"hostname":"runnervm8df0l","maxPoolSize":8,"msg":"Connected to PostgreSQL successfully"}
2026-10-03T03:16:42.6065548Z PASS src/services/__tests__/mcpOAuth.service.test.ts
2026-10-03T03:16:42.9667487Z {"level":30,"time":1790997402866,"pid":4635,"hostname":"runnervm8df0l","maxPoolSize":8,"msg":"Connected to PostgreSQL successfully"}
2026-10-03T03:16:43.8788624Z PASS src/services/federation/__tests__/metaIdentityProofRegistry.test.ts
2026-10-03T03:16:44.0290918Z PASS src/routes/__tests__/cdnResolve.test.ts
2026-10-03T03:16:44.3615594Z {"level":30,"time":1790997404259,"pid":4635,"hostname":"runnervm8df0l","maxPoolSize":8,"msg":"Connected to PostgreSQL successfully"}
2026-10-03T03:16:45.1944045Z PASS src/services/__tests__/externalIdentityRegistry.test.ts
2026-10-03T03:16:45.5102656Z {"level":30,"time":1790997405383,"pid":4635,"hostname":"runnervm8df0l","maxPoolSize":8,"msg":"Connected to PostgreSQL successfully"}
2026-10-03T03:16:45.5103878Z PASS src/db/__tests__/peopleSearchIndexes.test.ts
2026-10-03T03:16:46.4223379Z {"level":30,"time":1790997406274,"pid":4635,"hostname":"runnervm8df0l","maxPoolSize":8,"msg":"Connected to PostgreSQL successfully"}
2026-10-03T03:16:46.5534931Z {"level":30,"time":1790997406453,"pid":4635,"hostname":"runnervm8df0l","maxPoolSize":8,"msg":"Connected to PostgreSQL successfully"}
2026-10-03T03:16:46.6915636Z {"level":30,"time":1790997406590,"pid":4635,"hostname":"runnervm8df0l","component":"civic.realLife","subjectUserId":"01a0ffc3-a2f7-77d7-88fa-af7682194161","attestorUserId":"01a0ffc3-a2fe-77c2-8cbe-d02278d0974b","recordId":"5a0ff45a80f3abec88bec2969bca9e1469fc5be5adf11dcc9d0af6a9ffcb29e9","msg":"Real-life attestation accepted"}
2026-10-03T03:16:46.6919653Z {"level":30,"time":1790997406663,"pid":4635,"hostname":"runnervm8df0l","component":"civic.realLife","subjectUserId":"01a0ffc3-a383-7b38-a4ac-653e54ff1239","attestorUserId":"01a0ffc3-a387-762d-8594-fea06f74c50e","recordId":"33eddbd3f7e764717e08d7392ddf2c147cee3d73de83702580fbd1db94000765","msg":"Real-life attestation accepted"}
2026-10-03T03:16:46.8248896Z {"level":30,"time":1790997406723,"pid":4635,"hostname":"runnervm8df0l","component":"civic.realLife","subjectUserId":"01a0ffc3-a3c9-754e-8124-5a8610442da5","attestorUserId":"01a0ffc3-a3cc-7766-9126-916a06ae113e","recordId":"6e09e6e04af528c2ce23cc13012518295a63b55657456589b45a043657d3ffd7","msg":"Real-life attestation accepted"}
2026-10-03T03:16:46.8253141Z {"level":30,"time":1790997406801,"pid":4635,"hostname":"runnervm8df0l","component":"civic.realLife","subjectUserId":"01a0ffc3-a405-77b8-a742-199152924fbe","attestorUserId":"01a0ffc3-a409-75fc-bad2-911f789f6143","recordId":"fb2f3407f7173f0485435fcd8af4766290b4918437623878c8d281fd2d5768fb","msg":"Real-life attestation accepted"}
2026-10-03T03:16:46.9027382Z PASS src/services/__tests__/civic.realLife.didDomain.test.ts
2026-10-03T03:16:47.4354338Z PASS src/services/__tests__/notification.service.test.ts
2026-10-03T03:16:47.7745887Z {"level":30,"time":1790997407674,"pid":4635,"hostname":"runnervm8df0l","maxPoolSize":8,"msg":"Connected to PostgreSQL successfully"}
2026-10-03T03:16:47.9934641Z PASS src/services/__tests__/accountInvoicing.service.test.ts
2026-10-03T03:16:48.2850253Z {"level":30,"time":1790997408183,"pid":4635,"hostname":"runnervm8df0l","maxPoolSize":8,"msg":"Connected to PostgreSQL successfully"}
2026-10-03T03:16:48.3840140Z PASS src/db/schema/__tests__/devicePrincipals.test.ts
2026-10-03T03:16:48.4823176Z PASS src/services/__tests__/kaanaCredentialControl.test.ts
2026-10-03T03:16:48.7309895Z PASS src/__tests__/openapiRouteWalker.test.ts
2026-10-03T03:16:49.2329609Z PASS src/services/__tests__/appSignals.service.test.ts
2026-10-03T03:16:49.6561586Z {"level":30,"time":1790997409554,"pid":4635,"hostname":"runnervm8df0l","maxPoolSize":8,"msg":"Connected to PostgreSQL successfully"}
2026-10-03T03:16:49.6564240Z {"level":50,"time":1790997409643,"pid":4635,"hostname":"runnervm8df0l","sessionId":"cs_test_fc59537a33ba49628eaddf700caa0ed4","metadataAccountId":"01a0ffc3-af63-71f6-80a2-3f8f2b14c570","customerAccountId":"01a0ffc3-af5a-7444-9984-a2bd8f9f3c79","msg":"Balance top-up metadata does not match its Stripe customer"}
2026-10-03T03:16:49.6566429Z {"level":50,"time":1790997409651,"pid":4635,"hostname":"runnervm8df0l","sessionId":"cs_test_e043f2e030ea445c8a3c878a43cdd32e","accountId":"01a0ffc3-af6e-7798-88d3-4c920a47620d","msg":"Balance top-up for an account with no billing profile"}
2026-10-03T03:16:49.8611059Z PASS src/services/__tests__/stripeAccountBilling.service.test.ts
2026-10-03T03:16:50.7088663Z PASS src/controllers/__tests__/email.controller.suggest.test.ts
2026-10-03T03:16:51.3693361Z PASS src/services/__tests__/scopedAdmission.test.ts
2026-10-03T03:16:51.7528061Z {"level":30,"time":1790997411628,"pid":4635,"hostname":"runnervm8df0l","binaryPath":"/usr/bin/ffmpeg","msg":"[VariantService] Using system ffmpeg"}
2026-10-03T03:16:51.7529479Z {"level":30,"time":1790997411641,"pid":4635,"hostname":"runnervm8df0l","binaryPath":"/usr/bin/ffprobe","msg":"[VariantService] Using system ffprobe"}
2026-10-03T03:16:51.7531159Z {"level":30,"time":1790997411641,"pid":4635,"hostname":"runnervm8df0l","ffmpegPath":"/usr/bin/ffmpeg","msg":"[VariantService] Resolved FFmpeg path"}
2026-10-03T03:16:51.7532549Z {"level":30,"time":1790997411641,"pid":4635,"hostname":"runnervm8df0l","ffprobePath":"/usr/bin/ffprobe","msg":"[VariantService] Resolved FFprobe path"}
2026-10-03T03:16:51.7534703Z {"level":30,"time":1790997411641,"pid":4635,"hostname":"runnervm8df0l","ffmpegPath":"/usr/bin/ffmpeg","ffprobePath":"/usr/bin/ffprobe","ffmpegExists":true,"ffprobeExists":true,"msg":"FFmpeg/FFprobe paths initialized"}
2026-10-03T03:16:51.8860619Z {"level":30,"time":1790997411785,"pid":4635,"hostname":"runnervm8df0l","maxPoolSize":8,"msg":"Connected to PostgreSQL successfully"}
2026-10-03T03:16:52.0635991Z PASS src/services/__tests__/assetService.batchResolve.test.ts
2026-10-03T03:16:52.3753144Z {"level":30,"time":1790997412274,"pid":4635,"hostname":"runnervm8df0l","maxPoolSize":8,"msg":"Connected to PostgreSQL successfully"}
2026-10-03T03:16:52.3755015Z {"level":30,"time":1790997412309,"pid":4635,"hostname":"runnervm8df0l","maxPoolSize":8,"msg":"Connected to PostgreSQL successfully"}
2026-10-03T03:16:52.3756372Z {"level":30,"time":1790997412341,"pid":4635,"hostname":"runnervm8df0l","maxPoolSize":8,"msg":"Connected to PostgreSQL successfully"}
2026-10-03T03:16:52.5415278Z {"level":30,"time":1790997412441,"pid":4635,"hostname":"runnervm8df0l","maxPoolSize":8,"msg":"Connected to PostgreSQL successfully"}
2026-10-03T03:16:52.6916375Z {"level":50,"time":1790997412590,"pid":4635,"hostname":"runnervm8df0l","err":{"type":"Object","message":"database \"oxy_probe_57b5f59a51ae17cd\" does not exist","stack":"PostgresError: database \"oxy_probe_57b5f59a51ae17cd\" does not exist\n    at ErrorResponse (/home/runner/work/oxy/oxy/node_modules/.bun/postgres@3.4.9/node_modules/postgres/cjs/src/connection.js:817:22)\n    at handle (/home/runner/work/oxy/oxy/node_modules/.bun/postgres@3.4.9/node_modules/postgres/cjs/src/connection.js:489:6)\n    at Socket.data (/home/runner/work/oxy/oxy/node_modules/.bun/postgres@3.4.9/node_modules/postgres/cjs/src/connection.js:324:9)\n    at Socket.emit (node:events:514:28)\n    at addChunk (node:internal/streams/readable:568:12)\n    at readableAddChunkPushByteMode (node:internal/streams/readable:519:3)\n    at Socket.Readable.push (node:internal/streams/readable:399:5)\n    at TCP.onStreamRead (node:internal/stream_base_commons:189:23)\n    at cachedError (/home/runner/work/oxy/oxy/node_modules/.bun/postgres@3.4.9/node_modules/postgres/cjs/src/query.js:170:23)\n    at new Query (/home/runner/work/oxy/oxy/node_modules/.bun/postgres@3.4.9/node_modules/postgres/cjs/src/query.js:36:24)\n    at sql (/home/runner/work/oxy/oxy/node_modules/.bun/postgres@3.4.9/node_modules/postgres/cjs/src/index.js:112:11)\n    at /home/runner/work/oxy/oxy/packages/api/src/config/postgres.ts:150:25","name":"PostgresError"},"msg":"Postgres health check failed:"}
2026-10-03T03:16:52.6924683Z {"level":30,"time":1790997412618,"pid":4635,"hostname":"runnervm8df0l","maxPoolSize":8,"msg":"Connected to PostgreSQL successfully"}
2026-10-03T03:16:52.6925995Z {"level":30,"time":1790997412649,"pid":4635,"hostname":"runnervm8df0l","maxPoolSize":8,"msg":"Connected to PostgreSQL successfully"}
2026-10-03T03:16:52.6927330Z {"level":40,"time":1790997412660,"pid":4635,"hostname":"runnervm8df0l","attempts":1,"msRemaining":1493,"error":"database \"oxy_does_not_exist\" does not exist","msg":"PostgreSQL not ready yet, retrying"}
2026-10-03T03:16:53.7679969Z {"level":40,"time":1790997413668,"pid":4635,"hostname":"runnervm8df0l","attempts":2,"msRemaining":485,"error":"database \"oxy_does_not_exist\" does not exist","msg":"PostgreSQL not ready yet, retrying"}
2026-10-03T03:16:54.2628585Z {"level":40,"time":1790997414162,"pid":4635,"hostname":"runnervm8df0l","attempts":1,"msRemaining":2493,"error":"database \"oxy_does_not_exist\" does not exist","msg":"PostgreSQL not ready yet, retrying"}
2026-10-03T03:16:55.2698138Z {"level":40,"time":1790997415169,"pid":4635,"hostname":"runnervm8df0l","attempts":2,"msRemaining":1486,"error":"database \"oxy_does_not_exist\" does not exist","msg":"PostgreSQL not ready yet, retrying"}
2026-10-03T03:16:56.2768758Z {"level":40,"time":1790997416176,"pid":4635,"hostname":"runnervm8df0l","attempts":3,"msRemaining":479,"error":"database \"oxy_does_not_exist\" does not exist","msg":"PostgreSQL not ready yet, retrying"}
2026-10-03T03:16:56.7141609Z PASS src/utils/__tests__/dbConnection.test.ts
2026-10-03T03:16:57.3102004Z PASS src/utils/__tests__/logger.redaction.test.ts
2026-10-03T03:17:08.2067132Z {"level":30,"time":1790997417571,"pid":4635,"hostname":"runnervm8df0l","maxPoolSize":8,"msg":"Connected to PostgreSQL successfully"}
2026-10-03T03:17:08.2068962Z {"level":30,"time":1790997418531,"pid":4635,"hostname":"runnervm8df0l","binaryPath":"/usr/bin/ffmpeg","msg":"[VariantService] Using system ffmpeg"}
2026-10-03T03:17:08.2071266Z {"level":30,"time":1790997418547,"pid":4635,"hostname":"runnervm8df0l","binaryPath":"/usr/bin/ffprobe","msg":"[VariantService] Using system ffprobe"}
2026-10-03T03:17:08.2073308Z {"level":30,"time":1790997418547,"pid":4635,"hostname":"runnervm8df0l","ffmpegPath":"/usr/bin/ffmpeg","msg":"[VariantService] Resolved FFmpeg path"}
2026-10-03T03:17:08.2075241Z {"level":30,"time":1790997418547,"pid":4635,"hostname":"runnervm8df0l","ffprobePath":"/usr/bin/ffprobe","msg":"[VariantService] Resolved FFprobe path"}
2026-10-03T03:17:08.2077846Z {"level":30,"time":1790997418547,"pid":4635,"hostname":"runnervm8df0l","ffmpegPath":"/usr/bin/ffmpeg","ffprobePath":"/usr/bin/ffprobe","ffmpegExists":true,"ffprobeExists":true,"msg":"FFmpeg/FFprobe paths initialized"}
2026-10-03T03:17:08.2085451Z {"level":40,"time":1790997428119,"pid":4635,"hostname":"runnervm8df0l","component":"env","placeholder":"dev-only-device-id-salt-do-not-use-in-prod","msg":"DEVICE_ID_SALT is unset — using a development-only placeholder. Set DEVICE_ID_SALT to a strong random value (≥32 chars) before deploying. Generate one with: openssl rand -base64 48"}
2026-10-03T03:17:08.2089247Z {"level":40,"time":1790997428120,"pid":4635,"hostname":"runnervm8df0l","kid":"dev-ephemeral-506e47c58aba","msg":"[ServiceToken] no signing key configured; minting with a per-process ephemeral Ed25519 key"}
2026-10-03T03:17:08.2093756Z {"level":30,"time":1790997428121,"pid":4635,"hostname":"runnervm8df0l","NODE_ENV":"test","PORT":"4100","AWS_REGION":"us-east-1","AWS_S3_BUCKET":"test-bucket","AWS_ENDPOINT_URL":"default","ASSET_CDN_URL":"https://cloud.oxy.so","DATABASE_URL":"***127.0.0.1:5432/oxy_test_b567002f95589a18","msg":"Environment configuration validated"}
2026-10-03T03:17:09.4171702Z PASS src/__tests__/metricsStaffGate.test.ts (11.024 s)
2026-10-03T03:17:10.9351192Z PASS src/services/__tests__/emailPushDelivery.service.test.ts
2026-10-03T03:17:11.2891117Z PASS src/controllers/__tests__/payment.controller.test.ts
2026-10-03T03:17:11.5963443Z {"level":30,"time":1790997431496,"pid":4635,"hostname":"runnervm8df0l","maxPoolSize":8,"msg":"Connected to PostgreSQL successfully"}
2026-10-03T03:17:11.8813138Z PASS src/services/__tests__/subscriptionCreditLockOrder.test.ts
2026-10-03T03:17:12.2576459Z {"level":30,"time":1790997432157,"pid":4635,"hostname":"runnervm8df0l","maxPoolSize":8,"msg":"Connected to PostgreSQL successfully"}
2026-10-03T03:17:12.2578519Z {"level":30,"time":1790997432173,"pid":4635,"hostname":"runnervm8df0l","userId":"01a0ffc4-075f-75bc-8a2f-a1c229357789","msg":"Email mailboxes provisioned"}
2026-10-03T03:17:12.2580927Z {"level":30,"time":1790997432185,"pid":4635,"hostname":"runnervm8df0l","userId":"01a0ffc4-075f-75bc-8a2f-a1c229357789","msg":"Welcome email created"}
2026-10-03T03:17:12.3761489Z {"level":30,"time":1790997432275,"pid":4635,"hostname":"runnervm8df0l","messageId":"<5f113ccaf4abfc1993ce70e1fabbe5be7a8b33fc@oxy.so>","to":"support@example.com","msg":"Email sent"}
2026-10-03T03:17:12.3764531Z {"level":30,"time":1790997432310,"pid":4635,"hostname":"runnervm8df0l","messageId":"<e1eeb98a48e6a80e7e6a27529a42ae235c63538f@oxy.so>","to":"support@example.com","msg":"Email sent"}
2026-10-03T03:17:12.3782740Z {"level":50,"time":1790997432316,"pid":4635,"hostname":"runnervm8df0l","messageId":"<3290e813c6c32617ba8cb7c53fc7a5d7563d70df@oxy.so>","to":"support@example.com","err":{"type":"Object","message":"554 rejected","stack":"Error: 554 rejected\n    at /home/runner/work/oxy/oxy/packages/api/src/services/__tests__/smtp.outbound.send.test.ts:128:54\n    at Generator.next (<anonymous>)\n    at /home/runner/work/oxy/oxy/packages/api/src/services/__tests__/smtp.outbound.send.test.ts:21:71\n    at new Promise (<anonymous>)\n    at __awaiter (/home/runner/work/oxy/oxy/packages/api/src/services/__tests__/smtp.outbound.send.test.ts:17:12)\n    at Object.<anonymous> (/home/runner/work/oxy/oxy/packages/api/src/services/__tests__/smtp.outbound.send.test.ts:127:96)\n    at Promise.finally.completed (/home/runner/work/oxy/oxy/node_modules/.bun/jest-circus@30.5.1/node_modules/jest-circus/build/jestAdapterInit.js:1834:28)\n    at new Promise (<anonymous>)\n    at callAsyncCircusFn (/home/runner/work/oxy/oxy/node_modules/.bun/jest-circus@30.5.1/node_modules/jest-circus/build/jestAdapterInit.js:1774:10)\n    at _callCircusTest (/home/runner/work/oxy/oxy/node_modules/.bun/jest-circus@30.5.1/node_modules/jest-circus/build/jestAdapterInit.js:1167:40)\n    at processTicksAndRejections (node:internal/process/task_queues:104:5)\n    at _runTestInContext (/home/runner/work/oxy/oxy/node_modules/.bun/jest-circus@30.5.1/node_modules/jest-circus/build/jestAdapterInit.js:1103:3)\n    at runTestWithContext (/home/runner/work/oxy/oxy/node_modules/.bun/jest-circus@30.5.1/node_modules/jest-circus/build/jestAdapterInit.js:996:5)\n    at _runTestsForDescribeBlockOnce (/home/runner/work/oxy/oxy/node_modules/.bun/jest-circus@30.5.1/node_modules/jest-circus/build/jestAdapterInit.js:1008:11)\n    at _runTestsForDescribeBlock (/home/runner/work/oxy/oxy/node_modules/.bun/jest-circus@30.5.1/node_modules/jest-circus/build/jestAdapterInit.js:824:5)\n    at _runTestsForDescribeBlockOnce (/home/runner/work/oxy/oxy/node_modules/.bun/jest-circus@30.5.1/node_modules/jest-circus/build/jestAdapterInit.js:1003:11)\n    at _runTestsForDescribeBlock (/home/runner/work/oxy/oxy/node_modules/.bun/jest-circus@30.5.1/node_modules/jest-circus/build/jestAdapterInit.js:824:5)\n    at run (/home/runner/work/oxy/oxy/node_modules/.bun/jest-circus@30.5.1/node_modules/jest-circus/build/jestAdapterInit.js:789:3)\n    at runAndTransformResultsToJestFormat (/home/runner/work/oxy/oxy/node_modules/.bun/jest-circus@30.5.1/node_modules/jest-circus/build/jestAdapterInit.js:2300:21)\n    at jestAdapter (/home/runner/work/oxy/oxy/node_modules/.bun/jest-circus@30.5.1/node_modules/jest-circus/build/runner.js:111:19)\n    at runTestInternal (/home/runner/work/oxy/oxy/node_modules/.bun/jest-runner@30.5.1/node_modules/jest-runner/build/index.js:247:16)\n    at runTest (/home/runner/work/oxy/oxy/node_modules/.bun/jest-runner@30.5.1/node_modules/jest-runner/build/index.js:315:7)","name":"Error"},"msg":"Email send permanently rejected; not queued"}
2026-10-03T03:17:12.3796776Z {"level":30,"time":1790997432334,"pid":4635,"hostname":"runnervm8df0l","messageId":"<3290e813c6c32617ba8cb7c53fc7a5d7563d70df@oxy.so>","to":"support@example.com","msg":"Email sent"}
2026-10-03T03:17:12.3815747Z {"level":50,"time":1790997432338,"pid":4635,"hostname":"runnervm8df0l","err":{"type":"Object","message":"421 try later","stack":"Error: 421 try later\n    at /home/runner/work/oxy/oxy/packages/api/src/services/__tests__/smtp.outbound.send.test.ts:138:54\n    at Generator.next (<anonymous>)\n    at /home/runner/work/oxy/oxy/packages/api/src/services/__tests__/smtp.outbound.send.test.ts:21:71\n    at new Promise (<anonymous>)\n    at __awaiter (/home/runner/work/oxy/oxy/packages/api/src/services/__tests__/smtp.outbound.send.test.ts:17:12)\n    at Object.<anonymous> (/home/runner/work/oxy/oxy/packages/api/src/services/__tests__/smtp.outbound.send.test.ts:137:98)\n    at Promise.finally.completed (/home/runner/work/oxy/oxy/node_modules/.bun/jest-circus@30.5.1/node_modules/jest-circus/build/jestAdapterInit.js:1834:28)\n    at new Promise (<anonymous>)\n    at callAsyncCircusFn (/home/runner/work/oxy/oxy/node_modules/.bun/jest-circus@30.5.1/node_modules/jest-circus/build/jestAdapterInit.js:1774:10)\n    at _callCircusTest (/home/runner/work/oxy/oxy/node_modules/.bun/jest-circus@30.5.1/node_modules/jest-circus/build/jestAdapterInit.js:1167:40)\n    at processTicksAndRejections (node:internal/process/task_queues:104:5)\n    at _runTestInContext (/home/runner/work/oxy/oxy/node_modules/.bun/jest-circus@30.5.1/node_modules/jest-circus/build/jestAdapterInit.js:1103:3)\n    at runTestWithContext (/home/runner/work/oxy/oxy/node_modules/.bun/jest-circus@30.5.1/node_modules/jest-circus/build/jestAdapterInit.js:996:5)\n    at _runTestsForDescribeBlockOnce (/home/runner/work/oxy/oxy/node_modules/.bun/jest-circus@30.5.1/node_modules/jest-circus/build/jestAdapterInit.js:1008:11)\n    at _runTestsForDescribeBlock (/home/runner/work/oxy/oxy/node_modules/.bun/jest-circus@30.5.1/node_modules/jest-circus/build/jestAdapterInit.js:824:5)\n    at _runTestsForDescribeBlockOnce (/home/runner/work/oxy/oxy/node_modules/.bun/jest-circus@30.5.1/node_modules/jest-circus/build/jestAdapterInit.js:1003:11)\n    at _runTestsForDescribeBlock (/home/runner/work/oxy/oxy/node_modules/.bun/jest-circus@30.5.1/node_modules/jest-circus/build/jestAdapterInit.js:824:5)\n    at run (/home/runner/work/oxy/oxy/node_modules/.bun/jest-circus@30.5.1/node_modules/jest-circus/build/jestAdapterInit.js:789:3)\n    at runAndTransformResultsToJestFormat (/home/runner/work/oxy/oxy/node_modules/.bun/jest-circus@30.5.1/node_modules/jest-circus/build/jestAdapterInit.js:2300:21)\n    at jestAdapter (/home/runner/work/oxy/oxy/node_modules/.bun/jest-circus@30.5.1/node_modules/jest-circus/build/runner.js:111:19)\n    at runTestInternal (/home/runner/work/oxy/oxy/node_modules/.bun/jest-runner@30.5.1/node_modules/jest-runner/build/index.js:247:16)\n    at runTest (/home/runner/work/oxy/oxy/node_modules/.bun/jest-runner@30.5.1/node_modules/jest-runner/build/index.js:315:7)","name":"Error"},"msg":"Email send failed, queuing for retry"}
2026-10-03T03:17:12.3830121Z {"level":40,"time":1790997432340,"pid":4635,"hostname":"runnervm8df0l","messageId":"<7cc7028225d7bc0589dbb795a179d7aff19a4850@oxy.so>","msg":"Email persisted in durable outbox"}
2026-10-03T03:17:12.3831870Z {"level":30,"time":1790997432359,"pid":4635,"hostname":"runnervm8df0l","messageId":"<a73941e00e638c91e3476df7a54acc6d01a9d56b@oxy.so>","to":"senderde61ede949@oxy.so","msg":"Email sent"}
2026-10-03T03:17:12.5781566Z {"level":30,"time":1790997432377,"pid":4635,"hostname":"runnervm8df0l","userId":"01a0ffc4-075f-75bc-8a2f-a1c229357789","from":"senderde61ede949@oxy.so","subject":"Re: Quota Increase","mailbox":"INBOX","msg":"Incoming email stored"}
2026-10-03T03:17:12.5783431Z PASS src/services/__tests__/smtp.outbound.send.test.ts
2026-10-03T03:17:12.5784756Z {"level":40,"time":1790997432392,"pid":4635,"hostname":"runnervm8df0l","msg":"Inbox socket emit skipped: Socket.IO not initialised"}
2026-10-03T03:17:12.5787173Z {"level":30,"time":1790997432409,"pid":4635,"hostname":"runnervm8df0l","userId":"01a0ffc4-075f-75bc-8a2f-a1c229357789","from":"support@example.com","subject":"Re: Re: Quota Increase","mailbox":"INBOX","msg":"Incoming email stored"}
2026-10-03T03:17:12.5789356Z {"level":40,"time":1790997432414,"pid":4635,"hostname":"runnervm8df0l","msg":"Inbox socket emit skipped: Socket.IO not initialised"}
2026-10-03T03:17:12.5791665Z {"level":30,"time":1790997432439,"pid":4635,"hostname":"runnervm8df0l","messageId":"<aa8f9e77218469819301e923eed7734e26abea5d@oxy.so>","to":"support@example.com","msg":"Email sent"}
2026-10-03T03:17:12.5794137Z {"level":30,"time":1790997432451,"pid":4635,"hostname":"runnervm8df0l","userId":"01a0ffc4-075f-75bc-8a2f-a1c229357789","from":"mallory@example.com","subject":"hi","mailbox":"INBOX","msg":"Incoming email stored"}
2026-10-03T03:17:12.5796123Z {"level":40,"time":1790997432466,"pid":4635,"hostname":"runnervm8df0l","msg":"Inbox socket emit skipped: Socket.IO not initialised"}
2026-10-03T03:17:12.6472496Z PASS src/utils/__tests__/recommendationWeights.test.ts
2026-10-03T03:17:13.5081927Z PASS src/routes/__tests__/profilesUsernameProjection.test.ts
2026-10-03T03:17:13.9069162Z {"level":30,"time":1790997433806,"pid":4635,"hostname":"runnervm8df0l","maxPoolSize":8,"msg":"Connected to PostgreSQL successfully"}
2026-10-03T03:17:14.0575215Z {"level":40,"time":1790997433956,"pid":4635,"hostname":"runnervm8df0l","component":"identityExport","msg":"Identity export attestation omitted: OXY_PRIVATE_KEY/OXY_PUBLIC_KEY not configured"}
2026-10-03T03:17:14.0577792Z {"level":40,"time":1790997434040,"pid":4635,"hostname":"runnervm8df0l","component":"identityExport","msg":"Identity export attestation omitted: OXY_PRIVATE_KEY/OXY_PUBLIC_KEY not configured"}
2026-10-03T03:17:14.2123916Z {"level":40,"time":1790997434064,"pid":4635,"hostname":"runnervm8df0l","component":"identityExport","msg":"Identity export attestation omitted: OXY_PRIVATE_KEY/OXY_PUBLIC_KEY not configured"}
2026-10-03T03:17:14.2189500Z PASS src/services/__tests__/identityExport.financial.test.ts
2026-10-03T03:17:14.5228794Z {"level":30,"time":1790997434422,"pid":4635,"hostname":"runnervm8df0l","maxPoolSize":8,"msg":"Connected to PostgreSQL successfully"}
2026-10-03T03:17:14.6068665Z PASS src/db/schema/__tests__/userLinkedAccounts.test.ts
2026-10-03T03:17:15.0274857Z PASS src/routes/__tests__/chainsRecords.test.ts
2026-10-03T03:17:15.3694502Z {"level":30,"time":1790997435269,"pid":4635,"hostname":"runnervm8df0l","maxPoolSize":8,"msg":"Connected to PostgreSQL successfully"}
2026-10-03T03:17:15.5591968Z PASS src/services/__tests__/user.service.color.test.ts
2026-10-03T03:17:15.9834639Z PASS src/routes/__tests__/usersByIds.test.ts
2026-10-03T03:17:16.3753770Z {"level":30,"time":1790997436274,"pid":4635,"hostname":"runnervm8df0l","maxPoolSize":8,"msg":"Connected to PostgreSQL successfully"}
2026-10-03T03:17:16.7362551Z PASS src/services/__tests__/inferenceServableCatalogue.test.ts
2026-10-03T03:17:17.0185898Z {"level":40,"time":1790997436648,"pid":4635,"hostname":"runnervm8df0l","component":"inference-kaana","error":"kaana down","lastObservedAt":0,"msg":"inference.kaana.publication_read_failed"}
2026-10-03T03:17:17.0189010Z {"level":40,"time":1790997436649,"pid":4635,"hostname":"runnervm8df0l","component":"inference-kaana","error":"kaana down","lastObservedAt":0,"msg":"inference.kaana.publication_read_failed"}
2026-10-03T03:17:17.0191355Z {"level":40,"time":1790997436649,"pid":4635,"hostname":"runnervm8df0l","component":"inference-kaana","error":"kaana down","msg":"inference.kaana.publication_read_failed"}
2026-10-03T03:17:17.1522646Z {"level":30,"time":1790997437050,"pid":4635,"hostname":"runnervm8df0l","maxPoolSize":8,"msg":"Connected to PostgreSQL successfully"}
2026-10-03T03:17:17.1524005Z {"level":30,"time":1790997437069,"pid":4635,"hostname":"runnervm8df0l","fileId":"01a0ffc4-1a8a-72f9-8611-997ef9f87ca2","mime":"image/png","msg":"Queueing variant generation"}
2026-10-03T03:17:17.1526855Z {"level":30,"time":1790997437070,"pid":4635,"hostname":"runnervm8df0l","fileId":"01a0ffc4-1a8a-72f9-8611-997ef9f87ca2","sha256":"738c9693bd17e85d64956e2bd949cb1a6899563bf4ff4bc3923a0a8a0ba633f6","size":24,"originalName":"  my\tholiday\nphoto café .png  ","msg":"File uploaded directly"}
2026-10-03T03:17:17.1529844Z {"level":30,"time":1790997437082,"pid":4635,"hostname":"runnervm8df0l","fileId":"01a0ffc4-1a97-760b-8ea8-d6e1ebb3a6ba","sha256":"474a1339af05bb42a4f9a3b8220f595866a8a1765cd1622ebe3592647e622160","storageKey":"content/2026/10/47/474a1339af05bb42a4f9a3b8220f595866a8a1765cd1622ebe3592647e622160.png","sharedStorage":false,"msg":"Asset upload initialized"}
2026-10-03T03:17:17.1533204Z {"level":30,"time":1790997437120,"pid":4635,"hostname":"runnervm8df0l","fileId":"01a0ffc4-1a97-760b-8ea8-d6e1ebb3a6ba","visibility":"private","storageKey":"content/2026/10/47/474a1339af05bb42a4f9a3b8220f595866a8a1765cd1622ebe3592647e622160.png","variantCount":0,"moved":0,"msg":"Relocated asset objects to match visibility"}
2026-10-03T03:17:17.1535313Z {"level":30,"time":1790997437121,"pid":4635,"hostname":"runnervm8df0l","fileId":"01a0ffc4-1a97-760b-8ea8-d6e1ebb3a6ba","mime":"image/png","msg":"Queueing variant generation"}
2026-10-03T03:17:17.1537107Z {"level":30,"time":1790997437121,"pid":4635,"hostname":"runnervm8df0l","fileId":"01a0ffc4-1a97-760b-8ea8-d6e1ebb3a6ba","originalName":"  my\tholiday\nphoto café .png  ","visibility":"private","msg":"Asset upload completed"}
2026-10-03T03:17:17.1539273Z {"level":30,"time":1790997437132,"pid":4635,"hostname":"runnervm8df0l","fileId":"01a0ffc4-1aca-78f7-a19e-9233f0150438","sha256":"570e98e1fcbc9bcbb756e0c812439d6f91bf1b7381701460ef9cde0a9352e051","size":24,"mime":"image/png","msg":"Cached media uploaded via stream"}
2026-10-03T03:17:17.1541176Z {"level":30,"time":1790997437133,"pid":4635,"hostname":"runnervm8df0l","fileId":"01a0ffc4-1aca-78f7-a19e-9233f0150438","mime":"image/png","msg":"Queueing variant generation"}
2026-10-03T03:17:17.1542870Z {"level":30,"time":1790997437146,"pid":4635,"hostname":"runnervm8df0l","fileId":"01a0ffc4-1ad7-79ed-8498-d7554dc2ec75","sha256":"52ffebc780d3d8188d0f987d1477f57ff6c8789956d10ee5b53e402660606b36","size":24,"mime":"image/png","msg":"Federated media uploaded via stream"}
2026-10-03T03:17:17.1544477Z {"level":30,"time":1790997437146,"pid":4635,"hostname":"runnervm8df0l","fileId":"01a0ffc4-1ad7-79ed-8498-d7554dc2ec75","mime":"image/png","msg":"Queueing variant generation"}
2026-10-03T03:17:17.2905595Z {"level":30,"time":1790997437160,"pid":4635,"hostname":"runnervm8df0l","fileId":"01a0ffc4-1ae6-789c-a92f-d823e038c0ef","sha256":"6e09fa501efb0acf14b6aa80859f93d52eb27f1cb5ac5107452b7a7e659c1854","size":24,"mime":"image/png","msg":"User media uploaded via stream"}
2026-10-03T03:17:17.2908429Z {"level":30,"time":1790997437161,"pid":4635,"hostname":"runnervm8df0l","fileId":"01a0ffc4-1ae6-789c-a92f-d823e038c0ef","mime":"image/png","msg":"Queueing variant generation"}
2026-10-03T03:17:17.2909635Z PASS src/services/__tests__/assetService.originalName.test.ts
2026-10-03T03:17:17.4004547Z PASS src/scripts/__tests__/kaanaCatalogueBootstrapPlan.test.ts
2026-10-03T03:17:18.5063788Z PASS src/routes/__tests__/usersUserId.test.ts
2026-10-03T03:17:19.1083559Z PASS src/routes/__tests__/assetsWireShape.test.ts
2026-10-03T03:17:19.1698841Z PASS src/routes/__tests__/routesAuthorizeByOperator.test.ts
2026-10-03T03:17:19.2229807Z PASS src/__tests__/personPathsDoNotUseDelegatedActAs.test.ts
2026-10-03T03:17:19.5098930Z PASS src/db/__tests__/subscriptionStatus.test.ts
2026-10-03T03:17:19.6546842Z {"level":30,"time":1790997439406,"pid":4635,"hostname":"runnervm8df0l","maxPoolSize":8,"msg":"Connected to PostgreSQL successfully"}
2026-10-03T03:17:19.7893132Z {"level":30,"time":1790997439688,"pid":4635,"hostname":"runnervm8df0l","maxPoolSize":8,"msg":"Connected to PostgreSQL successfully"}
2026-10-03T03:17:19.9248407Z PASS src/db/schema/__tests__/agentAuthoritySchema.test.ts
2026-10-03T03:17:20.0013319Z PASS src/scripts/__tests__/nativeProductAgentBootstrapFailure.test.ts
2026-10-03T03:17:20.0443189Z PASS src/utils/__tests__/oauthClientAuth.test.ts
2026-10-03T03:17:20.0791660Z PASS src/utils/__tests__/displayName.test.ts
2026-10-03T03:17:20.1838607Z PASS src/routes/__tests__/inboxDailyBrief.test.ts
2026-10-03T03:17:20.2296603Z PASS src/scripts/__tests__/nativeProductAgentsBootstrapPlan.test.ts
2026-10-03T03:17:20.6763133Z {"level":30,"time":1790997440512,"pid":4635,"hostname":"runnervm8df0l","maxPoolSize":8,"msg":"Connected to PostgreSQL successfully"}
2026-10-03T03:17:20.9698717Z PASS src/services/__tests__/federationKeyPair.test.ts
2026-10-03T03:17:21.2788185Z PASS src/utils/__tests__/subscriptionPlan.test.ts
2026-10-03T03:17:21.4733855Z {"level":30,"time":1790997441172,"pid":4635,"hostname":"runnervm8df0l","maxPoolSize":8,"msg":"Connected to PostgreSQL successfully"}
2026-10-03T03:17:21.6201029Z {"level":30,"time":1790997441519,"pid":4635,"hostname":"runnervm8df0l","maxPoolSize":8,"msg":"Connected to PostgreSQL successfully"}
2026-10-03T03:17:21.7908368Z PASS src/services/__tests__/user.service.keylessProfile.test.ts
2026-10-03T03:17:21.8395700Z PASS src/utils/__tests__/subscriptionResponse.test.ts
2026-10-03T03:17:21.9087609Z PASS src/utils/__tests__/profileTextNormalization.test.ts
2026-10-03T03:17:21.9389932Z PASS src/services/__tests__/capabilityGrantPolicy.test.ts
2026-10-03T03:17:22.3571522Z PASS src/routes/__tests__/usersFollowGraphDiscoverability.test.ts
2026-10-03T03:17:22.4068711Z PASS src/services/__tests__/deviceLogin.service.test.ts
2026-10-03T03:17:22.4796222Z PASS src/schemas/__tests__/inferenceProviderConnection.schemas.test.ts
2026-10-03T03:17:22.7893745Z PASS src/services/__tests__/systemNotificationPush.service.test.ts
2026-10-03T03:17:22.8256856Z PASS src/utils/__tests__/personhoodDerive.test.ts
2026-10-03T03:17:22.8601849Z PASS src/utils/__tests__/machineCredentialToken.test.ts
2026-10-03T03:17:22.9098685Z PASS src/services/__tests__/s3Service.cacheControl.test.ts
2026-10-03T03:17:22.9526347Z PASS src/utils/__tests__/mediaToken.test.ts
2026-10-03T03:17:23.0029389Z PASS src/services/federation/__tests__/avatarFetchBackpressure.test.ts
2026-10-03T03:17:23.0868414Z PASS src/schemas/__tests__/accountBilling.schemas.test.ts
2026-10-03T03:17:23.1977849Z PASS src/db/__tests__/inferenceLedgerRetention.test.ts
2026-10-03T03:17:23.5558438Z {"level":30,"time":1790997443433,"pid":4635,"hostname":"runnervm8df0l","maxPoolSize":8,"msg":"Connected to PostgreSQL successfully"}
2026-10-03T03:17:23.5559901Z PASS src/scripts/__tests__/purge-alternative-body-attachments.test.ts
2026-10-03T03:17:23.6241387Z PASS src/services/__tests__/kaanaCredentialValidation.test.ts
2026-10-03T03:17:23.6481752Z PASS src/routes/__tests__/workloadMintRateLimit.test.ts
2026-10-03T03:17:23.7163771Z PASS src/schemas/__tests__/updateAccountClear.test.ts
2026-10-03T03:17:23.7487105Z PASS src/config/__tests__/cdn.test.ts
2026-10-03T03:17:23.8073691Z PASS src/utils/__tests__/socketAuth.test.ts
2026-10-03T03:17:24.5674988Z PASS src/routes/__tests__/email.search.test.ts
2026-10-03T03:17:24.6492301Z PASS src/middleware/__tests__/premiumAccess.test.ts
2026-10-03T03:17:24.6975978Z PASS src/services/__tests__/federation.signedFetch.test.ts
2026-10-03T03:17:24.7246306Z PASS src/scripts/__tests__/hlsMasterPlaylistRewrite.test.ts
2026-10-03T03:17:25.3315864Z {"level":40,"time":1790997445041,"pid":4635,"hostname":"runnervm8df0l","requestId":"req-synthetic-decisions","code":"service_unavailable","applicationId":"fixture","reason":"decisions-review-required","msg":"inference.edge.refused"}
2026-10-03T03:17:25.3317725Z PASS src/services/__tests__/inferenceDecisions.test.ts
2026-10-03T03:17:25.4339564Z PASS src/utils/__tests__/multikey.test.ts
2026-10-03T03:17:25.4590980Z PASS src/capabilities/__tests__/inbox-service-client.test.ts
2026-10-03T03:17:25.7420108Z PASS src/routes/__tests__/identityRootStatus.test.ts
2026-10-03T03:17:25.7742560Z {"level":30,"time":1790997445657,"pid":4635,"hostname":"runnervm8df0l","maxPoolSize":8,"msg":"Connected to PostgreSQL successfully"}
2026-10-03T03:17:25.7743912Z PASS src/services/__tests__/capabilityLimitPolicy.test.ts
2026-10-03T03:17:25.8555548Z PASS src/middleware/__tests__/idpServiceRateLimitPrefix.test.ts
2026-10-03T03:17:25.8990528Z PASS src/middleware/__tests__/errorHandler.test.ts
2026-10-03T03:17:25.9244778Z PASS src/utils/__tests__/imageContentSignature.test.ts
2026-10-03T03:17:25.9516339Z PASS src/utils/__tests__/fileMediaMetadata.test.ts
2026-10-03T03:17:25.9756525Z PASS src/utils/__tests__/redirectUris.test.ts
2026-10-03T03:17:26.0256403Z {"level":50,"time":1790997445879,"pid":4635,"hostname":"runnervm8df0l","msg":"ApiError [400] BAD_REQUEST: Invalid input"}
2026-10-03T03:17:26.0257592Z {"level":50,"time":1790997445880,"pid":4635,"hostname":"runnervm8df0l","msg":"ApiError [500] INTERNAL_SERVER_ERROR: Something broke"}
2026-10-03T03:17:26.0271283Z {"level":50,"time":1790997445882,"pid":4635,"hostname":"runnervm8df0l","err":{"type":"Object","message":"unexpected crash","stack":"Error: unexpected crash\n    at Object.<anonymous> (/home/runner/work/oxy/oxy/packages/api/src/middleware/__tests__/errorHandler.test.ts:47:19)\n    at Promise.finally.completed (/home/runner/work/oxy/oxy/node_modules/.bun/jest-circus@30.5.1/node_modules/jest-circus/build/jestAdapterInit.js:1834:28)\n    at new Promise (<anonymous>)\n    at callAsyncCircusFn (/home/runner/work/oxy/oxy/node_modules/.bun/jest-circus@30.5.1/node_modules/jest-circus/build/jestAdapterInit.js:1774:10)\n    at _callCircusTest (/home/runner/work/oxy/oxy/node_modules/.bun/jest-circus@30.5.1/node_modules/jest-circus/build/jestAdapterInit.js:1167:40)\n    at _runTestInContext (/home/runner/work/oxy/oxy/node_modules/.bun/jest-circus@30.5.1/node_modules/jest-circus/build/jestAdapterInit.js:1103:3)\n    at runTestWithContext (/home/runner/work/oxy/oxy/node_modules/.bun/jest-circus@30.5.1/node_modules/jest-circus/build/jestAdapterInit.js:996:5)\n    at _runTestsForDescribeBlockOnce (/home/runner/work/oxy/oxy/node_modules/.bun/jest-circus@30.5.1/node_modules/jest-circus/build/jestAdapterInit.js:1008:11)\n    at _runTestsForDescribeBlock (/home/runner/work/oxy/oxy/node_modules/.bun/jest-circus@30.5.1/node_modules/jest-circus/build/jestAdapterInit.js:824:5)\n    at _runTestsForDescribeBlockOnce (/home/runner/work/oxy/oxy/node_modules/.bun/jest-circus@30.5.1/node_modules/jest-circus/build/jestAdapterInit.js:1003:11)\n    at _runTestsForDescribeBlock (/home/runner/work/oxy/oxy/node_modules/.bun/jest-circus@30.5.1/node_modules/jest-circus/build/jestAdapterInit.js:824:5)\n    at run (/home/runner/work/oxy/oxy/node_modules/.bun/jest-circus@30.5.1/node_modules/jest-circus/build/jestAdapterInit.js:789:3)\n    at runAndTransformResultsToJestFormat (/home/runner/work/oxy/oxy/node_modules/.bun/jest-circus@30.5.1/node_modules/jest-circus/build/jestAdapterInit.js:2300:21)\n    at jestAdapter (/home/runner/work/oxy/oxy/node_modules/.bun/jest-circus@30.5.1/node_modules/jest-circus/build/runner.js:111:19)\n    at runTestInternal (/home/runner/work/oxy/oxy/node_modules/.bun/jest-runner@30.5.1/node_modules/jest-runner/build/index.js:247:16)\n    at runTest (/home/runner/work/oxy/oxy/node_modules/.bun/jest-runner@30.5.1/node_modules/jest-runner/build/index.js:315:7)","name":"Error"},"msg":"Unhandled error:"}
2026-10-03T03:17:26.0290137Z {"level":50,"time":1790997445883,"pid":4635,"hostname":"runnervm8df0l","err":{"type":"Object","message":"secret internal detail","stack":"Error: secret internal detail\n    at Object.<anonymous> (/home/runner/work/oxy/oxy/packages/api/src/middleware/__tests__/errorHandler.test.ts:65:19)\n    at Promise.finally.completed (/home/runner/work/oxy/oxy/node_modules/.bun/jest-circus@30.5.1/node_modules/jest-circus/build/jestAdapterInit.js:1834:28)\n    at new Promise (<anonymous>)\n    at callAsyncCircusFn (/home/runner/work/oxy/oxy/node_modules/.bun/jest-circus@30.5.1/node_modules/jest-circus/build/jestAdapterInit.js:1774:10)\n    at _callCircusTest (/home/runner/work/oxy/oxy/node_modules/.bun/jest-circus@30.5.1/node_modules/jest-circus/build/jestAdapterInit.js:1167:40)\n    at _runTestInContext (/home/runner/work/oxy/oxy/node_modules/.bun/jest-circus@30.5.1/node_modules/jest-circus/build/jestAdapterInit.js:1103:3)\n    at runTestWithContext (/home/runner/work/oxy/oxy/node_modules/.bun/jest-circus@30.5.1/node_modules/jest-circus/build/jestAdapterInit.js:996:5)\n    at _runTestsForDescribeBlockOnce (/home/runner/work/oxy/oxy/node_modules/.bun/jest-circus@30.5.1/node_modules/jest-circus/build/jestAdapterInit.js:1008:11)\n    at _runTestsForDescribeBlock (/home/runner/work/oxy/oxy/node_modules/.bun/jest-circus@30.5.1/node_modules/jest-circus/build/jestAdapterInit.js:824:5)\n    at _runTestsForDescribeBlockOnce (/home/runner/work/oxy/oxy/node_modules/.bun/jest-circus@30.5.1/node_modules/jest-circus/build/jestAdapterInit.js:1003:11)\n    at _runTestsForDescribeBlock (/home/runner/work/oxy/oxy/node_modules/.bun/jest-circus@30.5.1/node_modules/jest-circus/build/jestAdapterInit.js:824:5)\n    at run (/home/runner/work/oxy/oxy/node_modules/.bun/jest-circus@30.5.1/node_modules/jest-circus/build/jestAdapterInit.js:789:3)\n    at runAndTransformResultsToJestFormat (/home/runner/work/oxy/oxy/node_modules/.bun/jest-circus@30.5.1/node_modules/jest-circus/build/jestAdapterInit.js:2300:21)\n    at jestAdapter (/home/runner/work/oxy/oxy/node_modules/.bun/jest-circus@30.5.1/node_modules/jest-circus/build/runner.js:111:19)\n    at runTestInternal (/home/runner/work/oxy/oxy/node_modules/.bun/jest-runner@30.5.1/node_modules/jest-runner/build/index.js:247:16)\n    at runTest (/home/runner/work/oxy/oxy/node_modules/.bun/jest-runner@30.5.1/node_modules/jest-runner/build/index.js:315:7)","name":"Error"},"msg":"Unhandled error:"}
2026-10-03T03:17:26.0298977Z {"level":50,"time":1790997445884,"pid":4635,"hostname":"runnervm8df0l","errorValue":"string error","msg":"Unhandled error:"}
2026-10-03T03:17:26.0299657Z PASS src/utils/__tests__/deviceStateBroadcast.test.ts
2026-10-03T03:17:26.0708532Z PASS src/utils/__tests__/serviceCredentialScopeRotations.test.ts
2026-10-03T03:17:26.0977811Z PASS src/services/__tests__/signature.service.test.ts
2026-10-03T03:17:26.1530900Z PASS src/config/__tests__/federationBridgeTrust.test.ts
2026-10-03T03:17:26.2179554Z PASS src/utils/__tests__/userCacheInvalidationSubscriber.test.ts
2026-10-03T03:17:26.2423574Z PASS src/queue/__tests__/connection.test.ts
2026-10-03T03:17:26.2664133Z PASS src/config/__tests__/inferenceRoutingScoreValidity.test.ts
2026-10-03T03:17:26.2957131Z PASS src/utils/__tests__/serviceCredentialPendingReconciliation.test.ts
2026-10-03T03:17:26.3239997Z PASS src/services/linkPreview/__tests__/linkPreviewExport.test.ts
2026-10-03T03:17:26.3472642Z PASS src/utils/__tests__/ipKey.test.ts
2026-10-03T03:17:26.5867975Z PASS src/config/__tests__/inferencePlatformScopeWriteRollback.test.ts
2026-10-03T03:17:26.6142500Z PASS src/utils/__tests__/sanitizeUrl.test.ts
2026-10-03T03:17:26.6331035Z {"level":30,"time":1790997446524,"pid":4635,"hostname":"runnervm8df0l","maxPoolSize":8,"msg":"Connected to PostgreSQL successfully"}
2026-10-03T03:17:26.6331979Z PASS src/db/schema/__tests__/inferenceAvailabilityScopeMigration.test.ts
2026-10-03T03:17:26.6606072Z PASS src/scripts/__tests__/nativeProductAgentAccountPlan.test.ts
2026-10-03T03:17:26.6833694Z PASS src/db/schema/__tests__/filesPurposeRetirement.test.ts
2026-10-03T03:17:26.7079492Z PASS src/config/__tests__/kaanaBootstrapDeploymentSelection.test.ts
2026-10-03T03:17:26.7309263Z PASS src/utils/__tests__/serviceCredentialFinalization.test.ts
2026-10-03T03:17:26.7487165Z PASS src/services/__tests__/relayMessageId.test.ts
2026-10-03T03:17:27.6091820Z PASS src/schemas/__tests__/users.schemas.test.ts
2026-10-03T03:17:27.7041666Z PASS src/schemas/__tests__/auth.schemas.test.ts
2026-10-03T03:17:27.7351027Z PASS src/utils/__tests__/emailAttachmentSecurity.test.ts
2026-10-03T03:17:27.7727807Z PASS src/config/__tests__/emailInferenceConfig.test.ts
2026-10-03T03:17:27.8037867Z PASS src/utils/__tests__/origin.browserClient.test.ts
2026-10-03T03:17:27.8258648Z PASS src/services/__tests__/capabilityAuditCorrelation.test.ts
2026-10-03T03:17:27.8648408Z PASS src/routes/__tests__/privacy.fediverse.test.ts
2026-10-03T03:17:27.9175434Z PASS src/utils/__tests__/deviceRoom.test.ts
2026-10-03T03:17:30.5448186Z 
2026-10-03T03:17:30.5449009Z =============================== Coverage summary ===============================
2026-10-03T03:17:30.5450078Z Statements   : 43.93% ( 20223/46033 )
2026-10-03T03:17:30.5451071Z Branches     : 26.8% ( 9369/34955 )
2026-10-03T03:17:30.5451809Z Functions    : 35.34% ( 2691/7614 )
2026-10-03T03:17:30.5452540Z Lines        : 45.32% ( 19295/42572 )
2026-10-03T03:17:30.5453362Z ================================================================================
2026-10-03T03:17:30.5457568Z 
2026-10-03T03:17:30.5459512Z Summary of all failing tests
2026-10-03T03:17:30.5463478Z FAIL src/routes/__tests__/oauthConsentGrants.test.ts
2026-10-03T03:17:30.5466751Z   ● DELETE /auth/grants/:applicationId — offline delegation › revokes an explicit FIRST-PARTY grant and writes a refusal marker
2026-10-03T03:17:30.5467732Z 
2026-10-03T03:17:30.5468381Z     expect(received).toEqual(expected) // deep equality
2026-10-03T03:17:30.5468815Z 
2026-10-03T03:17:30.5469101Z     - Expected  - 0
2026-10-03T03:17:30.5469595Z     + Received  + 1
2026-10-03T03:17:30.5469912Z 
2026-10-03T03:17:30.5470447Z       Object {
2026-10-03T03:17:30.5470883Z         "authorized": true,
2026-10-03T03:17:30.5471352Z     +   "epoch": "0",
2026-10-03T03:17:30.5471967Z         "scopes": Array [
2026-10-03T03:17:30.5472901Z           "user:read",
2026-10-03T03:17:30.5480141Z           "acting-as:offline",
2026-10-03T03:17:30.5481001Z         ],
2026-10-03T03:17:30.5481474Z       }
2026-10-03T03:17:30.5481766Z 
2026-10-03T03:17:30.5482287Z     [0m [90m 585 |[39m     })[33m;[39m
2026-10-03T03:17:30.5482877Z      [90m 586 |[39m
2026-10-03T03:17:30.5484369Z     [31m[1m>[22m[39m[90m 587 |[39m     expect([36mawait[39m resolveServiceActingAsGrant(applicationId[33m,[39m userId))[33m.[39mtoEqual({
2026-10-03T03:17:30.5485903Z      [90m     |[39m                                                                      [31m[1m^[22m[39m
2026-10-03T03:17:30.5488485Z      [90m 588 |[39m       authorized[33m:[39m [36mtrue[39m[33m,[39m
2026-10-03T03:17:30.5492561Z      [90m 589 |[39m       scopes[33m:[39m [[32m'user:read'[39m[33m,[39m [32m'acting-as:offline'[39m][33m,[39m
2026-10-03T03:17:30.5493670Z      [90m 590 |[39m     })[33m;[39m[0m
2026-10-03T03:17:30.5494091Z 
2026-10-03T03:17:30.5494636Z       at src/routes/__tests__/oauthConsentGrants.test.ts:587:70
2026-10-03T03:17:30.5497007Z       at fulfilled (src/routes/__tests__/oauthConsentGrants.test.ts:20:58)
2026-10-03T03:17:30.5497629Z 
2026-10-03T03:17:30.5501642Z   ● POST /auth/oauth/authorize — undoing a revocation › does NOT clear a revocation on an authorize that records a grant for OTHER scopes
2026-10-03T03:17:30.5502845Z 
2026-10-03T03:17:30.5503339Z     expect(received).toEqual(expected) // deep equality
2026-10-03T03:17:30.5503962Z 
2026-10-03T03:17:30.5504382Z     - Expected  - 0
2026-10-03T03:17:30.5504998Z     + Received  + 1
2026-10-03T03:17:30.5505443Z 
2026-10-03T03:17:30.5505802Z       Object {
2026-10-03T03:17:30.5506437Z         "authorized": false,
2026-10-03T03:17:30.5507098Z     +   "epoch": "2",
2026-10-03T03:17:30.5507714Z         "scopes": Array [],
2026-10-03T03:17:30.5508348Z       }
2026-10-03T03:17:30.5508740Z 
2026-10-03T03:17:30.5509300Z     [0m [90m 692 |[39m     ])[33m;[39m
2026-10-03T03:17:30.5511079Z      [90m 693 |[39m     expect([36mawait[39m storedRevocation(userId[33m,[39m applicationId))[33m.[39mtoBeDefined()[33m;[39m
2026-10-03T03:17:30.5513562Z     [31m[1m>[22m[39m[90m 694 |[39m     expect([36mawait[39m resolveServiceActingAsGrant(applicationId[33m,[39m userId))[33m.[39mtoEqual({
2026-10-03T03:17:30.5515300Z      [90m     |[39m                                                                      [31m[1m^[22m[39m
2026-10-03T03:17:30.5516557Z      [90m 695 |[39m       authorized[33m:[39m [36mfalse[39m[33m,[39m
2026-10-03T03:17:30.5518524Z      [90m 696 |[39m       scopes[33m:[39m [][33m,[39m
2026-10-03T03:17:30.5519411Z      [90m 697 |[39m     })[33m;[39m[0m
2026-10-03T03:17:30.5519853Z 
2026-10-03T03:17:30.5521153Z       at src/routes/__tests__/oauthConsentGrants.test.ts:694:70
2026-10-03T03:17:30.5522804Z       at fulfilled (src/routes/__tests__/oauthConsentGrants.test.ts:20:58)
2026-10-03T03:17:30.5523324Z 
2026-10-03T03:17:30.5526634Z   ● POST /auth/oauth/authorize — undoing a revocation › does NOT clear a revocation on an ordinary auto-approved first-party authorize
2026-10-03T03:17:30.5527553Z 
2026-10-03T03:17:30.5527990Z     expect(received).toEqual(expected) // deep equality
2026-10-03T03:17:30.5528491Z 
2026-10-03T03:17:30.5528907Z     - Expected  - 0
2026-10-03T03:17:30.5529324Z     + Received  + 1
2026-10-03T03:17:30.5529660Z 
2026-10-03T03:17:30.5530012Z       Object {
2026-10-03T03:17:30.5530690Z         "authorized": false,
2026-10-03T03:17:30.5531236Z     +   "epoch": "1",
2026-10-03T03:17:30.5531711Z         "scopes": Array [],
2026-10-03T03:17:30.5532216Z       }
2026-10-03T03:17:30.5532490Z 
2026-10-03T03:17:30.5533257Z     [0m [90m 716 |[39m     expect(res[33m.[39mstatus)[33m.[39mtoBe([35m200[39m)[33m;[39m
2026-10-03T03:17:30.5536223Z      [90m 717 |[39m     expect([36mawait[39m storedRevocation(userId[33m,[39m applicationId))[33m.[39mtoBeDefined()[33m;[39m
2026-10-03T03:17:30.5539706Z     [31m[1m>[22m[39m[90m 718 |[39m     expect([36mawait[39m resolveServiceActingAsGrant(applicationId[33m,[39m userId))[33m.[39mtoEqual({
2026-10-03T03:17:30.5541903Z      [90m     |[39m                                                                      [31m[1m^[22m[39m
2026-10-03T03:17:30.5543431Z      [90m 719 |[39m       authorized[33m:[39m [36mfalse[39m[33m,[39m
2026-10-03T03:17:30.5544647Z      [90m 720 |[39m       scopes[33m:[39m [][33m,[39m
2026-10-03T03:17:30.5545607Z      [90m 721 |[39m     })[33m;[39m[0m
2026-10-03T03:17:30.5545940Z 
2026-10-03T03:17:30.5546983Z       at src/routes/__tests__/oauthConsentGrants.test.ts:718:70
2026-10-03T03:17:30.5548727Z       at fulfilled (src/routes/__tests__/oauthConsentGrants.test.ts:20:58)
2026-10-03T03:17:30.5549333Z 
2026-10-03T03:17:30.5549721Z 
2026-10-03T03:17:30.5563006Z Test Suites: 1 failed, 146 passed, 147 total
2026-10-03T03:17:30.5563851Z Tests:       3 failed, 1660 passed, 1663 total
2026-10-03T03:17:30.5564525Z Snapshots:   0 total
2026-10-03T03:17:30.5565153Z Time:        136.867 s
2026-10-03T03:17:30.5566125Z Ran all test suites.
2026-10-03T03:17:30.8557518Z Test results written to: coverage/shard-6/jest-results.json
2026-10-03T03:17:31.1950045Z error: script "test:coverage" exited with code 1
2026-10-03T03:17:31.1969845Z ##[error]Process completed with exit code 1.
2026-10-03T03:17:31.2095603Z Post job cleanup.
2026-10-03T03:17:31.2958693Z [command]/usr/bin/git version
2026-10-03T03:17:31.3014738Z git version 2.55.0
2026-10-03T03:17:31.3056380Z Temporarily overriding HOME='/home/runner/work/_temp/f64f32fc-7f23-46e6-971f-37c12422ab2f' before making global git config changes
2026-10-03T03:17:31.3057537Z Adding repository directory to the temporary git global config as a safe directory
2026-10-03T03:17:31.3063156Z [command]/usr/bin/git config --global --add safe.directory /home/runner/work/oxy/oxy
2026-10-03T03:17:31.3095820Z Removing SSH command configuration
2026-10-03T03:17:31.3102589Z [command]/usr/bin/git config --local --name-only --get-regexp core\.sshCommand
2026-10-03T03:17:31.3138229Z [command]/usr/bin/git submodule foreach --recursive sh -c "git config --local --name-only --get-regexp 'core\.sshCommand' && git config --local --unset-all 'core.sshCommand' || :"
2026-10-03T03:17:31.3393279Z Removing HTTP extra header
2026-10-03T03:17:31.3398595Z [command]/usr/bin/git config --local --name-only --get-regexp http\.https\:\/\/github\.com\/\.extraheader
2026-10-03T03:17:31.3443534Z [command]/usr/bin/git submodule foreach --recursive sh -c "git config --local --name-only --get-regexp 'http\.https\:\/\/github\.com\/\.extraheader' && git config --local --unset-all 'http.https://github.com/.extraheader' || :"
2026-10-03T03:17:31.3710081Z Removing includeIf entries pointing to credentials config files
2026-10-03T03:17:31.3717149Z [command]/usr/bin/git config --local --name-only --get-regexp ^includeIf\.gitdir:
2026-10-03T03:17:31.3762686Z includeif.gitdir:/home/runner/work/oxy/oxy/.git.path
2026-10-03T03:17:31.3763782Z includeif.gitdir:/home/runner/work/oxy/oxy/.git/worktrees/*.path
2026-10-03T03:17:31.3764686Z includeif.gitdir:/github/workspace/.git.path
2026-10-03T03:17:31.3765495Z includeif.gitdir:/github/workspace/.git/worktrees/*.path
2026-10-03T03:17:31.3768778Z [command]/usr/bin/git config --local --get-all includeif.gitdir:/home/runner/work/oxy/oxy/.git.path
2026-10-03T03:17:31.3796343Z /home/runner/work/_temp/git-credentials-9fe5cdf8-6111-45d2-8e84-bb5ab8d1fcd9.config
2026-10-03T03:17:31.3807484Z [command]/usr/bin/git config --local --unset includeif.gitdir:/home/runner/work/oxy/oxy/.git.path \/home\/runner\/work\/_temp\/git\-credentials\-9fe5cdf8\-6111\-45d2\-8e84\-bb5ab8d1fcd9\.config
2026-10-03T03:17:31.3851520Z [command]/usr/bin/git config --local --get-all includeif.gitdir:/home/runner/work/oxy/oxy/.git/worktrees/*.path
2026-10-03T03:17:31.3879616Z /home/runner/work/_temp/git-credentials-9fe5cdf8-6111-45d2-8e84-bb5ab8d1fcd9.config
2026-10-03T03:17:31.3890736Z [command]/usr/bin/git config --local --unset includeif.gitdir:/home/runner/work/oxy/oxy/.git/worktrees/*.path \/home\/runner\/work\/_temp\/git\-credentials\-9fe5cdf8\-6111\-45d2\-8e84\-bb5ab8d1fcd9\.config
2026-10-03T03:17:31.3943714Z [command]/usr/bin/git config --local --get-all includeif.gitdir:/github/workspace/.git.path
2026-10-03T03:17:31.3981718Z /github/runner_temp/git-credentials-9fe5cdf8-6111-45d2-8e84-bb5ab8d1fcd9.config
2026-10-03T03:17:31.3990557Z [command]/usr/bin/git config --local --unset includeif.gitdir:/github/workspace/.git.path \/github\/runner_temp\/git\-credentials\-9fe5cdf8\-6111\-45d2\-8e84\-bb5ab8d1fcd9\.config
2026-10-03T03:17:31.4027177Z [command]/usr/bin/git config --local --get-all includeif.gitdir:/github/workspace/.git/worktrees/*.path
2026-10-03T03:17:31.4055850Z /github/runner_temp/git-credentials-9fe5cdf8-6111-45d2-8e84-bb5ab8d1fcd9.config
2026-10-03T03:17:31.4067506Z [command]/usr/bin/git config --local --unset includeif.gitdir:/github/workspace/.git/worktrees/*.path \/github\/runner_temp\/git\-credentials\-9fe5cdf8\-6111\-45d2\-8e84\-bb5ab8d1fcd9\.config
2026-10-03T03:17:31.4115534Z [command]/usr/bin/git submodule foreach --recursive git config --local --show-origin --name-only --get-regexp remote.origin.url
2026-10-03T03:17:31.4377269Z Removing credentials config '/home/runner/work/_temp/git-credentials-9fe5cdf8-6111-45d2-8e84-bb5ab8d1fcd9.config'
2026-10-03T03:17:31.4526265Z Print service container logs: 231a82a00b13457a9126f5516e196a1a_postgispostgis1735_856b1d
2026-10-03T03:17:31.4531059Z ##[command]/usr/bin/docker logs --details 64e5c62047c2cf52f0ddcc1a444a5873a77a3adc1ccf6c43abafb2ba43fd1e44
2026-10-03T03:17:31.4659316Z  The files belonging to this database system will be owned by user "postgres".
2026-10-03T03:17:31.4661874Z  initdb: warning: enabling "trust" authentication for local connections
2026-10-03T03:17:31.4662622Z  This user must also own the server process.
2026-10-03T03:17:31.4663744Z  initdb: hint: You can change this by editing pg_hba.conf or using the option -A, or --auth-local and --auth-host, the next time you run initdb.
2026-10-03T03:17:31.4667795Z  2026-10-03 03:13:28.523 UTC [1] LOG:  starting PostgreSQL 17.5 (Debian 17.5-1.pgdg110+1) on x86_64-pc-linux-gnu, compiled by gcc (Debian 10.2.1-6) 10.2.1 20210110, 64-bit
2026-10-03T03:17:31.4668954Z  
2026-10-03T03:17:31.4671221Z  The database cluster will be initialized with locale "en_US.utf8".
2026-10-03T03:17:31.4672980Z  2026-10-03 03:13:28.524 UTC [1] LOG:  listening on IPv4 address "0.0.0.0", port 5432
2026-10-03T03:17:31.4676164Z  2026-10-03 03:13:28.524 UTC [1] LOG:  listening on IPv6 address "::", port 5432
2026-10-03T03:17:31.4677163Z  The default database encoding has accordingly been set to "UTF8".
2026-10-03T03:17:31.4678020Z  2026-10-03 03:13:28.524 UTC [1] LOG:  listening on Unix socket "/var/run/postgresql/.s.PGSQL.5432"
2026-10-03T03:17:31.4678695Z  The default text search configuration will be set to "english".
2026-10-03T03:17:31.4679296Z  2026-10-03 03:13:28.528 UTC [72] LOG:  database system was shut down at 2026-10-03 03:13:28 UTC
2026-10-03T03:17:31.4679809Z  
2026-10-03T03:17:31.4680555Z  2026-10-03 03:13:28.533 UTC [1] LOG:  database system is ready to accept connections
2026-10-03T03:17:31.4681158Z  Data page checksums are disabled.
2026-10-03T03:17:31.4681620Z  2026-10-03 03:15:24.868 UTC [180] ERROR:  synthetic background rollback
2026-10-03T03:17:31.4682422Z  
2026-10-03T03:17:31.4683036Z  2026-10-03 03:15:24.868 UTC [180] CONTEXT:  PL/pgSQL function background_rollback_ca80e7581e5d474eb937a2607be50e4e() line 3 at RAISE
2026-10-03T03:17:31.4684016Z  fixing permissions on existing directory /var/lib/postgresql/data ... ok
2026-10-03T03:17:31.4685375Z  2026-10-03 03:15:24.868 UTC [180] STATEMENT:  update "device_sessions" set "active_account_id" = $1, "active_context_id" = $2, "background_secret_hash" = $3, "background_secret_account_id" = $4, "background_secret_expires_at" = $5, "revision" = "device_sessions"."revision" + 1, "updated_at" = $6 where "device_sessions"."id" = $7
2026-10-03T03:17:31.4686602Z  creating subdirectories ... ok
2026-10-03T03:17:31.4687381Z  2026-10-03 03:15:34.893 UTC [192] ERROR:  injected app_grants failure
2026-10-03T03:17:31.4687886Z  selecting dynamic shared memory implementation ... posix
2026-10-03T03:17:31.4688489Z  2026-10-03 03:15:34.893 UTC [192] CONTEXT:  PL/pgSQL function i02_fail_app_grants() line 4 at RAISE
2026-10-03T03:17:31.4689044Z  selecting default "max_connections" ... 100
2026-10-03T03:17:31.4690158Z  2026-10-03 03:15:34.893 UTC [192] STATEMENT:  insert into "app_grants" ("id", "user_id", "application_id", "scopes", "first_granted_at", "last_used_at", "created_at", "updated_at") values ($1, $2, $3, $4, $5, $6, default, default) on conflict ("user_id","application_id") do update set "scopes" = (
2026-10-03T03:17:31.4692151Z  selecting default "shared_buffers" ... 128MB
2026-10-03T03:17:31.4692497Z  selecting default time zone ... Etc/UTC
2026-10-03T03:17:31.4692790Z  creating configuration files ... ok
2026-10-03T03:17:31.4693077Z  running bootstrap script ... ok
2026-10-03T03:17:31.4693381Z  performing post-bootstrap initialization ... ok
2026-10-03T03:17:31.4693715Z  syncing data to disk ... ok
2026-10-03T03:17:31.4693947Z  
2026-10-03T03:17:31.4694118Z  
2026-10-03T03:17:31.4694354Z  Success. You can now start the database server using:
2026-10-03T03:17:31.4694657Z  
2026-10-03T03:17:31.4695133Z      pg_ctl -D /var/lib/postgresql/data -l logfile start
2026-10-03T03:17:31.4695442Z  
2026-10-03T03:17:31.4696109Z  waiting for server to start....2026-10-03 03:13:26.835 UTC [48] LOG:  starting PostgreSQL 17.5 (Debian 17.5-1.pgdg110+1) on x86_64-pc-linux-gnu, compiled by gcc (Debian 10.2.1-6) 10.2.1 20210110, 64-bit
2026-10-03T03:17:31.4697014Z  2026-10-03 03:13:26.837 UTC [48] LOG:  listening on Unix socket "/var/run/postgresql/.s.PGSQL.5432"
2026-10-03T03:17:31.4697591Z  2026-10-03 03:13:26.839 UTC [51] LOG:  database system was shut down at 2026-10-03 03:13:26 UTC
2026-10-03T03:17:31.4698102Z  2026-10-03 03:13:26.843 UTC [48] LOG:  database system is ready to accept connections
2026-10-03T03:17:31.4698477Z   done
2026-10-03T03:17:31.4698676Z  server started
2026-10-03T03:17:31.4698883Z  CREATE DATABASE
2026-10-03T03:17:31.4699084Z  
2026-10-03T03:17:31.4699254Z  
2026-10-03T03:17:31.4699606Z  /usr/local/bin/docker-entrypoint.sh: sourcing /docker-entrypoint-initdb.d/10_postgis.sh
2026-10-03T03:17:31.4700068Z  CREATE DATABASE
2026-10-03T03:17:31.4700481Z  Loading PostGIS extensions into template_postgis
2026-10-03T03:17:31.4700807Z  CREATE EXTENSION
2026-10-03T03:17:31.4701013Z  CREATE EXTENSION
2026-10-03T03:17:31.4701320Z  You are now connected to database "template_postgis" as user "oxy".
2026-10-03T03:17:31.4701673Z  DO
2026-10-03T03:17:31.4701894Z  Loading PostGIS extensions into oxy_test
2026-10-03T03:17:31.4702182Z  CREATE EXTENSION
2026-10-03T03:17:31.4702392Z  CREATE EXTENSION
2026-10-03T03:17:31.4702670Z  You are now connected to database "oxy_test" as user "oxy".
2026-10-03T03:17:31.4702993Z  DO
2026-10-03T03:17:31.4703172Z  
2026-10-03T03:17:31.4703439Z  2026-10-03 03:13:28.301 UTC [48] LOG:  received fast shutdown request
2026-10-03T03:17:31.4703989Z  waiting for server to shut down....2026-10-03 03:13:28.301 UTC [48] LOG:  aborting any active transactions
2026-10-03T03:17:31.4704693Z  2026-10-03 03:13:28.304 UTC [48] LOG:  background worker "logical replication launcher" (PID 54) exited with exit code 1
2026-10-03T03:17:31.4705245Z  2026-10-03 03:13:28.305 UTC [49] LOG:  shutting down
2026-10-03T03:17:31.4705641Z  2026-10-03 03:13:28.306 UTC [49] LOG:  checkpoint starting: shutdown immediate
2026-10-03T03:17:31.4706763Z  2026-10-03 03:13:28.413 UTC [49] LOG:  checkpoint complete: wrote 4453 buffers (27.2%); 0 WAL file(s) added, 0 removed, 2 recycled; write=0.043 s, sync=0.064 s, total=0.109 s; sync files=963, longest=0.003 s, average=0.001 s; distance=34775 kB, estimate=34775 kB; lsn=0/36D7588, redo lsn=0/36D7588
2026-10-03T03:17:31.4707841Z  2026-10-03 03:13:28.426 UTC [48] LOG:  database system is shut down
2026-10-03T03:17:31.4708178Z   done
2026-10-03T03:17:31.4708364Z  server stopped
2026-10-03T03:17:31.4708719Z  
2026-10-03T03:17:31.4708959Z  PostgreSQL init process complete; ready for start up.
2026-10-03T03:17:31.4709267Z  
2026-10-03T03:17:31.4711268Z  	          select coalesce(array_agg(scope order by first_seen), '{}'::text[])
2026-10-03T03:17:31.4711724Z  	          from (
2026-10-03T03:17:31.4712125Z  	            select scope, min(pos) as first_seen
2026-10-03T03:17:31.4712668Z  	            from unnest("app_grants"."scopes" || excluded.scopes)
2026-10-03T03:17:31.4713359Z  	              with ordinality as merged(scope, pos)
2026-10-03T03:17:31.4713911Z  	            group by scope
2026-10-03T03:17:31.4714372Z  	          ) as unioned
2026-10-03T03:17:31.4714666Z  	        ), "last_used_at" = $7, "updated_at" = $8
2026-10-03T03:17:31.4715054Z  2026-10-03 03:15:34.927 UTC [192] ERROR:  injected app_grants failure
2026-10-03T03:17:31.4715754Z  2026-10-03 03:15:34.927 UTC [192] CONTEXT:  PL/pgSQL function i02_fail_app_grants() line 4 at RAISE
2026-10-03T03:17:31.4717284Z  2026-10-03 03:15:34.927 UTC [192] STATEMENT:  insert into "app_grants" ("id", "user_id", "application_id", "scopes", "first_granted_at", "last_used_at", "created_at", "updated_at") values ($1, $2, $3, $4, $5, $6, default, default) on conflict ("user_id","application_id") do update set "scopes" = (
2026-10-03T03:17:31.4720812Z  	          select coalesce(array_agg(scope order by first_seen), '{}'::text[])
2026-10-03T03:17:31.4721355Z  	          from (
2026-10-03T03:17:31.4721642Z  	            select scope, min(pos) as first_seen
2026-10-03T03:17:31.4722032Z  	            from unnest("app_grants"."scopes" || excluded.scopes)
2026-10-03T03:17:31.4722427Z  	              with ordinality as merged(scope, pos)
2026-10-03T03:17:31.4722745Z  	            group by scope
2026-10-03T03:17:31.4723005Z  	          ) as unioned
2026-10-03T03:17:31.4723278Z  	        ), "last_used_at" = $7, "updated_at" = $8
2026-10-03T03:17:31.4723685Z  2026-10-03 03:15:34.969 UTC [192] ERROR:  injected auth_codes failure
2026-10-03T03:17:31.4724229Z  2026-10-03 03:15:34.969 UTC [192] CONTEXT:  PL/pgSQL function i02_fail_auth_codes() line 4 at RAISE
2026-10-03T03:17:31.4725720Z  2026-10-03 03:15:34.969 UTC [192] STATEMENT:  insert into "auth_codes" ("id", "code_hash", "user_id", "operated_by_user_id", "auth_method_id", "auth_method_owner_id", "application_id", "redirect_uri", "code_challenge", "code_challenge_method", "scopes", "device_id", "used_at", "expires_at", "created_at", "updated_at") values ($1, $2, $3, $4, $5, $6, $7, $8, $9, $10, $11, $12, default, $13, default, default)
2026-10-03T03:17:31.4727097Z  2026-10-03 03:15:35.006 UTC [192] ERROR:  injected auth_codes failure
2026-10-03T03:17:31.4727609Z  2026-10-03 03:15:35.006 UTC [192] CONTEXT:  PL/pgSQL function i02_fail_auth_codes() line 4 at RAISE
2026-10-03T03:17:31.4729181Z  2026-10-03 03:15:35.006 UTC [192] STATEMENT:  insert into "auth_codes" ("id", "code_hash", "user_id", "operated_by_user_id", "auth_method_id", "auth_method_owner_id", "application_id", "redirect_uri", "code_challenge", "code_challenge_method", "scopes", "device_id", "used_at", "expires_at", "created_at", "updated_at") values ($1, $2, $3, $4, $5, $6, $7, $8, $9, $10, $11, $12, default, $13, default, default)
2026-10-03T03:17:31.4731004Z  2026-10-03 03:15:35.037 UTC [192] ERROR:  injected app_grants failure
2026-10-03T03:17:31.4731515Z  2026-10-03 03:15:35.037 UTC [192] CONTEXT:  PL/pgSQL function i02_fail_app_grants() line 4 at RAISE
2026-10-03T03:17:31.4732671Z  2026-10-03 03:15:35.037 UTC [192] STATEMENT:  insert into "app_grants" ("id", "user_id", "application_id", "scopes", "first_granted_at", "last_used_at", "created_at", "updated_at") values ($1, $2, $3, $4, $5, $6, default, default) on conflict ("user_id","application_id") do update set "scopes" = (
2026-10-03T03:17:31.4734436Z  	          select coalesce(array_agg(scope order by first_seen), '{}'::text[])
2026-10-03T03:17:31.4735086Z  	          from (
2026-10-03T03:17:31.4735476Z  	            select scope, min(pos) as first_seen
2026-10-03T03:17:31.4736074Z  	            from unnest("app_grants"."scopes" || excluded.scopes)
2026-10-03T03:17:31.4736965Z  	              with ordinality as merged(scope, pos)
2026-10-03T03:17:31.4737516Z  	            group by scope
2026-10-03T03:17:31.4737947Z  	          ) as unioned
2026-10-03T03:17:31.4738400Z  	        ), "last_used_at" = $7, "updated_at" = $8
2026-10-03T03:17:31.4739682Z  2026-10-03 03:15:38.013 UTC [209] ERROR:  new row for relation "inference_model_gpai_documentation" violates check constraint "inference_model_gpai_documentation_compute_matches_risk"
2026-10-03T03:17:31.4742801Z  2026-10-03 03:15:38.013 UTC [209] DETAIL:  Failing row contains (01a0ffc2-979c-73a4-a072-90f62c71964a, 01a0ffc2-979a-70a2-bc41-ac9ef9c5f4a8, Text generation., {oxy_api}, Decoder-only transformer, 70000000000, https://example.test/training-data-summary, https://example.test/copyright-policy, designated_by_commission, f, 4.2E25, 41600, 3820, https://example.test/red-team, 2026-10-03 03:15:38.012+00, null, 2026-10-03 03:15:38.013+00, 2026-10-03 03:15:38.013+00).
2026-10-03T03:17:31.4746220Z  2026-10-03 03:15:38.013 UTC [209] STATEMENT:  insert into "inference_model_gpai_documentation" ("id", "model_revision_id", "intended_tasks", "distribution_methods", "architecture", "parameter_count", "training_data_summary_url", "copyright_policy_url", "systemic_risk", "free_and_open_source_release", "training_compute_flops", "training_time_hours", "energy_consumption_mwh", "adversarial_testing_report_url", "recorded_at", "recorded_by_user_id", "created_at", "updated_at") values ($1, $2, $3, $4, $5, $6, $7, $8, $9, $10, $11, $12, $13, $14, $15, default, default, default)
2026-10-03T03:17:31.4748542Z  2026-10-03 03:15:38.020 UTC [209] ERROR:  new row for relation "inference_model_gpai_documentation" violates check constraint "inference_model_gpai_documentation_compute_matches_risk"
2026-10-03T03:17:31.4750922Z  2026-10-03 03:15:38.020 UTC [209] DETAIL:  Failing row contains (01a0ffc2-97a3-766e-af13-b175652c09f5, 01a0ffc2-97a1-708b-8d5e-5d3f0794c973, Text generation., {oxy_api}, Decoder-only transformer, 70000000000, https://example.test/training-data-summary, https://example.test/copyright-policy, designated_by_commission, f, -1e25, 41600, 3820, https://example.test/red-team, 2026-10-03 03:15:38.018+00, null, 2026-10-03 03:15:38.019+00, 2026-10-03 03:15:38.019+00).
2026-10-03T03:17:31.4755497Z  2026-10-03 03:15:38.020 UTC [209] STATEMENT:  insert into "inference_model_gpai_documentation" ("id", "model_revision_id", "intended_tasks", "distribution_methods", "architecture", "parameter_count", "training_data_summary_url", "copyright_policy_url", "systemic_risk", "free_and_open_source_release", "training_compute_flops", "training_time_hours", "energy_consumption_mwh", "adversarial_testing_report_url", "recorded_at", "recorded_by_user_id", "created_at", "updated_at") values ($1, $2, $3, $4, $5, $6, $7, $8, $9, $10, $11, $12, $13, $14, $15, default, default, default)
2026-10-03T03:17:31.4758313Z  2026-10-03 03:15:38.027 UTC [209] ERROR:  new row for relation "inference_model_gpai_documentation" violates check constraint "inference_model_gpai_documentation_compute_matches_risk"
2026-10-03T03:17:31.4760764Z  2026-10-03 03:15:38.027 UTC [209] DETAIL:  Failing row contains (01a0ffc2-97aa-7dcf-93be-7d36a3f22637, 01a0ffc2-97a8-7f17-8650-9a16fa308c62, Text generation., {oxy_api}, Decoder-only transformer, 70000000000, https://example.test/training-data-summary, https://example.test/copyright-policy, designated_by_commission, f, 1e, 41600, 3820, https://example.test/red-team, 2026-10-03 03:15:38.026+00, null, 2026-10-03 03:15:38.027+00, 2026-10-03 03:15:38.027+00).
2026-10-03T03:17:31.4763975Z  2026-10-03 03:15:38.027 UTC [209] STATEMENT:  insert into "inference_model_gpai_documentation" ("id", "model_revision_id", "intended_tasks", "distribution_methods", "architecture", "parameter_count", "training_data_summary_url", "copyright_policy_url", "systemic_risk", "free_and_open_source_release", "training_compute_flops", "training_time_hours", "energy_consumption_mwh", "adversarial_testing_report_url", "recorded_at", "recorded_by_user_id", "created_at", "updated_at") values ($1, $2, $3, $4, $5, $6, $7, $8, $9, $10, $11, $12, $13, $14, $15, default, default, default)
2026-10-03T03:17:31.4766516Z  2026-10-03 03:15:38.036 UTC [209] ERROR:  new row for relation "inference_model_gpai_documentation" violates check constraint "inference_model_gpai_documentation_compute_matches_risk"
2026-10-03T03:17:31.4768640Z  2026-10-03 03:15:38.036 UTC [209] DETAIL:  Failing row contains (01a0ffc2-97b2-7c33-b13f-4acdb95940d8, 01a0ffc2-97b0-7987-bcbd-acd6408ad367, Text generation., {oxy_api}, Decoder-only transformer, 70000000000, https://example.test/training-data-summary, https://example.test/copyright-policy, designated_by_commission, f, 01e25, 41600, 3820, https://example.test/red-team, 2026-10-03 03:15:38.034+00, null, 2026-10-03 03:15:38.036+00, 2026-10-03 03:15:38.036+00).
2026-10-03T03:17:31.4773010Z  2026-10-03 03:15:38.036 UTC [209] STATEMENT:  insert into "inference_model_gpai_documentation" ("id", "model_revision_id", "intended_tasks", "distribution_methods", "architecture", "parameter_count", "training_data_summary_url", "copyright_policy_url", "systemic_risk", "free_and_open_source_release", "training_compute_flops", "training_time_hours", "energy_consumption_mwh", "adversarial_testing_report_url", "recorded_at", "recorded_by_user_id", "created_at", "updated_at") values ($1, $2, $3, $4, $5, $6, $7, $8, $9, $10, $11, $12, $13, $14, $15, default, default, default)
2026-10-03T03:17:31.4775427Z  2026-10-03 03:15:38.052 UTC [209] ERROR:  new row for relation "inference_model_gpai_documentation" violates check constraint "inference_model_gpai_documentation_annex_xi_or_exempt"
2026-10-03T03:17:31.4777491Z  2026-10-03 03:15:38.052 UTC [209] DETAIL:  Failing row contains (01a0ffc2-97c3-781f-ac20-6e6c330174dd, 01a0ffc2-97c1-79a9-a949-edf4108580eb, null, {oxy_api}, Decoder-only transformer, 70000000000, https://example.test/training-data-summary, https://example.test/copyright-policy, presumed_by_training_compute, f, 4.2e25, 41600, 3820, https://example.test/red-team, 2026-10-03 03:15:38.051+00, null, 2026-10-03 03:15:38.052+00, 2026-10-03 03:15:38.052+00).
2026-10-03T03:17:31.4780999Z  2026-10-03 03:15:38.052 UTC [209] STATEMENT:  insert into "inference_model_gpai_documentation" ("id", "model_revision_id", "intended_tasks", "distribution_methods", "architecture", "parameter_count", "training_data_summary_url", "copyright_policy_url", "systemic_risk", "free_and_open_source_release", "training_compute_flops", "training_time_hours", "energy_consumption_mwh", "adversarial_testing_report_url", "recorded_at", "recorded_by_user_id", "created_at", "updated_at") values ($1, $2, $3, $4, $5, $6, $7, $8, $9, $10, $11, $12, $13, $14, $15, default, default, default)
2026-10-03T03:17:31.4783305Z  2026-10-03 03:15:38.059 UTC [209] ERROR:  new row for relation "inference_model_gpai_documentation" violates check constraint "inference_model_gpai_documentation_annex_xi_or_exempt"
2026-10-03T03:17:31.4785295Z  2026-10-03 03:15:38.059 UTC [209] DETAIL:  Failing row contains (01a0ffc2-97c9-7b9d-9458-8960f370bacc, 01a0ffc2-97c8-7da2-bfd5-001a2af4f8e8, Text generation., {oxy_api}, null, 70000000000, https://example.test/training-data-summary, https://example.test/copyright-policy, presumed_by_training_compute, f, 4.2e25, 41600, 3820, https://example.test/red-team, 2026-10-03 03:15:38.057+00, null, 2026-10-03 03:15:38.058+00, 2026-10-03 03:15:38.058+00).
2026-10-03T03:17:31.4788418Z  2026-10-03 03:15:38.059 UTC [209] STATEMENT:  insert into "inference_model_gpai_documentation" ("id", "model_revision_id", "intended_tasks", "distribution_methods", "architecture", "parameter_count", "training_data_summary_url", "copyright_policy_url", "systemic_risk", "free_and_open_source_release", "training_compute_flops", "training_time_hours", "energy_consumption_mwh", "adversarial_testing_report_url", "recorded_at", "recorded_by_user_id", "created_at", "updated_at") values ($1, $2, $3, $4, $5, $6, $7, $8, $9, $10, $11, $12, $13, $14, $15, default, default, default)
2026-10-03T03:17:31.4791129Z  2026-10-03 03:15:38.065 UTC [209] ERROR:  new row for relation "inference_model_gpai_documentation" violates check constraint "inference_model_gpai_documentation_annex_xi_or_exempt"
2026-10-03T03:17:31.4793213Z  2026-10-03 03:15:38.065 UTC [209] DETAIL:  Failing row contains (01a0ffc2-97d0-7fcf-b527-d7ef66939474, 01a0ffc2-97cf-72e2-a803-79ceff061347, Text generation., {oxy_api}, Decoder-only transformer, null, https://example.test/training-data-summary, https://example.test/copyright-policy, presumed_by_training_compute, f, 4.2e25, 41600, 3820, https://example.test/red-team, 2026-10-03 03:15:38.064+00, null, 2026-10-03 03:15:38.065+00, 2026-10-03 03:15:38.065+00).
2026-10-03T03:17:31.4796439Z  2026-10-03 03:15:38.065 UTC [209] STATEMENT:  insert into "inference_model_gpai_documentation" ("id", "model_revision_id", "intended_tasks", "distribution_methods", "architecture", "parameter_count", "training_data_summary_url", "copyright_policy_url", "systemic_risk", "free_and_open_source_release", "training_compute_flops", "training_time_hours", "energy_consumption_mwh", "adversarial_testing_report_url", "recorded_at", "recorded_by_user_id", "created_at", "updated_at") values ($1, $2, $3, $4, $5, $6, $7, $8, $9, $10, $11, $12, $13, $14, $15, default, default, default)
2026-10-03T03:17:31.4798876Z  2026-10-03 03:15:38.073 UTC [209] ERROR:  new row for relation "inference_model_gpai_documentation" violates check constraint "inference_model_gpai_documentation_annex_xi_or_exempt"
2026-10-03T03:17:31.4801202Z  2026-10-03 03:15:38.073 UTC [209] DETAIL:  Failing row contains (01a0ffc2-97d8-7dca-954e-742b21054f88, 01a0ffc2-97d6-74ec-92ca-6792964cb5db, Text generation., {oxy_api}, Decoder-only transformer, 70000000000, https://example.test/training-data-summary, https://example.test/copyright-policy, presumed_by_training_compute, f, 4.2e25, null, 3820, https://example.test/red-team, 2026-10-03 03:15:38.072+00, null, 2026-10-03 03:15:38.073+00, 2026-10-03 03:15:38.073+00).
2026-10-03T03:17:31.4804409Z  2026-10-03 03:15:38.073 UTC [209] STATEMENT:  insert into "inference_model_gpai_documentation" ("id", "model_revision_id", "intended_tasks", "distribution_methods", "architecture", "parameter_count", "training_data_summary_url", "copyright_policy_url", "systemic_risk", "free_and_open_source_release", "training_compute_flops", "training_time_hours", "energy_consumption_mwh", "adversarial_testing_report_url", "recorded_at", "recorded_by_user_id", "created_at", "updated_at") values ($1, $2, $3, $4, $5, $6, $7, $8, $9, $10, $11, $12, $13, $14, $15, default, default, default)
2026-10-03T03:17:31.4806711Z  2026-10-03 03:15:38.079 UTC [209] ERROR:  new row for relation "inference_model_gpai_documentation" violates check constraint "inference_model_gpai_documentation_annex_xi_or_exempt"
2026-10-03T03:17:31.4808768Z  2026-10-03 03:15:38.079 UTC [209] DETAIL:  Failing row contains (01a0ffc2-97de-7cfe-ae90-e38f59e933d7, 01a0ffc2-97dd-712d-9551-bb3b7adc7298, Text generation., {oxy_api}, Decoder-only transformer, 70000000000, https://example.test/training-data-summary, https://example.test/copyright-policy, presumed_by_training_compute, f, 4.2e25, 41600, null, https://example.test/red-team, 2026-10-03 03:15:38.078+00, null, 2026-10-03 03:15:38.079+00, 2026-10-03 03:15:38.079+00).
2026-10-03T03:17:31.4812252Z  2026-10-03 03:15:38.079 UTC [209] STATEMENT:  insert into "inference_model_gpai_documentation" ("id", "model_revision_id", "intended_tasks", "distribution_methods", "architecture", "parameter_count", "training_data_summary_url", "copyright_policy_url", "systemic_risk", "free_and_open_source_release", "training_compute_flops", "training_time_hours", "energy_consumption_mwh", "adversarial_testing_report_url", "recorded_at", "recorded_by_user_id", "created_at", "updated_at") values ($1, $2, $3, $4, $5, $6, $7, $8, $9, $10, $11, $12, $13, $14, $15, default, default, default)
2026-10-03T03:17:31.4814572Z  2026-10-03 03:15:38.094 UTC [209] ERROR:  new row for relation "inference_model_gpai_documentation" violates check constraint "inference_model_gpai_documentation_annex_xi_or_exempt"
2026-10-03T03:17:31.4816607Z  2026-10-03 03:15:38.094 UTC [209] DETAIL:  Failing row contains (01a0ffc2-97ed-7434-a676-6dd7e6a4d306, 01a0ffc2-97eb-7969-b08e-96b4db3cf21b, null, {downloadable_weights}, null, null, https://example.test/summary, https://example.test/copyright, designated_by_commission, t, null, null, null, https://example.test/red-team, 2026-10-03 03:15:38.093+00, null, 2026-10-03 03:15:38.094+00, 2026-10-03 03:15:38.094+00).
2026-10-03T03:17:31.4819757Z  2026-10-03 03:15:38.094 UTC [209] STATEMENT:  insert into "inference_model_gpai_documentation" ("id", "model_revision_id", "intended_tasks", "distribution_methods", "architecture", "parameter_count", "training_data_summary_url", "copyright_policy_url", "systemic_risk", "free_and_open_source_release", "training_compute_flops", "training_time_hours", "energy_consumption_mwh", "adversarial_testing_report_url", "recorded_at", "recorded_by_user_id", "created_at", "updated_at") values ($1, $2, default, $3, default, default, $4, $5, $6, $7, default, default, default, $8, $9, default, default, default)
2026-10-03T03:17:31.4822577Z  2026-10-03 03:15:38.101 UTC [209] ERROR:  new row for relation "inference_model_gpai_documentation" violates check constraint "inference_model_gpai_documentation_presumption_has_compute"
2026-10-03T03:17:31.4824667Z  2026-10-03 03:15:38.101 UTC [209] DETAIL:  Failing row contains (01a0ffc2-97f4-71ec-8643-2bf7a7e25341, 01a0ffc2-97f3-7db0-931e-29c1d5fe7f3e, Text generation., {oxy_api}, Decoder-only transformer, 70000000000, https://example.test/training-data-summary, https://example.test/copyright-policy, presumed_by_training_compute, f, null, 41600, 3820, https://example.test/red-team, 2026-10-03 03:15:38.1+00, null, 2026-10-03 03:15:38.101+00, 2026-10-03 03:15:38.101+00).
2026-10-03T03:17:31.4827872Z  2026-10-03 03:15:38.101 UTC [209] STATEMENT:  insert into "inference_model_gpai_documentation" ("id", "model_revision_id", "intended_tasks", "distribution_methods", "architecture", "parameter_count", "training_data_summary_url", "copyright_policy_url", "systemic_risk", "free_and_open_source_release", "training_compute_flops", "training_time_hours", "energy_consumption_mwh", "adversarial_testing_report_url", "recorded_at", "recorded_by_user_id", "created_at", "updated_at") values ($1, $2, $3, $4, $5, $6, $7, $8, $9, $10, $11, $12, $13, $14, $15, default, default, default)
2026-10-03T03:17:31.4830198Z  2026-10-03 03:15:38.114 UTC [209] ERROR:  new row for relation "inference_model_gpai_documentation" violates check constraint "inference_model_gpai_documentation_compute_matches_risk"
2026-10-03T03:17:31.4832385Z  2026-10-03 03:15:38.114 UTC [209] DETAIL:  Failing row contains (01a0ffc2-9801-7682-a2a2-1004a392d0ea, 01a0ffc2-97ff-70a8-b6fd-131249bc21b1, Text generation., {oxy_api}, Decoder-only transformer, 70000000000, https://example.test/training-data-summary, https://example.test/copyright-policy, not_designated, f, 1e25, 41600, 3820, null, 2026-10-03 03:15:38.112+00, null, 2026-10-03 03:15:38.113+00, 2026-10-03 03:15:38.113+00).
2026-10-03T03:17:31.4835465Z  2026-10-03 03:15:38.114 UTC [209] STATEMENT:  insert into "inference_model_gpai_documentation" ("id", "model_revision_id", "intended_tasks", "distribution_methods", "architecture", "parameter_count", "training_data_summary_url", "copyright_policy_url", "systemic_risk", "free_and_open_source_release", "training_compute_flops", "training_time_hours", "energy_consumption_mwh", "adversarial_testing_report_url", "recorded_at", "recorded_by_user_id", "created_at", "updated_at") values ($1, $2, $3, $4, $5, $6, $7, $8, $9, $10, $11, $12, $13, $14, $15, default, default, default)
2026-10-03T03:17:31.4837788Z  2026-10-03 03:15:38.120 UTC [209] ERROR:  new row for relation "inference_model_gpai_documentation" violates check constraint "inference_model_gpai_documentation_systemic_risk_has_report"
2026-10-03T03:17:31.4839779Z  2026-10-03 03:15:38.120 UTC [209] DETAIL:  Failing row contains (01a0ffc2-9807-782d-9d76-cd7ac4b60350, 01a0ffc2-9806-719a-9dda-1c5c23b17c38, Text generation., {oxy_api}, Decoder-only transformer, 70000000000, https://example.test/training-data-summary, https://example.test/copyright-policy, presumed_by_training_compute, f, 4.2e25, 41600, 3820, null, 2026-10-03 03:15:38.119+00, null, 2026-10-03 03:15:38.12+00, 2026-10-03 03:15:38.12+00).
2026-10-03T03:17:31.4843315Z  2026-10-03 03:15:38.120 UTC [209] STATEMENT:  insert into "inference_model_gpai_documentation" ("id", "model_revision_id", "intended_tasks", "distribution_methods", "architecture", "parameter_count", "training_data_summary_url", "copyright_policy_url", "systemic_risk", "free_and_open_source_release", "training_compute_flops", "training_time_hours", "energy_consumption_mwh", "adversarial_testing_report_url", "recorded_at", "recorded_by_user_id", "created_at", "updated_at") values ($1, $2, $3, $4, $5, $6, $7, $8, $9, $10, $11, $12, $13, $14, $15, default, default, default)
2026-10-03T03:17:31.4845656Z  2026-10-03 03:15:38.126 UTC [209] ERROR:  new row for relation "inference_model_gpai_documentation" violates check constraint "inference_model_gpai_documentation_systemic_risk_has_report"
2026-10-03T03:17:31.4847752Z  2026-10-03 03:15:38.126 UTC [209] DETAIL:  Failing row contains (01a0ffc2-980d-7176-bb7d-aae66aaf989c, 01a0ffc2-980c-7522-a52d-14c809e3f258, Text generation., {oxy_api}, Decoder-only transformer, 70000000000, https://example.test/training-data-summary, https://example.test/copyright-policy, designated_by_commission, f, 4.2e25, 41600, 3820, null, 2026-10-03 03:15:38.125+00, null, 2026-10-03 03:15:38.125+00, 2026-10-03 03:15:38.125+00).
2026-10-03T03:17:31.4851102Z  2026-10-03 03:15:38.126 UTC [209] STATEMENT:  insert into "inference_model_gpai_documentation" ("id", "model_revision_id", "intended_tasks", "distribution_methods", "architecture", "parameter_count", "training_data_summary_url", "copyright_policy_url", "systemic_risk", "free_and_open_source_release", "training_compute_flops", "training_time_hours", "energy_consumption_mwh", "adversarial_testing_report_url", "recorded_at", "recorded_by_user_id", "created_at", "updated_at") values ($1, $2, $3, $4, $5, $6, $7, $8, $9, $10, $11, $12, $13, $14, $15, default, default, default)
2026-10-03T03:17:31.4853457Z  2026-10-03 03:15:38.133 UTC [209] ERROR:  new row for relation "inference_model_gpai_documentation" violates check constraint "inference_model_gpai_documentation_distribution_methods_check"
2026-10-03T03:17:31.4855514Z  2026-10-03 03:15:38.133 UTC [209] DETAIL:  Failing row contains (01a0ffc2-9813-7876-8edd-40b5416c5ee8, 01a0ffc2-9812-777d-a7d4-edaba084a49f, Text generation., {}, Decoder-only transformer, 70000000000, https://example.test/training-data-summary, https://example.test/copyright-policy, presumed_by_training_compute, f, 4.2e25, 41600, 3820, https://example.test/red-team, 2026-10-03 03:15:38.131+00, null, 2026-10-03 03:15:38.132+00, 2026-10-03 03:15:38.132+00).
2026-10-03T03:17:31.4858693Z  2026-10-03 03:15:38.133 UTC [209] STATEMENT:  insert into "inference_model_gpai_documentation" ("id", "model_revision_id", "intended_tasks", "distribution_methods", "architecture", "parameter_count", "training_data_summary_url", "copyright_policy_url", "systemic_risk", "free_and_open_source_release", "training_compute_flops", "training_time_hours", "energy_consumption_mwh", "adversarial_testing_report_url", "recorded_at", "recorded_by_user_id", "created_at", "updated_at") values ($1, $2, $3, $4, $5, $6, $7, $8, $9, $10, $11, $12, $13, $14, $15, default, default, default)
2026-10-03T03:17:31.4861264Z  2026-10-03 03:15:38.139 UTC [209] ERROR:  new row for relation "inference_model_gpai_documentation" violates check constraint "inference_model_gpai_documentation_distribution_methods_check"
2026-10-03T03:17:31.4863341Z  2026-10-03 03:15:38.139 UTC [209] DETAIL:  Failing row contains (01a0ffc2-981a-79a6-b487-e13a40c22963, 01a0ffc2-9818-7010-ad21-aa5c08f61226, Text generation., {torrent}, Decoder-only transformer, 70000000000, https://example.test/training-data-summary, https://example.test/copyright-policy, presumed_by_training_compute, f, 4.2e25, 41600, 3820, https://example.test/red-team, 2026-10-03 03:15:38.138+00, null, 2026-10-03 03:15:38.138+00, 2026-10-03 03:15:38.138+00).
2026-10-03T03:17:31.4866682Z  2026-10-03 03:15:38.139 UTC [209] STATEMENT:  insert into "inference_model_gpai_documentation" ("id", "model_revision_id", "intended_tasks", "distribution_methods", "architecture", "parameter_count", "training_data_summary_url", "copyright_policy_url", "systemic_risk", "free_and_open_source_release", "training_compute_flops", "training_time_hours", "energy_consumption_mwh", "adversarial_testing_report_url", "recorded_at", "recorded_by_user_id", "created_at", "updated_at") values ($1, $2, $3, $4, $5, $6, $7, $8, $9, $10, $11, $12, $13, $14, $15, default, default, default)
2026-10-03T03:17:31.4868907Z  2026-10-03 03:15:38.147 UTC [209] ERROR:  duplicate key value violates unique constraint "inference_model_gpai_documentation_model_revision_id_key"
2026-10-03T03:17:31.4869754Z  2026-10-03 03:15:38.147 UTC [209] DETAIL:  Key (model_revision_id)=(01a0ffc2-981f-7941-acec-83d85af39124) already exists.
2026-10-03T03:17:31.4872185Z  2026-10-03 03:15:38.147 UTC [209] STATEMENT:  insert into "inference_model_gpai_documentation" ("id", "model_revision_id", "intended_tasks", "distribution_methods", "architecture", "parameter_count", "training_data_summary_url", "copyright_policy_url", "systemic_risk", "free_and_open_source_release", "training_compute_flops", "training_time_hours", "energy_consumption_mwh", "adversarial_testing_report_url", "recorded_at", "recorded_by_user_id", "created_at", "updated_at") values ($1, $2, $3, $4, $5, $6, $7, $8, $9, $10, $11, $12, $13, $14, $15, default, default, default)
2026-10-03T03:17:31.4874616Z  2026-10-03 03:15:38.181 UTC [209] ERROR:  inference_model_releases.release_id is immutable: the stored manifest is the bytes a signature covers, and editing it makes a broken signature indistinguishable from a forged one
2026-10-03T03:17:31.4875668Z  2026-10-03 03:15:38.181 UTC [209] CONTEXT:  PL/pgSQL function inference_model_release_immutable() line 14 at RAISE
2026-10-03T03:17:31.4876367Z  2026-10-03 03:15:38.181 UTC [209] STATEMENT:  update inference_model_releases set release_id = $1 where id = $2
2026-10-03T03:17:31.4877425Z  2026-10-03 03:15:38.182 UTC [209] ERROR:  inference_model_releases.model_revision_id is immutable: the stored manifest is the bytes a signature covers, and editing it makes a broken signature indistinguishable from a forged one
2026-10-03T03:17:31.4878490Z  2026-10-03 03:15:38.182 UTC [209] CONTEXT:  PL/pgSQL function inference_model_release_immutable() line 14 at RAISE
2026-10-03T03:17:31.4879206Z  2026-10-03 03:15:38.182 UTC [209] STATEMENT:  update inference_model_releases set model_revision_id = $1 where id = $2
2026-10-03T03:17:31.4880536Z  2026-10-03 03:15:38.183 UTC [209] ERROR:  inference_model_releases.manifest_schema_version is immutable: the stored manifest is the bytes a signature covers, and editing it makes a broken signature indistinguishable from a forged one
2026-10-03T03:17:31.4881655Z  2026-10-03 03:15:38.183 UTC [209] CONTEXT:  PL/pgSQL function inference_model_release_immutable() line 14 at RAISE
2026-10-03T03:17:31.4882381Z  2026-10-03 03:15:38.183 UTC [209] STATEMENT:  update inference_model_releases set manifest_schema_version = $1 where id = $2
2026-10-03T03:17:31.4883455Z  2026-10-03 03:15:38.184 UTC [209] ERROR:  inference_model_releases.issued_at is immutable: the stored manifest is the bytes a signature covers, and editing it makes a broken signature indistinguishable from a forged one
2026-10-03T03:17:31.4884484Z  2026-10-03 03:15:38.184 UTC [209] CONTEXT:  PL/pgSQL function inference_model_release_immutable() line 14 at RAISE
2026-10-03T03:17:31.4885164Z  2026-10-03 03:15:38.184 UTC [209] STATEMENT:  update inference_model_releases set issued_at = $1 where id = $2
2026-10-03T03:17:31.4886203Z  2026-10-03 03:15:38.185 UTC [209] ERROR:  inference_model_releases.manifest_json is immutable: the stored manifest is the bytes a signature covers, and editing it makes a broken signature indistinguishable from a forged one
2026-10-03T03:17:31.4887380Z  2026-10-03 03:15:38.185 UTC [209] CONTEXT:  PL/pgSQL function inference_model_release_immutable() line 14 at RAISE
2026-10-03T03:17:31.4888062Z  2026-10-03 03:15:38.185 UTC [209] STATEMENT:  update inference_model_releases set manifest_json = $1 where id = $2
2026-10-03T03:17:31.4889012Z  2026-10-03 03:15:38.204 UTC [209] ERROR:  inference_model_release_artifacts is append-only: it records what a release signature covers, so a correction is a new release rather than an update
2026-10-03T03:17:31.4889987Z  2026-10-03 03:15:38.204 UTC [209] CONTEXT:  PL/pgSQL function inference_model_release_child_immutable() line 3 at RAISE
2026-10-03T03:17:31.4891148Z  2026-10-03 03:15:38.204 UTC [209] STATEMENT:  update "inference_model_release_artifacts" set "size_bytes" = $1 where "inference_model_release_artifacts"."release_id" = $2
2026-10-03T03:17:31.4892286Z  2026-10-03 03:15:38.206 UTC [209] ERROR:  inference_model_release_signatures is append-only: it records what a release signature covers, so a correction is a new release rather than an update
2026-10-03T03:17:31.4893255Z  2026-10-03 03:15:38.206 UTC [209] CONTEXT:  PL/pgSQL function inference_model_release_child_immutable() line 3 at RAISE
2026-10-03T03:17:31.4894270Z  2026-10-03 03:15:38.206 UTC [209] STATEMENT:  update "inference_model_release_signatures" set "key_id" = $1 where "inference_model_release_signatures"."release_id" = $2
2026-10-03T03:17:31.4895202Z  2026-10-03 03:15:38.228 UTC [209] ERROR:  duplicate key value violates unique constraint "inference_model_releases_release_id_key"
2026-10-03T03:17:31.4895888Z  2026-10-03 03:15:38.228 UTC [209] DETAIL:  Key (release_id)=(arel_3f023417ad) already exists.
2026-10-03T03:17:31.4896990Z  2026-10-03 03:15:38.228 UTC [209] STATEMENT:  insert into "inference_model_releases" ("id", "release_id", "model_revision_id", "manifest_schema_version", "issued_at", "manifest_json", "ingested_by_user_id", "created_at") values ($1, $2, $3, $4, $5, $6, default, default)
2026-10-03T03:17:31.4898045Z  2026-10-03 03:15:47.730 UTC [70] LOG:  checkpoint starting: immediate force wait
2026-10-03T03:17:31.4899164Z  2026-10-03 03:15:47.789 UTC [70] LOG:  checkpoint complete: wrote 4123 buffers (25.2%); 0 WAL file(s) added, 0 removed, 4 recycled; write=0.039 s, sync=0.017 s, total=0.060 s; sync files=1960, longest=0.002 s, average=0.001 s; distance=62678 kB, estimate=62678 kB; lsn=0/740D000, redo lsn=0/740CFA8
2026-10-03T03:17:31.4900807Z  2026-10-03 03:15:48.501 UTC [232] ERROR:  insert or update on table "security_activities" violates foreign key constraint "security_activities_user_id_users_id_fk"
2026-10-03T03:17:31.4901712Z  2026-10-03 03:15:48.501 UTC [232] DETAIL:  Key (user_id)=(6a61e383-d0c1-4632-97bc-7cceda31639a) is not present in table "users".
2026-10-03T03:17:31.4903323Z  2026-10-03 03:15:48.501 UTC [232] STATEMENT:  insert into "security_activities" ("id", "user_id", "event_type", "event_description", "metadata", "user_agent", "device_id", "occurred_at", "severity", "created_at", "updated_at") values ($1, $2, $3, $4, $5, $6, $7, $8, $9, default, default) returning "id", "user_id", "event_type", "event_description", "metadata", "user_agent", "device_id", "occurred_at", "severity", "created_at"
2026-10-03T03:17:31.4904837Z  2026-10-03 03:16:02.477 UTC [252] LOG:  skipping vacuum of "users" --- lock not available
2026-10-03T03:17:31.4905524Z  2026-10-03 03:16:02.776 UTC [244] ERROR:  duplicate key value violates unique constraint "transparency_checkpoints_index_unique"
2026-10-03T03:17:31.4906155Z  2026-10-03 03:16:02.776 UTC [244] DETAIL:  Key (index)=(0) already exists.
2026-10-03T03:17:31.4907124Z  2026-10-03 03:16:02.776 UTC [244] STATEMENT:  insert into "transparency_checkpoints" ("id", "index", "period_end", "tree_size", "root", "prev_checkpoint_hash", "created_at", "updated_at") values ($1, $2, $3, $4, $5, $6, default, default) returning "id"
2026-10-03T03:17:31.4908098Z  2026-10-03 03:16:06.342 UTC [70] LOG:  checkpoint starting: immediate force wait
2026-10-03T03:17:31.4909349Z  2026-10-03 03:16:06.354 UTC [70] LOG:  checkpoint complete: wrote 71 buffers (0.4%); 0 WAL file(s) added, 0 removed, 11 recycled; write=0.002 s, sync=0.003 s, total=0.012 s; sync files=46, longest=0.001 s, average=0.001 s; distance=189468 kB, estimate=189468 kB; lsn=0/12D142A8, redo lsn=0/12D14250
2026-10-03T03:17:31.4910914Z  2026-10-03 03:16:12.684 UTC [267] ERROR:  insert or update on table "repo_heads" violates foreign key constraint "repo_heads_head_record_id_signed_records_record_id_fk"
2026-10-03T03:17:31.4911882Z  2026-10-03 03:16:12.684 UTC [267] DETAIL:  Key (head_record_id)=(a-record-that-was-never-stored) is not present in table "signed_records".
2026-10-03T03:17:31.4912969Z  2026-10-03 03:16:12.684 UTC [267] STATEMENT:  insert into "repo_heads" ("id", "user_id", "subject_did", "seq", "head_record_id", "record_count", "created_at", "updated_at") values ($1, $2, $3, $4, $5, $6, default, default)
2026-10-03T03:17:31.4913981Z  2026-10-03 03:16:12.707 UTC [267] ERROR:  duplicate key value violates unique constraint "signed_records_user_id_seq_key"
2026-10-03T03:17:31.4914716Z  2026-10-03 03:16:12.707 UTC [267] DETAIL:  Key (user_id, seq)=(01a0ffc3-1f10-7e6e-8c50-8c78502784c6, 0) already exists.
2026-10-03T03:17:31.4916060Z  2026-10-03 03:16:12.707 UTC [267] STATEMENT:  insert into "signed_records" ("id", "subject_did", "user_id", "type", "envelope", "public_key", "verified", "seq", "prev", "record_id", "nsid", "rkey", "created_at") values ($1, $2, $3, $4, $5, $6, $7, $8, $9, $10, $11, $12, default)
2026-10-03T03:17:31.4917260Z  2026-10-03 03:16:12.830 UTC [268] ERROR:  duplicate key value violates unique constraint "reputation_transactions_source_action_key"
2026-10-03T03:17:31.4918113Z  2026-10-03 03:16:12.830 UTC [268] DETAIL:  Key (application_id, source_action_id)=(01a0ffc3-1f85-7473-a08f-7dfed60b1608, race) already exists.
2026-10-03T03:17:31.4921307Z  2026-10-03 03:16:12.830 UTC [268] STATEMENT:  insert into "reputation_transactions" ("id", "user_id", "points", "action_type", "category", "application_id", "credential_id", "source_action_id", "source_action_type", "target_entity_id", "target_entity_type", "status", "reversed_transaction_id", "reason", "metadata", "created_by_user_id", "reviewed_by_user_id", "reviewed_at", "created_at", "updated_at") values ($1, $2, $3, $4, $5, $6, default, $7, default, default, default, $8, default, $9, default, default, default, default, default, default) returning "id", "user_id", "points", "action_type", "category", "application_id", "credential_id", "source_action_id", "source_action_type", "target_entity_id", "target_entity_type", "status", "reversed_transaction_id", "reason", "metadata", "created_by_user_id", "reviewed_by_user_id", "reviewed_at", "created_at", "updated_at"
2026-10-03T03:17:31.4924198Z  2026-10-03 03:16:15.926 UTC [70] LOG:  checkpoint starting: immediate force wait
2026-10-03T03:17:31.4925305Z  2026-10-03 03:16:15.933 UTC [70] LOG:  checkpoint complete: wrote 256 buffers (1.6%); 0 WAL file(s) added, 0 removed, 2 recycled; write=0.004 s, sync=0.002 s, total=0.008 s; sync files=136, longest=0.001 s, average=0.001 s; distance=25680 kB, estimate=173089 kB; lsn=0/14628358, redo lsn=0/14628300
2026-10-03T03:17:31.4926665Z  2026-10-03 03:16:16.782 UTC [279] ERROR:  insert or update on table "follow_target_kinds" violates foreign key constraint "follow_target_kinds_namespace_fk"
2026-10-03T03:17:31.4927500Z  2026-10-03 03:16:16.782 UTC [279] DETAIL:  Key (namespace)=(ghost99) is not present in table "follow_namespaces".
2026-10-03T03:17:31.4928564Z  2026-10-03 03:16:16.782 UTC [279] STATEMENT:  insert into "follow_target_kinds" ("id", "kind", "namespace", "application_id", "label", "capabilities", "created_at", "updated_at") values ($1, $2, $3, $4, default, default, default, default)
2026-10-03T03:17:31.4929588Z  2026-10-03 03:16:17.857 UTC [289] ERROR:  cannot insert a non-DEFAULT value into column "hashed_email"
2026-10-03T03:17:31.4930159Z  2026-10-03 03:16:17.857 UTC [289] DETAIL:  Column "hashed_email" is a generated column.
2026-10-03T03:17:31.4931096Z  2026-10-03 03:16:17.857 UTC [289] STATEMENT:  
2026-10-03T03:17:31.4931451Z  	        insert into users (id, color, email, hashed_email)
2026-10-03T03:17:31.4931781Z  	        values ($1, 'teal', $2, $3)
2026-10-03T03:17:31.4932040Z  	      
2026-10-03T03:17:31.4932454Z  2026-10-03 03:16:17.864 UTC [289] ERROR:  duplicate key value violates unique constraint "users_lower_username_key"
2026-10-03T03:17:31.4933199Z  2026-10-03 03:16:17.864 UTC [289] DETAIL:  Key (lower(btrim(username)))=(ident6d8b27c54f874cb383f19fb44d1f8017) already exists.
2026-10-03T03:17:31.4942490Z  2026-10-03 03:16:17.864 UTC [289] STATEMENT:  insert into "users" ("id", "username", "email", "phone", "public_key", "refresh_token", "name_first", "name_last", "name_display", "kind", "account_categories", "parent_account_id", "root_account_id", "account_status", "type", "federation_actor_uri", "federation_domain", "federation_actor_id", "federation_last_avatar_fetched_at", "federation_avatar_e_tag", "federation_avatar_last_modified", "federation_avatar_retry_at", "federation_avatar_attempts", "federation_avatar_failure", "federation_last_resolved_at", "federation_unavailable_at", "federation_unavailable_reason", "automation_owner_id", "verified", "reputation_rank_weight", "reputation_tier", "is_staff", "staff_capabilities", "is_seed_verifier", "is_sensitive", "languages", "avatar", "color", "bio", "description", "address", "birthday", "date_of_birth", "links", "account_expires_after_inactivity_days", "privacy_is_private_account", "privacy_hide_online_status", "privacy_hide_last_seen", "privacy_profile_visibility", "privacy_login_alerts", "privacy_block_screenshots", "privacy_login", "privacy_biometric_login", "privacy_show_activity", "privacy_allow_tagging", "privacy_allow_mentions", "privacy_hide_read_receipts", "privacy_allow_direct_messages", "privacy_data_sharing", "privacy_location_sharing", "privacy_analytics_sharing", "privacy_sensitive_content", "privacy_auto_filter", "privacy_mute_keywords", "privacy_discoverable_by_email", "privacy_discoverable_by_phone", "privacy_fediverse_sharing", "email_signature", "auto_reply_enabled", "auto_reply_subject", "auto_reply_body", "auto_reply_start_date", "auto_reply_end_date", "auto_forward_to", "auto_forward_keep_copy", "notification_push_enabled", "notification_email_digest", "notification_security_alerts", "notification_marketing_emails", "preference_language", "preference_theme", "preference_reduce_motion", "preference_timezone", "theme_preference_mode", "theme_preference_color_preset", "created_at", "updated_at") values ($1, $2, default, default, default, default, default, default, default, default, default, default, default, default, default, default, default, default, default, default, default, default, default, default, default, default, default, default, default, default, default, default, default, default, default, default, default, $3, default, default, default, default, default, default, default, default, default, default, default, default, default, default, default, default, default, default, default, default, default, default, default, default, default, default, default, default, default, default, default, default, default, default, default, default, default, default, default, default, default, default, default, default, default, default, default, default, default)
2026-10-03T03:17:31.4951997Z  2026-10-03 03:16:17.868 UTC [289] ERROR:  duplicate key value violates unique constraint "users_lower_email_key"
2026-10-03T03:17:31.4952763Z  2026-10-03 03:16:17.868 UTC [289] DETAIL:  Key (lower(btrim(email)))=(identecbc9e5923e1444cb200b3795a8c47b6@oxy.so) already exists.
2026-10-03T03:17:31.4962179Z  2026-10-03 03:16:17.868 UTC [289] STATEMENT:  insert into "users" ("id", "username", "email", "phone", "public_key", "refresh_token", "name_first", "name_last", "name_display", "kind", "account_categories", "parent_account_id", "root_account_id", "account_status", "type", "federation_actor_uri", "federation_domain", "federation_actor_id", "federation_last_avatar_fetched_at", "federation_avatar_e_tag", "federation_avatar_last_modified", "federation_avatar_retry_at", "federation_avatar_attempts", "federation_avatar_failure", "federation_last_resolved_at", "federation_unavailable_at", "federation_unavailable_reason", "automation_owner_id", "verified", "reputation_rank_weight", "reputation_tier", "is_staff", "staff_capabilities", "is_seed_verifier", "is_sensitive", "languages", "avatar", "color", "bio", "description", "address", "birthday", "date_of_birth", "links", "account_expires_after_inactivity_days", "privacy_is_private_account", "privacy_hide_online_status", "privacy_hide_last_seen", "privacy_profile_visibility", "privacy_login_alerts", "privacy_block_screenshots", "privacy_login", "privacy_biometric_login", "privacy_show_activity", "privacy_allow_tagging", "privacy_allow_mentions", "privacy_hide_read_receipts", "privacy_allow_direct_messages", "privacy_data_sharing", "privacy_location_sharing", "privacy_analytics_sharing", "privacy_sensitive_content", "privacy_auto_filter", "privacy_mute_keywords", "privacy_discoverable_by_email", "privacy_discoverable_by_phone", "privacy_fediverse_sharing", "email_signature", "auto_reply_enabled", "auto_reply_subject", "auto_reply_body", "auto_reply_start_date", "auto_reply_end_date", "auto_forward_to", "auto_forward_keep_copy", "notification_push_enabled", "notification_email_digest", "notification_security_alerts", "notification_marketing_emails", "preference_language", "preference_theme", "preference_reduce_motion", "preference_timezone", "theme_preference_mode", "theme_preference_color_preset", "created_at", "updated_at") values ($1, default, $2, default, default, default, default, default, default, default, default, default, default, default, default, default, default, default, default, default, default, default, default, default, default, default, default, default, default, default, default, default, default, default, default, default, default, $3, default, default, default, default, default, default, default, default, default, default, default, default, default, default, default, default, default, default, default, default, default, default, default, default, default, default, default, default, default, default, default, default, default, default, default, default, default, default, default, default, default, default, default, default, default, default, default, default, default)
2026-10-03T03:17:31.4971710Z  2026-10-03 03:16:17.874 UTC [289] ERROR:  duplicate key value violates unique constraint "users_lower_public_key_key"
2026-10-03T03:17:31.4972477Z  2026-10-03 03:16:17.874 UTC [289] DETAIL:  Key (lower(btrim(public_key)))=(ident5ba20a1989b44a3c9ac6f7f969ba4fe0) already exists.
2026-10-03T03:17:31.4981823Z  2026-10-03 03:16:17.874 UTC [289] STATEMENT:  insert into "users" ("id", "username", "email", "phone", "public_key", "refresh_token", "name_first", "name_last", "name_display", "kind", "account_categories", "parent_account_id", "root_account_id", "account_status", "type", "federation_actor_uri", "federation_domain", "federation_actor_id", "federation_last_avatar_fetched_at", "federation_avatar_e_tag", "federation_avatar_last_modified", "federation_avatar_retry_at", "federation_avatar_attempts", "federation_avatar_failure", "federation_last_resolved_at", "federation_unavailable_at", "federation_unavailable_reason", "automation_owner_id", "verified", "reputation_rank_weight", "reputation_tier", "is_staff", "staff_capabilities", "is_seed_verifier", "is_sensitive", "languages", "avatar", "color", "bio", "description", "address", "birthday", "date_of_birth", "links", "account_expires_after_inactivity_days", "privacy_is_private_account", "privacy_hide_online_status", "privacy_hide_last_seen", "privacy_profile_visibility", "privacy_login_alerts", "privacy_block_screenshots", "privacy_login", "privacy_biometric_login", "privacy_show_activity", "privacy_allow_tagging", "privacy_allow_mentions", "privacy_hide_read_receipts", "privacy_allow_direct_messages", "privacy_data_sharing", "privacy_location_sharing", "privacy_analytics_sharing", "privacy_sensitive_content", "privacy_auto_filter", "privacy_mute_keywords", "privacy_discoverable_by_email", "privacy_discoverable_by_phone", "privacy_fediverse_sharing", "email_signature", "auto_reply_enabled", "auto_reply_subject", "auto_reply_body", "auto_reply_start_date", "auto_reply_end_date", "auto_forward_to", "auto_forward_keep_copy", "notification_push_enabled", "notification_email_digest", "notification_security_alerts", "notification_marketing_emails", "preference_language", "preference_theme", "preference_reduce_motion", "preference_timezone", "theme_preference_mode", "theme_preference_color_preset", "created_at", "updated_at") values ($1, default, default, default, $2, default, default, default, default, default, default, default, default, default, default, default, default, default, default, default, default, default, default, default, default, default, default, default, default, default, default, default, default, default, default, default, default, $3, default, default, default, default, default, default, default, default, default, default, default, default, default, default, default, default, default, default, default, default, default, default, default, default, default, default, default, default, default, default, default, default, default, default, default, default, default, default, default, default, default, default, default, default, default, default, default, default, default)
2026-10-03T03:17:31.4991423Z  2026-10-03 03:16:17.913 UTC [289] ERROR:  new row for relation "users" violates check constraint "users_color_check"
2026-10-03T03:17:31.4993346Z  2026-10-03 03:16:17.913 UTC [289] DETAIL:  Failing row contains (f4bae70bda2f4a558b128b6cff6dd22e, null, null, null, null, null, null, null, null, null, personal, null, null, null, active, local, null, null, null, null, null, null, null, null, null, null, f, 0.1, new, f, f, f, {en-US}, null, chartreuse, null, null, null, null, null, null, f, f, f, t, t, f, t, f, t, t, t, f, t, t, f, t, f, t, f, f, f, t, null, f, null, null, null, null, null, t, t, t, t, f, null, system, f, null, null, null, 2026-10-03 03:16:17.912+00, 2026-10-03 03:16:17.912+00, null, {}, {}, null, null, 0, null).
2026-10-03T03:17:31.4995093Z  2026-10-03 03:16:17.913 UTC [289] STATEMENT:  
2026-10-03T03:17:31.4995464Z  	        insert into users (id, color) values ($1, 'chartreuse')
2026-10-03T03:17:31.4995800Z  	      
2026-10-03T03:17:31.5010856Z  2026-10-03 03:16:17.942 UTC [289] ERROR:  new row for relation "users" violates check constraint "users_account_expires_after_inactivity_days_check"
2026-10-03T03:17:31.5012877Z  2026-10-03 03:16:17.942 UTC [289] DETAIL:  Failing row contains (01a0ffc3-3394-732f-b967-e3d83f05c8a2, null, null, null, null, null, null, null, null, null, personal, null, null, null, active, local, null, null, null, null, null, null, null, null, null, null, f, 0.1, new, f, f, f, {en-US}, null, teal, null, null, null, null, null, 45, f, f, f, t, t, f, t, f, t, t, t, f, t, t, f, t, f, t, f, f, f, t, null, f, null, null, null, null, null, t, t, t, t, f, null, system, f, null, null, null, 2026-10-03 03:16:17.941+00, 2026-10-03 03:16:17.941+00, null, {}, {}, null, null, 0, null).
2026-10-03T03:17:31.5023360Z  2026-10-03 03:16:17.942 UTC [289] STATEMENT:  insert into "users" ("id", "username", "email", "phone", "public_key", "refresh_token", "name_first", "name_last", "name_display", "kind", "account_categories", "parent_account_id", "root_account_id", "account_status", "type", "federation_actor_uri", "federation_domain", "federation_actor_id", "federation_last_avatar_fetched_at", "federation_avatar_e_tag", "federation_avatar_last_modified", "federation_avatar_retry_at", "federation_avatar_attempts", "federation_avatar_failure", "federation_last_resolved_at", "federation_unavailable_at", "federation_unavailable_reason", "automation_owner_id", "verified", "reputation_rank_weight", "reputation_tier", "is_staff", "staff_capabilities", "is_seed_verifier", "is_sensitive", "languages", "avatar", "color", "bio", "description", "address", "birthday", "date_of_birth", "links", "account_expires_after_inactivity_days", "privacy_is_private_account", "privacy_hide_online_status", "privacy_hide_last_seen", "privacy_profile_visibility", "privacy_login_alerts", "privacy_block_screenshots", "privacy_login", "privacy_biometric_login", "privacy_show_activity", "privacy_allow_tagging", "privacy_allow_mentions", "privacy_hide_read_receipts", "privacy_allow_direct_messages", "privacy_data_sharing", "privacy_location_sharing", "privacy_analytics_sharing", "privacy_sensitive_content", "privacy_auto_filter", "privacy_mute_keywords", "privacy_discoverable_by_email", "privacy_discoverable_by_phone", "privacy_fediverse_sharing", "email_signature", "auto_reply_enabled", "auto_reply_subject", "auto_reply_body", "auto_reply_start_date", "auto_reply_end_date", "auto_forward_to", "auto_forward_keep_copy", "notification_push_enabled", "notification_email_digest", "notification_security_alerts", "notification_marketing_emails", "preference_language", "preference_theme", "preference_reduce_motion", "preference_timezone", "theme_preference_mode", "theme_preference_color_preset", "created_at", "updated_at") values ($1, default, default, default, default, default, default, default, default, default, default, default, default, default, default, default, default, default, default, default, default, default, default, default, default, default, default, default, default, default, default, default, default, default, default, default, default, $2, default, default, default, default, default, default, $3, default, default, default, default, default, default, default, default, default, default, default, default, default, default, default, default, default, default, default, default, default, default, default, default, default, default, default, default, default, default, default, default, default, default, default, default, default, default, default, default, default, default) returning "id"
2026-10-03T03:17:31.5033008Z  2026-10-03 03:16:17.944 UTC [289] ERROR:  new row for relation "users" violates check constraint "users_kind_check"
2026-10-03T03:17:31.5034873Z  2026-10-03 03:16:17.944 UTC [289] DETAIL:  Failing row contains (636924e30e5544e083311afacb93dcfb, null, null, null, null, null, null, null, null, null, chapter, null, null, null, active, local, null, null, null, null, null, null, null, null, null, null, f, 0.1, new, f, f, f, {en-US}, null, teal, null, null, null, null, null, null, f, f, f, t, t, f, t, f, t, t, t, f, t, t, f, t, f, t, f, f, f, t, null, f, null, null, null, null, null, t, t, t, t, f, null, system, f, null, null, null, 2026-10-03 03:16:17.943+00, 2026-10-03 03:16:17.943+00, null, {}, {}, null, null, 0, null).
2026-10-03T03:17:31.5036537Z  2026-10-03 03:16:17.944 UTC [289] STATEMENT:  
2026-10-03T03:17:31.5036853Z  	        insert into users (id, color, kind)
2026-10-03T03:17:31.5037149Z  	        values ($1, 'teal', $2)
2026-10-03T03:17:31.5037395Z  	      
2026-10-03T03:17:31.5037838Z  2026-10-03 03:16:17.945 UTC [289] ERROR:  new row for relation "users" violates check constraint "users_account_status_check"
2026-10-03T03:17:31.5039752Z  2026-10-03 03:16:17.945 UTC [289] DETAIL:  Failing row contains (6c138444354646d78397e09b8a8df605, null, null, null, null, null, null, null, null, null, personal, null, null, null, suspended, local, null, null, null, null, null, null, null, null, null, null, f, 0.1, new, f, f, f, {en-US}, null, teal, null, null, null, null, null, null, f, f, f, t, t, f, t, f, t, t, t, f, t, t, f, t, f, t, f, f, f, t, null, f, null, null, null, null, null, t, t, t, t, f, null, system, f, null, null, null, 2026-10-03 03:16:17.945+00, 2026-10-03 03:16:17.945+00, null, {}, {}, null, null, 0, null).
2026-10-03T03:17:31.5041614Z  2026-10-03 03:16:17.945 UTC [289] STATEMENT:  
2026-10-03T03:17:31.5041947Z  	        insert into users (id, color, account_status)
2026-10-03T03:17:31.5042263Z  	        values ($1, 'teal', $2)
2026-10-03T03:17:31.5042505Z  	      
2026-10-03T03:17:31.5042914Z  2026-10-03 03:16:17.947 UTC [289] ERROR:  new row for relation "users" violates check constraint "users_type_check"
2026-10-03T03:17:31.5044931Z  2026-10-03 03:16:17.947 UTC [289] DETAIL:  Failing row contains (e22f5b3e7d1b489c8a244ee8bbec81cc, null, null, null, null, null, null, null, null, null, personal, null, null, null, active, daemon, null, null, null, null, null, null, null, null, null, null, f, 0.1, new, f, f, f, {en-US}, null, teal, null, null, null, null, null, null, f, f, f, t, t, f, t, f, t, t, t, f, t, t, f, t, f, t, f, f, f, t, null, f, null, null, null, null, null, t, t, t, t, f, null, system, f, null, null, null, 2026-10-03 03:16:17.946+00, 2026-10-03 03:16:17.946+00, null, {}, {}, null, null, 0, null).
2026-10-03T03:17:31.5046599Z  2026-10-03 03:16:17.947 UTC [289] STATEMENT:  
2026-10-03T03:17:31.5046906Z  	        insert into users (id, color, type)
2026-10-03T03:17:31.5047200Z  	        values ($1, 'teal', $2)
2026-10-03T03:17:31.5047437Z  	      
2026-10-03T03:17:31.5047881Z  2026-10-03 03:16:17.948 UTC [289] ERROR:  new row for relation "users" violates check constraint "users_reputation_tier_check"
2026-10-03T03:17:31.5049907Z  2026-10-03 03:16:17.948 UTC [289] DETAIL:  Failing row contains (02d5bd425853481c8375a98d98d83f76, null, null, null, null, null, null, null, null, null, personal, null, null, null, active, local, null, null, null, null, null, null, null, null, null, null, f, 0.1, legendary, f, f, f, {en-US}, null, teal, null, null, null, null, null, null, f, f, f, t, t, f, t, f, t, t, t, f, t, t, f, t, f, t, f, f, f, t, null, f, null, null, null, null, null, t, t, t, t, f, null, system, f, null, null, null, 2026-10-03 03:16:17.947+00, 2026-10-03 03:16:17.947+00, null, {}, {}, null, null, 0, null).
2026-10-03T03:17:31.5051768Z  2026-10-03 03:16:17.948 UTC [289] STATEMENT:  
2026-10-03T03:17:31.5052103Z  	        insert into users (id, color, reputation_tier)
2026-10-03T03:17:31.5052415Z  	        values ($1, 'teal', $2)
2026-10-03T03:17:31.5052651Z  	      
2026-10-03T03:17:31.5053097Z  2026-10-03 03:16:17.949 UTC [289] ERROR:  new row for relation "users" violates check constraint "users_preference_theme_check"
2026-10-03T03:17:31.5054994Z  2026-10-03 03:16:17.949 UTC [289] DETAIL:  Failing row contains (af457086aa9441fa8bdf2aea894ff583, null, null, null, null, null, null, null, null, null, personal, null, null, null, active, local, null, null, null, null, null, null, null, null, null, null, f, 0.1, new, f, f, f, {en-US}, null, teal, null, null, null, null, null, null, f, f, f, t, t, f, t, f, t, t, t, f, t, t, f, t, f, t, f, f, f, t, null, f, null, null, null, null, null, t, t, t, t, f, null, sepia, f, null, null, null, 2026-10-03 03:16:17.949+00, 2026-10-03 03:16:17.949+00, null, {}, {}, null, null, 0, null).
2026-10-03T03:17:31.5056682Z  2026-10-03 03:16:17.949 UTC [289] STATEMENT:  
2026-10-03T03:17:31.5057024Z  	        insert into users (id, color, preference_theme)
2026-10-03T03:17:31.5057341Z  	        values ($1, 'teal', $2)
2026-10-03T03:17:31.5057582Z  	      
2026-10-03T03:17:31.5058048Z  2026-10-03 03:16:17.951 UTC [289] ERROR:  new row for relation "users" violates check constraint "users_organization_category_check"
2026-10-03T03:17:31.5059991Z  2026-10-03 03:16:17.951 UTC [289] DETAIL:  Failing row contains (ddb671dd94a04c6ebfa49dfad042dc7c, null, null, null, null, null, null, null, null, null, personal, syndicate, null, null, active, local, null, null, null, null, null, null, null, null, null, null, f, 0.1, new, f, f, f, {en-US}, null, teal, null, null, null, null, null, null, f, f, f, t, t, f, t, f, t, t, t, f, t, t, f, t, f, t, f, f, f, t, null, f, null, null, null, null, null, t, t, t, t, f, null, system, f, null, null, null, 2026-10-03 03:16:17.95+00, 2026-10-03 03:16:17.95+00, null, {}, {}, null, null, 0, null).
2026-10-03T03:17:31.5061785Z  2026-10-03 03:16:17.951 UTC [289] STATEMENT:  
2026-10-03T03:17:31.5062132Z  	        insert into users (id, color, organization_category)
2026-10-03T03:17:31.5062462Z  	        values ($1, 'teal', $2)
2026-10-03T03:17:31.5062704Z  	      
2026-10-03T03:17:31.5063147Z  2026-10-03 03:16:17.969 UTC [289] ERROR:  new row for relation "users" violates check constraint "users_theme_preference_check"
2026-10-03T03:17:31.5065225Z  2026-10-03 03:16:17.969 UTC [289] DETAIL:  Failing row contains (01a0ffc3-33af-7640-be23-d79256475251, null, null, null, null, null, null, null, null, null, personal, null, null, null, active, local, null, null, null, null, null, null, null, null, null, null, f, 0.1, new, f, f, f, {en-US}, null, teal, null, null, null, null, null, null, f, f, f, t, t, f, t, f, t, t, t, f, t, t, f, t, f, t, f, f, f, t, null, f, null, null, null, null, null, t, t, t, t, f, null, system, f, null, dark, null, 2026-10-03 03:16:17.968+00, 2026-10-03 03:16:17.968+00, null, {}, {}, null, null, 0, null).
2026-10-03T03:17:31.5075892Z  2026-10-03 03:16:17.969 UTC [289] STATEMENT:  insert into "users" ("id", "username", "email", "phone", "public_key", "refresh_token", "name_first", "name_last", "name_display", "kind", "account_categories", "parent_account_id", "root_account_id", "account_status", "type", "federation_actor_uri", "federation_domain", "federation_actor_id", "federation_last_avatar_fetched_at", "federation_avatar_e_tag", "federation_avatar_last_modified", "federation_avatar_retry_at", "federation_avatar_attempts", "federation_avatar_failure", "federation_last_resolved_at", "federation_unavailable_at", "federation_unavailable_reason", "automation_owner_id", "verified", "reputation_rank_weight", "reputation_tier", "is_staff", "staff_capabilities", "is_seed_verifier", "is_sensitive", "languages", "avatar", "color", "bio", "description", "address", "birthday", "date_of_birth", "links", "account_expires_after_inactivity_days", "privacy_is_private_account", "privacy_hide_online_status", "privacy_hide_last_seen", "privacy_profile_visibility", "privacy_login_alerts", "privacy_block_screenshots", "privacy_login", "privacy_biometric_login", "privacy_show_activity", "privacy_allow_tagging", "privacy_allow_mentions", "privacy_hide_read_receipts", "privacy_allow_direct_messages", "privacy_data_sharing", "privacy_location_sharing", "privacy_analytics_sharing", "privacy_sensitive_content", "privacy_auto_filter", "privacy_mute_keywords", "privacy_discoverable_by_email", "privacy_discoverable_by_phone", "privacy_fediverse_sharing", "email_signature", "auto_reply_enabled", "auto_reply_subject", "auto_reply_body", "auto_reply_start_date", "auto_reply_end_date", "auto_forward_to", "auto_forward_keep_copy", "notification_push_enabled", "notification_email_digest", "notification_security_alerts", "notification_marketing_emails", "preference_language", "preference_theme", "preference_reduce_motion", "preference_timezone", "theme_preference_mode", "theme_preference_color_preset", "created_at", "updated_at") values ($1, default, default, default, default, default, default, default, default, default, default, default, default, default, default, default, default, default, default, default, default, default, default, default, default, default, default, default, default, default, default, default, default, default, default, default, default, $2, default, default, default, default, default, default, default, default, default, default, default, default, default, default, default, default, default, default, default, default, default, default, default, default, default, default, default, default, default, default, default, default, default, default, default, default, default, default, default, default, default, default, default, default, default, $3, default, default, default) returning "id"
2026-10-03T03:17:31.5085299Z  2026-10-03 03:16:17.971 UTC [289] ERROR:  new row for relation "users" violates check constraint "users_theme_preference_check"
2026-10-03T03:17:31.5087189Z  2026-10-03 03:16:17.971 UTC [289] DETAIL:  Failing row contains (01a0ffc3-33b1-7ee2-b249-2e4377a86443, null, null, null, null, null, null, null, null, null, personal, null, null, null, active, local, null, null, null, null, null, null, null, null, null, null, f, 0.1, new, f, f, f, {en-US}, null, teal, null, null, null, null, null, null, f, f, f, t, t, f, t, f, t, t, t, f, t, t, f, t, f, t, f, f, f, t, null, f, null, null, null, null, null, t, t, t, t, f, null, system, f, null, dark, , 2026-10-03 03:16:17.97+00, 2026-10-03 03:16:17.97+00, null, {}, {}, null, null, 0, null).
2026-10-03T03:17:31.5097690Z  2026-10-03 03:16:17.971 UTC [289] STATEMENT:  insert into "users" ("id", "username", "email", "phone", "public_key", "refresh_token", "name_first", "name_last", "name_display", "kind", "account_categories", "parent_account_id", "root_account_id", "account_status", "type", "federation_actor_uri", "federation_domain", "federation_actor_id", "federation_last_avatar_fetched_at", "federation_avatar_e_tag", "federation_avatar_last_modified", "federation_avatar_retry_at", "federation_avatar_attempts", "federation_avatar_failure", "federation_last_resolved_at", "federation_unavailable_at", "federation_unavailable_reason", "automation_owner_id", "verified", "reputation_rank_weight", "reputation_tier", "is_staff", "staff_capabilities", "is_seed_verifier", "is_sensitive", "languages", "avatar", "color", "bio", "description", "address", "birthday", "date_of_birth", "links", "account_expires_after_inactivity_days", "privacy_is_private_account", "privacy_hide_online_status", "privacy_hide_last_seen", "privacy_profile_visibility", "privacy_login_alerts", "privacy_block_screenshots", "privacy_login", "privacy_biometric_login", "privacy_show_activity", "privacy_allow_tagging", "privacy_allow_mentions", "privacy_hide_read_receipts", "privacy_allow_direct_messages", "privacy_data_sharing", "privacy_location_sharing", "privacy_analytics_sharing", "privacy_sensitive_content", "privacy_auto_filter", "privacy_mute_keywords", "privacy_discoverable_by_email", "privacy_discoverable_by_phone", "privacy_fediverse_sharing", "email_signature", "auto_reply_enabled", "auto_reply_subject", "auto_reply_body", "auto_reply_start_date", "auto_reply_end_date", "auto_forward_to", "auto_forward_keep_copy", "notification_push_enabled", "notification_email_digest", "notification_security_alerts", "notification_marketing_emails", "preference_language", "preference_theme", "preference_reduce_motion", "preference_timezone", "theme_preference_mode", "theme_preference_color_preset", "created_at", "updated_at") values ($1, default, default, default, default, default, default, default, default, default, default, default, default, default, default, default, default, default, default, default, default, default, default, default, default, default, default, default, default, default, default, default, default, default, default, default, default, $2, default, default, default, default, default, default, default, default, default, default, default, default, default, default, default, default, default, default, default, default, default, default, default, default, default, default, default, default, default, default, default, default, default, default, default, default, default, default, default, default, default, default, default, default, default, $3, $4, default, default) returning "id"
2026-10-03T03:17:31.5107246Z  2026-10-03 03:16:32.176 UTC [305] ERROR:  duplicate key value violates unique constraint "sticker_packs_slug_unique"
2026-10-03T03:17:31.5107879Z  2026-10-03 03:16:32.176 UTC [305] DETAIL:  Key (slug)=(pack-bbf1fec2) already exists.
2026-10-03T03:17:31.5109148Z  2026-10-03 03:16:32.176 UTC [305] STATEMENT:  insert into "sticker_packs" ("id", "slug", "title", "description", "author", "status", "published_at", "created_at", "updated_at") values ($1, $2, $3, $4, $5, default, default, default, default) returning "id", "slug", "title", "description", "author", "status", "published_at", "created_at", "updated_at"
2026-10-03T03:17:31.5110975Z  2026-10-03 03:16:32.430 UTC [305] ERROR:  update or delete on table "files" violates foreign key constraint "stickers_lottie_file_id_files_id_fk" on table "stickers"
2026-10-03T03:17:31.5111908Z  2026-10-03 03:16:32.430 UTC [305] DETAIL:  Key (id)=(01a0ffc3-6c22-7c59-9375-fe093b632c05) is still referenced from table "stickers".
2026-10-03T03:17:31.5112581Z  2026-10-03 03:16:32.430 UTC [305] STATEMENT:  delete from "files" where "files"."id" = $1
2026-10-03T03:17:31.5113492Z  2026-10-03 03:16:42.502 UTC [337] ERROR:  insert or update on table "mcp_oauth_grants" violates foreign key constraint "mcp_oauth_grants_principal_method_fk"
2026-10-03T03:17:31.5114641Z  2026-10-03 03:16:42.502 UTC [337] DETAIL:  Key (auth_method_id, principal_user_id)=(01a0ffc3-933e-7c32-b8f5-92d8e14aec35, 01a0ffc3-9340-7bce-ae1e-12c3070abe77) is not present in table "user_auth_methods".
2026-10-03T03:17:31.5115747Z  2026-10-03 03:16:42.502 UTC [337] STATEMENT:  update "mcp_oauth_grants" set "principal_user_id" = $1, "updated_at" = $2 where "mcp_oauth_grants"."id" = $3
2026-10-03T03:17:31.5116679Z  2026-10-03 03:16:47.198 UTC [350] ERROR:  insert or update on table "notifications" violates foreign key constraint "notifications_actor_id_users_id_fk"
2026-10-03T03:17:31.5117539Z  2026-10-03 03:16:47.198 UTC [350] DETAIL:  Key (actor_id)=(f849974d-d984-41d4-a6bf-a46249142982) is not present in table "users".
2026-10-03T03:17:31.5119482Z  2026-10-03 03:16:47.198 UTC [350] STATEMENT:  insert into "notifications" ("id", "recipient_id", "actor_id", "type", "entity_id", "entity_type", "title", "message", "url", "read", "created_at", "updated_at") values ($1, $2, $3, $4, $5, $6, default, default, default, default, default, default) on conflict ("recipient_id","actor_id","type","entity_id") do nothing returning "id", "recipient_id", "actor_id", "type", "entity_id", "entity_type", "title", "message", "url", "read", "created_at", "updated_at"
2026-10-03T03:17:31.5121587Z  2026-10-03 03:16:47.268 UTC [351] ERROR:  insert or update on table "notifications" violates foreign key constraint "notifications_actor_id_users_id_fk"
2026-10-03T03:17:31.5122404Z  2026-10-03 03:16:47.268 UTC [351] DETAIL:  Key (actor_id)=(000000000000000000000000) is not present in table "users".
2026-10-03T03:17:31.5124198Z  2026-10-03 03:16:47.268 UTC [351] STATEMENT:  insert into "notifications" ("id", "recipient_id", "actor_id", "type", "entity_id", "entity_type", "title", "message", "url", "read", "created_at", "updated_at") values ($1, $2, $3, $4, $5, $6, default, default, default, default, default, default) on conflict ("recipient_id","actor_id","type","entity_id") do nothing returning "id", "recipient_id", "actor_id", "type", "entity_id", "entity_type", "title", "message", "url", "read", "created_at", "updated_at"
2026-10-03T03:17:31.5126099Z  2026-10-03 03:16:48.307 UTC [362] ERROR:  duplicate key value violates unique constraint "device_principals_device_session_id_authuser_key"
2026-10-03T03:17:31.5126956Z  2026-10-03 03:16:48.307 UTC [362] DETAIL:  Key (device_session_id, authuser)=(01a0ffc3-aa2b-7d53-802d-42d9ce239f8b, 0) already exists.
2026-10-03T03:17:31.5128185Z  2026-10-03 03:16:48.307 UTC [362] STATEMENT:  insert into "device_principals" ("id", "device_session_id", "user_id", "authuser", "personal_session_id", "added_at", "last_authenticated_at", "revoked_at") values ($1, $2, $3, $4, default, default, default, default) returning "id"
2026-10-03T03:17:31.5129428Z  2026-10-03 03:16:48.314 UTC [362] ERROR:  duplicate key value violates unique constraint "device_principals_device_session_id_user_id_key"
2026-10-03T03:17:31.5130509Z  2026-10-03 03:16:48.314 UTC [362] DETAIL:  Key (device_session_id, user_id)=(01a0ffc3-aa35-7960-826b-3b532f300261, 01a0ffc3-aa36-7eb4-be9d-637b613d1479) already exists.
2026-10-03T03:17:31.5131837Z  2026-10-03 03:16:48.314 UTC [362] STATEMENT:  insert into "device_principals" ("id", "device_session_id", "user_id", "authuser", "personal_session_id", "added_at", "last_authenticated_at", "revoked_at") values ($1, $2, $3, $4, default, default, default, default) returning "id"
2026-10-03T03:17:31.5133103Z  2026-10-03 03:16:48.319 UTC [362] ERROR:  new row for relation "device_principals" violates check constraint "device_principals_authuser_check"
2026-10-03T03:17:31.5134348Z  2026-10-03 03:16:48.319 UTC [362] DETAIL:  Failing row contains (01a0ffc3-aa3e-7f81-9bfb-1650b2be5925, 01a0ffc3-aa3b-7d25-82d3-5cd5a4b72fc8, 01a0ffc3-aa3c-7cea-bb52-210d7ac44728, -1, null, 2026-10-03 03:16:48.31943+00, 2026-10-03 03:16:48.31943+00, null).
2026-10-03T03:17:31.5136110Z  2026-10-03 03:16:48.319 UTC [362] STATEMENT:  insert into "device_principals" ("id", "device_session_id", "user_id", "authuser", "personal_session_id", "added_at", "last_authenticated_at", "revoked_at") values ($1, $2, $3, $4, default, default, default, default) returning "id"
2026-10-03T03:17:31.5137373Z  2026-10-03 03:16:48.329 UTC [362] ERROR:  duplicate key value violates unique constraint "device_account_contexts_device_principal_account_key"
2026-10-03T03:17:31.5138537Z  2026-10-03 03:16:48.329 UTC [362] DETAIL:  Key (device_session_id, principal_id, account_id)=(01a0ffc3-aa40-77ad-9246-8bc34e3adedf, 01a0ffc3-aa46-7088-81f0-e34861b49648, 01a0ffc3-aa43-7372-a3d1-5970677d9abd) already exists.
2026-10-03T03:17:31.5140010Z  2026-10-03 03:16:48.329 UTC [362] STATEMENT:  insert into "device_account_contexts" ("id", "device_session_id", "principal_id", "account_id", "session_id", "added_at", "last_used_at", "revoked_at") values ($1, $2, $3, $4, $5, default, default, default) returning "id"
2026-10-03T03:17:31.5141425Z  2026-10-03 03:16:49.109 UTC [363] ERROR:  insert or update on table "app_endorsement_edges" violates foreign key constraint "app_endorsement_edges_owner_id_users_id_fk"
2026-10-03T03:17:31.5142393Z  2026-10-03 03:16:49.109 UTC [363] DETAIL:  Key (owner_id)=(no-such-user) is not present in table "users".
2026-10-03T03:17:31.5143651Z  2026-10-03 03:16:49.109 UTC [363] STATEMENT:  insert into "app_endorsement_edges" ("id", "application_id", "owner_id", "member_id", "source_id", "weight", "created_at", "updated_at") values ($1, $2, $3, $4, $5, $6, default, default) on conflict ("application_id","owner_id","member_id","source_id") do nothing returning "id"
2026-10-03T03:17:31.5145114Z  2026-10-03 03:16:49.121 UTC [363] ERROR:  insert or update on table "app_endorsement_edges" violates foreign key constraint "app_endorsement_edges_owner_id_users_id_fk"
2026-10-03T03:17:31.5145944Z  2026-10-03 03:16:49.121 UTC [363] DETAIL:  Key (owner_id)=(no-such-user) is not present in table "users".
2026-10-03T03:17:31.5147195Z  2026-10-03 03:16:49.121 UTC [363] STATEMENT:  insert into "app_endorsement_edges" ("id", "application_id", "owner_id", "member_id", "source_id", "weight", "created_at", "updated_at") values ($1, $2, $3, $4, $5, $6, default, default) on conflict ("application_id","owner_id","member_id","source_id") do nothing returning "id"
2026-10-03T03:17:31.5148610Z  2026-10-03 03:16:49.176 UTC [363] ERROR:  insert or update on table "app_user_signals" violates foreign key constraint "app_user_signals_user_id_users_id_fk"
2026-10-03T03:17:31.5149399Z  2026-10-03 03:16:49.176 UTC [363] DETAIL:  Key (user_id)=(no-such-user) is not present in table "users".
2026-10-03T03:17:31.5151066Z  2026-10-03 03:16:49.176 UTC [363] STATEMENT:  insert into "app_user_signals" ("id", "application_id", "user_id", "endorsement_score", "interest_score", "last_endorsed_at", "created_at", "updated_at") values ($1, $2, $3, default, $4, default, default, default) on conflict ("application_id","user_id") do update set "interest_score" = $5, "updated_at" = $6
2026-10-03T03:17:31.5152517Z  2026-10-03 03:16:51.831 UTC [367] ERROR:  duplicate key value violates unique constraint "files_sha256_owner_user_live_key"
2026-10-03T03:17:31.5153519Z  2026-10-03 03:16:51.831 UTC [367] DETAIL:  Key (sha256, owner_user_id)=(c2d6ad453426b0c053051b84bb1754e244ee215c7a9d694d2a9cce399f068243, 01a0ffc3-b7f1-7eb7-8820-d24e4a55ed2e) already exists.
2026-10-03T03:17:31.5155186Z  2026-10-03 03:16:51.831 UTC [367] STATEMENT:  insert into "files" ("id", "sha256", "size", "mime", "ext", "owner_user_id", "system_owner", "status", "visibility", "purpose", "storage_key", "original_name", "metadata", "created_at", "updated_at") values ($1, $2, $3, $4, $5, $6, default, default, default, default, $7, default, default, default, default) returning "id"
2026-10-03T03:17:31.5156487Z  2026-10-03 03:16:52.351 UTC [372] FATAL:  database "oxy_does_not_exist" does not exist
2026-10-03T03:17:31.5157028Z  2026-10-03 03:16:52.451 UTC [374] FATAL:  terminating connection due to administrator command
2026-10-03T03:17:31.5157691Z  2026-10-03 03:16:52.553 UTC [70] LOG:  checkpoint starting: immediate force wait
2026-10-03T03:17:31.5158799Z  2026-10-03 03:16:52.574 UTC [70] LOG:  checkpoint complete: wrote 1090 buffers (6.7%); 0 WAL file(s) added, 0 removed, 0 recycled; write=0.016 s, sync=0.005 s, total=0.022 s; sync files=443, longest=0.001 s, average=0.001 s; distance=9207 kB, estimate=156701 kB; lsn=0/14F262C0, redo lsn=0/14F26268
2026-10-03T03:17:31.5159941Z  2026-10-03 03:16:52.589 UTC [376] FATAL:  database "oxy_probe_57b5f59a51ae17cd" does not exist
2026-10-03T03:17:31.5160594Z  2026-10-03 03:16:52.658 UTC [379] FATAL:  database "oxy_does_not_exist" does not exist
2026-10-03T03:17:31.5161086Z  2026-10-03 03:16:53.666 UTC [380] FATAL:  database "oxy_does_not_exist" does not exist
2026-10-03T03:17:31.5161572Z  2026-10-03 03:16:54.160 UTC [381] FATAL:  database "oxy_does_not_exist" does not exist
2026-10-03T03:17:31.5162068Z  2026-10-03 03:16:55.167 UTC [382] FATAL:  database "oxy_does_not_exist" does not exist
2026-10-03T03:17:31.5162545Z  2026-10-03 03:16:56.174 UTC [383] FATAL:  database "oxy_does_not_exist" does not exist
2026-10-03T03:17:31.5163339Z  2026-10-03 03:17:14.435 UTC [424] ERROR:  duplicate key value violates unique constraint "user_linked_accounts_live_account_key"
2026-10-03T03:17:31.5164150Z  2026-10-03 03:17:14.435 UTC [424] DETAIL:  Key (network, account_key)=(activitypub, alice-41a762e7@mastodon.example) already exists.
2026-10-03T03:17:31.5165449Z  2026-10-03 03:17:14.435 UTC [424] STATEMENT:  insert into "user_linked_accounts" ("id", "user_id", "network", "account_key", "actor_uri", "handle", "host", "proof_method", "verified_at", "revoked_at", "created_at", "updated_at") values ($1, $2, $3, $4, $5, $6, $7, default, $8, default, default, default) returning "id"
2026-10-03T03:17:31.5166807Z  2026-10-03 03:17:14.462 UTC [424] ERROR:  new row for relation "user_linked_accounts" violates check constraint "user_linked_accounts_network_check"
2026-10-03T03:17:31.5168092Z  2026-10-03 03:17:14.462 UTC [424] DETAIL:  Failing row contains (3022261c-1db4-4c8e-9330-e8b8251eb7ef, 01a0ffc4-105a-772a-aef9-cbbc171b8a66, twitter, x, x, x, x, oauth, 2026-10-03 03:17:14.461859+00, null, 2026-10-03 03:17:14.461+00, 2026-10-03 03:17:14.461+00).
2026-10-03T03:17:31.5169037Z  2026-10-03 03:17:14.462 UTC [424] STATEMENT:  
2026-10-03T03:17:31.5169550Z  	        insert into user_linked_accounts (id, user_id, network, account_key, actor_uri, handle, host, verified_at)
2026-10-03T03:17:31.5170091Z  	        values ($1, $2, 'twitter', 'x', 'x', 'x', 'x', now())
2026-10-03T03:17:31.5170512Z  	      
2026-10-03T03:17:31.5171056Z  2026-10-03 03:17:14.465 UTC [424] ERROR:  new row for relation "user_linked_accounts" violates check constraint "user_linked_accounts_proof_method_check"
2026-10-03T03:17:31.5172450Z  2026-10-03 03:17:14.465 UTC [424] DETAIL:  Failing row contains (191bed27-48a4-46c4-9299-978b73869cbd, 01a0ffc4-105f-7343-a82b-283573845c3a, activitypub, e141e8c4-839e-4e9d-8254-ffe5b8e60203, x, x, x, bio_code, 2026-10-03 03:17:14.465593+00, null, 2026-10-03 03:17:14.465+00, 2026-10-03 03:17:14.465+00).
2026-10-03T03:17:31.5173531Z  2026-10-03 03:17:14.465 UTC [424] STATEMENT:  
2026-10-03T03:17:31.5174084Z  	        insert into user_linked_accounts (id, user_id, network, account_key, actor_uri, handle, host, verified_at, proof_method)
2026-10-03T03:17:31.5174704Z  	        values ($1, $2, 'activitypub', $3, 'x', 'x', 'x', now(), 'bio_code')
2026-10-03T03:17:31.5175053Z  	      
2026-10-03T03:17:31.5175662Z  2026-10-03 03:17:14.478 UTC [424] ERROR:  new row for relation "linked_account_oauth_challenges" violates check constraint "linked_account_oauth_challenges_state_hash_check"
2026-10-03T03:17:31.5177314Z  2026-10-03 03:17:14.478 UTC [424] DETAIL:  Failing row contains (01a0ffc4-106d-72c3-b680-f7903476a9cb, 01a0ffc4-1068-719f-9c35-3dc65c2fce87, activitypub, raw-state-value, pending, null, null, null, 01a0ffc4-106b-71d5-926c-1467fc03438c, oxymove://linked, null, null, null, null, null, 2026-10-03 03:18:14.477+00, null, 2026-10-03 03:17:14.477+00).
2026-10-03T03:17:31.5179957Z  2026-10-03 03:17:14.478 UTC [424] STATEMENT:  insert into "linked_account_oauth_challenges" ("id", "user_id", "network", "state_hash", "status", "host", "pkce_verifier", "provider_state", "client_application_id", "return_to", "account_key", "actor_uri", "handle", "link_code_hash", "linked_account_id", "expires_at", "used_at", "created_at") values ($1, $2, $3, $4, default, default, default, default, $5, $6, default, default, default, default, default, $7, default, default)
2026-10-03T03:17:31.5182022Z  2026-10-03 03:17:14.484 UTC [424] ERROR:  new row for relation "linked_account_oauth_challenges" violates check constraint "linked_account_oauth_challenges_link_code_hash_check"
2026-10-03T03:17:31.5183789Z  2026-10-03 03:17:14.484 UTC [424] DETAIL:  Failing row contains (01a0ffc4-1073-7582-bd62-c5d87a470747, 01a0ffc4-106f-7d39-9244-c98231542ca3, activitypub, null, verified, b.example, null, null, 01a0ffc4-1071-7a09-9f1b-7746fc7f0085, oxymove://linked, a@b.example, https://b.example/users/a, @a@b.example, raw-code, null, 2026-10-03 03:18:14.482+00, null, 2026-10-03 03:17:14.483+00).
2026-10-03T03:17:31.5186420Z  2026-10-03 03:17:14.484 UTC [424] STATEMENT:  insert into "linked_account_oauth_challenges" ("id", "user_id", "network", "state_hash", "status", "host", "pkce_verifier", "provider_state", "client_application_id", "return_to", "account_key", "actor_uri", "handle", "link_code_hash", "linked_account_id", "expires_at", "used_at", "created_at") values ($1, $2, $3, default, $4, $5, default, default, $6, $7, $8, $9, $10, $11, default, $12, default, default)
2026-10-03T03:17:31.5188292Z  2026-10-03 03:17:14.490 UTC [424] ERROR:  new row for relation "linked_account_oauth_challenges" violates check constraint "linked_account_oauth_challenges_verified_account_check"
2026-10-03T03:17:31.5189917Z  2026-10-03 03:17:14.490 UTC [424] DETAIL:  Failing row contains (01a0ffc4-1079-70ec-87b3-cdb8fc4e209d, 01a0ffc4-1075-764d-aeea-cf6a25d87965, activitypub, null, verified, null, null, null, 01a0ffc4-1078-7c7e-a51a-5f56bc0d957c, oxymove://linked, null, null, null, null, null, 2026-10-03 03:18:14.489+00, null, 2026-10-03 03:17:14.49+00).
2026-10-03T03:17:31.5192699Z  2026-10-03 03:17:14.490 UTC [424] STATEMENT:  insert into "linked_account_oauth_challenges" ("id", "user_id", "network", "state_hash", "status", "host", "pkce_verifier", "provider_state", "client_application_id", "return_to", "account_key", "actor_uri", "handle", "link_code_hash", "linked_account_id", "expires_at", "used_at", "created_at") values ($1, $2, $3, default, $4, default, default, default, $5, $6, default, default, default, default, default, $7, default, default)
2026-10-03T03:17:31.5194532Z  2026-10-03 03:17:19.759 UTC [439] ERROR:  insert or update on table "sessions" violates foreign key constraint "sessions_auth_method_owner_fk"
2026-10-03T03:17:31.5195632Z  2026-10-03 03:17:19.759 UTC [439] DETAIL:  Key (auth_method_id, auth_method_owner_id)=(01a0ffc4-250a-78bb-bd22-5b3c2ab072b0, 01a0ffc4-2505-766a-9476-71afc5756512) is not present in table "user_auth_methods".
2026-10-03T03:17:31.5198466Z  2026-10-03 03:17:19.759 UTC [439] STATEMENT:  insert into "sessions" ("id", "session_id", "user_id", "device_id", "device_name", "device_type", "platform", "browser", "os", "last_active_at", "user_agent", "device_fingerprint", "access_token", "refresh_token", "previous_refresh_token", "token_rotated_at", "operated_by_user_id", "auth_method_id", "auth_method_owner_id", "application_id", "client_id", "scopes", "device_session_id", "device_context_id", "is_active", "expires_at", "last_refresh", "created_at", "updated_at") values ($1, $2, $3, $4, default, $5, $6, default, default, default, default, default, $7, $8, default, default, $9, $10, $11, default, default, default, default, default, default, $12, default, default, default)
2026-10-03T03:17:31.5201156Z  2026-10-03 03:17:19.774 UTC [439] ERROR:  new row for relation "sessions" violates check constraint "sessions_auth_method_owner_check"
2026-10-03T03:17:31.5203432Z  2026-10-03 03:17:19.774 UTC [439] DETAIL:  Failing row contains (01a0ffc4-251d-7d06-949d-46b590a71f8a, 5bf70318-2c54-4c37-8a21-e0e5d12a8c10, 01a0ffc4-2510-7d5b-8af2-0b43eb8dee72, 07cff84d-b3a9-475d-ad19-a6201067658a, null, server, test, null, null, 2026-10-03 03:17:19.773831+00, null, null, 741577e0-7dae-4085-9ad5-da3aefdc9bba, 0cacea93-0d4b-4628-9501-de5f47610353, null, null, null, t, 2026-10-03 03:18:19.772+00, 2026-10-03 03:17:19.773831+00, 2026-10-03 03:17:19.773+00, 2026-10-03 03:17:19.773+00, null, null, {}, null, null, 01a0ffc4-2519-70a1-9319-689251786960, null).
2026-10-03T03:17:31.5207382Z  2026-10-03 03:17:19.774 UTC [439] STATEMENT:  insert into "sessions" ("id", "session_id", "user_id", "device_id", "device_name", "device_type", "platform", "browser", "os", "last_active_at", "user_agent", "device_fingerprint", "access_token", "refresh_token", "previous_refresh_token", "token_rotated_at", "operated_by_user_id", "auth_method_id", "auth_method_owner_id", "application_id", "client_id", "scopes", "device_session_id", "device_context_id", "is_active", "expires_at", "last_refresh", "created_at", "updated_at") values ($1, $2, $3, $4, default, $5, $6, default, default, default, default, default, $7, $8, default, default, $9, $10, $11, default, default, default, default, default, default, $12, default, default, default)
2026-10-03T03:17:31.5209944Z  2026-10-03 03:17:19.775 UTC [439] ERROR:  new row for relation "sessions" violates check constraint "sessions_auth_method_owner_check"
2026-10-03T03:17:31.5212293Z  2026-10-03 03:17:19.775 UTC [439] DETAIL:  Failing row contains (01a0ffc4-251e-788c-ac0b-8f815afd1609, 527c45d6-7e95-45ca-a404-1ba5d7aec0d2, 01a0ffc4-2515-75a6-b043-6f2d435589ed, 6d610dd7-a99c-4975-951b-2740173cf5f0, null, server, test, null, null, 2026-10-03 03:17:19.775595+00, null, null, 02706c3c-8297-4c30-88e9-93d0764b3b1f, d8498ddc-e99a-41f2-b096-2c7b10cb6eb4, null, null, null, t, 2026-10-03 03:18:19.774+00, 2026-10-03 03:17:19.775595+00, 2026-10-03 03:17:19.775+00, 2026-10-03 03:17:19.775+00, null, null, {}, null, null, 01a0ffc4-2519-70a1-9319-689251786960, 01a0ffc4-2510-7d5b-8af2-0b43eb8dee72).
2026-10-03T03:17:31.5216247Z  2026-10-03 03:17:19.775 UTC [439] STATEMENT:  insert into "sessions" ("id", "session_id", "user_id", "device_id", "device_name", "device_type", "platform", "browser", "os", "last_active_at", "user_agent", "device_fingerprint", "access_token", "refresh_token", "previous_refresh_token", "token_rotated_at", "operated_by_user_id", "auth_method_id", "auth_method_owner_id", "application_id", "client_id", "scopes", "device_session_id", "device_context_id", "is_active", "expires_at", "last_refresh", "created_at", "updated_at") values ($1, $2, $3, $4, default, $5, $6, default, default, default, default, default, $7, $8, default, default, $9, $10, $11, default, default, default, default, default, default, $12, default, default, default)
2026-10-03T03:17:31.5218915Z  2026-10-03 03:17:19.794 UTC [439] ERROR:  update or delete on table "user_auth_methods" violates foreign key constraint "sessions_auth_method_owner_fk" on table "sessions"
2026-10-03T03:17:31.5220023Z  2026-10-03 03:17:19.794 UTC [439] DETAIL:  Key (id, user_id)=(01a0ffc4-252a-7fea-aba0-51ac748a0950, 01a0ffc4-2521-7a7b-8ffd-7bac96871b52) is still referenced from table "sessions".
2026-10-03T03:17:31.5221031Z  2026-10-03 03:17:19.794 UTC [439] STATEMENT:  delete from "user_auth_methods" where "user_auth_methods"."id" = $1
2026-10-03T03:17:31.5221941Z  2026-10-03 03:17:19.879 UTC [439] ERROR:  new row for relation "service_acting_as_authority_epochs" violates check constraint "service_acting_as_authority_epochs_nonnegative_check"
2026-10-03T03:17:31.5223057Z  2026-10-03 03:17:19.879 UTC [439] DETAIL:  Failing row contains (01a0ffc4-2573-795e-9fd5-1071c6ea9309, 01a0ffc4-257e-7aaa-9e27-722cd50eb7d2, -1, 2026-10-03 03:17:19.878+00).
2026-10-03T03:17:31.5224167Z  2026-10-03 03:17:19.879 UTC [439] STATEMENT:  update "service_acting_as_authority_epochs" set "epoch" = -1, "updated_at" = $1 where "service_acting_as_authority_epochs"."user_id" = $2
2026-10-03T03:17:31.5225095Z  2026-10-03 03:17:30.577 UTC [70] LOG:  checkpoint starting: immediate force wait
2026-10-03T03:17:31.5226194Z  2026-10-03 03:17:30.581 UTC [70] LOG:  checkpoint complete: wrote 4 buffers (0.0%); 0 WAL file(s) added, 0 removed, 1 recycled; write=0.001 s, sync=0.001 s, total=0.004 s; sync files=3, longest=0.001 s, average=0.001 s; distance=1519 kB, estimate=141183 kB; lsn=0/150A20F8, redo lsn=0/150A20A0
2026-10-03T03:17:31.5232760Z Stop and remove container: 231a82a00b13457a9126f5516e196a1a_postgispostgis1735_856b1d
2026-10-03T03:17:31.5238185Z ##[command]/usr/bin/docker rm --force 64e5c62047c2cf52f0ddcc1a444a5873a77a3adc1ccf6c43abafb2ba43fd1e44
2026-10-03T03:17:31.7006056Z 64e5c62047c2cf52f0ddcc1a444a5873a77a3adc1ccf6c43abafb2ba43fd1e44
2026-10-03T03:17:31.7039531Z Remove container network: github_network_465b03dc3f664fc0b4b89a899f0d014d
2026-10-03T03:17:31.7044368Z ##[command]/usr/bin/docker network rm github_network_465b03dc3f664fc0b4b89a899f0d014d
2026-10-03T03:17:31.8225062Z github_network_465b03dc3f664fc0b4b89a899f0d014d
2026-10-03T03:17:31.8298941Z Cleaning up orphan processes
