2026-10-04T17:28:55.3106108Z Current runner version: '2.337.0'
2026-10-04T17:28:55.3121532Z ##[group]Runner Image Provisioner
2026-10-04T17:28:55.3122148Z Hosted Compute Agent
2026-10-04T17:28:55.3122491Z Version: 20260901.588
2026-10-04T17:28:55.3122921Z Commit: f88ec8081b781fac6c440065ac7ff9e710ce3d0b
2026-10-04T17:28:55.3123328Z Build Date: 2026-09-01T19:56:44Z
2026-10-04T17:28:55.3123706Z Worker ID: {daa349f8-5c2a-4788-b356-cedd184ae9f8}
2026-10-04T17:28:55.3124153Z Azure Region: centralus
2026-10-04T17:28:55.3124491Z ##[endgroup]
2026-10-04T17:28:55.3125253Z ##[group]Operating System
2026-10-04T17:28:55.3125614Z Ubuntu
2026-10-04T17:28:55.3125935Z 24.04.5
2026-10-04T17:28:55.3126281Z LTS
2026-10-04T17:28:55.3126583Z ##[endgroup]
2026-10-04T17:28:55.3126954Z ##[group]Runner Image
2026-10-04T17:28:55.3127314Z Image: ubuntu-24.04
2026-10-04T17:28:55.3127643Z Version: 20260927.320.1
2026-10-04T17:28:55.3128388Z Included Software: https://github.com/actions/runner-images/blob/ubuntu24/20260927.320/images/ubuntu/Ubuntu2404-Readme.md
2026-10-04T17:28:55.3129417Z Image Release: https://github.com/actions/runner-images/releases/tag/ubuntu24%2F20260927.320
2026-10-04T17:28:55.3129963Z ##[endgroup]
2026-10-04T17:28:55.3130614Z ##[group]GITHUB_TOKEN Permissions
2026-10-04T17:28:55.3131681Z Contents: read
2026-10-04T17:28:55.3132041Z Metadata: read
2026-10-04T17:28:55.3132412Z ##[endgroup]
2026-10-04T17:28:55.3133624Z Secret source: Actions
2026-10-04T17:28:55.3134205Z Cache mode: write
2026-10-04T17:28:55.3134628Z Prepare workflow directory
2026-10-04T17:28:55.3380270Z Prepare all required actions
2026-10-04T17:28:55.3409141Z Getting action download info
2026-10-04T17:28:55.5678811Z Download action repository 'actions/checkout@v7' (SHA:3d3c42e5aac5ba805825da76410c181273ba90b1)
2026-10-04T17:28:55.6686961Z Download action repository 'oven-sh/setup-bun@v2' (SHA:0c5077e51419868618aeaa5fe8019c62421857d6)
2026-10-04T17:28:55.9993728Z Download action repository 'actions/setup-node@v7' (SHA:820762786026740c76f36085b0efc47a31fe5020)
2026-10-04T17:28:56.0829559Z Download action repository 'actions/cache@55cc8345863c7cc4c66a329aec7e433d2d1c52a9' (SHA:55cc8345863c7cc4c66a329aec7e433d2d1c52a9)
2026-10-04T17:28:56.3902677Z Download action repository 'actions/upload-artifact@v7' (SHA:043fb46d1a93c77aae656e7c1c64a875d1fc6a0a)
2026-10-04T17:28:56.5860856Z Complete job name: API Tests (3/6)
2026-10-04T17:28:56.6231497Z ##[group]Checking docker version
2026-10-04T17:28:56.6240347Z ##[command]/usr/bin/docker version --format '{{.Server.APIVersion}}'
2026-10-04T17:28:56.7034624Z '1.48'
2026-10-04T17:28:56.7043934Z Docker daemon API version: '1.48'
2026-10-04T17:28:56.7044771Z ##[command]/usr/bin/docker version --format '{{.Client.APIVersion}}'
2026-10-04T17:28:56.7165741Z '1.48'
2026-10-04T17:28:56.7176881Z Docker client API version: '1.48'
2026-10-04T17:28:56.7180726Z ##[endgroup]
2026-10-04T17:28:56.7182533Z ##[group]Clean up resources from previous jobs
2026-10-04T17:28:56.7186766Z ##[command]/usr/bin/docker ps --all --quiet --no-trunc --filter "label=41a3c4"
2026-10-04T17:28:56.7291139Z ##[command]/usr/bin/docker network prune --force --filter "label=41a3c4"
2026-10-04T17:28:56.7392241Z ##[endgroup]
2026-10-04T17:28:56.7392794Z ##[group]Create local container network
2026-10-04T17:28:56.7399861Z ##[command]/usr/bin/docker network create --label 41a3c4 github_network_f0a6edb10a3f49a5b48b471bc510ae5c
2026-10-04T17:28:56.7788412Z b3e02d63a78fc067d1ac4bf93da1847639ce47597f561748d5cb78cbabb0c4b8
2026-10-04T17:28:56.7805476Z ##[endgroup]
2026-10-04T17:28:56.7824658Z ##[group]Starting postgres service container
2026-10-04T17:28:56.7840353Z ##[command]/usr/bin/docker pull postgis/postgis:17-3.5
2026-10-04T17:28:57.3564708Z 17-3.5: Pulling from postgis/postgis
2026-10-04T17:28:57.5161907Z ccaf924377f9: Pulling fs layer
2026-10-04T17:28:57.5162318Z a0a48bd22597: Pulling fs layer
2026-10-04T17:28:57.5162660Z 953b3faade64: Pulling fs layer
2026-10-04T17:28:57.5162995Z 4c5e3cb23b1e: Pulling fs layer
2026-10-04T17:28:57.5163254Z b032a4e70c86: Pulling fs layer
2026-10-04T17:28:57.5163834Z 84e2e0dafa9e: Pulling fs layer
2026-10-04T17:28:57.5164215Z 9388a07819e8: Pulling fs layer
2026-10-04T17:28:57.5164516Z 9b3173aa38c2: Pulling fs layer
2026-10-04T17:28:57.5164751Z 2f600d70ef01: Pulling fs layer
2026-10-04T17:28:57.5165135Z 26a029cc5101: Pulling fs layer
2026-10-04T17:28:57.5165554Z 87746d0d7566: Pulling fs layer
2026-10-04T17:28:57.5165962Z 5756942faa50: Pulling fs layer
2026-10-04T17:28:57.5166361Z dc61d0df75b4: Pulling fs layer
2026-10-04T17:28:57.5166649Z 0c9580cd8863: Pulling fs layer
2026-10-04T17:28:57.5166940Z 26502799a66b: Pulling fs layer
2026-10-04T17:28:57.5167228Z 4f4fb700ef54: Pulling fs layer
2026-10-04T17:28:57.5167512Z ee293c60aa50: Pulling fs layer
2026-10-04T17:28:57.5167801Z ea025e641e62: Pulling fs layer
2026-10-04T17:28:57.5168324Z 87746d0d7566: Waiting
2026-10-04T17:28:57.5168585Z 5756942faa50: Waiting
2026-10-04T17:28:57.5169208Z 9388a07819e8: Waiting
2026-10-04T17:28:57.5169521Z dc61d0df75b4: Waiting
2026-10-04T17:28:57.5169812Z 9b3173aa38c2: Waiting
2026-10-04T17:28:57.5170114Z 0c9580cd8863: Waiting
2026-10-04T17:28:57.5170394Z 2f600d70ef01: Waiting
2026-10-04T17:28:57.5170725Z 26a029cc5101: Waiting
2026-10-04T17:28:57.5170989Z 26502799a66b: Waiting
2026-10-04T17:28:57.5171250Z 4f4fb700ef54: Waiting
2026-10-04T17:28:57.5171580Z 4c5e3cb23b1e: Waiting
2026-10-04T17:28:57.5171850Z ea025e641e62: Waiting
2026-10-04T17:28:57.5172092Z b032a4e70c86: Waiting
2026-10-04T17:28:57.5172401Z 84e2e0dafa9e: Waiting
2026-10-04T17:28:57.6359351Z a0a48bd22597: Verifying Checksum
2026-10-04T17:28:57.6359794Z a0a48bd22597: Download complete
2026-10-04T17:28:57.7249413Z 953b3faade64: Verifying Checksum
2026-10-04T17:28:57.7249840Z 953b3faade64: Download complete
2026-10-04T17:28:57.7936171Z ccaf924377f9: Verifying Checksum
2026-10-04T17:28:57.7939718Z ccaf924377f9: Download complete
2026-10-04T17:28:57.8511170Z 4c5e3cb23b1e: Verifying Checksum
2026-10-04T17:28:57.8511672Z 4c5e3cb23b1e: Download complete
2026-10-04T17:28:57.9816636Z 9388a07819e8: Verifying Checksum
2026-10-04T17:28:57.9817133Z 9388a07819e8: Download complete
2026-10-04T17:28:57.9941468Z b032a4e70c86: Verifying Checksum
2026-10-04T17:28:57.9941807Z b032a4e70c86: Download complete
2026-10-04T17:28:57.9989558Z 84e2e0dafa9e: Verifying Checksum
2026-10-04T17:28:57.9989892Z 84e2e0dafa9e: Download complete
2026-10-04T17:28:58.1140347Z 9b3173aa38c2: Verifying Checksum
2026-10-04T17:28:58.1140784Z 9b3173aa38c2: Download complete
2026-10-04T17:28:58.1385888Z 26a029cc5101: Verifying Checksum
2026-10-04T17:28:58.1386364Z 26a029cc5101: Download complete
2026-10-04T17:28:58.2553914Z 87746d0d7566: Verifying Checksum
2026-10-04T17:28:58.2558819Z 87746d0d7566: Download complete
2026-10-04T17:28:58.2797529Z 5756942faa50: Verifying Checksum
2026-10-04T17:28:58.2798143Z 5756942faa50: Download complete
2026-10-04T17:28:58.4174411Z dc61d0df75b4: Verifying Checksum
2026-10-04T17:28:58.4174696Z dc61d0df75b4: Download complete
2026-10-04T17:28:58.4379766Z 0c9580cd8863: Verifying Checksum
2026-10-04T17:28:58.4380080Z 0c9580cd8863: Download complete
2026-10-04T17:28:58.5674673Z 2f600d70ef01: Verifying Checksum
2026-10-04T17:28:58.5674990Z 2f600d70ef01: Download complete
2026-10-04T17:28:58.5740294Z 4f4fb700ef54: Verifying Checksum
2026-10-04T17:28:58.5740766Z 4f4fb700ef54: Download complete
2026-10-04T17:28:58.6443381Z ccaf924377f9: Pull complete
2026-10-04T17:28:58.7125589Z ee293c60aa50: Verifying Checksum
2026-10-04T17:28:58.7125802Z ee293c60aa50: Download complete
2026-10-04T17:28:58.7311733Z ea025e641e62: Verifying Checksum
2026-10-04T17:28:58.7312143Z ea025e641e62: Download complete
2026-10-04T17:28:58.8161767Z 26502799a66b: Verifying Checksum
2026-10-04T17:28:58.8162089Z 26502799a66b: Download complete
2026-10-04T17:29:00.2520509Z a0a48bd22597: Pull complete
2026-10-04T17:29:00.3911946Z 953b3faade64: Pull complete
2026-10-04T17:29:00.4407374Z 4c5e3cb23b1e: Pull complete
2026-10-04T17:29:00.8032776Z b032a4e70c86: Pull complete
2026-10-04T17:29:00.8480031Z 84e2e0dafa9e: Pull complete
2026-10-04T17:29:00.8555515Z 9388a07819e8: Pull complete
2026-10-04T17:29:00.8818075Z 9b3173aa38c2: Pull complete
2026-10-04T17:29:03.9869481Z 2f600d70ef01: Pull complete
2026-10-04T17:29:03.9954340Z 26a029cc5101: Pull complete
2026-10-04T17:29:04.0011830Z 87746d0d7566: Pull complete
2026-10-04T17:29:04.0081812Z 5756942faa50: Pull complete
2026-10-04T17:29:04.0163724Z dc61d0df75b4: Pull complete
2026-10-04T17:29:04.0250422Z 0c9580cd8863: Pull complete
2026-10-04T17:29:05.9430661Z 26502799a66b: Pull complete
2026-10-04T17:29:05.9511201Z 4f4fb700ef54: Pull complete
2026-10-04T17:29:05.9580327Z ee293c60aa50: Pull complete
2026-10-04T17:29:05.9646238Z ea025e641e62: Pull complete
2026-10-04T17:29:05.9677392Z Digest: sha256:01a6a70e41e6c4467c8f55f6063555ed72db2d6662cd0d571040d42eadaeb6f6
2026-10-04T17:29:05.9689170Z Status: Downloaded newer image for postgis/postgis:17-3.5
2026-10-04T17:29:05.9696269Z docker.io/postgis/postgis:17-3.5
2026-10-04T17:29:05.9750125Z ##[command]/usr/bin/docker create --name ad72fc322164482693ef89829b6c95d2_postgispostgis1735_2b1d58 --label 41a3c4 --network github_network_f0a6edb10a3f49a5b48b471bc510ae5c --network-alias postgres -p 5432:5432 --health-cmd "pg_isready -U oxy -d oxy_test" --health-interval 10s --health-timeout 5s --health-retries 5 -e "POSTGRES_USER=oxy" -e "POSTGRES_PASSWORD=oxy" -e "POSTGRES_DB=oxy_test" -e GITHUB_ACTIONS=true -e CI=true postgis/postgis:17-3.5
2026-10-04T17:29:05.9962394Z ad9c2ca99900c94903d5acd25faadefe2bcc030efe0299c75c4950d1f33813da
2026-10-04T17:29:05.9979381Z ##[command]/usr/bin/docker start ad9c2ca99900c94903d5acd25faadefe2bcc030efe0299c75c4950d1f33813da
2026-10-04T17:29:06.1622883Z ad9c2ca99900c94903d5acd25faadefe2bcc030efe0299c75c4950d1f33813da
2026-10-04T17:29:06.1640940Z ##[command]/usr/bin/docker ps --all --filter id=ad9c2ca99900c94903d5acd25faadefe2bcc030efe0299c75c4950d1f33813da --filter status=running --no-trunc --format "{{.ID}} {{.Status}}"
2026-10-04T17:29:06.1735679Z ad9c2ca99900c94903d5acd25faadefe2bcc030efe0299c75c4950d1f33813da Up Less than a second (health: starting)
2026-10-04T17:29:06.1752593Z ##[command]/usr/bin/docker port ad9c2ca99900c94903d5acd25faadefe2bcc030efe0299c75c4950d1f33813da
2026-10-04T17:29:06.1840285Z 5432/tcp -> 0.0.0.0:5432
2026-10-04T17:29:06.1849194Z 5432/tcp -> [::]:5432
2026-10-04T17:29:06.1882718Z ##[endgroup]
2026-10-04T17:29:06.1888305Z ##[group]Waiting for all services to be ready
2026-10-04T17:29:06.1897441Z ##[command]/usr/bin/docker inspect --format="{{if .Config.Healthcheck}}{{print .State.Health.Status}}{{end}}" ad9c2ca99900c94903d5acd25faadefe2bcc030efe0299c75c4950d1f33813da
2026-10-04T17:29:06.1985568Z starting
2026-10-04T17:29:06.2003468Z postgres service is starting, waiting 2 seconds before checking again.
2026-10-04T17:29:08.2005827Z ##[command]/usr/bin/docker inspect --format="{{if .Config.Healthcheck}}{{print .State.Health.Status}}{{end}}" ad9c2ca99900c94903d5acd25faadefe2bcc030efe0299c75c4950d1f33813da
2026-10-04T17:29:08.2107551Z starting
2026-10-04T17:29:08.2119256Z postgres service is starting, waiting 4 seconds before checking again.
2026-10-04T17:29:12.3842401Z ##[command]/usr/bin/docker inspect --format="{{if .Config.Healthcheck}}{{print .State.Health.Status}}{{end}}" ad9c2ca99900c94903d5acd25faadefe2bcc030efe0299c75c4950d1f33813da
2026-10-04T17:29:12.3929342Z starting
2026-10-04T17:29:12.3939643Z postgres service is starting, waiting 8 seconds before checking again.
2026-10-04T17:29:21.1318647Z ##[command]/usr/bin/docker inspect --format="{{if .Config.Healthcheck}}{{print .State.Health.Status}}{{end}}" ad9c2ca99900c94903d5acd25faadefe2bcc030efe0299c75c4950d1f33813da
2026-10-04T17:29:21.1404172Z healthy
2026-10-04T17:29:21.1417174Z postgres service is healthy.
2026-10-04T17:29:21.1417676Z ##[endgroup]
2026-10-04T17:29:21.1579231Z ##[group]Run actions/checkout@v7
2026-10-04T17:29:21.1579492Z with:
2026-10-04T17:29:21.1579599Z   repository: OxyHQ/oxy
2026-10-04T17:29:21.1580825Z   token: ***
2026-10-04T17:29:21.1580932Z   ssh-strict: true
2026-10-04T17:29:21.1581042Z   ssh-user: git
2026-10-04T17:29:21.1581158Z   persist-credentials: true
2026-10-04T17:29:21.1581283Z   clean: true
2026-10-04T17:29:21.1581555Z   sparse-checkout-cone-mode: true
2026-10-04T17:29:21.1581687Z   fetch-depth: 1
2026-10-04T17:29:21.1581793Z   fetch-tags: false
2026-10-04T17:29:21.1581901Z   show-progress: true
2026-10-04T17:29:21.1582009Z   lfs: false
2026-10-04T17:29:21.1582107Z   submodules: false
2026-10-04T17:29:21.1582218Z   set-safe-directory: true
2026-10-04T17:29:21.1582348Z   allow-unsafe-pr-checkout: false
2026-10-04T17:29:21.1582551Z ##[endgroup]
2026-10-04T17:29:21.2212397Z Syncing repository: OxyHQ/oxy
2026-10-04T17:29:21.2213360Z ##[group]Getting Git version info
2026-10-04T17:29:21.2213711Z Working directory is '/home/runner/work/oxy/oxy'
2026-10-04T17:29:21.2214138Z [command]/usr/bin/git version
2026-10-04T17:29:21.2279183Z git version 2.55.0
2026-10-04T17:29:21.2293060Z ##[endgroup]
2026-10-04T17:29:21.2300791Z Temporarily overriding HOME='/home/runner/work/_temp/bd029935-ee5d-4e4b-9b6a-2be16be29c2b' before making global git config changes
2026-10-04T17:29:21.2301426Z Adding repository directory to the temporary git global config as a safe directory
2026-10-04T17:29:21.2305533Z [command]/usr/bin/git config --global --add safe.directory /home/runner/work/oxy/oxy
2026-10-04T17:29:21.2345235Z Deleting the contents of '/home/runner/work/oxy/oxy'
2026-10-04T17:29:21.2347360Z ##[group]Determining repository object format
2026-10-04T17:29:21.2348411Z ##[endgroup]
2026-10-04T17:29:21.2348775Z ##[group]Initializing the repository
2026-10-04T17:29:21.2351737Z [command]/usr/bin/git init /home/runner/work/oxy/oxy
2026-10-04T17:29:21.2453308Z hint: Using 'master' as the name for the initial branch. This default branch name
2026-10-04T17:29:21.2453807Z hint: will change to "main" in Git 3.0. To configure the initial branch name
2026-10-04T17:29:21.2454230Z hint: to use in all of your new repositories, which will suppress this warning,
2026-10-04T17:29:21.2454537Z hint: call:
2026-10-04T17:29:21.2454691Z hint:
2026-10-04T17:29:21.2455028Z hint: 	git config --global init.defaultBranch <name>
2026-10-04T17:29:21.2455309Z hint:
2026-10-04T17:29:21.2455563Z hint: Names commonly chosen instead of 'master' are 'main', 'trunk' and
2026-10-04T17:29:21.2455980Z hint: 'development'. The just-created branch can be renamed via this command:
2026-10-04T17:29:21.2456285Z hint:
2026-10-04T17:29:21.2456453Z hint: 	git branch -m <name>
2026-10-04T17:29:21.2456643Z hint:
2026-10-04T17:29:21.2456915Z hint: Disable this message with "git config set advice.defaultBranchName false"
2026-10-04T17:29:21.2457416Z Initialized empty Git repository in /home/runner/work/oxy/oxy/.git/
2026-10-04T17:29:21.2465053Z [command]/usr/bin/git remote add origin https://github.com/OxyHQ/oxy
2026-10-04T17:29:21.2506056Z ##[endgroup]
2026-10-04T17:29:21.2506540Z ##[group]Disabling automatic garbage collection
2026-10-04T17:29:21.2509228Z [command]/usr/bin/git config --local gc.auto 0
2026-10-04T17:29:21.2534967Z ##[endgroup]
2026-10-04T17:29:21.2535359Z ##[group]Setting up auth
2026-10-04T17:29:21.2535598Z Removing SSH command configuration
2026-10-04T17:29:21.2539216Z [command]/usr/bin/git config --local --name-only --get-regexp core\.sshCommand
2026-10-04T17:29:21.2565313Z [command]/usr/bin/git submodule foreach --recursive sh -c "git config --local --name-only --get-regexp 'core\.sshCommand' && git config --local --unset-all 'core.sshCommand' || :"
2026-10-04T17:29:21.2850354Z Removing HTTP extra header
2026-10-04T17:29:21.2854192Z [command]/usr/bin/git config --local --name-only --get-regexp http\.https\:\/\/github\.com\/\.extraheader
2026-10-04T17:29:21.2880864Z [command]/usr/bin/git submodule foreach --recursive sh -c "git config --local --name-only --get-regexp 'http\.https\:\/\/github\.com\/\.extraheader' && git config --local --unset-all 'http.https://github.com/.extraheader' || :"
2026-10-04T17:29:21.3040190Z Removing includeIf entries pointing to credentials config files
2026-10-04T17:29:21.3043628Z [command]/usr/bin/git config --local --name-only --get-regexp ^includeIf\.gitdir:
2026-10-04T17:29:21.3070376Z [command]/usr/bin/git submodule foreach --recursive git config --local --show-origin --name-only --get-regexp remote.origin.url
2026-10-04T17:29:21.3232598Z [command]/usr/bin/git config --file /home/runner/work/_temp/git-credentials-9069455c-ad02-44b9-aa5f-e2e3a889682a.config http.https://github.com/.extraheader AUTHORIZATION: basic ***
2026-10-04T17:29:21.3261301Z [command]/usr/bin/git config --local includeIf.gitdir:/home/runner/work/oxy/oxy/.git.path /home/runner/work/_temp/git-credentials-9069455c-ad02-44b9-aa5f-e2e3a889682a.config
2026-10-04T17:29:21.3288569Z [command]/usr/bin/git config --local includeIf.gitdir:/home/runner/work/oxy/oxy/.git/worktrees/*.path /home/runner/work/_temp/git-credentials-9069455c-ad02-44b9-aa5f-e2e3a889682a.config
2026-10-04T17:29:21.3317707Z [command]/usr/bin/git config --local includeIf.gitdir:/github/workspace/.git.path /github/runner_temp/git-credentials-9069455c-ad02-44b9-aa5f-e2e3a889682a.config
2026-10-04T17:29:21.3344900Z [command]/usr/bin/git config --local includeIf.gitdir:/github/workspace/.git/worktrees/*.path /github/runner_temp/git-credentials-9069455c-ad02-44b9-aa5f-e2e3a889682a.config
2026-10-04T17:29:21.3369202Z ##[endgroup]
2026-10-04T17:29:21.3369517Z ##[group]Fetching the repository
2026-10-04T17:29:21.3373814Z [command]/usr/bin/git -c protocol.version=2 fetch --no-tags --prune --no-recurse-submodules --depth=1 origin +7d69692637ba6d8cd341a823271c44f6ff1c533c:refs/remotes/pull/1580/merge
2026-10-04T17:29:24.0340057Z From https://github.com/OxyHQ/oxy
2026-10-04T17:29:24.0340340Z  * [new ref]         7d69692637ba6d8cd341a823271c44f6ff1c533c -> pull/1580/merge
2026-10-04T17:29:24.0344205Z ##[endgroup]
2026-10-04T17:29:24.0344547Z ##[group]Determining the checkout info
2026-10-04T17:29:24.0344873Z ##[endgroup]
2026-10-04T17:29:24.0348322Z [command]/usr/bin/git sparse-checkout disable
2026-10-04T17:29:24.0390884Z [command]/usr/bin/git config --local --unset-all extensions.worktreeConfig
2026-10-04T17:29:24.0415977Z ##[group]Checking out the ref
2026-10-04T17:29:24.0418624Z [command]/usr/bin/git checkout --progress --force refs/remotes/pull/1580/merge
2026-10-04T17:29:24.4190519Z Note: switching to 'refs/remotes/pull/1580/merge'.
2026-10-04T17:29:24.4190706Z 
2026-10-04T17:29:24.4190822Z You are in 'detached HEAD' state. You can look around, make experimental
2026-10-04T17:29:24.4191070Z changes and commit them, and you can discard any commits you make in this
2026-10-04T17:29:24.4191313Z state without impacting any branches by switching back to a branch.
2026-10-04T17:29:24.4191458Z 
2026-10-04T17:29:24.4191633Z If you want to create a new branch to retain commits you create, you may
2026-10-04T17:29:24.4191892Z do so (now or later) by using -c with the switch command. Example:
2026-10-04T17:29:24.4192024Z 
2026-10-04T17:29:24.4192089Z   git switch -c <new-branch-name>
2026-10-04T17:29:24.4192178Z 
2026-10-04T17:29:24.4192237Z Or undo this operation with:
2026-10-04T17:29:24.4192318Z 
2026-10-04T17:29:24.4192366Z   git switch -
2026-10-04T17:29:24.4192446Z 
2026-10-04T17:29:24.4192559Z Turn off this advice by setting config variable advice.detachedHead to false
2026-10-04T17:29:24.4192726Z 
2026-10-04T17:29:24.4192901Z HEAD is now at 7d69692 Merge 50de3e65e187f3b46dc7cfc1017710fd22091dc4 into f716a52734faa6e683f872802c67e9b7e419780f
2026-10-04T17:29:24.4239355Z ##[endgroup]
2026-10-04T17:29:24.4279089Z [command]/usr/bin/git log -1 --format=%H
2026-10-04T17:29:24.4301506Z 7d69692637ba6d8cd341a823271c44f6ff1c533c
2026-10-04T17:29:24.4465220Z ##[group]Run oven-sh/setup-bun@v2
2026-10-04T17:29:24.4465359Z with:
2026-10-04T17:29:24.4465472Z   bun-version-file: package.json
2026-10-04T17:29:24.4465603Z   no-cache: false
2026-10-04T17:29:24.4466728Z   token: ***
2026-10-04T17:29:24.4466833Z ##[endgroup]
2026-10-04T17:29:24.5397683Z Obtained version 1.4.2 from package.json
2026-10-04T17:29:24.6761514Z Cache hit for: bun-gmoqYqdUbaYsI0KujeXt7Zg/p0I=
2026-10-04T17:29:25.4856208Z Received 35684133 of 35684133 (100.0%), 54.2 MBs/sec
2026-10-04T17:29:25.4857048Z Cache Size: ~34 MB (35684133 B)
2026-10-04T17:29:25.4882735Z [command]/usr/bin/tar -xf /home/runner/work/_temp/b0f25efa-6209-4e4a-95a5-c91ec3a37b22/cache.tzst -P -C /home/runner/work/oxy/oxy --use-compress-program unzstd
2026-10-04T17:29:25.5717186Z Cache restored successfully
2026-10-04T17:29:25.5737331Z [command]/home/runner/.bun/bin/bun --revision
2026-10-04T17:29:25.5768765Z 1.4.2+744846f84
2026-10-04T17:29:25.5773044Z Using a cached version of Bun: 1.4.2+744846f84
2026-10-04T17:29:25.5887782Z ##[group]Run actions/setup-node@v7
2026-10-04T17:29:25.5887926Z with:
2026-10-04T17:29:25.5888037Z   node-version: 24.x
2026-10-04T17:29:25.5888156Z   check-latest: false
2026-10-04T17:29:25.5889512Z   token: ***
2026-10-04T17:29:25.5889633Z   package-manager-cache: true
2026-10-04T17:29:25.5889769Z ##[endgroup]
2026-10-04T17:29:25.6693222Z Found in cache @ /opt/hostedtoolcache/node/24.21.0/x64
2026-10-04T17:29:25.6695141Z ##[group]Environment details
2026-10-04T17:29:25.9491244Z node: v24.21.0
2026-10-04T17:29:25.9491509Z npm: 11.19.0
2026-10-04T17:29:25.9491677Z yarn: 1.22.22
2026-10-04T17:29:25.9492229Z ##[endgroup]
2026-10-04T17:29:25.9601854Z ##[group]Run set -eu
2026-10-04T17:29:25.9602053Z [36;1mset -eu[0m
2026-10-04T17:29:25.9602285Z [36;1mapt_opts='-o Acquire::Retries=3 -o Acquire::http::Timeout=15 -o Acquire::https::Timeout=15'[0m
2026-10-04T17:29:25.9602534Z [36;1mfor attempt in 1 2; do[0m
2026-10-04T17:29:25.9602688Z [36;1m  if sudo timeout -k 15s 420s bash -c \[0m
2026-10-04T17:29:25.9603003Z [36;1m    "apt-get update $apt_opts && apt-get install -y --no-install-recommends $apt_opts -o DPkg::Lock::Timeout=120 ffmpeg"; then[0m
2026-10-04T17:29:25.9603290Z [36;1m    break[0m
2026-10-04T17:29:25.9603403Z [36;1m  fi[0m
2026-10-04T17:29:25.9603516Z [36;1m  if [ "$attempt" = 2 ]; then[0m
2026-10-04T17:29:25.9603717Z [36;1m    echo "::error::apt-get could not install ffmpeg after 2 attempts"[0m
2026-10-04T17:29:25.9603909Z [36;1m    exit 1[0m
2026-10-04T17:29:25.9604020Z [36;1m  fi[0m
2026-10-04T17:29:25.9604185Z [36;1m  # Names the lock holder in the log, so the next failure of this step[0m
2026-10-04T17:29:25.9604465Z [36;1m  # says whether it was our own attempt or something the runner boots.[0m
2026-10-04T17:29:25.9604763Z [36;1m  echo "apt-get attempt $attempt failed or timed out; retrying once. apt/dpkg processes still alive:"[0m
2026-10-04T17:29:25.9605103Z [36;1m  ps -eo pid,user,etimes,stat,args | grep -E '[a]pt-get|[d]pkg|[u]nattended' || echo "  (none)"[0m
2026-10-04T17:29:25.9605333Z [36;1m  sleep 30[0m
2026-10-04T17:29:25.9605582Z [36;1m  sudo timeout -k 15s 120s dpkg --configure -a || echo "dpkg --configure -a did not finish; the retry will say why"[0m
2026-10-04T17:29:25.9605839Z [36;1mdone[0m
2026-10-04T17:29:25.9605956Z [36;1mffmpeg -version | head -1[0m
2026-10-04T17:29:25.9606103Z [36;1mffprobe -version | head -1[0m
2026-10-04T17:29:25.9606311Z [36;1m# The positive control, and the reason the two lines above are not one:[0m
2026-10-04T17:29:25.9606570Z [36;1m# without `pipefail` a pipeline reports `head`'s status, so `ffmpeg[0m
2026-10-04T17:29:25.9606832Z [36;1m# -version | head -1` exits 0 even when the binary is missing entirely —[0m
2026-10-04T17:29:25.9607093Z [36;1m# this step could go green having installed nothing. Encoding one frame[0m
2026-10-04T17:29:25.9607342Z [36;1m# the way the fixture builder does (`-f lavfi testsrc`, `-c:v libx264`)[0m
2026-10-04T17:29:25.9607595Z [36;1m# is the cheapest assertion that what apt installed can do the one thing[0m
2026-10-04T17:29:25.9607827Z [36;1m# the suite needs, and it fails loudly if it cannot.[0m
2026-10-04T17:29:25.9608008Z [36;1mprobe_dir=$(mktemp -d)[0m
2026-10-04T17:29:25.9608178Z [36;1mffmpeg -hide_banner -loglevel error -f lavfi \[0m
2026-10-04T17:29:25.9608366Z [36;1m  -i testsrc=size=64x64:rate=10:duration=1 \[0m
2026-10-04T17:29:25.9608598Z [36;1m  -c:v libx264 -pix_fmt yuv420p -movflags +faststart -y "$probe_dir/probe.mp4"[0m
2026-10-04T17:29:25.9609119Z [36;1mcodec=$(ffprobe -v error -select_streams v:0 -show_entries stream=codec_name -of csv=p=0 "$probe_dir/probe.mp4")[0m
2026-10-04T17:29:25.9609545Z [36;1mrm -rf "$probe_dir"[0m
2026-10-04T17:29:25.9609682Z [36;1mif [ "$codec" != h264 ]; then[0m
2026-10-04T17:29:25.9609942Z [36;1m  echo "::error::ffmpeg is on PATH but encoded '$codec', not h264 — the video variant fixture cannot be built"[0m
2026-10-04T17:29:25.9610193Z [36;1m  exit 1[0m
2026-10-04T17:29:25.9610298Z [36;1mfi[0m
2026-10-04T17:29:25.9610475Z [36;1mecho "ffmpeg encodes h264 via lavfi: the video variant fixture can be built"[0m
2026-10-04T17:29:25.9785610Z shell: /usr/bin/bash -e {0}
2026-10-04T17:29:25.9785760Z ##[endgroup]
2026-10-04T17:29:26.0462994Z Get:1 file:/etc/apt/apt-mirrors.txt Mirrorlist [144 B]
2026-10-04T17:29:26.0774125Z Get:6 https://packages.microsoft.com/ubuntu/24.04/prod noble InRelease [3600 B]
2026-10-04T17:29:26.1032248Z Hit:2 http://azure.archive.ubuntu.com/ubuntu noble InRelease
2026-10-04T17:29:26.1041555Z Get:3 http://azure.archive.ubuntu.com/ubuntu noble-updates InRelease [126 kB]
2026-10-04T17:29:26.1081893Z Get:4 http://azure.archive.ubuntu.com/ubuntu noble-backports InRelease [126 kB]
2026-10-04T17:29:26.1108396Z Get:5 http://azure.archive.ubuntu.com/ubuntu noble-security InRelease [126 kB]
2026-10-04T17:29:26.1245039Z Get:7 https://packages.microsoft.com/ubuntu/24.04/prod noble/main arm64 Packages [458 kB]
2026-10-04T17:29:26.1381907Z Get:8 https://packages.microsoft.com/ubuntu/24.04/prod noble/main armhf Packages [12.6 kB]
2026-10-04T17:29:26.1419629Z Get:9 https://packages.microsoft.com/ubuntu/24.04/prod noble/main amd64 Packages [511 kB]
2026-10-04T17:29:26.1991349Z Get:10 http://azure.archive.ubuntu.com/ubuntu noble-updates/main amd64 Packages [1364 kB]
2026-10-04T17:29:26.2056034Z Get:11 http://azure.archive.ubuntu.com/ubuntu noble-updates/main Translation-en [304 kB]
2026-10-04T17:29:26.2072644Z Get:12 http://azure.archive.ubuntu.com/ubuntu noble-updates/main amd64 Components [181 kB]
2026-10-04T17:29:26.2129485Z Get:13 http://azure.archive.ubuntu.com/ubuntu noble-updates/universe amd64 Packages [1699 kB]
2026-10-04T17:29:26.2189266Z Get:14 http://azure.archive.ubuntu.com/ubuntu noble-updates/universe Translation-en [341 kB]
2026-10-04T17:29:26.2230980Z Get:15 http://azure.archive.ubuntu.com/ubuntu noble-updates/universe amd64 Components [388 kB]
2026-10-04T17:29:26.2254094Z Get:16 http://azure.archive.ubuntu.com/ubuntu noble-updates/restricted amd64 Packages [1720 kB]
2026-10-04T17:29:26.2337247Z Get:17 http://azure.archive.ubuntu.com/ubuntu noble-updates/restricted Translation-en [394 kB]
2026-10-04T17:29:26.2359731Z Get:18 http://azure.archive.ubuntu.com/ubuntu noble-updates/multiverse amd64 Components [940 B]
2026-10-04T17:29:26.2519835Z Get:19 http://azure.archive.ubuntu.com/ubuntu noble-backports/main amd64 Components [5776 B]
2026-10-04T17:29:26.2964975Z Get:20 http://azure.archive.ubuntu.com/ubuntu noble-backports/universe amd64 Components [12.6 kB]
2026-10-04T17:29:26.2976242Z Get:21 http://azure.archive.ubuntu.com/ubuntu noble-security/main amd64 Packages [1069 kB]
2026-10-04T17:29:26.3014871Z Get:22 http://azure.archive.ubuntu.com/ubuntu noble-security/main Translation-en [221 kB]
2026-10-04T17:29:26.3027323Z Get:23 http://azure.archive.ubuntu.com/ubuntu noble-security/main amd64 Components [46.4 kB]
2026-10-04T17:29:26.3039138Z Get:24 http://azure.archive.ubuntu.com/ubuntu noble-security/universe amd64 Packages [1216 kB]
2026-10-04T17:29:26.3080708Z Get:25 http://azure.archive.ubuntu.com/ubuntu noble-security/universe Translation-en [244 kB]
2026-10-04T17:29:26.3094457Z Get:26 http://azure.archive.ubuntu.com/ubuntu noble-security/universe amd64 Components [76.4 kB]
2026-10-04T17:29:26.3106918Z Get:27 http://azure.archive.ubuntu.com/ubuntu noble-security/restricted amd64 Packages [1566 kB]
2026-10-04T17:29:26.3157806Z Get:28 http://azure.archive.ubuntu.com/ubuntu noble-security/restricted Translation-en [361 kB]
2026-10-04T17:29:31.6072089Z Fetched 12.6 MB in 1s (12.7 MB/s)
2026-10-04T17:29:32.0696981Z Reading package lists...
2026-10-04T17:29:32.0881187Z Reading package lists...
2026-10-04T17:29:32.2113575Z Building dependency tree...
2026-10-04T17:29:32.2118644Z Reading state information...
2026-10-04T17:29:32.3098102Z The following additional packages will be installed:
2026-10-04T17:29:32.3098733Z   libass9 libasyncns0 libavc1394-0 libavcodec60 libavdevice60 libavfilter9
2026-10-04T17:29:32.3099705Z   libavformat60 libavutil58 libblas3 libbluray2 libbs2b0 libcaca0
2026-10-04T17:29:32.3100367Z   libcdio-cdda2t64 libcdio-paranoia2t64 libcdio19t64 libchromaprint1 libcjson1
2026-10-04T17:29:32.3101037Z   libcodec2-1.2 libdav1d7 libdc1394-25 libdecor-0-0 libflac12t64 libflite1
2026-10-04T17:29:32.3101574Z   libgme0 libgsm1 libhwy1t64 libiec61883-0 libjack-jackd2-0 libjxl0.7
2026-10-04T17:29:32.3102089Z   liblapack3 liblilv-0-0 libmbedcrypto7t64 libmp3lame0 libmpg123-0t64
2026-10-04T17:29:32.3102635Z   libmysofa1 libopenal-data libopenal1 libopenmpt0t64 libopus0 libplacebo338
2026-10-04T17:29:32.3103264Z   libpocketsphinx3 libpostproc57 libpulse0 librav1e0 libraw1394-11 librist4
2026-10-04T17:29:32.3104380Z   librsvg2-2 librubberband2 libsamplerate0 libsdl2-2.0-0 libserd-0-0 libshine3
2026-10-04T17:29:32.3104917Z   libsndfile1 libsndio7.0 libsord-0-0 libsoxr0 libspeex1 libsphinxbase3t64
2026-10-04T17:29:32.3105342Z   libsratom-0-0 libsrt1.5-gnutls libssh-gcrypt-4 libsvtav1enc1d1
2026-10-04T17:29:32.3105748Z   libswresample4 libswscale7 libtheora0 libtwolame0 libudfread0 libunibreak5
2026-10-04T17:29:32.3106178Z   libva-drm2 libva-x11-2 libva2 libvdpau1 libvidstab1.1 libvorbisenc2 libvpl2
2026-10-04T17:29:32.3106530Z   libvpx9 libx264-164 libx265-199 libxcb-shape0 libxv1 libxvidcore4 libzimg2
2026-10-04T17:29:32.3106784Z   libzix-0-0 libzvbi-common libzvbi0t64 ocl-icd-libopencl1
2026-10-04T17:29:32.3107038Z Suggested packages:
2026-10-04T17:29:32.3107349Z   ffmpeg-doc libcuda1 libnvcuvid1 libnvidia-encode1 libbluray-bdj jackd2
2026-10-04T17:29:32.3107789Z   libportaudio2 opus-tools pulseaudio libraw1394-doc librsvg2-bin serdi sndiod
2026-10-04T17:29:32.3108121Z   sordi speex opencl-icd
2026-10-04T17:29:32.3108345Z Recommended packages:
2026-10-04T17:29:32.3108622Z   libaacs0 default-libdecor-0-plugin-1 | libdecor-0-plugin-1
2026-10-04T17:29:32.3109130Z   pocketsphinx-en-us librsvg2-common va-driver-all | va-driver
2026-10-04T17:29:32.3109453Z   vdpau-driver-all | vdpau-driver
2026-10-04T17:29:32.3376206Z The following NEW packages will be installed:
2026-10-04T17:29:32.3376618Z   ffmpeg libass9 libasyncns0 libavc1394-0 libavcodec60 libavdevice60
2026-10-04T17:29:32.3377075Z   libavfilter9 libavformat60 libavutil58 libblas3 libbluray2 libbs2b0 libcaca0
2026-10-04T17:29:32.3377561Z   libcdio-cdda2t64 libcdio-paranoia2t64 libcdio19t64 libchromaprint1 libcjson1
2026-10-04T17:29:32.3378024Z   libcodec2-1.2 libdav1d7 libdc1394-25 libdecor-0-0 libflac12t64 libflite1
2026-10-04T17:29:32.3378444Z   libgme0 libgsm1 libhwy1t64 libiec61883-0 libjack-jackd2-0 libjxl0.7
2026-10-04T17:29:32.3378977Z   liblapack3 liblilv-0-0 libmbedcrypto7t64 libmp3lame0 libmpg123-0t64
2026-10-04T17:29:32.3379444Z   libmysofa1 libopenal-data libopenal1 libopenmpt0t64 libopus0 libplacebo338
2026-10-04T17:29:32.3379905Z   libpocketsphinx3 libpostproc57 libpulse0 librav1e0 libraw1394-11 librist4
2026-10-04T17:29:32.3380364Z   librsvg2-2 librubberband2 libsamplerate0 libsdl2-2.0-0 libserd-0-0 libshine3
2026-10-04T17:29:32.3380815Z   libsndfile1 libsndio7.0 libsord-0-0 libsoxr0 libspeex1 libsphinxbase3t64
2026-10-04T17:29:32.3381080Z   libsratom-0-0 libsrt1.5-gnutls libssh-gcrypt-4 libsvtav1enc1d1
2026-10-04T17:29:32.3389678Z   libswresample4 libswscale7 libtheora0 libtwolame0 libudfread0 libunibreak5
2026-10-04T17:29:32.3390206Z   libva-drm2 libva-x11-2 libva2 libvdpau1 libvidstab1.1 libvorbisenc2 libvpl2
2026-10-04T17:29:32.3390679Z   libvpx9 libx264-164 libx265-199 libxcb-shape0 libxv1 libxvidcore4 libzimg2
2026-10-04T17:29:32.3391096Z   libzix-0-0 libzvbi-common libzvbi0t64 ocl-icd-libopencl1
2026-10-04T17:29:32.3523087Z 0 upgraded, 87 newly installed, 0 to remove and 25 not upgraded.
2026-10-04T17:29:32.3523450Z Need to get 62.8 MB of archives.
2026-10-04T17:29:32.3524121Z After this operation, 173 MB of additional disk space will be used.
2026-10-04T17:29:32.3524435Z Get:1 file:/etc/apt/apt-mirrors.txt Mirrorlist [144 B]
2026-10-04T17:29:32.5200701Z Get:2 http://azure.archive.ubuntu.com/ubuntu noble-updates/universe amd64 libva2 amd64 2.20.0-2ubuntu0.2 [66.4 kB]
2026-10-04T17:29:32.5534501Z Get:3 http://azure.archive.ubuntu.com/ubuntu noble-updates/universe amd64 libva-drm2 amd64 2.20.0-2ubuntu0.2 [7124 B]
2026-10-04T17:29:32.5849912Z Get:4 http://azure.archive.ubuntu.com/ubuntu noble-updates/universe amd64 libva-x11-2 amd64 2.20.0-2ubuntu0.2 [12.0 kB]
2026-10-04T17:29:32.6162686Z Get:5 http://azure.archive.ubuntu.com/ubuntu noble/main amd64 libvdpau1 amd64 1.5-2build1 [27.8 kB]
2026-10-04T17:29:32.6476908Z Get:6 http://azure.archive.ubuntu.com/ubuntu noble/universe amd64 libvpl2 amd64 2023.3.0-1build1 [99.8 kB]
2026-10-04T17:29:32.6797389Z Get:7 http://azure.archive.ubuntu.com/ubuntu noble/universe amd64 ocl-icd-libopencl1 amd64 2.3.2-1build1 [38.5 kB]
2026-10-04T17:29:32.7112717Z Get:8 http://azure.archive.ubuntu.com/ubuntu noble/universe amd64 libavutil58 amd64 7:6.1.1-3ubuntu5 [401 kB]
2026-10-04T17:29:32.7486908Z Get:9 http://azure.archive.ubuntu.com/ubuntu noble/universe amd64 libcodec2-1.2 amd64 1.2.0-2build1 [8998 kB]
2026-10-04T17:29:32.8715518Z Get:10 http://azure.archive.ubuntu.com/ubuntu noble/universe amd64 libdav1d7 amd64 1.4.1-1build1 [604 kB]
2026-10-04T17:29:32.9083395Z Get:11 http://azure.archive.ubuntu.com/ubuntu noble/universe amd64 libgsm1 amd64 1.0.22-1build1 [27.8 kB]
2026-10-04T17:29:32.9441682Z Get:12 http://azure.archive.ubuntu.com/ubuntu noble/universe amd64 libhwy1t64 amd64 1.0.7-8.1build1 [584 kB]
2026-10-04T17:29:32.9775920Z Get:13 http://azure.archive.ubuntu.com/ubuntu noble-updates/universe amd64 libjxl0.7 amd64 0.7.0-10.2ubuntu6.1 [1001 kB]
2026-10-04T17:29:33.0186777Z Get:14 http://azure.archive.ubuntu.com/ubuntu noble/main amd64 libmp3lame0 amd64 3.100-6build1 [142 kB]
2026-10-04T17:29:33.0525478Z Get:15 http://azure.archive.ubuntu.com/ubuntu noble/main amd64 libopus0 amd64 1.4-1build1 [208 kB]
2026-10-04T17:29:33.0849079Z Get:16 http://azure.archive.ubuntu.com/ubuntu noble/universe amd64 librav1e0 amd64 0.7.1-2 [1022 kB]
2026-10-04T17:29:33.1223617Z Get:17 http://azure.archive.ubuntu.com/ubuntu noble/main amd64 librsvg2-2 amd64 2.58.0+dfsg-1build1 [2135 kB]
2026-10-04T17:29:33.1668415Z Get:18 http://azure.archive.ubuntu.com/ubuntu noble/universe amd64 libshine3 amd64 3.1.1-2build1 [23.2 kB]
2026-10-04T17:29:33.1986157Z Get:19 http://azure.archive.ubuntu.com/ubuntu noble-updates/main amd64 libspeex1 amd64 1.2.1-2ubuntu2.24.04.1 [59.6 kB]
2026-10-04T17:29:33.2735572Z Get:20 http://azure.archive.ubuntu.com/ubuntu noble/universe amd64 libsvtav1enc1d1 amd64 1.7.0+dfsg-2build1 [2425 kB]
2026-10-04T17:29:33.3176625Z Get:21 http://azure.archive.ubuntu.com/ubuntu noble/universe amd64 libsoxr0 amd64 0.1.3-4build3 [80.0 kB]
2026-10-04T17:29:33.3496768Z Get:22 http://azure.archive.ubuntu.com/ubuntu noble/universe amd64 libswresample4 amd64 7:6.1.1-3ubuntu5 [63.8 kB]
2026-10-04T17:29:33.3829609Z Get:23 http://azure.archive.ubuntu.com/ubuntu noble/main amd64 libtheora0 amd64 1.1.1+dfsg.1-16.1build3 [211 kB]
2026-10-04T17:29:33.4152549Z Get:24 http://azure.archive.ubuntu.com/ubuntu noble/main amd64 libtwolame0 amd64 0.4.0-2build3 [52.3 kB]
2026-10-04T17:29:33.4470395Z Get:25 http://azure.archive.ubuntu.com/ubuntu noble/main amd64 libvorbisenc2 amd64 1.3.7-1build3 [80.8 kB]
2026-10-04T17:29:33.4790891Z Get:26 http://azure.archive.ubuntu.com/ubuntu noble-updates/main amd64 libvpx9 amd64 1.14.0-1ubuntu2.3 [1143 kB]
2026-10-04T17:29:33.5175008Z Get:27 http://azure.archive.ubuntu.com/ubuntu noble/universe amd64 libx264-164 amd64 2:0.164.3108+git31e19f9-1 [604 kB]
2026-10-04T17:29:33.5524791Z Get:28 http://azure.archive.ubuntu.com/ubuntu noble/universe amd64 libx265-199 amd64 3.5-2build1 [1226 kB]
2026-10-04T17:29:33.5912463Z Get:29 http://azure.archive.ubuntu.com/ubuntu noble/universe amd64 libxvidcore4 amd64 2:1.3.7-1build1 [219 kB]
2026-10-04T17:29:33.6238542Z Get:30 http://azure.archive.ubuntu.com/ubuntu noble/universe amd64 libzvbi-common all 0.2.42-2 [42.4 kB]
2026-10-04T17:29:33.6557164Z Get:31 http://azure.archive.ubuntu.com/ubuntu noble/universe amd64 libzvbi0t64 amd64 0.2.42-2 [261 kB]
2026-10-04T17:29:33.6891479Z Get:32 http://azure.archive.ubuntu.com/ubuntu noble/universe amd64 libavcodec60 amd64 7:6.1.1-3ubuntu5 [5851 kB]
2026-10-04T17:29:33.7692567Z Get:33 http://azure.archive.ubuntu.com/ubuntu noble/main amd64 libraw1394-11 amd64 2.1.2-2build3 [26.2 kB]
2026-10-04T17:29:33.8009517Z Get:34 http://azure.archive.ubuntu.com/ubuntu noble/main amd64 libavc1394-0 amd64 0.5.4-5build3 [15.4 kB]
2026-10-04T17:29:33.8326158Z Get:35 http://azure.archive.ubuntu.com/ubuntu noble/universe amd64 libunibreak5 amd64 5.1-2build1 [25.0 kB]
2026-10-04T17:29:33.8642787Z Get:36 http://azure.archive.ubuntu.com/ubuntu noble/universe amd64 libass9 amd64 1:0.17.1-2build1 [104 kB]
2026-10-04T17:29:33.8966525Z Get:37 http://azure.archive.ubuntu.com/ubuntu noble/universe amd64 libudfread0 amd64 1.1.2-1build1 [19.0 kB]
2026-10-04T17:29:33.9283682Z Get:38 http://azure.archive.ubuntu.com/ubuntu noble/universe amd64 libbluray2 amd64 1:1.3.4-1build1 [159 kB]
2026-10-04T17:29:33.9994231Z Get:39 http://azure.archive.ubuntu.com/ubuntu noble/universe amd64 libchromaprint1 amd64 1.5.1-5 [30.5 kB]
2026-10-04T17:29:34.0271431Z Get:40 http://azure.archive.ubuntu.com/ubuntu noble/universe amd64 libgme0 amd64 0.6.3-7build1 [134 kB]
2026-10-04T17:29:34.0553678Z Get:41 http://azure.archive.ubuntu.com/ubuntu noble-updates/main amd64 libmpg123-0t64 amd64 1.32.5-1ubuntu1.1 [169 kB]
2026-10-04T17:29:34.0837592Z Get:42 http://azure.archive.ubuntu.com/ubuntu noble/universe amd64 libopenmpt0t64 amd64 0.7.3-1.1build3 [647 kB]
2026-10-04T17:29:34.1139116Z Get:43 http://azure.archive.ubuntu.com/ubuntu noble/universe amd64 libcjson1 amd64 1.7.17-1 [24.8 kB]
2026-10-04T17:29:34.1454806Z Get:44 http://azure.archive.ubuntu.com/ubuntu noble/universe amd64 libmbedcrypto7t64 amd64 2.28.8-1 [209 kB]
2026-10-04T17:29:34.1785284Z Get:45 http://azure.archive.ubuntu.com/ubuntu noble/universe amd64 librist4 amd64 0.2.10+dfsg-2 [74.9 kB]
2026-10-04T17:29:34.2101606Z Get:46 http://azure.archive.ubuntu.com/ubuntu noble/universe amd64 libsrt1.5-gnutls amd64 1.5.3-1build2 [316 kB]
2026-10-04T17:29:34.2439664Z Get:47 http://azure.archive.ubuntu.com/ubuntu noble-updates/main amd64 libssh-gcrypt-4 amd64 0.10.6-2ubuntu0.5 [226 kB]
2026-10-04T17:29:34.2771290Z Get:48 http://azure.archive.ubuntu.com/ubuntu noble/universe amd64 libavformat60 amd64 7:6.1.1-3ubuntu5 [1153 kB]
2026-10-04T17:29:34.3153257Z Get:49 http://azure.archive.ubuntu.com/ubuntu noble/universe amd64 libbs2b0 amd64 3.1.0+dfsg-7build1 [10.6 kB]
2026-10-04T17:29:34.3431105Z Get:50 http://azure.archive.ubuntu.com/ubuntu noble/universe amd64 libflite1 amd64 2.2-6build3 [13.6 MB]
2026-10-04T17:29:34.4908429Z Get:51 http://azure.archive.ubuntu.com/ubuntu noble/universe amd64 libserd-0-0 amd64 0.32.2-1 [43.6 kB]
2026-10-04T17:29:34.5184926Z Get:52 http://azure.archive.ubuntu.com/ubuntu noble/universe amd64 libzix-0-0 amd64 0.4.2-2build1 [23.6 kB]
2026-10-04T17:29:34.5461175Z Get:53 http://azure.archive.ubuntu.com/ubuntu noble/universe amd64 libsord-0-0 amd64 0.16.16-2build1 [15.8 kB]
2026-10-04T17:29:34.5736940Z Get:54 http://azure.archive.ubuntu.com/ubuntu noble/universe amd64 libsratom-0-0 amd64 0.6.16-1build1 [17.3 kB]
2026-10-04T17:29:34.6013506Z Get:55 http://azure.archive.ubuntu.com/ubuntu noble/universe amd64 liblilv-0-0 amd64 0.24.22-1build1 [41.0 kB]
2026-10-04T17:29:34.6291798Z Get:56 http://azure.archive.ubuntu.com/ubuntu noble/universe amd64 libmysofa1 amd64 1.3.2+dfsg-2ubuntu2 [1158 kB]
2026-10-04T17:29:34.6662955Z Get:57 http://azure.archive.ubuntu.com/ubuntu noble/universe amd64 libplacebo338 amd64 6.338.2-2build1 [2654 kB]
2026-10-04T17:29:34.7594203Z Get:58 http://azure.archive.ubuntu.com/ubuntu noble-updates/main amd64 libblas3 amd64 3.12.0-3build1.1 [238 kB]
2026-10-04T17:29:34.7885061Z Get:59 http://azure.archive.ubuntu.com/ubuntu noble-updates/main amd64 liblapack3 amd64 3.12.0-3build1.1 [2646 kB]
2026-10-04T17:29:34.8384841Z Get:60 http://azure.archive.ubuntu.com/ubuntu noble/main amd64 libasyncns0 amd64 0.8-6build4 [11.3 kB]
2026-10-04T17:29:34.8662608Z Get:61 http://azure.archive.ubuntu.com/ubuntu noble/main amd64 libflac12t64 amd64 1.4.3+ds-2.1ubuntu2 [197 kB]
2026-10-04T17:29:34.8952638Z Get:62 http://azure.archive.ubuntu.com/ubuntu noble-updates/main amd64 libsndfile1 amd64 1.2.2-1ubuntu5.24.04.1 [209 kB]
2026-10-04T17:29:34.9277964Z Get:63 http://azure.archive.ubuntu.com/ubuntu noble-updates/main amd64 libpulse0 amd64 1:16.1+dfsg1-2ubuntu10.1 [292 kB]
2026-10-04T17:29:34.9566082Z Get:64 http://azure.archive.ubuntu.com/ubuntu noble/universe amd64 libsphinxbase3t64 amd64 0.8+5prealpha+1-17build2 [126 kB]
2026-10-04T17:29:34.9847649Z Get:65 http://azure.archive.ubuntu.com/ubuntu noble/universe amd64 libpocketsphinx3 amd64 0.8.0+real5prealpha+1-15ubuntu5 [133 kB]
2026-10-04T17:29:35.0174534Z Get:66 http://azure.archive.ubuntu.com/ubuntu noble/universe amd64 libpostproc57 amd64 7:6.1.1-3ubuntu5 [49.9 kB]
2026-10-04T17:29:35.0491539Z Get:67 http://azure.archive.ubuntu.com/ubuntu noble/main amd64 libsamplerate0 amd64 0.2.2-4build1 [1344 kB]
2026-10-04T17:29:35.0937123Z Get:68 http://azure.archive.ubuntu.com/ubuntu noble/universe amd64 librubberband2 amd64 3.3.0+dfsg-2build1 [130 kB]
2026-10-04T17:29:35.1261346Z Get:69 http://azure.archive.ubuntu.com/ubuntu noble/universe amd64 libswscale7 amd64 7:6.1.1-3ubuntu5 [193 kB]
2026-10-04T17:29:35.1591529Z Get:70 http://azure.archive.ubuntu.com/ubuntu noble/universe amd64 libvidstab1.1 amd64 1.1.0-2build1 [38.5 kB]
2026-10-04T17:29:35.1907648Z Get:71 http://azure.archive.ubuntu.com/ubuntu noble/universe amd64 libzimg2 amd64 3.0.5+ds1-1build1 [254 kB]
2026-10-04T17:29:35.2249392Z Get:72 http://azure.archive.ubuntu.com/ubuntu noble/universe amd64 libavfilter9 amd64 7:6.1.1-3ubuntu5 [4235 kB]
2026-10-04T17:29:35.2979340Z Get:73 http://azure.archive.ubuntu.com/ubuntu noble-updates/main amd64 libcaca0 amd64 0.99.beta20-4ubuntu0.2 [209 kB]
2026-10-04T17:29:35.3311649Z Get:74 http://azure.archive.ubuntu.com/ubuntu noble-updates/main amd64 libcdio19t64 amd64 2.1.0-4.1ubuntu1.2 [62.4 kB]
2026-10-04T17:29:35.3629316Z Get:75 http://azure.archive.ubuntu.com/ubuntu noble/main amd64 libcdio-cdda2t64 amd64 10.2+2.0.1-1.1build2 [16.5 kB]
2026-10-04T17:29:35.4313000Z Get:76 http://azure.archive.ubuntu.com/ubuntu noble/main amd64 libcdio-paranoia2t64 amd64 10.2+2.0.1-1.1build2 [16.6 kB]
2026-10-04T17:29:35.4591036Z Get:77 http://azure.archive.ubuntu.com/ubuntu noble/universe amd64 libdc1394-25 amd64 2.2.6-4build1 [90.1 kB]
2026-10-04T17:29:35.4870706Z Get:78 http://azure.archive.ubuntu.com/ubuntu noble/main amd64 libiec61883-0 amd64 1.2.0-6build1 [24.5 kB]
2026-10-04T17:29:35.5149497Z Get:79 http://azure.archive.ubuntu.com/ubuntu noble/main amd64 libjack-jackd2-0 amd64 1.9.21~dfsg-3ubuntu3 [289 kB]
2026-10-04T17:29:35.5445453Z Get:80 http://azure.archive.ubuntu.com/ubuntu noble/universe amd64 libopenal-data all 1:1.23.1-4build1 [161 kB]
2026-10-04T17:29:35.5730967Z Get:81 http://azure.archive.ubuntu.com/ubuntu noble/universe amd64 libsndio7.0 amd64 1.9.0-0.3build3 [29.6 kB]
2026-10-04T17:29:35.6007804Z Get:82 http://azure.archive.ubuntu.com/ubuntu noble/universe amd64 libopenal1 amd64 1:1.23.1-4build1 [540 kB]
2026-10-04T17:29:35.6324935Z Get:83 http://azure.archive.ubuntu.com/ubuntu noble/main amd64 libdecor-0-0 amd64 0.2.2-1build2 [16.5 kB]
2026-10-04T17:29:35.6601742Z Get:84 http://azure.archive.ubuntu.com/ubuntu noble-updates/main amd64 libsdl2-2.0-0 amd64 2.30.0+dfsg-1ubuntu3.1 [686 kB]
2026-10-04T17:29:35.6931159Z Get:85 http://azure.archive.ubuntu.com/ubuntu noble/main amd64 libxcb-shape0 amd64 1.15-1ubuntu2 [6100 B]
2026-10-04T17:29:35.7208815Z Get:86 http://azure.archive.ubuntu.com/ubuntu noble/main amd64 libxv1 amd64 2:1.0.11-1.1build1 [10.7 kB]
2026-10-04T17:29:35.7485071Z Get:87 http://azure.archive.ubuntu.com/ubuntu noble/universe amd64 libavdevice60 amd64 7:6.1.1-3ubuntu5 [82.3 kB]
2026-10-04T17:29:35.7776216Z Get:88 http://azure.archive.ubuntu.com/ubuntu noble/universe amd64 ffmpeg amd64 7:6.1.1-3ubuntu5 [1879 kB]
2026-10-04T17:29:36.0015501Z Fetched 62.8 MB in 3s (18.2 MB/s)
2026-10-04T17:29:36.0182338Z Selecting previously unselected package libva2:amd64.
2026-10-04T17:29:36.0386334Z (Reading database ... 
2026-10-04T17:29:36.0386573Z (Reading database ... 5%
2026-10-04T17:29:36.0386776Z (Reading database ... 10%
2026-10-04T17:29:36.0386987Z (Reading database ... 15%
2026-10-04T17:29:36.0387121Z (Reading database ... 20%
2026-10-04T17:29:36.0387250Z (Reading database ... 25%
2026-10-04T17:29:36.0387384Z (Reading database ... 30%
2026-10-04T17:29:36.0387512Z (Reading database ... 35%
2026-10-04T17:29:36.0387640Z (Reading database ... 40%
2026-10-04T17:29:36.0387771Z (Reading database ... 45%
2026-10-04T17:29:36.0387908Z (Reading database ... 50%
2026-10-04T17:29:36.0415656Z (Reading database ... 55%
2026-10-04T17:29:36.1596908Z (Reading database ... 60%
2026-10-04T17:29:36.3662456Z (Reading database ... 65%
2026-10-04T17:29:36.5564848Z (Reading database ... 70%
2026-10-04T17:29:36.7214261Z (Reading database ... 75%
2026-10-04T17:29:36.8602617Z (Reading database ... 80%
2026-10-04T17:29:37.0616317Z (Reading database ... 85%
2026-10-04T17:29:37.2100276Z (Reading database ... 90%
2026-10-04T17:29:37.3695889Z (Reading database ... 95%
2026-10-04T17:29:37.3696147Z (Reading database ... 100%
2026-10-04T17:29:37.3696533Z (Reading database ... 202296 files and directories currently installed.)
2026-10-04T17:29:37.3728005Z Preparing to unpack .../00-libva2_2.20.0-2ubuntu0.2_amd64.deb ...
2026-10-04T17:29:37.3749483Z Unpacking libva2:amd64 (2.20.0-2ubuntu0.2) ...
2026-10-04T17:29:37.3923924Z Selecting previously unselected package libva-drm2:amd64.
2026-10-04T17:29:37.4010295Z Preparing to unpack .../01-libva-drm2_2.20.0-2ubuntu0.2_amd64.deb ...
2026-10-04T17:29:37.4015138Z Unpacking libva-drm2:amd64 (2.20.0-2ubuntu0.2) ...
2026-10-04T17:29:37.4169860Z Selecting previously unselected package libva-x11-2:amd64.
2026-10-04T17:29:37.4254599Z Preparing to unpack .../02-libva-x11-2_2.20.0-2ubuntu0.2_amd64.deb ...
2026-10-04T17:29:37.4260036Z Unpacking libva-x11-2:amd64 (2.20.0-2ubuntu0.2) ...
2026-10-04T17:29:37.4414228Z Selecting previously unselected package libvdpau1:amd64.
2026-10-04T17:29:37.4496568Z Preparing to unpack .../03-libvdpau1_1.5-2build1_amd64.deb ...
2026-10-04T17:29:37.4501728Z Unpacking libvdpau1:amd64 (1.5-2build1) ...
2026-10-04T17:29:37.4655947Z Selecting previously unselected package libvpl2.
2026-10-04T17:29:37.4737494Z Preparing to unpack .../04-libvpl2_2023.3.0-1build1_amd64.deb ...
2026-10-04T17:29:37.4742823Z Unpacking libvpl2 (2023.3.0-1build1) ...
2026-10-04T17:29:37.4904133Z Selecting previously unselected package ocl-icd-libopencl1:amd64.
2026-10-04T17:29:37.4986092Z Preparing to unpack .../05-ocl-icd-libopencl1_2.3.2-1build1_amd64.deb ...
2026-10-04T17:29:37.4991361Z Unpacking ocl-icd-libopencl1:amd64 (2.3.2-1build1) ...
2026-10-04T17:29:37.5175983Z Selecting previously unselected package libavutil58:amd64.
2026-10-04T17:29:37.5257636Z Preparing to unpack .../06-libavutil58_7%3a6.1.1-3ubuntu5_amd64.deb ...
2026-10-04T17:29:37.5262585Z Unpacking libavutil58:amd64 (7:6.1.1-3ubuntu5) ...
2026-10-04T17:29:37.5442751Z Selecting previously unselected package libcodec2-1.2:amd64.
2026-10-04T17:29:37.5525073Z Preparing to unpack .../07-libcodec2-1.2_1.2.0-2build1_amd64.deb ...
2026-10-04T17:29:37.5530377Z Unpacking libcodec2-1.2:amd64 (1.2.0-2build1) ...
2026-10-04T17:29:37.6728626Z Selecting previously unselected package libdav1d7:amd64.
2026-10-04T17:29:37.6819816Z Preparing to unpack .../08-libdav1d7_1.4.1-1build1_amd64.deb ...
2026-10-04T17:29:37.6825662Z Unpacking libdav1d7:amd64 (1.4.1-1build1) ...
2026-10-04T17:29:37.7024562Z Selecting previously unselected package libgsm1:amd64.
2026-10-04T17:29:37.7114967Z Preparing to unpack .../09-libgsm1_1.0.22-1build1_amd64.deb ...
2026-10-04T17:29:37.7120724Z Unpacking libgsm1:amd64 (1.0.22-1build1) ...
2026-10-04T17:29:37.7276371Z Selecting previously unselected package libhwy1t64:amd64.
2026-10-04T17:29:37.7364441Z Preparing to unpack .../10-libhwy1t64_1.0.7-8.1build1_amd64.deb ...
2026-10-04T17:29:37.7369633Z Unpacking libhwy1t64:amd64 (1.0.7-8.1build1) ...
2026-10-04T17:29:37.7639190Z Selecting previously unselected package libjxl0.7:amd64.
2026-10-04T17:29:37.7725720Z Preparing to unpack .../11-libjxl0.7_0.7.0-10.2ubuntu6.1_amd64.deb ...
2026-10-04T17:29:37.7731794Z Unpacking libjxl0.7:amd64 (0.7.0-10.2ubuntu6.1) ...
2026-10-04T17:29:37.8094875Z Selecting previously unselected package libmp3lame0:amd64.
2026-10-04T17:29:37.8181636Z Preparing to unpack .../12-libmp3lame0_3.100-6build1_amd64.deb ...
2026-10-04T17:29:37.8186429Z Unpacking libmp3lame0:amd64 (3.100-6build1) ...
2026-10-04T17:29:37.8343055Z Selecting previously unselected package libopus0:amd64.
2026-10-04T17:29:37.8428613Z Preparing to unpack .../13-libopus0_1.4-1build1_amd64.deb ...
2026-10-04T17:29:37.8434035Z Unpacking libopus0:amd64 (1.4-1build1) ...
2026-10-04T17:29:37.8594550Z Selecting previously unselected package librav1e0:amd64.
2026-10-04T17:29:37.8679508Z Preparing to unpack .../14-librav1e0_0.7.1-2_amd64.deb ...
2026-10-04T17:29:37.8685072Z Unpacking librav1e0:amd64 (0.7.1-2) ...
2026-10-04T17:29:37.8932540Z Selecting previously unselected package librsvg2-2:amd64.
2026-10-04T17:29:37.9017869Z Preparing to unpack .../15-librsvg2-2_2.58.0+dfsg-1build1_amd64.deb ...
2026-10-04T17:29:37.9023763Z Unpacking librsvg2-2:amd64 (2.58.0+dfsg-1build1) ...
2026-10-04T17:29:37.9526870Z Selecting previously unselected package libshine3:amd64.
2026-10-04T17:29:37.9615172Z Preparing to unpack .../16-libshine3_3.1.1-2build1_amd64.deb ...
2026-10-04T17:29:37.9620470Z Unpacking libshine3:amd64 (3.1.1-2build1) ...
2026-10-04T17:29:37.9766494Z Selecting previously unselected package libspeex1:amd64.
2026-10-04T17:29:37.9853349Z Preparing to unpack .../17-libspeex1_1.2.1-2ubuntu2.24.04.1_amd64.deb ...
2026-10-04T17:29:37.9858246Z Unpacking libspeex1:amd64 (1.2.1-2ubuntu2.24.04.1) ...
2026-10-04T17:29:38.0006872Z Selecting previously unselected package libsvtav1enc1d1:amd64.
2026-10-04T17:29:38.0091178Z Preparing to unpack .../18-libsvtav1enc1d1_1.7.0+dfsg-2build1_amd64.deb ...
2026-10-04T17:29:38.0098037Z Unpacking libsvtav1enc1d1:amd64 (1.7.0+dfsg-2build1) ...
2026-10-04T17:29:38.0630688Z Selecting previously unselected package libsoxr0:amd64.
2026-10-04T17:29:38.0706872Z Preparing to unpack .../19-libsoxr0_0.1.3-4build3_amd64.deb ...
2026-10-04T17:29:38.0712594Z Unpacking libsoxr0:amd64 (0.1.3-4build3) ...
2026-10-04T17:29:38.0869200Z Selecting previously unselected package libswresample4:amd64.
2026-10-04T17:29:38.0955762Z Preparing to unpack .../20-libswresample4_7%3a6.1.1-3ubuntu5_amd64.deb ...
2026-10-04T17:29:38.0960760Z Unpacking libswresample4:amd64 (7:6.1.1-3ubuntu5) ...
2026-10-04T17:29:38.1115115Z Selecting previously unselected package libtheora0:amd64.
2026-10-04T17:29:38.1201012Z Preparing to unpack .../21-libtheora0_1.1.1+dfsg.1-16.1build3_amd64.deb ...
2026-10-04T17:29:38.1206379Z Unpacking libtheora0:amd64 (1.1.1+dfsg.1-16.1build3) ...
2026-10-04T17:29:38.1375738Z Selecting previously unselected package libtwolame0:amd64.
2026-10-04T17:29:38.1459444Z Preparing to unpack .../22-libtwolame0_0.4.0-2build3_amd64.deb ...
2026-10-04T17:29:38.1465400Z Unpacking libtwolame0:amd64 (0.4.0-2build3) ...
2026-10-04T17:29:38.1638180Z Selecting previously unselected package libvorbisenc2:amd64.
2026-10-04T17:29:38.1721493Z Preparing to unpack .../23-libvorbisenc2_1.3.7-1build3_amd64.deb ...
2026-10-04T17:29:38.1726707Z Unpacking libvorbisenc2:amd64 (1.3.7-1build3) ...
2026-10-04T17:29:38.1891677Z Selecting previously unselected package libvpx9:amd64.
2026-10-04T17:29:38.1974851Z Preparing to unpack .../24-libvpx9_1.14.0-1ubuntu2.3_amd64.deb ...
2026-10-04T17:29:38.1980016Z Unpacking libvpx9:amd64 (1.14.0-1ubuntu2.3) ...
2026-10-04T17:29:38.2244209Z Selecting previously unselected package libx264-164:amd64.
2026-10-04T17:29:38.2328410Z Preparing to unpack .../25-libx264-164_2%3a0.164.3108+git31e19f9-1_amd64.deb ...
2026-10-04T17:29:38.2333551Z Unpacking libx264-164:amd64 (2:0.164.3108+git31e19f9-1) ...
2026-10-04T17:29:38.2575820Z Selecting previously unselected package libx265-199:amd64.
2026-10-04T17:29:38.2661920Z Preparing to unpack .../26-libx265-199_3.5-2build1_amd64.deb ...
2026-10-04T17:29:38.2667313Z Unpacking libx265-199:amd64 (3.5-2build1) ...
2026-10-04T17:29:38.3773535Z Selecting previously unselected package libxvidcore4:amd64.
2026-10-04T17:29:38.3864895Z Preparing to unpack .../27-libxvidcore4_2%3a1.3.7-1build1_amd64.deb ...
2026-10-04T17:29:38.3870220Z Unpacking libxvidcore4:amd64 (2:1.3.7-1build1) ...
2026-10-04T17:29:38.4034177Z Selecting previously unselected package libzvbi-common.
2026-10-04T17:29:38.4122200Z Preparing to unpack .../28-libzvbi-common_0.2.42-2_all.deb ...
2026-10-04T17:29:38.4127003Z Unpacking libzvbi-common (0.2.42-2) ...
2026-10-04T17:29:38.4934374Z Selecting previously unselected package libzvbi0t64:amd64.
2026-10-04T17:29:38.5021683Z Preparing to unpack .../29-libzvbi0t64_0.2.42-2_amd64.deb ...
2026-10-04T17:29:38.5027755Z Unpacking libzvbi0t64:amd64 (0.2.42-2) ...
2026-10-04T17:29:38.5203962Z Selecting previously unselected package libavcodec60:amd64.
2026-10-04T17:29:38.5291506Z Preparing to unpack .../30-libavcodec60_7%3a6.1.1-3ubuntu5_amd64.deb ...
2026-10-04T17:29:38.5296358Z Unpacking libavcodec60:amd64 (7:6.1.1-3ubuntu5) ...
2026-10-04T17:29:38.6591779Z Selecting previously unselected package libraw1394-11:amd64.
2026-10-04T17:29:38.6683756Z Preparing to unpack .../31-libraw1394-11_2.1.2-2build3_amd64.deb ...
2026-10-04T17:29:38.6689297Z Unpacking libraw1394-11:amd64 (2.1.2-2build3) ...
2026-10-04T17:29:38.6850059Z Selecting previously unselected package libavc1394-0:amd64.
2026-10-04T17:29:38.6939950Z Preparing to unpack .../32-libavc1394-0_0.5.4-5build3_amd64.deb ...
2026-10-04T17:29:38.6945278Z Unpacking libavc1394-0:amd64 (0.5.4-5build3) ...
2026-10-04T17:29:38.7100729Z Selecting previously unselected package libunibreak5:amd64.
2026-10-04T17:29:38.7191053Z Preparing to unpack .../33-libunibreak5_5.1-2build1_amd64.deb ...
2026-10-04T17:29:38.7196442Z Unpacking libunibreak5:amd64 (5.1-2build1) ...
2026-10-04T17:29:38.7357781Z Selecting previously unselected package libass9:amd64.
2026-10-04T17:29:38.7448054Z Preparing to unpack .../34-libass9_1%3a0.17.1-2build1_amd64.deb ...
2026-10-04T17:29:38.7453353Z Unpacking libass9:amd64 (1:0.17.1-2build1) ...
2026-10-04T17:29:38.7612850Z Selecting previously unselected package libudfread0:amd64.
2026-10-04T17:29:38.7701295Z Preparing to unpack .../35-libudfread0_1.1.2-1build1_amd64.deb ...
2026-10-04T17:29:38.7706540Z Unpacking libudfread0:amd64 (1.1.2-1build1) ...
2026-10-04T17:29:38.7875031Z Selecting previously unselected package libbluray2:amd64.
2026-10-04T17:29:38.7962331Z Preparing to unpack .../36-libbluray2_1%3a1.3.4-1build1_amd64.deb ...
2026-10-04T17:29:38.7967542Z Unpacking libbluray2:amd64 (1:1.3.4-1build1) ...
2026-10-04T17:29:38.8132108Z Selecting previously unselected package libchromaprint1:amd64.
2026-10-04T17:29:38.8219361Z Preparing to unpack .../37-libchromaprint1_1.5.1-5_amd64.deb ...
2026-10-04T17:29:38.8224839Z Unpacking libchromaprint1:amd64 (1.5.1-5) ...
2026-10-04T17:29:38.8377567Z Selecting previously unselected package libgme0:amd64.
2026-10-04T17:29:38.8463011Z Preparing to unpack .../38-libgme0_0.6.3-7build1_amd64.deb ...
2026-10-04T17:29:38.8468759Z Unpacking libgme0:amd64 (0.6.3-7build1) ...
2026-10-04T17:29:38.8633234Z Selecting previously unselected package libmpg123-0t64:amd64.
2026-10-04T17:29:38.8719750Z Preparing to unpack .../39-libmpg123-0t64_1.32.5-1ubuntu1.1_amd64.deb ...
2026-10-04T17:29:38.8725007Z Unpacking libmpg123-0t64:amd64 (1.32.5-1ubuntu1.1) ...
2026-10-04T17:29:38.8891503Z Selecting previously unselected package libopenmpt0t64:amd64.
2026-10-04T17:29:38.8977169Z Preparing to unpack .../40-libopenmpt0t64_0.7.3-1.1build3_amd64.deb ...
2026-10-04T17:29:38.8982984Z Unpacking libopenmpt0t64:amd64 (0.7.3-1.1build3) ...
2026-10-04T17:29:38.9171115Z Selecting previously unselected package libcjson1:amd64.
2026-10-04T17:29:38.9256010Z Preparing to unpack .../41-libcjson1_1.7.17-1_amd64.deb ...
2026-10-04T17:29:38.9261232Z Unpacking libcjson1:amd64 (1.7.17-1) ...
2026-10-04T17:29:38.9417840Z Selecting previously unselected package libmbedcrypto7t64:amd64.
2026-10-04T17:29:38.9502316Z Preparing to unpack .../42-libmbedcrypto7t64_2.28.8-1_amd64.deb ...
2026-10-04T17:29:38.9507597Z Unpacking libmbedcrypto7t64:amd64 (2.28.8-1) ...
2026-10-04T17:29:38.9673972Z Selecting previously unselected package librist4:amd64.
2026-10-04T17:29:38.9758111Z Preparing to unpack .../43-librist4_0.2.10+dfsg-2_amd64.deb ...
2026-10-04T17:29:38.9763686Z Unpacking librist4:amd64 (0.2.10+dfsg-2) ...
2026-10-04T17:29:38.9920064Z Selecting previously unselected package libsrt1.5-gnutls:amd64.
2026-10-04T17:29:39.0004611Z Preparing to unpack .../44-libsrt1.5-gnutls_1.5.3-1build2_amd64.deb ...
2026-10-04T17:29:39.0010767Z Unpacking libsrt1.5-gnutls:amd64 (1.5.3-1build2) ...
2026-10-04T17:29:39.0185976Z Selecting previously unselected package libssh-gcrypt-4:amd64.
2026-10-04T17:29:39.0270816Z Preparing to unpack .../45-libssh-gcrypt-4_0.10.6-2ubuntu0.5_amd64.deb ...
2026-10-04T17:29:39.0276401Z Unpacking libssh-gcrypt-4:amd64 (0.10.6-2ubuntu0.5) ...
2026-10-04T17:29:39.0446179Z Selecting previously unselected package libavformat60:amd64.
2026-10-04T17:29:39.0529889Z Preparing to unpack .../46-libavformat60_7%3a6.1.1-3ubuntu5_amd64.deb ...
2026-10-04T17:29:39.0536436Z Unpacking libavformat60:amd64 (7:6.1.1-3ubuntu5) ...
2026-10-04T17:29:39.0759114Z Selecting previously unselected package libbs2b0:amd64.
2026-10-04T17:29:39.0843992Z Preparing to unpack .../47-libbs2b0_3.1.0+dfsg-7build1_amd64.deb ...
2026-10-04T17:29:39.0849749Z Unpacking libbs2b0:amd64 (3.1.0+dfsg-7build1) ...
2026-10-04T17:29:39.1025763Z Selecting previously unselected package libflite1:amd64.
2026-10-04T17:29:39.1111403Z Preparing to unpack .../48-libflite1_2.2-6build3_amd64.deb ...
2026-10-04T17:29:39.1116476Z Unpacking libflite1:amd64 (2.2-6build3) ...
2026-10-04T17:29:39.2564062Z Selecting previously unselected package libserd-0-0:amd64.
2026-10-04T17:29:39.2654745Z Preparing to unpack .../49-libserd-0-0_0.32.2-1_amd64.deb ...
2026-10-04T17:29:39.2660144Z Unpacking libserd-0-0:amd64 (0.32.2-1) ...
2026-10-04T17:29:39.2815216Z Selecting previously unselected package libzix-0-0:amd64.
2026-10-04T17:29:39.2903658Z Preparing to unpack .../50-libzix-0-0_0.4.2-2build1_amd64.deb ...
2026-10-04T17:29:39.2909115Z Unpacking libzix-0-0:amd64 (0.4.2-2build1) ...
2026-10-04T17:29:39.3060816Z Selecting previously unselected package libsord-0-0:amd64.
2026-10-04T17:29:39.3147823Z Preparing to unpack .../51-libsord-0-0_0.16.16-2build1_amd64.deb ...
2026-10-04T17:29:39.3153615Z Unpacking libsord-0-0:amd64 (0.16.16-2build1) ...
2026-10-04T17:29:39.3304930Z Selecting previously unselected package libsratom-0-0:amd64.
2026-10-04T17:29:39.3391829Z Preparing to unpack .../52-libsratom-0-0_0.6.16-1build1_amd64.deb ...
2026-10-04T17:29:39.3397261Z Unpacking libsratom-0-0:amd64 (0.6.16-1build1) ...
2026-10-04T17:29:39.3547285Z Selecting previously unselected package liblilv-0-0:amd64.
2026-10-04T17:29:39.3631250Z Preparing to unpack .../53-liblilv-0-0_0.24.22-1build1_amd64.deb ...
2026-10-04T17:29:39.3636561Z Unpacking liblilv-0-0:amd64 (0.24.22-1build1) ...
2026-10-04T17:29:39.3789836Z Selecting previously unselected package libmysofa1:amd64.
2026-10-04T17:29:39.3873012Z Preparing to unpack .../54-libmysofa1_1.3.2+dfsg-2ubuntu2_amd64.deb ...
2026-10-04T17:29:39.3878472Z Unpacking libmysofa1:amd64 (1.3.2+dfsg-2ubuntu2) ...
2026-10-04T17:29:39.4059071Z Selecting previously unselected package libplacebo338:amd64.
2026-10-04T17:29:39.4145641Z Preparing to unpack .../55-libplacebo338_6.338.2-2build1_amd64.deb ...
2026-10-04T17:29:39.4151345Z Unpacking libplacebo338:amd64 (6.338.2-2build1) ...
2026-10-04T17:29:39.4822856Z Selecting previously unselected package libblas3:amd64.
2026-10-04T17:29:39.4912751Z Preparing to unpack .../56-libblas3_3.12.0-3build1.1_amd64.deb ...
2026-10-04T17:29:39.4935567Z Unpacking libblas3:amd64 (3.12.0-3build1.1) ...
2026-10-04T17:29:39.5113338Z Selecting previously unselected package liblapack3:amd64.
2026-10-04T17:29:39.5201829Z Preparing to unpack .../57-liblapack3_3.12.0-3build1.1_amd64.deb ...
2026-10-04T17:29:39.5225257Z Unpacking liblapack3:amd64 (3.12.0-3build1.1) ...
2026-10-04T17:29:39.5831931Z Selecting previously unselected package libasyncns0:amd64.
2026-10-04T17:29:39.5921380Z Preparing to unpack .../58-libasyncns0_0.8-6build4_amd64.deb ...
2026-10-04T17:29:39.5926657Z Unpacking libasyncns0:amd64 (0.8-6build4) ...
2026-10-04T17:29:39.6078088Z Selecting previously unselected package libflac12t64:amd64.
2026-10-04T17:29:39.6166783Z Preparing to unpack .../59-libflac12t64_1.4.3+ds-2.1ubuntu2_amd64.deb ...
2026-10-04T17:29:39.6171913Z Unpacking libflac12t64:amd64 (1.4.3+ds-2.1ubuntu2) ...
2026-10-04T17:29:39.6337183Z Selecting previously unselected package libsndfile1:amd64.
2026-10-04T17:29:39.6424569Z Preparing to unpack .../60-libsndfile1_1.2.2-1ubuntu5.24.04.1_amd64.deb ...
2026-10-04T17:29:39.6429792Z Unpacking libsndfile1:amd64 (1.2.2-1ubuntu5.24.04.1) ...
2026-10-04T17:29:39.6609527Z Selecting previously unselected package libpulse0:amd64.
2026-10-04T17:29:39.6695194Z Preparing to unpack .../61-libpulse0_1%3a16.1+dfsg1-2ubuntu10.1_amd64.deb ...
2026-10-04T17:29:39.6745962Z Unpacking libpulse0:amd64 (1:16.1+dfsg1-2ubuntu10.1) ...
2026-10-04T17:29:39.6930680Z Selecting previously unselected package libsphinxbase3t64:amd64.
2026-10-04T17:29:39.7016388Z Preparing to unpack .../62-libsphinxbase3t64_0.8+5prealpha+1-17build2_amd64.deb ...
2026-10-04T17:29:39.7021319Z Unpacking libsphinxbase3t64:amd64 (0.8+5prealpha+1-17build2) ...
2026-10-04T17:29:39.7180763Z Selecting previously unselected package libpocketsphinx3:amd64.
2026-10-04T17:29:39.7265056Z Preparing to unpack .../63-libpocketsphinx3_0.8.0+real5prealpha+1-15ubuntu5_amd64.deb ...
2026-10-04T17:29:39.7270164Z Unpacking libpocketsphinx3:amd64 (0.8.0+real5prealpha+1-15ubuntu5) ...
2026-10-04T17:29:39.7430226Z Selecting previously unselected package libpostproc57:amd64.
2026-10-04T17:29:39.7513713Z Preparing to unpack .../64-libpostproc57_7%3a6.1.1-3ubuntu5_amd64.deb ...
2026-10-04T17:29:39.7518722Z Unpacking libpostproc57:amd64 (7:6.1.1-3ubuntu5) ...
2026-10-04T17:29:39.7674404Z Selecting previously unselected package libsamplerate0:amd64.
2026-10-04T17:29:39.7757292Z Preparing to unpack .../65-libsamplerate0_0.2.2-4build1_amd64.deb ...
2026-10-04T17:29:39.7762480Z Unpacking libsamplerate0:amd64 (0.2.2-4build1) ...
2026-10-04T17:29:39.7944938Z Selecting previously unselected package librubberband2:amd64.
2026-10-04T17:29:39.8028181Z Preparing to unpack .../66-librubberband2_3.3.0+dfsg-2build1_amd64.deb ...
2026-10-04T17:29:39.8033715Z Unpacking librubberband2:amd64 (3.3.0+dfsg-2build1) ...
2026-10-04T17:29:39.8195051Z Selecting previously unselected package libswscale7:amd64.
2026-10-04T17:29:39.8279249Z Preparing to unpack .../67-libswscale7_7%3a6.1.1-3ubuntu5_amd64.deb ...
2026-10-04T17:29:39.8285120Z Unpacking libswscale7:amd64 (7:6.1.1-3ubuntu5) ...
2026-10-04T17:29:39.8455592Z Selecting previously unselected package libvidstab1.1:amd64.
2026-10-04T17:29:39.8540845Z Preparing to unpack .../68-libvidstab1.1_1.1.0-2build1_amd64.deb ...
2026-10-04T17:29:39.8546318Z Unpacking libvidstab1.1:amd64 (1.1.0-2build1) ...
2026-10-04T17:29:39.8732015Z Selecting previously unselected package libzimg2:amd64.
2026-10-04T17:29:39.8815331Z Preparing to unpack .../69-libzimg2_3.0.5+ds1-1build1_amd64.deb ...
2026-10-04T17:29:39.8820467Z Unpacking libzimg2:amd64 (3.0.5+ds1-1build1) ...
2026-10-04T17:29:39.8992575Z Selecting previously unselected package libavfilter9:amd64.
2026-10-04T17:29:39.9076373Z Preparing to unpack .../70-libavfilter9_7%3a6.1.1-3ubuntu5_amd64.deb ...
2026-10-04T17:29:39.9081828Z Unpacking libavfilter9:amd64 (7:6.1.1-3ubuntu5) ...
2026-10-04T17:29:40.0113077Z Selecting previously unselected package libcaca0:amd64.
2026-10-04T17:29:40.0204125Z Preparing to unpack .../71-libcaca0_0.99.beta20-4ubuntu0.2_amd64.deb ...
2026-10-04T17:29:40.0209792Z Unpacking libcaca0:amd64 (0.99.beta20-4ubuntu0.2) ...
2026-10-04T17:29:40.0394983Z Selecting previously unselected package libcdio19t64:amd64.
2026-10-04T17:29:40.0485373Z Preparing to unpack .../72-libcdio19t64_2.1.0-4.1ubuntu1.2_amd64.deb ...
2026-10-04T17:29:40.0492233Z Unpacking libcdio19t64:amd64 (2.1.0-4.1ubuntu1.2) ...
2026-10-04T17:29:40.0653560Z Selecting previously unselected package libcdio-cdda2t64:amd64.
2026-10-04T17:29:40.0741847Z Preparing to unpack .../73-libcdio-cdda2t64_10.2+2.0.1-1.1build2_amd64.deb ...
2026-10-04T17:29:40.0748597Z Unpacking libcdio-cdda2t64:amd64 (10.2+2.0.1-1.1build2) ...
2026-10-04T17:29:40.0922457Z Selecting previously unselected package libcdio-paranoia2t64:amd64.
2026-10-04T17:29:40.1008192Z Preparing to unpack .../74-libcdio-paranoia2t64_10.2+2.0.1-1.1build2_amd64.deb ...
2026-10-04T17:29:40.1014213Z Unpacking libcdio-paranoia2t64:amd64 (10.2+2.0.1-1.1build2) ...
2026-10-04T17:29:40.1167995Z Selecting previously unselected package libdc1394-25:amd64.
2026-10-04T17:29:40.1251127Z Preparing to unpack .../75-libdc1394-25_2.2.6-4build1_amd64.deb ...
2026-10-04T17:29:40.1256492Z Unpacking libdc1394-25:amd64 (2.2.6-4build1) ...
2026-10-04T17:29:40.1413085Z Selecting previously unselected package libiec61883-0:amd64.
2026-10-04T17:29:40.1496382Z Preparing to unpack .../76-libiec61883-0_1.2.0-6build1_amd64.deb ...
2026-10-04T17:29:40.1502187Z Unpacking libiec61883-0:amd64 (1.2.0-6build1) ...
2026-10-04T17:29:40.1653531Z Selecting previously unselected package libjack-jackd2-0:amd64.
2026-10-04T17:29:40.1736203Z Preparing to unpack .../77-libjack-jackd2-0_1.9.21~dfsg-3ubuntu3_amd64.deb ...
2026-10-04T17:29:40.1741544Z Unpacking libjack-jackd2-0:amd64 (1.9.21~dfsg-3ubuntu3) ...
2026-10-04T17:29:40.1918025Z Selecting previously unselected package libopenal-data.
2026-10-04T17:29:40.2001332Z Preparing to unpack .../78-libopenal-data_1%3a1.23.1-4build1_all.deb ...
2026-10-04T17:29:40.2006745Z Unpacking libopenal-data (1:1.23.1-4build1) ...
2026-10-04T17:29:40.2281959Z Selecting previously unselected package libsndio7.0:amd64.
2026-10-04T17:29:40.2364967Z Preparing to unpack .../79-libsndio7.0_1.9.0-0.3build3_amd64.deb ...
2026-10-04T17:29:40.2370087Z Unpacking libsndio7.0:amd64 (1.9.0-0.3build3) ...
2026-10-04T17:29:40.2520816Z Selecting previously unselected package libopenal1:amd64.
2026-10-04T17:29:40.2604178Z Preparing to unpack .../80-libopenal1_1%3a1.23.1-4build1_amd64.deb ...
2026-10-04T17:29:40.2610059Z Unpacking libopenal1:amd64 (1:1.23.1-4build1) ...
2026-10-04T17:29:40.2890662Z Selecting previously unselected package libdecor-0-0:amd64.
2026-10-04T17:29:40.2974903Z Preparing to unpack .../81-libdecor-0-0_0.2.2-1build2_amd64.deb ...
2026-10-04T17:29:40.2980712Z Unpacking libdecor-0-0:amd64 (0.2.2-1build2) ...
2026-10-04T17:29:40.3146732Z Selecting previously unselected package libsdl2-2.0-0:amd64.
2026-10-04T17:29:40.3229973Z Preparing to unpack .../82-libsdl2-2.0-0_2.30.0+dfsg-1ubuntu3.1_amd64.deb ...
2026-10-04T17:29:40.3235657Z Unpacking libsdl2-2.0-0:amd64 (2.30.0+dfsg-1ubuntu3.1) ...
2026-10-04T17:29:40.3898680Z Selecting previously unselected package libxcb-shape0:amd64.
2026-10-04T17:29:40.3984217Z Preparing to unpack .../83-libxcb-shape0_1.15-1ubuntu2_amd64.deb ...
2026-10-04T17:29:40.3989459Z Unpacking libxcb-shape0:amd64 (1.15-1ubuntu2) ...
2026-10-04T17:29:40.4140149Z Selecting previously unselected package libxv1:amd64.
2026-10-04T17:29:40.4224993Z Preparing to unpack .../84-libxv1_2%3a1.0.11-1.1build1_amd64.deb ...
2026-10-04T17:29:40.4230118Z Unpacking libxv1:amd64 (2:1.0.11-1.1build1) ...
2026-10-04T17:29:40.4382586Z Selecting previously unselected package libavdevice60:amd64.
2026-10-04T17:29:40.4466724Z Preparing to unpack .../85-libavdevice60_7%3a6.1.1-3ubuntu5_amd64.deb ...
2026-10-04T17:29:40.4471985Z Unpacking libavdevice60:amd64 (7:6.1.1-3ubuntu5) ...
2026-10-04T17:29:40.4628008Z Selecting previously unselected package ffmpeg.
2026-10-04T17:29:40.4712579Z Preparing to unpack .../86-ffmpeg_7%3a6.1.1-3ubuntu5_amd64.deb ...
2026-10-04T17:29:40.4717737Z Unpacking ffmpeg (7:6.1.1-3ubuntu5) ...
2026-10-04T17:29:40.5135692Z Setting up libgme0:amd64 (0.6.3-7build1) ...
2026-10-04T17:29:40.5150576Z Setting up libchromaprint1:amd64 (1.5.1-5) ...
2026-10-04T17:29:40.5166850Z Setting up libssh-gcrypt-4:amd64 (0.10.6-2ubuntu0.5) ...
2026-10-04T17:29:40.5182323Z Setting up libhwy1t64:amd64 (1.0.7-8.1build1) ...
2026-10-04T17:29:40.5195968Z Setting up libudfread0:amd64 (1.1.2-1build1) ...
2026-10-04T17:29:40.5211940Z Setting up libraw1394-11:amd64 (2.1.2-2build3) ...
2026-10-04T17:29:40.5225331Z Setting up libspeex1:amd64 (1.2.1-2ubuntu2.24.04.1) ...
2026-10-04T17:29:40.5238066Z Setting up libshine3:amd64 (3.1.1-2build1) ...
2026-10-04T17:29:40.5254275Z Setting up libcaca0:amd64 (0.99.beta20-4ubuntu0.2) ...
2026-10-04T17:29:40.5266926Z Setting up libvpl2 (2023.3.0-1build1) ...
2026-10-04T17:29:40.5281951Z Setting up libx264-164:amd64 (2:0.164.3108+git31e19f9-1) ...
2026-10-04T17:29:40.5295259Z Setting up libtwolame0:amd64 (0.4.0-2build3) ...
2026-10-04T17:29:40.5308034Z Setting up libmbedcrypto7t64:amd64 (2.28.8-1) ...
2026-10-04T17:29:40.5323134Z Setting up libgsm1:amd64 (1.0.22-1build1) ...
2026-10-04T17:29:40.5338968Z Setting up libsoxr0:amd64 (0.1.3-4build3) ...
2026-10-04T17:29:40.5354258Z Setting up libzix-0-0:amd64 (0.4.2-2build1) ...
2026-10-04T17:29:40.5367927Z Setting up libcodec2-1.2:amd64 (1.2.0-2build1) ...
2026-10-04T17:29:40.5380581Z Setting up libmysofa1:amd64 (1.3.2+dfsg-2ubuntu2) ...
2026-10-04T17:29:40.5395899Z Setting up libxcb-shape0:amd64 (1.15-1ubuntu2) ...
2026-10-04T17:29:40.5409248Z Setting up libcdio19t64:amd64 (2.1.0-4.1ubuntu1.2) ...
2026-10-04T17:29:40.5422949Z Setting up libsvtav1enc1d1:amd64 (1.7.0+dfsg-2build1) ...
2026-10-04T17:29:40.5438139Z Setting up libmpg123-0t64:amd64 (1.32.5-1ubuntu1.1) ...
2026-10-04T17:29:40.5451081Z Setting up libcjson1:amd64 (1.7.17-1) ...
2026-10-04T17:29:40.5464206Z Setting up libxvidcore4:amd64 (2:1.3.7-1build1) ...
2026-10-04T17:29:40.5479289Z Setting up librav1e0:amd64 (0.7.1-2) ...
2026-10-04T17:29:40.5492472Z Setting up libcdio-cdda2t64:amd64 (10.2+2.0.1-1.1build2) ...
2026-10-04T17:29:40.5506956Z Setting up librist4:amd64 (0.2.10+dfsg-2) ...
2026-10-04T17:29:40.5521177Z Setting up librsvg2-2:amd64 (2.58.0+dfsg-1build1) ...
2026-10-04T17:29:40.5533877Z Setting up libblas3:amd64 (3.12.0-3build1.1) ...
2026-10-04T17:29:40.5577196Z update-alternatives: using /usr/lib/x86_64-linux-gnu/blas/libblas.so.3 to provide /usr/lib/x86_64-linux-gnu/libblas.so.3 (libblas.so.3-x86_64-linux-gnu) in auto mode
2026-10-04T17:29:40.5587850Z Setting up libplacebo338:amd64 (6.338.2-2build1) ...
2026-10-04T17:29:40.5601337Z Setting up libva2:amd64 (2.20.0-2ubuntu0.2) ...
2026-10-04T17:29:40.5616229Z Setting up libopus0:amd64 (1.4-1build1) ...
2026-10-04T17:29:40.5629839Z Setting up libcdio-paranoia2t64:amd64 (10.2+2.0.1-1.1build2) ...
2026-10-04T17:29:40.5642784Z Setting up libdc1394-25:amd64 (2.2.6-4build1) ...
2026-10-04T17:29:40.5657753Z Setting up libxv1:amd64 (2:1.0.11-1.1build1) ...
2026-10-04T17:29:40.5670692Z Setting up libunibreak5:amd64 (5.1-2build1) ...
2026-10-04T17:29:40.5685843Z Setting up libjxl0.7:amd64 (0.7.0-10.2ubuntu6.1) ...
2026-10-04T17:29:40.5699416Z Setting up libx265-199:amd64 (3.5-2build1) ...
2026-10-04T17:29:40.5712689Z Setting up libsndio7.0:amd64 (1.9.0-0.3build3) ...
2026-10-04T17:29:40.5728486Z Setting up libvidstab1.1:amd64 (1.1.0-2build1) ...
2026-10-04T17:29:40.5741463Z Setting up libvpx9:amd64 (1.14.0-1ubuntu2.3) ...
2026-10-04T17:29:40.5756796Z Setting up libsrt1.5-gnutls:amd64 (1.5.3-1build2) ...
2026-10-04T17:29:40.5769887Z Setting up libflite1:amd64 (2.2-6build3) ...
2026-10-04T17:29:40.5782866Z Setting up libdav1d7:amd64 (1.4.1-1build1) ...
2026-10-04T17:29:40.5797751Z Setting up libva-drm2:amd64 (2.20.0-2ubuntu0.2) ...
2026-10-04T17:29:40.5810984Z Setting up ocl-icd-libopencl1:amd64 (2.3.2-1build1) ...
2026-10-04T17:29:40.5826226Z Setting up libasyncns0:amd64 (0.8-6build4) ...
2026-10-04T17:29:40.5838762Z Setting up libvdpau1:amd64 (1.5-2build1) ...
2026-10-04T17:29:40.5859697Z Setting up libbs2b0:amd64 (3.1.0+dfsg-7build1) ...
2026-10-04T17:29:40.5875692Z Setting up libtheora0:amd64 (1.1.1+dfsg.1-16.1build3) ...
2026-10-04T17:29:40.5888816Z Setting up libdecor-0-0:amd64 (0.2.2-1build2) ...
2026-10-04T17:29:40.5903847Z Setting up libzimg2:amd64 (3.0.5+ds1-1build1) ...
2026-10-04T17:29:40.5916765Z Setting up libopenal-data (1:1.23.1-4build1) ...
2026-10-04T17:29:40.5938067Z Setting up libflac12t64:amd64 (1.4.3+ds-2.1ubuntu2) ...
2026-10-04T17:29:40.5951243Z Setting up libbluray2:amd64 (1:1.3.4-1build1) ...
2026-10-04T17:29:40.5964523Z Setting up libsamplerate0:amd64 (0.2.2-4build1) ...
2026-10-04T17:29:40.5979526Z Setting up libva-x11-2:amd64 (2.20.0-2ubuntu0.2) ...
2026-10-04T17:29:40.5992414Z Setting up libopenmpt0t64:amd64 (0.7.3-1.1build3) ...
2026-10-04T17:29:40.6007120Z Setting up libzvbi-common (0.2.42-2) ...
2026-10-04T17:29:40.6021097Z Setting up libmp3lame0:amd64 (3.100-6build1) ...
2026-10-04T17:29:40.6034677Z Setting up libvorbisenc2:amd64 (1.3.7-1build3) ...
2026-10-04T17:29:40.6051490Z Setting up libiec61883-0:amd64 (1.2.0-6build1) ...
2026-10-04T17:29:40.6065143Z Setting up libserd-0-0:amd64 (0.32.2-1) ...
2026-10-04T17:29:40.6085740Z Setting up libavc1394-0:amd64 (0.5.4-5build3) ...
2026-10-04T17:29:40.6099479Z Setting up liblapack3:amd64 (3.12.0-3build1.1) ...
2026-10-04T17:29:40.6139895Z update-alternatives: using /usr/lib/x86_64-linux-gnu/lapack/liblapack.so.3 to provide /usr/lib/x86_64-linux-gnu/liblapack.so.3 (liblapack.so.3-x86_64-linux-gnu) in auto mode
2026-10-04T17:29:40.6151260Z Setting up libzvbi0t64:amd64 (0.2.42-2) ...
2026-10-04T17:29:40.6167322Z Setting up libavutil58:amd64 (7:6.1.1-3ubuntu5) ...
2026-10-04T17:29:40.6181582Z Setting up libopenal1:amd64 (1:1.23.1-4build1) ...
2026-10-04T17:29:40.6197400Z Setting up libass9:amd64 (1:0.17.1-2build1) ...
2026-10-04T17:29:40.6211076Z Setting up libswresample4:amd64 (7:6.1.1-3ubuntu5) ...
2026-10-04T17:29:40.6226468Z Setting up libavcodec60:amd64 (7:6.1.1-3ubuntu5) ...
2026-10-04T17:29:40.6242378Z Setting up librubberband2:amd64 (3.3.0+dfsg-2build1) ...
2026-10-04T17:29:40.6256065Z Setting up libjack-jackd2-0:amd64 (1.9.21~dfsg-3ubuntu3) ...
2026-10-04T17:29:40.6270415Z Setting up libsord-0-0:amd64 (0.16.16-2build1) ...
2026-10-04T17:29:40.6286261Z Setting up libpostproc57:amd64 (7:6.1.1-3ubuntu5) ...
2026-10-04T17:29:40.6299957Z Setting up libsratom-0-0:amd64 (0.6.16-1build1) ...
2026-10-04T17:29:40.6314843Z Setting up libsndfile1:amd64 (1.2.2-1ubuntu5.24.04.1) ...
2026-10-04T17:29:40.6328578Z Setting up liblilv-0-0:amd64 (0.24.22-1build1) ...
2026-10-04T17:29:40.6344561Z Setting up libswscale7:amd64 (7:6.1.1-3ubuntu5) ...
2026-10-04T17:29:40.6361276Z Setting up libpulse0:amd64 (1:16.1+dfsg1-2ubuntu10.1) ...
2026-10-04T17:29:40.6412256Z Setting up libavformat60:amd64 (7:6.1.1-3ubuntu5) ...
2026-10-04T17:29:40.6427540Z Setting up libsphinxbase3t64:amd64 (0.8+5prealpha+1-17build2) ...
2026-10-04T17:29:40.6443513Z Setting up libsdl2-2.0-0:amd64 (2.30.0+dfsg-1ubuntu3.1) ...
2026-10-04T17:29:40.6782102Z Setting up libpocketsphinx3:amd64 (0.8.0+real5prealpha+1-15ubuntu5) ...
2026-10-04T17:29:40.6795540Z Setting up libavfilter9:amd64 (7:6.1.1-3ubuntu5) ...
2026-10-04T17:29:40.6810251Z Setting up libavdevice60:amd64 (7:6.1.1-3ubuntu5) ...
2026-10-04T17:29:40.6827021Z Setting up ffmpeg (7:6.1.1-3ubuntu5) ...
2026-10-04T17:29:40.6841280Z Processing triggers for man-db (2.12.0-4build2) ...
2026-10-04T17:29:40.6857793Z Not building database; man-db/auto-update is not 'true'.
2026-10-04T17:29:40.6864879Z Processing triggers for libc-bin (2.39-0ubuntu8.9) ...
2026-10-04T17:29:41.2833791Z 
2026-10-04T17:29:41.2834224Z Running kernel seems to be up-to-date.
2026-10-04T17:29:41.2834395Z 
2026-10-04T17:29:41.2834481Z No services need to be restarted.
2026-10-04T17:29:41.2834590Z 
2026-10-04T17:29:41.2834670Z No containers need to be restarted.
2026-10-04T17:29:41.2834766Z 
2026-10-04T17:29:41.2834863Z No user sessions are running outdated binaries.
2026-10-04T17:29:41.2834977Z 
2026-10-04T17:29:41.2835135Z No VM guests are running outdated hypervisor (qemu) binaries on this host.
2026-10-04T17:29:42.1407231Z ffmpeg version 6.1.1-3ubuntu5 Copyright (c) 2000-2023 the FFmpeg developers
2026-10-04T17:29:42.2697781Z ffprobe version 6.1.1-3ubuntu5 Copyright (c) 2007-2023 the FFmpeg developers
2026-10-04T17:29:42.4346866Z ffmpeg encodes h264 via lavfi: the video variant fixture can be built
2026-10-04T17:29:42.4398785Z ##[group]Run bun install --frozen-lockfile --minimum-release-age=0
2026-10-04T17:29:42.4399281Z [36;1mbun install --frozen-lockfile --minimum-release-age=0[0m
2026-10-04T17:29:42.4450381Z shell: /usr/bin/bash -e {0}
2026-10-04T17:29:42.4450518Z ##[endgroup]
2026-10-04T17:29:42.4530109Z bun install v1.4.2 (744846f84)
2026-10-04T17:30:00.0508789Z 
2026-10-04T17:30:00.0509443Z + @types/express@4.17.25
2026-10-04T17:30:00.0509714Z + @types/jest@30.0.0
2026-10-04T17:30:00.0509848Z + drizzle-orm@0.45.2
2026-10-04T17:30:00.0509973Z + expo@57.0.21
2026-10-04T17:30:00.0510100Z + expo-constants@57.0.17
2026-10-04T17:30:00.0510248Z + expo-document-picker@57.0.1
2026-10-04T17:30:00.0510432Z + expo-haptics@57.0.2
2026-10-04T17:30:00.0510584Z + expo-image-manipulator@57.0.16
2026-10-04T17:30:00.0510739Z + expo-linear-gradient@57.0.1
2026-10-04T17:30:00.0510884Z + expo-modules-core@57.0.17
2026-10-04T17:30:00.0511030Z + expo-notifications@57.0.17
2026-10-04T17:30:00.0511228Z + expo-web-browser@57.0.2
2026-10-04T17:30:00.0511376Z + jest-environment-jsdom@30.5.1
2026-10-04T17:30:00.0511552Z + react-native-keyboard-controller@1.21.13
2026-10-04T17:30:00.0511717Z + react-native-web@0.21.2
2026-10-04T17:30:00.0511849Z + ts-jest@29.4.12
2026-10-04T17:30:00.0511959Z + turbo@2.10.12
2026-10-04T17:30:00.0512075Z + typescript@5.9.3
2026-10-04T17:30:00.0512192Z + vite@7.3.1
2026-10-04T17:30:00.0512334Z + @expo/metro-runtime@57.0.15
2026-10-04T17:30:00.0512474Z + @oxy.so/bloom@6.2.1
2026-10-04T17:30:00.0512596Z + expo-contacts@57.0.4
2026-10-04T17:30:00.0512733Z + expo-image-picker@57.0.16
2026-10-04T17:30:00.0512875Z + expo-splash-screen@57.0.8
2026-10-04T17:30:00.0513008Z + is-arrayish@0.3.4
2026-10-04T17:30:00.0513147Z + react-native-worklets@0.10.0
2026-10-04T17:30:00.0513234Z 
2026-10-04T17:30:00.0513311Z 2271 packages installed [17.60s]
2026-10-04T17:30:00.0619345Z ##[group]Run actions/cache/restore@55cc8345863c7cc4c66a329aec7e433d2d1c52a9
2026-10-04T17:30:00.0619561Z with:
2026-10-04T17:30:00.0619671Z   path: .turbo/cache
2026-10-04T17:30:00.0619841Z   key: turbo-build-Linux-X64-7d69692637ba6d8cd341a823271c44f6ff1c533c
2026-10-04T17:30:00.0620048Z   restore-keys: turbo-build-Linux-X64-
2026-10-04T17:30:00.0620196Z   enableCrossOsArchive: false
2026-10-04T17:30:00.0620335Z   fail-on-cache-miss: false
2026-10-04T17:30:00.0620461Z   lookup-only: false
2026-10-04T17:30:00.0620575Z ##[endgroup]
2026-10-04T17:30:00.2542358Z Cache hit for restore-key: turbo-build-Linux-X64-f716a52734faa6e683f872802c67e9b7e419780f
2026-10-04T17:30:00.9556306Z Received 10725381 of 10725381 (100.0%), 18.9 MBs/sec
2026-10-04T17:30:00.9556704Z Cache Size: ~10 MB (10725381 B)
2026-10-04T17:30:00.9573107Z [command]/usr/bin/tar -xf /home/runner/work/_temp/c2af2e7a-a7ab-418a-a4ef-137e04a56765/cache.tzst -P -C /home/runner/work/oxy/oxy --use-compress-program unzstd
2026-10-04T17:30:01.0083078Z Cache restored successfully
2026-10-04T17:30:01.0134103Z Cache restored from key: turbo-build-Linux-X64-f716a52734faa6e683f872802c67e9b7e419780f
2026-10-04T17:30:01.0251969Z ##[group]Run bunx turbo run build --filter=@oxy.so/contracts --filter=@oxy.so/protocol --filter=@oxy.so/core --filter=@oxy.so/federation --filter=@oxy.so/mcp --filter=@oxy.so/db
2026-10-04T17:30:01.0252917Z [36;1mbunx turbo run build --filter=@oxy.so/contracts --filter=@oxy.so/protocol --filter=@oxy.so/core --filter=@oxy.so/federation --filter=@oxy.so/mcp --filter=@oxy.so/db[0m
2026-10-04T17:30:01.0312277Z shell: /usr/bin/bash -e {0}
2026-10-04T17:30:01.0312426Z ##[endgroup]
2026-10-04T17:30:01.0667219Z 
2026-10-04T17:30:01.0667829Z Attention:
2026-10-04T17:30:01.0668789Z Turborepo now collects completely anonymous telemetry regarding usage.
2026-10-04T17:30:01.0669878Z This information is used to shape the Turborepo roadmap and prioritize features.
2026-10-04T17:30:01.0690120Z You can learn more, including how to opt-out if you'd not like to participate in this anonymous program, by visiting the following URL:
2026-10-04T17:30:01.0719546Z https://turborepo.dev/docs/telemetry
2026-10-04T17:30:01.0727331Z 
2026-10-04T17:30:01.1343905Z 
2026-10-04T17:30:01.1345072Z    • Packages in scope: @oxy.so/contracts, @oxy.so/core, @oxy.so/db, @oxy.so/federation, @oxy.so/mcp, @oxy.so/protocol
2026-10-04T17:30:01.1345624Z    • Running build in 6 packages
2026-10-04T17:30:01.1345890Z    • Remote caching disabled
2026-10-04T17:30:01.1346034Z 
2026-10-04T17:30:01.1401105Z ##[group]@oxy.so/telemetry:build
2026-10-04T17:30:01.1401709Z cache hit, replaying logs a7e3286c6c7aeac3
2026-10-04T17:30:01.1402376Z $ bun run clean && bun run build:cjs && bun run build:esm && bun run build:types
2026-10-04T17:30:01.1402945Z $ rm -rf dist
2026-10-04T17:30:01.1403326Z $ tsc -p tsconfig.cjs.json && node scripts/mark-cjs.mjs
2026-10-04T17:30:01.1403644Z $ tsc -p tsconfig.esm.json
2026-10-04T17:30:01.1403884Z $ tsc -p tsconfig.types.json
2026-10-04T17:30:01.1404267Z ##[endgroup]
2026-10-04T17:30:01.1423469Z ##[group]@oxy.so/db:build
2026-10-04T17:30:01.1423914Z cache hit, replaying logs cf3c4de39687f8b7
2026-10-04T17:30:01.1424187Z $ bun run build:cjs && bun run build:esm && bun run build:types
2026-10-04T17:30:01.1424390Z $ tsc -p tsconfig.cjs.json
2026-10-04T17:30:01.1424606Z $ tsc -p tsconfig.esm.json && node scripts/fix-esm-imports.mjs
2026-10-04T17:30:01.1424804Z ESM imports fixed
2026-10-04T17:30:01.1424938Z $ tsc -p tsconfig.types.json
2026-10-04T17:30:01.1425309Z ##[endgroup]
2026-10-04T17:30:01.1494125Z ##[group]@oxy.so/contracts:build
2026-10-04T17:30:01.1494438Z cache hit, replaying logs 62272cf2129ed331
2026-10-04T17:30:01.1494753Z $ bun run build:cjs && bun run build:esm && bun run build:types
2026-10-04T17:30:01.1494960Z $ tsc -p tsconfig.cjs.json
2026-10-04T17:30:01.1495186Z $ tsc -p tsconfig.esm.json && node scripts/fix-esm-imports.mjs
2026-10-04T17:30:01.1495381Z ESM imports fixed
2026-10-04T17:30:01.1495514Z $ tsc -p tsconfig.types.json
2026-10-04T17:30:01.1495734Z ##[endgroup]
2026-10-04T17:30:01.1521863Z ##[group]@oxy.so/mcp:build
2026-10-04T17:30:01.1522172Z cache hit, replaying logs c4af4a9a3b74d661
2026-10-04T17:30:01.1522530Z $ bun run build:cjs && bun run build:esm && bun run build:types
2026-10-04T17:30:01.1522842Z $ tsc -p tsconfig.cjs.json
2026-10-04T17:30:01.1523164Z $ tsc -p tsconfig.esm.json && node scripts/fix-esm-imports.mjs
2026-10-04T17:30:01.1523477Z $ tsc -p tsconfig.types.json
2026-10-04T17:30:01.1523800Z ##[endgroup]
2026-10-04T17:30:01.1551007Z ##[group]@oxy.so/protocol:build
2026-10-04T17:30:01.1551397Z cache hit, replaying logs 9db769c0454297cf
2026-10-04T17:30:01.1551805Z $ bun run build:cjs && bun run build:esm && bun run build:types
2026-10-04T17:30:01.1552114Z $ tsc -p tsconfig.cjs.json
2026-10-04T17:30:01.1552455Z $ tsc -p tsconfig.esm.json && node scripts/fix-esm-imports.mjs
2026-10-04T17:30:01.1552756Z ESM imports fixed
2026-10-04T17:30:01.1552962Z $ tsc -p tsconfig.types.json
2026-10-04T17:30:01.1553299Z ##[endgroup]
2026-10-04T17:30:01.1749369Z ##[group]@oxy.so/core:build
2026-10-04T17:30:01.1749981Z cache hit, replaying logs 5f149114dd665fcf
2026-10-04T17:30:01.1750961Z $ node scripts/build-workspace-deps.mjs @oxy.so/telemetry && bun run build:cjs && bun run build:esm && bun run build:types && node scripts/mark-module-formats.mjs
2026-10-04T17:30:01.1751538Z $ tsc -p tsconfig.cjs.json
2026-10-04T17:30:01.1751876Z $ tsc -p tsconfig.esm.json && node scripts/fix-esm-imports.mjs
2026-10-04T17:30:01.1752175Z ESM imports fixed
2026-10-04T17:30:01.1752388Z $ tsc -p tsconfig.types.json
2026-10-04T17:30:01.1752753Z ##[endgroup]
2026-10-04T17:30:01.1778452Z ##[group]@oxy.so/federation:build
2026-10-04T17:30:01.1778726Z cache hit, replaying logs 0d865f0429974e50
2026-10-04T17:30:01.1779502Z $ node ../core/scripts/build-workspace-deps.mjs @oxy.so/contracts @oxy.so/protocol @oxy.so/core && bun run build:cjs && bun run build:esm && bun run build:types
2026-10-04T17:30:01.1780036Z $ tsc -p tsconfig.cjs.json
2026-10-04T17:30:01.1780414Z $ tsc -p tsconfig.esm.json && node scripts/fix-esm-imports.mjs
2026-10-04T17:30:01.1780628Z ESM imports fixed
2026-10-04T17:30:01.1780768Z $ tsc -p tsconfig.types.json
2026-10-04T17:30:01.1780987Z ##[endgroup]
2026-10-04T17:30:01.1781066Z 
2026-10-04T17:30:01.1781149Z  Tasks:    7 successful, 7 total
2026-10-04T17:30:01.1781308Z Cached:    7 cached, 7 total
2026-10-04T17:30:01.1781461Z   Time:    111ms >>> FULL TURBO
2026-10-04T17:30:01.1781553Z 
2026-10-04T17:30:01.1915943Z ##[group]Run node -e "const os=require('node:os');console.log('cpus=%d totalmem=%s GiB maxWorkers=%d',os.cpus().length,(os.totalmem()/1073741824).toFixed(1),require('./jest.config.js').maxWorkers)"
2026-10-04T17:30:01.1916578Z [36;1mnode -e "const os=require('node:os');console.log('cpus=%d totalmem=%s GiB maxWorkers=%d',os.cpus().length,(os.totalmem()/1073741824).toFixed(1),require('./jest.config.js').maxWorkers)"[0m
2026-10-04T17:30:01.1970557Z shell: /usr/bin/bash -e {0}
2026-10-04T17:30:01.1970708Z ##[endgroup]
2026-10-04T17:30:01.2245405Z cpus=4 totalmem=15.6 GiB maxWorkers=1
2026-10-04T17:30:01.2306746Z ##[group]Run echo "Running API coverage shard ${SHARD_INDEX}/${SHARD_TOTAL}"
2026-10-04T17:30:01.2307048Z [36;1mecho "Running API coverage shard ${SHARD_INDEX}/${SHARD_TOTAL}"[0m
2026-10-04T17:30:01.2307253Z [36;1mbun run test:coverage -- \[0m
2026-10-04T17:30:01.2307432Z [36;1m  --shard="${SHARD_INDEX}/${SHARD_TOTAL}" \[0m
2026-10-04T17:30:01.2307670Z [36;1m  --json --outputFile="coverage/shard-${SHARD_INDEX}/jest-results.json" \[0m
2026-10-04T17:30:01.2307925Z [36;1m  --coverageDirectory="coverage/shard-${SHARD_INDEX}" \[0m
2026-10-04T17:30:01.2308116Z [36;1m  --coverageReporters=json \[0m
2026-10-04T17:30:01.2308269Z [36;1m  --coverageReporters=lcovonly \[0m
2026-10-04T17:30:01.2308433Z [36;1m  --coverageReporters=text-summary[0m
2026-10-04T17:30:01.2357074Z shell: /usr/bin/bash -e {0}
2026-10-04T17:30:01.2357217Z env:
2026-10-04T17:30:01.2357325Z   SHARD_INDEX: 3
2026-10-04T17:30:01.2357436Z   SHARD_TOTAL: 6
2026-10-04T17:30:01.2357923Z   DATABASE_URL: ***127.0.0.1:5432/oxy_test
2026-10-04T17:30:01.2358125Z   ACCESS_TOKEN_SECRET: test_access_token_secret_minimum_32_characters
2026-10-04T17:30:01.2358368Z   REFRESH_TOKEN_SECRET: test_refresh_token_secret_minimum_32_characters
2026-10-04T17:30:01.2358561Z   AWS_REGION: us-east-1
2026-10-04T17:30:01.2358691Z   AWS_ACCESS_KEY_ID: test_aws_access_key
2026-10-04T17:30:01.2358964Z   AWS_SECRET_ACCESS_KEY: test_aws_secret_key
2026-10-04T17:30:01.2359139Z   AWS_S3_BUCKET: test-bucket
2026-10-04T17:30:01.2359266Z   NODE_ENV: test
2026-10-04T17:30:01.2359380Z ##[endgroup]
2026-10-04T17:30:01.2447484Z Running API coverage shard 3/6
2026-10-04T17:30:01.2469035Z $ jest --coverage "--shard=3/6" --json "--outputFile=coverage/shard-3/jest-results.json" "--coverageDirectory=coverage/shard-3" "--coverageReporters=json" "--coverageReporters=lcovonly" "--coverageReporters=text-summary"
2026-10-04T17:30:05.9603474Z {"level":30,"time":1791135005860,"pid":4039,"hostname":"runnervm8df0l","maxPoolSize":8,"msg":"Connected to PostgreSQL successfully"}
2026-10-04T17:30:08.0784868Z PASS src/services/__tests__/inferenceLedger.service.test.ts
2026-10-04T17:30:10.8729616Z [BABEL] Note: The code generator has deoptimised the styling of /home/runner/work/oxy/oxy/packages/api/src/services/inferenceEdge.service.ts as it exceeds the max of 500KB.
2026-10-04T17:30:16.2666087Z PASS src/routes/__tests__/inferenceEdgeInternalMetered.test.ts (8.031 s)
2026-10-04T17:30:20.5483551Z PASS src/services/__tests__/federation.service.test.ts
2026-10-04T17:30:20.9191969Z {"level":30,"time":1791135020819,"pid":4039,"hostname":"runnervm8df0l","maxPoolSize":8,"msg":"Connected to PostgreSQL successfully"}
2026-10-04T17:30:20.9192989Z {"level":30,"time":1791135020891,"pid":4039,"hostname":"runnervm8df0l","component":"SessionService","method":"createSession","userId":"01a107f7-7752-7ccb-8526-c937b46e48b6","sessionId":"46a0723f","fromDeviceId":"29b4e8d1","toDeviceId":"dev-6091","msg":"[SessionService] Migrated reused session onto caller device"}
2026-10-04T17:30:20.9194564Z {"level":30,"time":1791135020916,"pid":4039,"hostname":"runnervm8df0l","component":"SessionService","method":"createSession","userId":"01a107f7-775e-7d96-b196-6cd51526e941","sessionId":"b4b3c645","fromDeviceId":"a549b447","toDeviceId":"dev-a5b8","msg":"[SessionService] Migrated reused session onto caller device"}
2026-10-04T17:30:21.0335026Z {"level":30,"time":1791135020933,"pid":4039,"hostname":"runnervm8df0l","component":"SessionService","method":"createSession","userId":"01a107f7-777c-7fee-ae8a-7bad51662a69","sessionId":"b6a6a897","fromDeviceId":"41c897e9","toDeviceId":"dev-a83f","msg":"[SessionService] Migrated reused session onto caller device"}
2026-10-04T17:30:21.0335879Z {"level":30,"time":1791135020994,"pid":4039,"hostname":"runnervm8df0l","sessionId":"e9453792","msg":"[SessionService] Deactivated session"}
2026-10-04T17:30:21.0336406Z {"level":30,"time":1791135021000,"pid":4039,"hostname":"runnervm8df0l","sessionId":"f3658dba","msg":"[SessionService] Deactivated session"}
2026-10-04T17:30:21.0337167Z {"level":30,"time":1791135021006,"pid":4039,"hostname":"runnervm8df0l","sessionId":"5dc562d1","msg":"[SessionService] Deactivated session"}
2026-10-04T17:30:21.0337654Z {"level":30,"time":1791135021007,"pid":4039,"hostname":"runnervm8df0l","sessionId":"5dc562d1","msg":"[SessionService] Deactivated session"}
2026-10-04T17:30:21.0338251Z {"level":30,"time":1791135021019,"pid":4039,"hostname":"runnervm8df0l","count":2,"userId":"01a107f7-77cf-7870-b586-5bd6b9cd59a5","msg":"[SessionService] Deactivated sessions for user"}
2026-10-04T17:30:21.0339086Z {"level":30,"time":1791135021032,"pid":4039,"hostname":"runnervm8df0l","count":1,"userId":"01a107f7-77df-74ff-b97d-fcef04549448","msg":"[SessionService] Deactivated sessions for user"}
2026-10-04T17:30:21.1466591Z {"level":30,"time":1791135021046,"pid":4039,"hostname":"runnervm8df0l","sessionId":"1f8637a0","msg":"[SessionService] Deactivated session"}
2026-10-04T17:30:21.1467343Z {"level":30,"time":1791135021067,"pid":4039,"hostname":"runnervm8df0l","sessionId":"54052b83","msg":"[SessionService] Refresh token grace period used"}
2026-10-04T17:30:21.1467868Z {"level":30,"time":1791135021084,"pid":4039,"hostname":"runnervm8df0l","sessionId":"64221e21","msg":"[SessionService] Deactivated session"}
2026-10-04T17:30:21.2892194Z {"level":30,"time":1791135021189,"pid":4039,"hostname":"runnervm8df0l","sessionId":"33523aad","msg":"[SessionService] Deactivated session"}
2026-10-04T17:30:21.2893897Z {"level":30,"time":1791135021189,"pid":4039,"hostname":"runnervm8df0l","sessionId":"33523aad","operatorId":"01a107f7-787d-7858-94a8-642fe026839d","accountId":"01a107f7-787f-76a4-a40e-6deea4553d6a","msg":"[SessionService] Managed-account session revoked — operator lost act_as"}
2026-10-04T17:30:21.2895048Z {"level":30,"time":1791135021205,"pid":4039,"hostname":"runnervm8df0l","sessionId":"e9899b9f","msg":"[SessionService] Deactivated session"}
2026-10-04T17:30:21.2896413Z {"level":30,"time":1791135021205,"pid":4039,"hostname":"runnervm8df0l","sessionId":"e9899b9f","operatorId":"01a107f7-788d-7689-b27d-49920aaf1fd2","accountId":"01a107f7-788f-760f-8d3a-7ad2bf235aac","msg":"[SessionService] Managed-account session revoked — operator lost act_as"}
2026-10-04T17:30:21.4301904Z {"level":40,"time":1791135021329,"pid":4039,"hostname":"runnervm8df0l","component":"SessionService","method":"validateSession","sessionId":"9684d3d3","reason":"client_mismatch","msg":"[SessionService] Access token rejected by binding check"}
2026-10-04T17:30:21.5725855Z {"level":30,"time":1791135021445,"pid":4039,"hostname":"runnervm8df0l","sessionId":"0bdf78c8","msg":"[SessionService] Deactivated session"}
2026-10-04T17:30:21.5727664Z {"level":30,"time":1791135021445,"pid":4039,"hostname":"runnervm8df0l","sessionId":"0bdf78c8","operatorId":"01a107f7-7976-7e4d-b893-dbf5c385a2c1","accountId":"01a107f7-7978-7890-957c-83b5c3da20b2","msg":"[SessionService] Managed-account session revoked — operator lost act_as"}
2026-10-04T17:30:21.5776266Z PASS src/services/__tests__/session.service.test.ts
2026-10-04T17:30:21.5777082Z {"level":30,"time":1791135021479,"pid":4039,"hostname":"runnervm8df0l","sessionId":"db97223d","msg":"[SessionService] Refresh token grace period used"}
2026-10-04T17:30:21.8666480Z {"level":30,"time":1791135021766,"pid":4039,"hostname":"runnervm8df0l","maxPoolSize":8,"msg":"Connected to PostgreSQL successfully"}
2026-10-04T17:30:22.0214491Z PASS src/db/schema/__tests__/authSession.test.ts
2026-10-04T17:30:22.2621233Z {"level":30,"time":1791135022162,"pid":4039,"hostname":"runnervm8df0l","maxPoolSize":8,"msg":"Connected to PostgreSQL successfully"}
2026-10-04T17:30:22.4084431Z PASS src/db/schema/__tests__/inferenceCatalogue.test.ts
2026-10-04T17:30:27.4412923Z PASS src/services/__tests__/kaanaCatalogueSync.test.ts
2026-10-04T17:30:28.0270360Z {"level":30,"time":1791135027926,"pid":4039,"hostname":"runnervm8df0l","maxPoolSize":8,"msg":"Connected to PostgreSQL successfully"}
2026-10-04T17:30:30.2036898Z {"level":40,"time":1791135030103,"pid":4039,"hostname":"runnervm8df0l","component":"civic.attestation","msg":"Reputation attestation skipped: OXY_PRIVATE_KEY/OXY_PUBLIC_KEY not configured"}
2026-10-04T17:30:30.2038200Z {"level":30,"time":1791135030134,"pid":4039,"hostname":"runnervm8df0l","component":"civic.validator","requestId":"01a107f7-9b21-7324-a160-c592e7c7f2c2","outcome":"validated","valid":3,"invalid":0,"msg":"Validation request resolved"}
2026-10-04T17:30:30.4194499Z {"level":40,"time":1791135030319,"pid":4039,"hostname":"runnervm8df0l","component":"civic.attestation","msg":"Reputation attestation skipped: OXY_PRIVATE_KEY/OXY_PUBLIC_KEY not configured"}
2026-10-04T17:30:30.4195616Z {"level":30,"time":1791135030345,"pid":4039,"hostname":"runnervm8df0l","component":"civic.validator","requestId":"01a107f7-9c00-7c0c-97d1-7a71d6744dda","outcome":"validated","valid":3,"invalid":0,"msg":"Validation request resolved"}
2026-10-04T17:30:30.6211200Z {"level":30,"time":1791135030521,"pid":4039,"hostname":"runnervm8df0l","component":"civic.validator","requestId":"01a107f7-9cd1-71d4-aa74-6223ffd5ddd8","outcome":"rejected","valid":0,"invalid":3,"msg":"Validation request resolved"}
2026-10-04T17:30:30.8222154Z {"level":40,"time":1791135030722,"pid":4039,"hostname":"runnervm8df0l","component":"civic.attestation","msg":"Reputation attestation skipped: OXY_PRIVATE_KEY/OXY_PUBLIC_KEY not configured"}
2026-10-04T17:30:30.8223107Z {"level":30,"time":1791135030746,"pid":4039,"hostname":"runnervm8df0l","component":"civic.validator","requestId":"01a107f7-9d8e-7fae-9450-e85964b748af","outcome":"validated","valid":3,"invalid":0,"msg":"Validation request resolved"}
2026-10-04T17:30:31.2281452Z {"level":40,"time":1791135031128,"pid":4039,"hostname":"runnervm8df0l","component":"civic.attestation","msg":"Reputation attestation skipped: OXY_PRIVATE_KEY/OXY_PUBLIC_KEY not configured"}
2026-10-04T17:30:31.2282942Z {"level":30,"time":1791135031146,"pid":4039,"hostname":"runnervm8df0l","component":"civic.validator","requestId":"01a107f7-9f24-71ce-bd19-53ca2bbf2992","outcome":"validated","valid":2,"invalid":1,"msg":"Validation request resolved"}
2026-10-04T17:30:31.5853002Z {"level":30,"time":1791135031485,"pid":4039,"hostname":"runnervm8df0l","component":"civic.validator","requestId":"01a107f7-a016-78d5-8766-24afc15d9824","outcome":"rejected","valid":0,"invalid":3,"msg":"Validation request resolved"}
2026-10-04T17:30:32.5845934Z PASS src/services/__tests__/civic.validator.test.ts (5.088 s)
2026-10-04T17:30:33.3631252Z {"level":30,"time":1791135033263,"pid":4039,"hostname":"runnervm8df0l","maxPoolSize":8,"msg":"Connected to PostgreSQL successfully"}
2026-10-04T17:30:33.3631901Z {"level":30,"time":1791135033264,"pid":4039,"hostname":"runnervm8df0l","msg":"Asset variant generation using in-process fallback (queue Redis URL unset)"}
2026-10-04T17:30:33.3632844Z {"level":30,"time":1791135033269,"pid":4039,"hostname":"runnervm8df0l","msg":"Asset variant generation using in-process fallback (queue Redis URL unset)"}
2026-10-04T17:30:33.3634491Z {"level":30,"time":1791135033282,"pid":4039,"hostname":"runnervm8df0l","sha256":"9eb5339a10d3b55d00434c6b5e06b0ee1604e2349224193451ed08298dd64d4d","fileId":"01a107f7-a7b6-7136-9734-6276f7f8e828","msg":"Cached media already exists for this owner, returning it"}
2026-10-04T17:30:33.3635626Z {"level":30,"time":1791135033283,"pid":4039,"hostname":"runnervm8df0l","msg":"Asset variant generation using in-process fallback (queue Redis URL unset)"}
2026-10-04T17:30:33.3636912Z {"level":40,"time":1791135033300,"pid":4039,"hostname":"runnervm8df0l","fileId":"01a107f7-a7c3-72a3-9f58-aa1194bdee6f","sha256":"2d47cd4cc365e14a7d35ad58e86e12db96e33e1b1f953a5074430912025a8078","storageKey":"content/2d47cd4cc365e14a7d35ad58e86e12db96e33e1b1f953a5074430912025a8078.png","sourceKey":"cache/incoming/992527d5-a219-4e6c-b336-637a23b9e2ec","logLabel":"Cached media","msg":"Active file metadata points to a missing storage object; restoring from streamed upload bytes"}
2026-10-04T17:30:33.3638199Z {"level":30,"time":1791135033300,"pid":4039,"hostname":"runnervm8df0l","fileId":"01a107f7-a7c3-72a3-9f58-aa1194bdee6f","mime":"image/png","msg":"Queueing variant generation"}
2026-10-04T17:30:33.3639188Z {"level":30,"time":1791135033300,"pid":4039,"hostname":"runnervm8df0l","sha256":"2d47cd4cc365e14a7d35ad58e86e12db96e33e1b1f953a5074430912025a8078","fileId":"01a107f7-a7c3-72a3-9f58-aa1194bdee6f","msg":"Cached media already exists for this owner, returning it"}
2026-10-04T17:30:33.3639981Z {"level":30,"time":1791135033301,"pid":4039,"hostname":"runnervm8df0l","msg":"Asset variant generation using in-process fallback (queue Redis URL unset)"}
2026-10-04T17:30:33.3640585Z {"level":30,"time":1791135033315,"pid":4039,"hostname":"runnervm8df0l","fileId":"01a107f7-a7e1-70e0-adc2-a8a779f4c4fd","mime":"image/jpeg","msg":"Queueing variant generation"}
2026-10-04T17:30:33.3641864Z {"level":30,"time":1791135033315,"pid":4039,"hostname":"runnervm8df0l","fileId":"01a107f7-a7e1-70e0-adc2-a8a779f4c4fd","sha256":"32a0ef3fdf7fa6befdcd80466d06c83753cabf512b4e3ccbdf6706e4a50af249","size":20,"originalName":"fresh-avatar.jpg","msg":"File uploaded directly"}
2026-10-04T17:30:33.3643190Z {"level":30,"time":1791135033316,"pid":4039,"hostname":"runnervm8df0l","msg":"Asset variant generation using in-process fallback (queue Redis URL unset)"}
2026-10-04T17:30:33.3644570Z {"level":30,"time":1791135033324,"pid":4039,"hostname":"runnervm8df0l","fileId":"01a107f7-a7eb-7d7e-842b-01bdaef2f511","sha256":"3d9e11d0df94cccb856cce6b77b1d15ba11e0bdfa9029d56919d2879d621d041","size":24,"mime":"image/png","msg":"Cached media uploaded via stream"}
2026-10-04T17:30:33.3645490Z {"level":30,"time":1791135033324,"pid":4039,"hostname":"runnervm8df0l","fileId":"01a107f7-a7eb-7d7e-842b-01bdaef2f511","mime":"image/png","msg":"Queueing variant generation"}
2026-10-04T17:30:33.3646107Z {"level":30,"time":1791135033325,"pid":4039,"hostname":"runnervm8df0l","msg":"Asset variant generation using in-process fallback (queue Redis URL unset)"}
2026-10-04T17:30:33.3646915Z {"level":30,"time":1791135033335,"pid":4039,"hostname":"runnervm8df0l","fileId":"01a107f7-a7f5-7ce5-9362-d564e8d87ef3","sha256":"e3a33c8c2352f2b09f2c857f61d0c6348e8d96ffd011cb4c290c67f18e366f81","size":24,"mime":"image/png","msg":"Federated media uploaded via stream"}
2026-10-04T17:30:33.3647694Z {"level":30,"time":1791135033335,"pid":4039,"hostname":"runnervm8df0l","fileId":"01a107f7-a7f5-7ce5-9362-d564e8d87ef3","mime":"image/png","msg":"Queueing variant generation"}
2026-10-04T17:30:33.3648284Z {"level":30,"time":1791135033337,"pid":4039,"hostname":"runnervm8df0l","msg":"Asset variant generation using in-process fallback (queue Redis URL unset)"}
2026-10-04T17:30:33.3649184Z {"level":30,"time":1791135033346,"pid":4039,"hostname":"runnervm8df0l","fileId":"01a107f7-a801-70fe-a5ec-2496e23eafae","sha256":"1876f0ee6d74b9725399c7edf309156dc3e1e4e011ad91b81bc535619623c19c","size":24,"mime":"image/png","msg":"User media uploaded via stream"}
2026-10-04T17:30:33.3650100Z {"level":30,"time":1791135033346,"pid":4039,"hostname":"runnervm8df0l","fileId":"01a107f7-a801-70fe-a5ec-2496e23eafae","mime":"image/png","msg":"Queueing variant generation"}
2026-10-04T17:30:33.3650693Z {"level":30,"time":1791135033347,"pid":4039,"hostname":"runnervm8df0l","msg":"Asset variant generation using in-process fallback (queue Redis URL unset)"}
2026-10-04T17:30:33.3651486Z {"level":30,"time":1791135033355,"pid":4039,"hostname":"runnervm8df0l","fileId":"01a107f7-a80a-7ebf-98b5-2497228dd153","sha256":"0e6883ea0ff17b6be7847c02522fe780e7a50c0c0d8186ac6484e0e76527ac39","size":24,"mime":"image/png","msg":"Federated media uploaded via stream"}
2026-10-04T17:30:33.3652365Z {"level":30,"time":1791135033355,"pid":4039,"hostname":"runnervm8df0l","fileId":"01a107f7-a80a-7ebf-98b5-2497228dd153","mime":"image/png","msg":"Queueing variant generation"}
2026-10-04T17:30:33.3653043Z {"level":30,"time":1791135033356,"pid":4039,"hostname":"runnervm8df0l","msg":"Asset variant generation using in-process fallback (queue Redis URL unset)"}
2026-10-04T17:30:33.3655825Z {"level":50,"time":1791135033358,"pid":4039,"hostname":"runnervm8df0l","err":{"type":"Object","message":"Cannot store an empty file","stack":"BadRequestError: Cannot store an empty file\n    at AssetService.<anonymous> (/home/runner/work/oxy/oxy/packages/api/src/services/assetService.ts:727:15)\n    at Generator.next (<anonymous>)\n    at /home/runner/work/oxy/oxy/packages/api/src/services/assetService.ts:19138:39\n    at new Promise (<anonymous>)\n    at __awaiter (/home/runner/work/oxy/oxy/packages/api/src/services/assetService.ts:19087:10)\n    at AssetService.uploadFileDirect (/home/runner/work/oxy/oxy/packages/api/src/services/assetService.ts:20602:12)\n    at /home/runner/work/oxy/oxy/packages/api/src/services/__tests__/uploadCachedMediaStream.abort.test.ts:568:15\n    at Generator.next (<anonymous>)\n    at fulfilled (/home/runner/work/oxy/oxy/packages/api/src/services/__tests__/uploadCachedMediaStream.abort.test.ts:29:58)\n    at processTicksAndRejections (node:internal/process/task_queues:104:5)","name":"BadRequestError"},"msg":"Error uploading file directly:"}
2026-10-04T17:30:33.3658170Z {"level":30,"time":1791135033359,"pid":4039,"hostname":"runnervm8df0l","msg":"Asset variant generation using in-process fallback (queue Redis URL unset)"}
2026-10-04T17:30:33.5299841Z {"level":30,"time":1791135033379,"pid":4039,"hostname":"runnervm8df0l","fileId":"01a107f7-a811-74be-b009-8d9b588fcdfd","visibility":"private","storageKey":"content/2026/06/5a5b5ed9987d6b9e4e29eb2c59f03fdf38a6fb085d7baf19c0a44b6cc231ad3a.jpg","variantCount":0,"moved":0,"msg":"Relocated asset objects to match visibility"}
2026-10-04T17:30:33.5301295Z {"level":30,"time":1791135033380,"pid":4039,"hostname":"runnervm8df0l","msg":"Asset variant generation using in-process fallback (queue Redis URL unset)"}
2026-10-04T17:30:33.5302873Z {"level":30,"time":1791135033396,"pid":4039,"hostname":"runnervm8df0l","fileId":"01a107f7-a825-78d7-acd1-72cd3cad3993","visibility":"private","storageKey":"content/2026/06/9a29152e5603863a0f4bbb4b45563ab4d1bddf6b9cacc1f99317d844f482ee16.jpg","variantCount":0,"moved":1,"msg":"Relocated asset objects to match visibility"}
2026-10-04T17:30:33.5304309Z {"level":30,"time":1791135033396,"pid":4039,"hostname":"runnervm8df0l","msg":"Asset variant generation using in-process fallback (queue Redis URL unset)"}
2026-10-04T17:30:33.5305657Z {"level":30,"time":1791135033417,"pid":4039,"hostname":"runnervm8df0l","fileId":"01a107f7-a836-7fd7-94c0-22ac356ca6fc","visibility":"public","storageKey":"public/content/2026/06/ab/original.png","variantCount":1,"moved":2,"msg":"Relocated asset objects to match visibility"}
2026-10-04T17:30:33.5306874Z {"level":30,"time":1791135033418,"pid":4039,"hostname":"runnervm8df0l","msg":"Asset variant generation using in-process fallback (queue Redis URL unset)"}
2026-10-04T17:30:33.5307503Z {"level":30,"time":1791135033418,"pid":4039,"hostname":"runnervm8df0l","fileId":"f1","userId":"u1","msg":"Profile media asset promoted to public"}
2026-10-04T17:30:33.5308404Z {"level":30,"time":1791135033419,"pid":4039,"hostname":"runnervm8df0l","msg":"Asset variant generation using in-process fallback (queue Redis URL unset)"}
2026-10-04T17:30:33.5309214Z {"level":30,"time":1791135033419,"pid":4039,"hostname":"runnervm8df0l","msg":"Asset variant generation using in-process fallback (queue Redis URL unset)"}
2026-10-04T17:30:33.5310184Z {"level":40,"time":1791135033419,"pid":4039,"hostname":"runnervm8df0l","fileId":"f1","userId":"u1","error":"boom","msg":"Failed to promote profile media asset to public"}
2026-10-04T17:30:33.5311172Z {"level":30,"time":1791135033419,"pid":4039,"hostname":"runnervm8df0l","msg":"Asset variant generation using in-process fallback (queue Redis URL unset)"}
2026-10-04T17:30:33.5312530Z {"level":30,"time":1791135033424,"pid":4039,"hostname":"runnervm8df0l","sha256":"a70e3b3da5e9bf681b7c62d1a9ff0da371353f121a80a93ea2117e5c79f4ad22","fileId":"01a107f7-a84d-73de-8a7f-5cc267bef91f","msg":"Federated media already exists for this owner, returning it"}
2026-10-04T17:30:33.5313298Z {"level":30,"time":1791135033425,"pid":4039,"hostname":"runnervm8df0l","msg":"Asset variant generation using in-process fallback (queue Redis URL unset)"}
2026-10-04T17:30:33.5314266Z {"level":30,"time":1791135033431,"pid":4039,"hostname":"runnervm8df0l","sha256":"69ce6585d5974dc8e695adeefee618ee7e87fa26d74602bd18c2dfe023fb2520","fileId":"01a107f7-a853-704f-b943-761b77dba435","msg":"Federated media already exists for this owner, returning it"}
2026-10-04T17:30:33.5315030Z {"level":30,"time":1791135033432,"pid":4039,"hostname":"runnervm8df0l","msg":"Asset variant generation using in-process fallback (queue Redis URL unset)"}
2026-10-04T17:30:33.5315851Z {"level":30,"time":1791135033437,"pid":4039,"hostname":"runnervm8df0l","fileId":"01a107f7-a85c-7bc9-a67d-db8c3b470e88","sha256":"8b8c8060c2e1641f5451f17ea3578cdd45c629a0e3da27dca75c3c51a97452ae","size":24,"mime":"image/png","msg":"Federated media uploaded via stream"}
2026-10-04T17:30:33.5316663Z {"level":30,"time":1791135033437,"pid":4039,"hostname":"runnervm8df0l","fileId":"01a107f7-a85c-7bc9-a67d-db8c3b470e88","mime":"image/png","msg":"Queueing variant generation"}
2026-10-04T17:30:33.5317280Z {"level":30,"time":1791135033437,"pid":4039,"hostname":"runnervm8df0l","msg":"Asset variant generation using in-process fallback (queue Redis URL unset)"}
2026-10-04T17:30:33.5318094Z {"level":30,"time":1791135033445,"pid":4039,"hostname":"runnervm8df0l","fileId":"01a107f7-a864-73c7-8ead-a7ea37a6b600","sha256":"88328d4cff9f6633823e6e551d8a78c18208b49db0c006b79c1e313b98f102a8","size":24,"mime":"image/png","msg":"Federated media uploaded via stream"}
2026-10-04T17:30:33.5319028Z {"level":30,"time":1791135033445,"pid":4039,"hostname":"runnervm8df0l","fileId":"01a107f7-a864-73c7-8ead-a7ea37a6b600","mime":"image/png","msg":"Queueing variant generation"}
2026-10-04T17:30:33.5319531Z PASS src/services/__tests__/uploadCachedMediaStream.abort.test.ts
2026-10-04T17:30:33.5319997Z {"level":30,"time":1791135033446,"pid":4039,"hostname":"runnervm8df0l","msg":"Asset variant generation using in-process fallback (queue Redis URL unset)"}
2026-10-04T17:30:33.5320579Z {"level":30,"time":1791135033452,"pid":4039,"hostname":"runnervm8df0l","msg":"Asset variant generation using in-process fallback (queue Redis URL unset)"}
2026-10-04T17:30:33.5321148Z {"level":30,"time":1791135033457,"pid":4039,"hostname":"runnervm8df0l","msg":"Asset variant generation using in-process fallback (queue Redis URL unset)"}
2026-10-04T17:30:33.5321959Z {"level":30,"time":1791135033462,"pid":4039,"hostname":"runnervm8df0l","fileId":"01a107f7-a874-7898-b4a6-73638987e3bb","sha256":"8b8df9d8e04933192357617b014db35d8ee752fc89224b2f6facbb16a2c321e6","size":24,"mime":"image/png","msg":"Federated media uploaded via stream"}
2026-10-04T17:30:33.5322757Z {"level":30,"time":1791135033462,"pid":4039,"hostname":"runnervm8df0l","fileId":"01a107f7-a874-7898-b4a6-73638987e3bb","mime":"image/png","msg":"Queueing variant generation"}
2026-10-04T17:30:35.6004165Z PASS src/routes/__tests__/oauthConsentFinalizers.test.ts
2026-10-04T17:30:37.1685500Z PASS src/routes/__tests__/profilesRecommendations.test.ts
2026-10-04T17:30:38.1441205Z PASS src/routes/__tests__/inferenceModelRelease.test.ts
2026-10-04T17:30:38.4609976Z {"level":30,"time":1791135038360,"pid":4039,"hostname":"runnervm8df0l","maxPoolSize":8,"msg":"Connected to PostgreSQL successfully"}
2026-10-04T17:30:38.4611591Z {"level":30,"time":1791135038383,"pid":4039,"hostname":"runnervm8df0l","component":"civic.credential","issuerUserId":"8004b6ef789740179702c0522456607c","holderUserId":"e84bf55269f748f28277307a94b553ab","recordId":"b1666d8a1f91069b42d8964d2edbb13ee4124be38b20fe6c54163d41660b9303","msg":"Verifiable credential issued (user-signed)"}
2026-10-04T17:30:38.4612831Z {"level":30,"time":1791135038401,"pid":4039,"hostname":"runnervm8df0l","component":"civic.credential","issuerUserId":"9d687acfe54a46d7ab83ea74464a6b15","holderUserId":"661b88f3514d4bc2bdd392ae5a38d89f","recordId":"c3cdca3be73869718779f13fa74a7f2a6a78d96468c7f2ab0c38573625b71709","msg":"Verifiable credential issued (user-signed)"}
2026-10-04T17:30:38.5674495Z {"level":30,"time":1791135038466,"pid":4039,"hostname":"runnervm8df0l","component":"civic.credential","issuerUserId":"25c792cb673b4942a8b55d7a4cfb4622","holderUserId":"5e206656666048c6b74a5bff101d9159","recordId":"5d4cf1e365f8863f013b8fb6d26020e43b6e94995a2a3cf0aa3b3351df983ae5","msg":"Verifiable credential issued (user-signed)"}
2026-10-04T17:30:38.5675910Z {"level":30,"time":1791135038496,"pid":4039,"hostname":"runnervm8df0l","component":"civic.credential","issuerUserId":"1f64e60f75884466a703457596f7190c","holderUserId":"0bac054f1c41471fabcaf7c05307165f","recordId":"2974ebccacb478b3a6f7023a0cd4271a7207cad9b47d6af950a7985876f03ed3","msg":"Verifiable credential issued (user-signed)"}
2026-10-04T17:30:38.5677190Z {"level":30,"time":1791135038535,"pid":4039,"hostname":"runnervm8df0l","component":"civic.credential","issuerUserId":"f7968083d97b4b5e9c3febf7b97a5b45","holderUserId":"aab8c86f522e4ded9ffcb5be83bdbe0a","recordId":"5e4c619b17551e82bc0af2ec6db274f9eca2bfb0bb87d723cb61d90ee4f07b19","msg":"Verifiable credential issued (user-signed)"}
2026-10-04T17:30:38.5678749Z {"level":30,"time":1791135038537,"pid":4039,"hostname":"runnervm8df0l","component":"civic.credential","issuerUserId":"f7968083d97b4b5e9c3febf7b97a5b45","credentialId":"01a107f7-bc45-72d6-b59b-938179a9e9ed","recordId":"5e4c619b17551e82bc0af2ec6db274f9eca2bfb0bb87d723cb61d90ee4f07b19","msg":"Verifiable credential revoked"}
2026-10-04T17:30:38.5680268Z {"level":30,"time":1791135038552,"pid":4039,"hostname":"runnervm8df0l","component":"civic.credential","issuerUserId":"c97e4776097f4818a8a7ce2c2bcdac8a","holderUserId":"8f3141a0e93c4acf84d2c96952be8ff1","recordId":"4be4d68e8e54f530726e9289a592281f5e0539460be4aad2e7a82e4739a0d050","msg":"Verifiable credential issued (user-signed)"}
2026-10-04T17:30:38.6726440Z {"level":30,"time":1791135038572,"pid":4039,"hostname":"runnervm8df0l","component":"civic.credential","issuerUserId":"0f52163592d449b59e583a8b0f354732","holderUserId":"dc3278a669064ca68853f2ffeb616bb3","recordId":"818773d0f659974cf1d0441c176e658aaa1c76c369b5c7344ca636152986836a","msg":"Verifiable credential issued (user-signed)"}
2026-10-04T17:30:38.6728536Z {"level":30,"time":1791135038573,"pid":4039,"hostname":"runnervm8df0l","component":"civic.credential","issuerUserId":"0f52163592d449b59e583a8b0f354732","credentialId":"01a107f7-bc6a-7848-ac37-4440114f02a6","recordId":"818773d0f659974cf1d0441c176e658aaa1c76c369b5c7344ca636152986836a","msg":"Verifiable credential revoked"}
2026-10-04T17:30:38.6730182Z {"level":30,"time":1791135038585,"pid":4039,"hostname":"runnervm8df0l","component":"civic.credential","issuerUserId":"de47e74582c3432490d35d83d0339d9c","holderUserId":"de89aace2c714e279a19e3be4c7a8720","recordId":"55e6951bfc1df983fc1ebec0b77b45e66bfb739845a42f58d7863e1d5e2fa4c5","msg":"Verifiable credential issued (user-signed)"}
2026-10-04T17:30:38.6731562Z {"level":30,"time":1791135038599,"pid":4039,"hostname":"runnervm8df0l","component":"civic.credential","issuerUserId":"77df72975eca4362ae32f2c5f322fa2e","holderUserId":"b022e6bb09934ed88611e7b25ed6b9f6","recordId":"aa2855093ea3b371ce9f403a8ff72e56212dc694d25cf38caee39372b108bacd","msg":"Verifiable credential issued (user-signed)"}
2026-10-04T17:30:38.6733034Z {"level":30,"time":1791135038612,"pid":4039,"hostname":"runnervm8df0l","component":"civic.credential","issuerUserId":"defbc3ca18304261bb8ca010cb73c7c6","holderUserId":"b77970d34d3a4d2b94402a1f1c55bb59","recordId":"012c6f543f9e3ed80f389fafe1b953542baf0ed58cf34c5f1b2b151723387bd0","msg":"Verifiable credential issued (user-signed)"}
2026-10-04T17:30:38.6734254Z {"level":30,"time":1791135038614,"pid":4039,"hostname":"runnervm8df0l","component":"civic.credential","issuerUserId":"defbc3ca18304261bb8ca010cb73c7c6","credentialId":"01a107f7-bc93-7e45-a56a-c30abf226333","recordId":"012c6f543f9e3ed80f389fafe1b953542baf0ed58cf34c5f1b2b151723387bd0","msg":"Verifiable credential revoked"}
2026-10-04T17:30:38.6735981Z {"level":30,"time":1791135038630,"pid":4039,"hostname":"runnervm8df0l","component":"civic.credential","issuerUserId":"c26ce7aab95f4353bed8d277aaab7870","holderUserId":"8ba2299376f4405ea287821c615d2ca8","recordId":"b03aeb403ffe3741dd1f228140ce23e0e293abb1cc3838e6f6be163eea15e3a0","msg":"Verifiable credential issued (user-signed)"}
2026-10-04T17:30:38.6737369Z {"level":30,"time":1791135038639,"pid":4039,"hostname":"runnervm8df0l","component":"civic.credential","issuerUserId":"c26ce7aab95f4353bed8d277aaab7870","holderUserId":"8ba2299376f4405ea287821c615d2ca8","recordId":"90b08bd9e6d261aec7650da4cfa28e2e4641236d95591de645197dcb262ccf1c","msg":"Verifiable credential issued (user-signed)"}
2026-10-04T17:30:38.6738592Z {"level":30,"time":1791135038647,"pid":4039,"hostname":"runnervm8df0l","component":"civic.credential","issuerUserId":"c26ce7aab95f4353bed8d277aaab7870","holderUserId":"8ba2299376f4405ea287821c615d2ca8","recordId":"1b61e56bf327c5d8fa2f08e63e5735b84ea1f110f1b297465d82e2c7df15e87f","msg":"Verifiable credential issued (user-signed)"}
2026-10-04T17:30:38.6739983Z {"level":30,"time":1791135038657,"pid":4039,"hostname":"runnervm8df0l","component":"civic.credential","issuerUserId":"8b49a64dcc754de48ad8162c0014da27","holderUserId":"4fb24751646e484d9ac6d5aa27880070","recordId":"68b88ad2d7b6f32a79cc72702d57113168af8e21a55823ef1fde9a0e6f018763","msg":"Verifiable credential issued (user-signed)"}
2026-10-04T17:30:38.6741396Z {"level":30,"time":1791135038668,"pid":4039,"hostname":"runnervm8df0l","component":"civic.credential","issuerUserId":"6946abdaa4ea488092552b0ae5705a55","holderUserId":"8cea151f904c478b9e08edc4b111c681","recordId":"00d75c6a5131bad2a98f1ad682386002e9beeadab3f902da1263438888bcaeff","msg":"Verifiable credential issued (user-signed)"}
2026-10-04T17:30:38.7550251Z PASS src/services/__tests__/civic.credential.test.ts
2026-10-04T17:30:38.8411982Z {"level":30,"time":1791135038677,"pid":4039,"hostname":"runnervm8df0l","component":"civic.credential","issuerUserId":"6946abdaa4ea488092552b0ae5705a55","holderUserId":"8cea151f904c478b9e08edc4b111c681","recordId":"e7885cb445afd8bbce3565645a9223cfb3e53759c72f9725e9ec60c21e5e5cb5","msg":"Verifiable credential issued (user-signed)"}
2026-10-04T17:30:38.8414119Z {"level":30,"time":1791135038678,"pid":4039,"hostname":"runnervm8df0l","component":"civic.credential","issuerUserId":"6946abdaa4ea488092552b0ae5705a55","credentialId":"01a107f7-bcd4-71e0-a253-677dff812a5d","recordId":"e7885cb445afd8bbce3565645a9223cfb3e53759c72f9725e9ec60c21e5e5cb5","msg":"Verifiable credential revoked"}
2026-10-04T17:30:38.8415917Z {"level":30,"time":1791135038691,"pid":4039,"hostname":"runnervm8df0l","component":"civic.credential","holderUserId":"d432c07f3f194dbcb92355ea929ced97","recordId":"d2af63c6d5a802fa5819b1ff149fe3151c8fe92c5fb1fbf4a22c276630aae7dd","msg":"Verifiable credential issued (org/custodial)"}
2026-10-04T17:30:38.8417801Z {"level":30,"time":1791135038707,"pid":4039,"hostname":"runnervm8df0l","component":"civic.credential","holderUserId":"35cb378a4aa84075b25fed4685c2c5de","recordId":"7464fc4a198939d3a5b59cf75a929efdd73c00adfea7181396d4814272337857","onBehalfOf":"9fa01d9236064833b9452876322a5283","msg":"Verifiable credential issued (org/custodial)"}
2026-10-04T17:30:38.8420167Z {"level":30,"time":1791135038716,"pid":4039,"hostname":"runnervm8df0l","component":"civic.credential","holderUserId":"eb28fb4765c941b587b8967f14f70c37","recordId":"0972628964c87dba9c423d3b4c5aca5dda325f2221cd1e6737379cab8e4f444d","msg":"Verifiable credential issued (org/custodial)"}
2026-10-04T17:30:38.9645556Z {"level":30,"time":1791135038859,"pid":4039,"hostname":"runnervm8df0l","maxPoolSize":8,"msg":"Connected to PostgreSQL successfully"}
2026-10-04T17:30:39.1677540Z PASS src/services/__tests__/inferenceRoutingPolicy.service.test.ts
2026-10-04T17:30:39.3972835Z {"level":30,"time":1791135039296,"pid":4039,"hostname":"runnervm8df0l","maxPoolSize":8,"msg":"Connected to PostgreSQL successfully"}
2026-10-04T17:30:39.5986978Z PASS src/services/__tests__/agencyServicePrincipal.db.test.ts
2026-10-04T17:30:40.0910713Z PASS src/services/__tests__/accountStorageDeletion.test.ts
2026-10-04T17:30:40.3276658Z {"level":30,"time":1791135040227,"pid":4039,"hostname":"runnervm8df0l","maxPoolSize":8,"msg":"Connected to PostgreSQL successfully"}
2026-10-04T17:30:40.6609582Z PASS src/services/__tests__/user.service.graph.pg.test.ts
2026-10-04T17:30:41.3300341Z PASS src/routes/__tests__/credentialAuditTrail.test.ts
2026-10-04T17:30:42.0006243Z PASS src/routes/__tests__/profilesSearch.test.ts
2026-10-04T17:30:43.4829771Z {"level":30,"time":1791135043382,"pid":4039,"hostname":"runnervm8df0l","maxPoolSize":8,"msg":"Connected to PostgreSQL successfully"}
2026-10-04T17:30:43.8706608Z PASS src/db/schema/__tests__/workloadAttributionCredential.test.ts
2026-10-04T17:30:44.0847486Z {"level":30,"time":1791135043984,"pid":4039,"hostname":"runnervm8df0l","maxPoolSize":8,"msg":"Connected to PostgreSQL successfully"}
2026-10-04T17:30:44.0848605Z {"level":30,"time":1791135044026,"pid":4039,"hostname":"runnervm8df0l","component":"SecurityActivityService","userId":"01a107f7-d1aa-760d-adb9-f3740512f5cc","eventType":"account_recovery","severity":"high","activityId":"01a107f7-d1b9-732d-b345-476afbd4de51","msg":"Security event logged"}
2026-10-04T17:30:44.0850254Z {"level":30,"time":1791135044031,"pid":4039,"hostname":"runnervm8df0l","component":"SecurityActivityService","userId":"01a107f7-d1aa-760d-adb9-f3740512f5cc","eventType":"suspicious_activity","severity":"critical","activityId":"01a107f7-d1bd-7592-b442-7b183bf85c9c","msg":"Security event logged"}
2026-10-04T17:30:44.0851309Z {"level":30,"time":1791135044033,"pid":4039,"hostname":"runnervm8df0l","component":"SecurityActivityService","userId":"01a107f7-d1aa-760d-adb9-f3740512f5cc","eventType":"private_key_exported","severity":"high","activityId":"01a107f7-d1c0-798d-a31c-fd080a9fc1b0","msg":"Security event logged"}
2026-10-04T17:30:44.0852334Z {"level":30,"time":1791135044035,"pid":4039,"hostname":"runnervm8df0l","component":"SecurityActivityService","userId":"01a107f7-d1aa-760d-adb9-f3740512f5cc","eventType":"backup_created","severity":"high","activityId":"01a107f7-d1c2-75df-9405-8effde0fe5cc","msg":"Security event logged"}
2026-10-04T17:30:44.0853859Z {"level":30,"time":1791135044039,"pid":4039,"hostname":"runnervm8df0l","component":"SecurityActivityService","userId":"01a107f7-d1c4-795f-9f7e-e94655cc0936","eventType":"suspicious_activity","severity":"critical","activityId":"01a107f7-d1c7-79df-8d09-6cbf62c5fd6c","msg":"Security event logged"}
2026-10-04T17:30:44.0855285Z {"level":30,"time":1791135044043,"pid":4039,"hostname":"runnervm8df0l","component":"SecurityActivityService","userId":"01a107f7-d1c8-7914-b63b-6b49db7636f1","eventType":"sign_in","severity":"high","activityId":"01a107f7-d1ca-7649-a77c-5471c9684842","msg":"Security event logged"}
2026-10-04T17:30:44.0856193Z {"level":40,"time":1791135044049,"pid":4039,"hostname":"runnervm8df0l","component":"SecurityActivityService","userId":"01a107f7-d1d0-7a9b-83b3-3867eddca1d2","eventType":"sign_out","msg":"Empty event description after sanitization"}
2026-10-04T17:30:44.0856907Z {"level":40,"time":1791135044053,"pid":4039,"hostname":"runnervm8df0l","component":"SecurityActivityService","originalSize":20011,"msg":"Metadata too large, truncating"}
2026-10-04T17:30:44.1881825Z PASS src/services/__tests__/securityActivityService.test.ts
2026-10-04T17:30:44.5352277Z {"level":50,"time":1791135044116,"pid":4039,"hostname":"runnervm8df0l","component":"SecurityActivityService","method":"logSecurityEvent","userId":"85c5c49d-0a32-43cf-b132-ff5e8804278c","eventType":"sign_in","severity":"low","err":{"type":"Object","message":"Failed query: insert into \"security_activities\" (\"id\", \"user_id\", \"event_type\", \"event_description\", \"metadata\", \"user_agent\", \"device_id\", \"occurred_at\", \"severity\", \"created_at\", \"updated_at\") values ($1, $2, $3, $4, $5, $6, $7, $8, $9, default, default) returning \"id\", \"user_id\", \"event_type\", \"event_description\", \"metadata\", \"user_agent\", \"device_id\", \"occurred_at\", \"severity\", \"created_at\"\nparams: 01a107f7-d212-7266-adb2-e1e8778aca9d,85c5c49d-0a32-43cf-b132-ff5e8804278c,sign_in,User signed in,{},,,2026-10-04T17:30:44.114Z,low","stack":"Error: Failed query: insert into \"security_activities\" (\"id\", \"user_id\", \"event_type\", \"event_description\", \"metadata\", \"user_agent\", \"device_id\", \"occurred_at\", \"severity\", \"created_at\", \"updated_at\") values ($1, $2, $3, $4, $5, $6, $7, $8, $9, default, default) returning \"id\", \"user_id\", \"event_type\", \"event_description\", \"metadata\", \"user_agent\", \"device_id\", \"occurred_at\", \"severity\", \"created_at\"\nparams: 01a107f7-d212-7266-adb2-e1e8778aca9d,85c5c49d-0a32-43cf-b132-ff5e8804278c,sign_in,User signed in,{},,,2026-10-04T17:30:44.114Z,low\n    at PostgresJsPreparedQuery.queryWithCache (/home/runner/work/oxy/oxy/node_modules/.bun/drizzle-orm@0.45.2/node_modules/src/pg-core/session.ts:73:11)\n    at processTicksAndRejections (node:internal/process/task_queues:104:5)\n    at /home/runner/work/oxy/oxy/node_modules/.bun/drizzle-orm@0.45.2/node_modules/src/postgres-js/session.ts:58:17","name":"Error"},"msg":"Failed to log security event"}
2026-10-04T17:30:45.4052407Z PASS src/routes/__tests__/sessionDeviceDirectory.test.ts
2026-10-04T17:30:45.6291878Z {"level":30,"time":1791135045529,"pid":4039,"hostname":"runnervm8df0l","maxPoolSize":8,"msg":"Connected to PostgreSQL successfully"}
2026-10-04T17:30:45.9176942Z PASS src/services/__tests__/accountFinancialHolds.service.test.ts
2026-10-04T17:30:46.4121143Z PASS src/routes/__tests__/accountsMembersInheritance.test.ts
2026-10-04T17:30:46.9757574Z PASS src/routes/__tests__/inferenceCataloguePublication.test.ts
2026-10-04T17:30:47.1013967Z PASS src/scripts/__tests__/inboxPrincipalReadback.test.ts
2026-10-04T17:30:47.4577793Z PASS src/routes/__tests__/reputationAwardAuthz.test.ts
2026-10-04T17:30:47.6896185Z {"level":30,"time":1791135047589,"pid":4039,"hostname":"runnervm8df0l","maxPoolSize":8,"msg":"Connected to PostgreSQL successfully"}
2026-10-04T17:30:47.8005704Z PASS src/services/__tests__/followRegistry.service.test.ts
2026-10-04T17:30:48.8473546Z PASS src/services/__tests__/federatedAvatarRetry.test.ts
2026-10-04T17:30:49.1811271Z {"level":30,"time":1791135049081,"pid":4039,"hostname":"runnervm8df0l","maxPoolSize":8,"msg":"Connected to PostgreSQL successfully"}
2026-10-04T17:30:50.1042703Z PASS src/services/__tests__/productAccessPersistence.test.ts
2026-10-04T17:30:50.3865953Z {"level":30,"time":1791135050286,"pid":4039,"hostname":"runnervm8df0l","maxPoolSize":8,"msg":"Connected to PostgreSQL successfully"}
2026-10-04T17:30:50.3867196Z {"level":40,"time":1791135050373,"pid":4039,"hostname":"runnervm8df0l","component":"nodeRegistry","userId":"01a107f7-ea84-77cb-977c-bf0b1aa4f95c","msg":"Managed vault refused: OXY_PRIVATE_KEY/OXY_PUBLIC_KEY not configured"}
2026-10-04T17:30:50.3868564Z {"level":40,"time":1791135050376,"pid":4039,"hostname":"runnervm8df0l","component":"nodeRegistry","userId":"01a107f7-ea87-7063-a7bf-df5bf9584b22","msg":"Managed vault refused: OXY_PRIVATE_KEY/OXY_PUBLIC_KEY not configured"}
2026-10-04T17:30:50.3870524Z {"level":40,"time":1791135050379,"pid":4039,"hostname":"runnervm8df0l","component":"nodeRegistry","userId":"01a107f7-ea8a-765f-b4b4-7101bc883adb","msg":"Managed vault refused: MANAGED_NODE_BASE_URL unset or not a valid HTTPS base"}
2026-10-04T17:30:50.3872010Z {"level":40,"time":1791135050382,"pid":4039,"hostname":"runnervm8df0l","component":"nodeRegistry","userId":"01a107f7-ea8d-7f3c-8c40-40cd0b3e4867","msg":"Managed vault refused: MANAGED_NODE_BASE_URL unset or not a valid HTTPS base"}
2026-10-04T17:30:50.4921413Z {"level":40,"time":1791135050392,"pid":4039,"hostname":"runnervm8df0l","component":"nodeRegistry","userId":"01a107f7-ea93-78f7-a6eb-ad1ef07bc408","reason":"bad_signature","msg":"Managed vault node record rejected"}
2026-10-04T17:30:50.5644152Z PASS src/services/__tests__/managedVault.test.ts
2026-10-04T17:30:51.2972313Z PASS src/routes/__tests__/sessionDeviceThirdParty.test.ts
2026-10-04T17:30:51.5109995Z {"level":30,"time":1791135051410,"pid":4039,"hostname":"runnervm8df0l","binaryPath":"/usr/bin/ffmpeg","msg":"[VariantService] Using system ffmpeg"}
2026-10-04T17:30:51.5110868Z {"level":30,"time":1791135051420,"pid":4039,"hostname":"runnervm8df0l","binaryPath":"/usr/bin/ffprobe","msg":"[VariantService] Using system ffprobe"}
2026-10-04T17:30:51.5111922Z {"level":30,"time":1791135051420,"pid":4039,"hostname":"runnervm8df0l","ffmpegPath":"/usr/bin/ffmpeg","msg":"[VariantService] Resolved FFmpeg path"}
2026-10-04T17:30:51.5112475Z {"level":30,"time":1791135051420,"pid":4039,"hostname":"runnervm8df0l","ffprobePath":"/usr/bin/ffprobe","msg":"[VariantService] Resolved FFprobe path"}
2026-10-04T17:30:51.5113558Z {"level":30,"time":1791135051420,"pid":4039,"hostname":"runnervm8df0l","ffmpegPath":"/usr/bin/ffmpeg","ffprobePath":"/usr/bin/ffprobe","ffmpegExists":true,"ffprobeExists":true,"msg":"FFmpeg/FFprobe paths initialized"}
2026-10-04T17:30:51.5114497Z {"level":30,"time":1791135051441,"pid":4039,"hostname":"runnervm8df0l","maxPoolSize":8,"msg":"Connected to PostgreSQL successfully"}
2026-10-04T17:30:51.6231901Z {"level":40,"time":1791135051513,"pid":4039,"hostname":"runnervm8df0l","fileId":"01a107f7-eef3-7d48-9389-cccea2297f6f","variantType":"w128","key":"public/variants/2026/10/d4/d4d71e798d8406811c7305c73fc1aab8b066ab3b0174d276d421c663cf3898ff/w128.webp","msg":"Ready variant metadata points to a missing storage object; regenerating"}
2026-10-04T17:30:51.6233137Z PASS src/services/__tests__/variantService.imageVariants.test.ts
2026-10-04T17:30:51.6637281Z PASS src/queue/__tests__/assetVariantsQueue.test.ts
2026-10-04T17:30:51.7804001Z {"level":30,"time":1791135051652,"pid":4039,"hostname":"runnervm8df0l","msg":"Asset variant producer started via BullMQ (durable, fleet-wide dedup)"}
2026-10-04T17:30:51.7804974Z {"level":30,"time":1791135051653,"pid":4039,"hostname":"runnervm8df0l","msg":"Asset variant generation using in-process fallback (queue Redis URL unset)"}
2026-10-04T17:30:51.7805867Z {"level":30,"time":1791135051654,"pid":4039,"hostname":"runnervm8df0l","msg":"Asset variant producer started via BullMQ (durable, fleet-wide dedup)"}
2026-10-04T17:30:51.7806533Z {"level":30,"time":1791135051654,"pid":4039,"hostname":"runnervm8df0l","msg":"Asset variant producer started via BullMQ (durable, fleet-wide dedup)"}
2026-10-04T17:30:51.7807599Z {"level":30,"time":1791135051655,"pid":4039,"hostname":"runnervm8df0l","_aws":{"Timestamp":1791135051655,"CloudWatchMetrics":[{"Namespace":"Oxy/Queues","Dimensions":[["QueueName"]],"Metrics":[{"Name":"QueueDepth","Unit":"Count"},{"Name":"OldestWaitingJobAgeSeconds","Unit":"Seconds"}]}]},"QueueName":"asset-variants","QueueDepth":0,"OldestWaitingJobAgeSeconds":0,"msg":"Asset variant queue metrics"}
2026-10-04T17:30:51.7808502Z {"level":30,"time":1791135051655,"pid":4039,"hostname":"runnervm8df0l","concurrency":1,"msg":"Asset variant worker started via BullMQ"}
2026-10-04T17:30:51.7809646Z {"level":30,"time":1791135051655,"pid":4039,"hostname":"runnervm8df0l","_aws":{"Timestamp":1791135051655,"CloudWatchMetrics":[{"Namespace":"Oxy/Queues","Dimensions":[["QueueName"]],"Metrics":[{"Name":"QueueDepth","Unit":"Count"},{"Name":"OldestWaitingJobAgeSeconds","Unit":"Seconds"}]}]},"QueueName":"asset-variants","QueueDepth":7,"OldestWaitingJobAgeSeconds":125,"msg":"Asset variant queue metrics"}
2026-10-04T17:30:51.7811050Z {"level":30,"time":1791135051655,"pid":4039,"hostname":"runnervm8df0l","concurrency":1,"msg":"Asset variant worker started via BullMQ"}
2026-10-04T17:30:51.7812043Z {"level":30,"time":1791135051656,"pid":4039,"hostname":"runnervm8df0l","_aws":{"Timestamp":1791135051656,"CloudWatchMetrics":[{"Namespace":"Oxy/Queues","Dimensions":[["QueueName"]],"Metrics":[{"Name":"QueueDepth","Unit":"Count"},{"Name":"OldestWaitingJobAgeSeconds","Unit":"Seconds"}]}]},"QueueName":"asset-variants","QueueDepth":0,"OldestWaitingJobAgeSeconds":0,"msg":"Asset variant queue metrics"}
2026-10-04T17:30:51.7812912Z {"level":30,"time":1791135051656,"pid":4039,"hostname":"runnervm8df0l","concurrency":1,"msg":"Asset variant worker started via BullMQ"}
2026-10-04T17:30:51.7813463Z {"level":50,"time":1791135051656,"pid":4039,"hostname":"runnervm8df0l","jobId":"job-1","fileId":"file-1","attemptsMade":2,"error":"retryable","msg":"Asset variant job failed"}
2026-10-04T17:30:51.7814182Z {"level":50,"time":1791135051656,"pid":4039,"hostname":"runnervm8df0l","jobId":"job-1","fileId":"file-1","attemptsMade":3,"error":"permanent","msg":"Asset variant job failed"}
2026-10-04T17:30:51.7815126Z {"level":30,"time":1791135051656,"pid":4039,"hostname":"runnervm8df0l","_aws":{"Timestamp":1791135051656,"CloudWatchMetrics":[{"Namespace":"Oxy/Queues","Dimensions":[["QueueName"]],"Metrics":[{"Name":"PermanentJobFailures","Unit":"Count"}]}]},"QueueName":"asset-variants","PermanentJobFailures":1,"msg":"Asset variant permanent failure metric"}
2026-10-04T17:30:51.7815961Z {"level":30,"time":1791135051659,"pid":4039,"hostname":"runnervm8df0l","msg":"Asset variant generation using in-process fallback (queue Redis URL unset)"}
2026-10-04T17:30:51.7816510Z {"level":30,"time":1791135051659,"pid":4039,"hostname":"runnervm8df0l","msg":"Asset variant generation using in-process fallback (queue Redis URL unset)"}
2026-10-04T17:30:51.7817067Z {"level":30,"time":1791135051659,"pid":4039,"hostname":"runnervm8df0l","msg":"Asset variant generation using in-process fallback (queue Redis URL unset)"}
2026-10-04T17:30:51.7817687Z {"level":50,"time":1791135051660,"pid":4039,"hostname":"runnervm8df0l","component":"assetVariants","fileId":"bad","error":"ffmpeg exploded","msg":"In-process asset variant generation failed"}
2026-10-04T17:30:51.7818283Z {"level":30,"time":1791135051660,"pid":4039,"hostname":"runnervm8df0l","msg":"Asset variant producer started via BullMQ (durable, fleet-wide dedup)"}
2026-10-04T17:30:51.7819528Z {"level":30,"time":1791135051660,"pid":4039,"hostname":"runnervm8df0l","_aws":{"Timestamp":1791135051660,"CloudWatchMetrics":[{"Namespace":"Oxy/Queues","Dimensions":[["QueueName"]],"Metrics":[{"Name":"QueueDepth","Unit":"Count"},{"Name":"OldestWaitingJobAgeSeconds","Unit":"Seconds"}]}]},"QueueName":"asset-variants","QueueDepth":0,"OldestWaitingJobAgeSeconds":0,"msg":"Asset variant queue metrics"}
2026-10-04T17:30:51.7821010Z {"level":30,"time":1791135051660,"pid":4039,"hostname":"runnervm8df0l","concurrency":1,"msg":"Asset variant worker started via BullMQ"}
2026-10-04T17:30:52.0176625Z PASS src/routes/__tests__/sessionAuthorize.test.ts
2026-10-04T17:30:52.1774348Z PASS src/middleware/__tests__/optionalAuth.dualAuth.test.ts
2026-10-04T17:30:52.4210003Z PASS src/routes/__tests__/platformStats.test.ts
2026-10-04T17:30:52.6618700Z {"level":30,"time":1791135052560,"pid":4039,"hostname":"runnervm8df0l","maxPoolSize":8,"msg":"Connected to PostgreSQL successfully"}
2026-10-04T17:30:52.6619508Z PASS src/scripts/__tests__/kaanaScorecardRenewal.test.ts
2026-10-04T17:30:53.0054451Z [BABEL] Note: The code generator has deoptimised the styling of /home/runner/work/oxy/oxy/packages/api/src/services/email.service.ts as it exceeds the max of 500KB.
2026-10-04T17:30:53.3527066Z {"level":30,"time":1791135053252,"pid":4039,"hostname":"runnervm8df0l","maxPoolSize":8,"msg":"Connected to PostgreSQL successfully"}
2026-10-04T17:30:53.4399702Z PASS src/services/__tests__/emailService.threads.test.ts
2026-10-04T17:30:53.6586213Z {"level":30,"time":1791135053558,"pid":4039,"hostname":"runnervm8df0l","maxPoolSize":8,"msg":"Connected to PostgreSQL successfully"}
2026-10-04T17:30:56.1059522Z PASS src/services/__tests__/civic.personhoodAudit.test.ts
2026-10-04T17:30:56.3102401Z PASS src/services/__tests__/inboxRealtime.test.ts
2026-10-04T17:30:56.5122870Z {"level":30,"time":1791135056400,"pid":4039,"hostname":"runnervm8df0l","maxPoolSize":8,"msg":"Connected to PostgreSQL successfully"}
2026-10-04T17:30:56.9228711Z PASS src/scripts/__tests__/kaanaCatalogueBootstrap.test.ts
2026-10-04T17:30:57.0732867Z PASS src/__tests__/openapiRouteWalker.test.ts
2026-10-04T17:30:57.1204889Z PASS src/config/__tests__/inferencePlatformScopeWriteGate.test.ts
2026-10-04T17:30:57.2895303Z PASS src/db/__tests__/peopleSearchIndexes.test.ts
2026-10-04T17:30:57.3691450Z {"level":30,"time":1791135057223,"pid":4039,"hostname":"runnervm8df0l","maxPoolSize":8,"msg":"Connected to PostgreSQL successfully"}
2026-10-04T17:30:57.5126277Z {"level":30,"time":1791135057388,"pid":4039,"hostname":"runnervm8df0l","maxPoolSize":8,"msg":"Connected to PostgreSQL successfully"}
2026-10-04T17:30:57.5126881Z PASS src/db/schema/__tests__/devicePrincipals.test.ts
2026-10-04T17:30:57.7483549Z {"level":30,"time":1791135057648,"pid":4039,"hostname":"runnervm8df0l","maxPoolSize":8,"msg":"Connected to PostgreSQL successfully"}
2026-10-04T17:30:57.8634659Z PASS src/services/__tests__/emailService.systemLabels.test.ts
2026-10-04T17:30:58.8990261Z PASS src/routes/__tests__/accountBillingAuthorization.test.ts
2026-10-04T17:30:59.1973444Z PASS src/routes/__tests__/contactsDiscover.test.ts
2026-10-04T17:30:59.2481340Z PASS src/__tests__/openapiZodConverter.test.ts
2026-10-04T17:30:59.4622504Z {"level":30,"time":1791135059361,"pid":4039,"hostname":"runnervm8df0l","maxPoolSize":8,"msg":"Connected to PostgreSQL successfully"}
2026-10-04T17:30:59.4623327Z {"level":30,"time":1791135059373,"pid":4039,"hostname":"runnervm8df0l","fileId":"01a107f8-0dab-7f84-a8cb-ef7355bc709a","mime":"image/png","msg":"Queueing variant generation"}
2026-10-04T17:30:59.4624896Z {"level":30,"time":1791135059373,"pid":4039,"hostname":"runnervm8df0l","fileId":"01a107f8-0dab-7f84-a8cb-ef7355bc709a","sha256":"f25c00c110bec83951d5034b4d718ed17ef52e277fb81c8bb2108126a7bd620d","size":90,"originalName":"federated-avatar.png","msg":"File uploaded directly"}
2026-10-04T17:30:59.4626264Z {"level":30,"time":1791135059382,"pid":4039,"hostname":"runnervm8df0l","fileId":"01a107f8-0dab-7f84-a8cb-ef7355bc709a","mime":"image/png","msg":"Queueing variant generation"}
2026-10-04T17:30:59.4627311Z {"level":30,"time":1791135059382,"pid":4039,"hostname":"runnervm8df0l","fileId":"01a107f8-0dab-7f84-a8cb-ef7355bc709a","storageKey":"public/content/2026/10/f2/f25c00c110bec83951d5034b4d718ed17ef52e277fb81c8bb2108126a7bd620d.png","mime":"image/png","size":90,"msg":"Repaired missing federation asset storage from remote URL"}
2026-10-04T17:30:59.4628492Z {"level":30,"time":1791135059392,"pid":4039,"hostname":"runnervm8df0l","fileId":"01a107f8-0dbe-7c77-b8fa-ea0845d638e5","mime":"image/png","msg":"Queueing variant generation"}
2026-10-04T17:30:59.4630120Z {"level":30,"time":1791135059392,"pid":4039,"hostname":"runnervm8df0l","fileId":"01a107f8-0dbe-7c77-b8fa-ea0845d638e5","sha256":"c561ea4ccb612b0b7f65d0ad8603eee85824530d4a3c395dcdd7035404614773","size":90,"originalName":"federated-avatar.png","msg":"File uploaded directly"}
2026-10-04T17:30:59.4632431Z {"level":40,"time":1791135059394,"pid":4039,"hostname":"runnervm8df0l","fileId":"01a107f8-0dbe-7c77-b8fa-ea0845d638e5","expectedSha256":"c561ea4ccb612b0b7f65d0ad8603eee85824530d4a3c395dcdd7035404614773","downloadedSha256":"4038ef1d889fc816f490c21c785a8797a875d0005645ecf952a3d0bc5eea841a","remoteHost":"remote.example","size":90,"msg":"Federation repair refused: remote bytes do not match the stored digest"}
2026-10-04T17:30:59.4634176Z {"level":30,"time":1791135059420,"pid":4039,"hostname":"runnervm8df0l","fileId":"01a107f8-0dda-7b9e-9fc1-e6806a957082","mime":"image/png","msg":"Queueing variant generation"}
2026-10-04T17:30:59.4635958Z {"level":30,"time":1791135059420,"pid":4039,"hostname":"runnervm8df0l","fileId":"01a107f8-0dda-7b9e-9fc1-e6806a957082","sha256":"6609080cd005391cd5f0c6862926477bff609e22baba11a8dca087c23a01b61e","size":90,"originalName":"federated-avatar.png","msg":"File uploaded directly"}
2026-10-04T17:30:59.4637517Z {"level":40,"time":1791135059421,"pid":4039,"hostname":"runnervm8df0l","fileId":"01a107f8-0dda-7b9e-9fc1-e6806a957082","expectedSha256":"6609080cd005391cd5f0c6862926477bff609e22baba11a8dca087c23a01b61e","downloadedSha256":"a4b167286bb0042e23ded38790cb582f4465ee41abcccaa74f84f2301d0e9e03","remoteHost":"remote.example","size":90,"msg":"Federation repair refused: remote bytes do not match the stored digest"}
2026-10-04T17:30:59.4638519Z {"level":30,"time":1791135059428,"pid":4039,"hostname":"runnervm8df0l","fileId":"01a107f8-0de3-704a-84c5-ea77294d8260","mime":"image/png","msg":"Queueing variant generation"}
2026-10-04T17:30:59.4639746Z {"level":30,"time":1791135059428,"pid":4039,"hostname":"runnervm8df0l","fileId":"01a107f8-0de3-704a-84c5-ea77294d8260","sha256":"ad57bc19f3dbaab1d249cb7b425b7b16f6f89e3b2d3dc53fff78f82aaa74329b","size":90,"originalName":"federated-avatar.png","msg":"File uploaded directly"}
2026-10-04T17:30:59.4641411Z {"level":40,"time":1791135059429,"pid":4039,"hostname":"runnervm8df0l","fileId":"01a107f8-0de3-704a-84c5-ea77294d8260","expectedSha256":"ad57bc19f3dbaab1d249cb7b425b7b16f6f89e3b2d3dc53fff78f82aaa74329b","downloadedSha256":"7660d8f531af324c5ad6682c5f3cb12c7e264cc70a7e32ead70e59b850411f5f","remoteHost":"remote.example","size":90,"msg":"Federation repair refused: remote bytes do not match the stored digest"}
2026-10-04T17:30:59.4642749Z {"level":30,"time":1791135059432,"pid":4039,"hostname":"runnervm8df0l","fileId":"01a107f8-0de3-704a-84c5-ea77294d8260","mime":"image/png","msg":"Queueing variant generation"}
2026-10-04T17:30:59.4644142Z {"level":30,"time":1791135059432,"pid":4039,"hostname":"runnervm8df0l","fileId":"01a107f8-0de3-704a-84c5-ea77294d8260","storageKey":"public/content/2026/10/ad/ad57bc19f3dbaab1d249cb7b425b7b16f6f89e3b2d3dc53fff78f82aaa74329b.png","mime":"image/png","size":90,"msg":"Repaired missing federation asset storage from remote URL"}
2026-10-04T17:30:59.4645657Z {"level":30,"time":1791135059439,"pid":4039,"hostname":"runnervm8df0l","fileId":"01a107f8-0ded-7f80-a131-043a4340b33c","mime":"image/png","msg":"Queueing variant generation"}
2026-10-04T17:30:59.4647213Z {"level":30,"time":1791135059439,"pid":4039,"hostname":"runnervm8df0l","fileId":"01a107f8-0ded-7f80-a131-043a4340b33c","sha256":"d4b891b6b601ed5cbf5ed0836e0d7764ba201965c38ff2ce0ba01bba07f1e320","size":90,"originalName":"federated-avatar.png","msg":"File uploaded directly"}
2026-10-04T17:30:59.4648652Z {"level":30,"time":1791135059441,"pid":4039,"hostname":"runnervm8df0l","fileId":"01a107f8-0ded-7f80-a131-043a4340b33c","mime":"image/png","msg":"Queueing variant generation"}
2026-10-04T17:30:59.4650578Z {"level":30,"time":1791135059441,"pid":4039,"hostname":"runnervm8df0l","fileId":"01a107f8-0ded-7f80-a131-043a4340b33c","storageKey":"public/content/2026/10/d4/d4b891b6b601ed5cbf5ed0836e0d7764ba201965c38ff2ce0ba01bba07f1e320.png","mime":"image/png","size":90,"msg":"Repaired missing federation asset storage from remote URL"}
2026-10-04T17:30:59.4652190Z {"level":30,"time":1791135059448,"pid":4039,"hostname":"runnervm8df0l","fileId":"01a107f8-0df6-7438-8c1a-6a8ca72f1d5f","mime":"image/png","msg":"Queueing variant generation"}
2026-10-04T17:30:59.4653751Z {"level":30,"time":1791135059448,"pid":4039,"hostname":"runnervm8df0l","fileId":"01a107f8-0df6-7438-8c1a-6a8ca72f1d5f","sha256":"28c4595f6657961efd72db8c41c8c58049f5113faf68592f4254f3567b33bf63","size":90,"originalName":"federated-avatar.png","msg":"File uploaded directly"}
2026-10-04T17:30:59.4655105Z {"level":30,"time":1791135059454,"pid":4039,"hostname":"runnervm8df0l","fileId":"01a107f8-0dfd-7328-9a72-4d45c5fe294f","mime":"image/png","msg":"Queueing variant generation"}
2026-10-04T17:30:59.4656755Z {"level":30,"time":1791135059454,"pid":4039,"hostname":"runnervm8df0l","fileId":"01a107f8-0dfd-7328-9a72-4d45c5fe294f","sha256":"dd993e31fa1ec75b1f7bf6013c9f945b3c08ee349f3821315b7b23397d920f82","size":90,"originalName":"federated-avatar.png","msg":"File uploaded directly"}
2026-10-04T17:30:59.5410822Z PASS src/services/__tests__/assetService.federationRepair.test.ts
2026-10-04T17:30:59.5988438Z {"level":30,"time":1791135059462,"pid":4039,"hostname":"runnervm8df0l","fileId":"01a107f8-0e05-797d-8e5e-7293853d48e1","mime":"image/png","msg":"Queueing variant generation"}
2026-10-04T17:30:59.5989983Z {"level":30,"time":1791135059462,"pid":4039,"hostname":"runnervm8df0l","fileId":"01a107f8-0e05-797d-8e5e-7293853d48e1","sha256":"59d491251b11a49966f0612ba65bd88d6c2e8e815ddfe60b47367742316fb0a1","size":90,"originalName":"federated-avatar.png","msg":"File uploaded directly"}
2026-10-04T17:30:59.5990780Z {"level":40,"time":1791135059463,"pid":4039,"hostname":"runnervm8df0l","remoteHost":"remote.example","msg":"Federation repair URL rejected: non-https protocol"}
2026-10-04T17:30:59.5991677Z {"level":30,"time":1791135059470,"pid":4039,"hostname":"runnervm8df0l","fileId":"01a107f8-0e0d-79c1-93e4-816738e4a88b","mime":"image/png","msg":"Queueing variant generation"}
2026-10-04T17:30:59.5992518Z {"level":30,"time":1791135059470,"pid":4039,"hostname":"runnervm8df0l","fileId":"01a107f8-0e0d-79c1-93e4-816738e4a88b","sha256":"7a861465f0d3c2a462fd92ebf114ee9caa84b650c7fe026d2da6f8fd603f04d1","size":90,"originalName":"federated-avatar.png","msg":"File uploaded directly"}
2026-10-04T17:30:59.5993319Z {"level":40,"time":1791135059471,"pid":4039,"hostname":"runnervm8df0l","remoteHost":"remote.example","contentType":"text/html","msg":"Federation repair rejected non-image content"}
2026-10-04T17:30:59.5993951Z {"level":30,"time":1791135059476,"pid":4039,"hostname":"runnervm8df0l","fileId":"01a107f8-0e13-7779-8cd4-ad70d48cc447","mime":"image/png","msg":"Queueing variant generation"}
2026-10-04T17:30:59.5994793Z {"level":30,"time":1791135059476,"pid":4039,"hostname":"runnervm8df0l","fileId":"01a107f8-0e13-7779-8cd4-ad70d48cc447","sha256":"1a4b155e6882080875be04d1dddf0f842826a8309ef77a826953f07e0eca9712","size":90,"originalName":"federated-avatar.png","msg":"File uploaded directly"}
2026-10-04T17:30:59.5995590Z {"level":40,"time":1791135059477,"pid":4039,"hostname":"runnervm8df0l","remoteHost":"remote.example","declaredLength":67108864,"msg":"Federation repair image is too large"}
2026-10-04T17:30:59.8615511Z FAIL src/db/schema/__tests__/protectedColumns.test.ts
2026-10-04T17:30:59.8616269Z   ● protected columns — no implicit whole-row read › never calls `select()` with no columns, or uses the relational query API, against a protected table
2026-10-04T17:30:59.8616556Z 
2026-10-04T17:30:59.8616666Z     expect(received).toEqual(expected) // deep equality
2026-10-04T17:30:59.8616794Z 
2026-10-04T17:30:59.8616854Z     - Expected  -  1
2026-10-04T17:30:59.8617024Z     + Received  + 12
2026-10-04T17:30:59.8617099Z 
2026-10-04T17:30:59.8617153Z     - Array []
2026-10-04T17:30:59.8617270Z     + Array [
2026-10-04T17:30:59.8617382Z     +   Object {
2026-10-04T17:30:59.8617534Z     +     "check": "implicit_select_all",
2026-10-04T17:30:59.8617740Z     +     "detail": ".select() .from(inferenceDeployments)",
2026-10-04T17:30:59.8617977Z     +     "subject": "services/kaanaCatalogueSync.service.ts:987",
2026-10-04T17:30:59.8618160Z     +   },
2026-10-04T17:30:59.8618267Z     +   Object {
2026-10-04T17:30:59.8618406Z     +     "check": "implicit_select_all",
2026-10-04T17:30:59.8618596Z     +     "detail": ".select() .from(inferenceDeployments)",
2026-10-04T17:30:59.8618828Z     +     "subject": "services/kaanaCatalogueSync.service.ts:1002",
2026-10-04T17:30:59.8619117Z     +   },
2026-10-04T17:30:59.8619223Z     + ]
2026-10-04T17:30:59.8619280Z 
2026-10-04T17:30:59.8619387Z     [0m [90m 236 |[39m     })[33m;[39m
2026-10-04T17:30:59.8619556Z      [90m 237 |[39m
2026-10-04T17:30:59.8620148Z     [31m[1m>[22m[39m[90m 238 |[39m     expect(violations)[33m.[39mtoEqual([])[33m;[39m
2026-10-04T17:30:59.8620472Z      [90m     |[39m                        [31m[1m^[22m[39m
2026-10-04T17:30:59.8620682Z      [90m 239 |[39m   })[33m;[39m
2026-10-04T17:30:59.8620859Z      [90m 240 |[39m })[33m;[39m
2026-10-04T17:30:59.8621022Z      [90m 241 |[39m[0m
2026-10-04T17:30:59.8621104Z 
2026-10-04T17:30:59.8621222Z       at src/db/schema/__tests__/protectedColumns.test.ts:238:24
2026-10-04T17:30:59.8621486Z       at fulfilled (src/db/schema/__tests__/protectedColumns.test.ts:23:58)
2026-10-04T17:30:59.8621644Z 
2026-10-04T17:31:00.2606647Z {"level":30,"time":1791135060034,"pid":4039,"hostname":"runnervm8df0l","maxPoolSize":8,"msg":"Connected to PostgreSQL successfully"}
2026-10-04T17:31:00.4512515Z PASS src/services/__tests__/user.service.getFollowsOfFollowsIds.test.ts
2026-10-04T17:31:00.6790902Z {"level":30,"time":1791135060578,"pid":4039,"hostname":"runnervm8df0l","maxPoolSize":8,"msg":"Connected to PostgreSQL successfully"}
2026-10-04T17:31:02.1563845Z PASS src/services/__tests__/senderAvatar.service.test.ts
2026-10-04T17:31:02.3973811Z {"level":30,"time":1791135062297,"pid":4039,"hostname":"runnervm8df0l","maxPoolSize":8,"msg":"Connected to PostgreSQL successfully"}
2026-10-04T17:31:02.5447866Z PASS src/services/__tests__/mercariaBillingAuthority.db.test.ts
2026-10-04T17:31:02.9592066Z PASS src/routes/__tests__/profilesUsernameProjection.test.ts
2026-10-04T17:31:03.2417532Z {"level":30,"time":1791135063141,"pid":4039,"hostname":"runnervm8df0l","maxPoolSize":8,"msg":"Connected to PostgreSQL successfully"}
2026-10-04T17:31:03.2418665Z {"level":40,"time":1791135063220,"pid":4039,"hostname":"runnervm8df0l","component":"identityExport","msg":"Identity export attestation omitted: OXY_PRIVATE_KEY/OXY_PUBLIC_KEY not configured"}
2026-10-04T17:31:03.3697948Z {"level":40,"time":1791135063269,"pid":4039,"hostname":"runnervm8df0l","component":"identityExport","msg":"Identity export attestation omitted: OXY_PRIVATE_KEY/OXY_PUBLIC_KEY not configured"}
2026-10-04T17:31:03.3699011Z PASS src/services/__tests__/identityExport.financial.test.ts
2026-10-04T17:31:03.3699917Z {"level":40,"time":1791135063281,"pid":4039,"hostname":"runnervm8df0l","component":"identityExport","msg":"Identity export attestation omitted: OXY_PRIVATE_KEY/OXY_PUBLIC_KEY not configured"}
2026-10-04T17:31:03.9387885Z PASS src/services/__tests__/agentKeyAuth.test.ts
2026-10-04T17:31:04.1636920Z PASS src/db/schema/__tests__/userLinkedAccounts.test.ts
2026-10-04T17:31:04.2628600Z {"level":30,"time":1791135064054,"pid":4039,"hostname":"runnervm8df0l","maxPoolSize":8,"msg":"Connected to PostgreSQL successfully"}
2026-10-04T17:31:04.4557485Z {"level":30,"time":1791135064282,"pid":4039,"hostname":"runnervm8df0l","maxPoolSize":8,"msg":"Connected to PostgreSQL successfully"}
2026-10-04T17:31:04.4558167Z PASS src/services/__tests__/user.service.color.test.ts
2026-10-04T17:31:05.1657231Z PASS src/routes/__tests__/usersByIds.test.ts
2026-10-04T17:31:05.3810885Z {"level":30,"time":1791135065281,"pid":4039,"hostname":"runnervm8df0l","maxPoolSize":8,"msg":"Connected to PostgreSQL successfully"}
2026-10-04T17:31:05.5688801Z PASS src/services/__tests__/inferenceServableCatalogue.test.ts
2026-10-04T17:31:05.6886213Z {"level":40,"time":1791135065520,"pid":4039,"hostname":"runnervm8df0l","component":"inference-kaana","error":"kaana down","lastObservedAt":0,"msg":"inference.kaana.publication_read_failed"}
2026-10-04T17:31:05.6887410Z {"level":40,"time":1791135065520,"pid":4039,"hostname":"runnervm8df0l","component":"inference-kaana","error":"kaana down","lastObservedAt":0,"msg":"inference.kaana.publication_read_failed"}
2026-10-04T17:31:05.6888421Z {"level":40,"time":1791135065520,"pid":4039,"hostname":"runnervm8df0l","component":"inference-kaana","error":"kaana down","msg":"inference.kaana.publication_read_failed"}
2026-10-04T17:31:05.8611242Z {"level":30,"time":1791135065720,"pid":4039,"hostname":"runnervm8df0l","maxPoolSize":8,"msg":"Connected to PostgreSQL successfully"}
2026-10-04T17:31:05.8612466Z PASS src/services/__tests__/assetService.originalName.test.ts
2026-10-04T17:31:05.8613313Z {"level":30,"time":1791135065732,"pid":4039,"hostname":"runnervm8df0l","fileId":"01a107f8-2682-7ae3-a18a-9e746ec6b98c","mime":"image/png","msg":"Queueing variant generation"}
2026-10-04T17:31:05.8617660Z {"level":30,"time":1791135065732,"pid":4039,"hostname":"runnervm8df0l","fileId":"01a107f8-2682-7ae3-a18a-9e746ec6b98c","sha256":"cf8da6d04738967d09fdac74bc4b3cb467dcf58cb142ece6a57dd645dc726bfd","size":24,"originalName":"  my\tholiday\nphoto café .png  ","msg":"File uploaded directly"}
2026-10-04T17:31:05.8620078Z {"level":30,"time":1791135065739,"pid":4039,"hostname":"runnervm8df0l","fileId":"01a107f8-268a-70bf-9373-5f561a901b3c","sha256":"8aca93afe2653134338191d003c606c4969c682268cc4be9645858ff7320d42d","storageKey":"content/2026/10/8a/8aca93afe2653134338191d003c606c4969c682268cc4be9645858ff7320d42d.png","sharedStorage":false,"msg":"Asset upload initialized"}
2026-10-04T17:31:05.8622489Z {"level":30,"time":1791135065762,"pid":4039,"hostname":"runnervm8df0l","fileId":"01a107f8-268a-70bf-9373-5f561a901b3c","visibility":"private","storageKey":"content/2026/10/8a/8aca93afe2653134338191d003c606c4969c682268cc4be9645858ff7320d42d.png","variantCount":0,"moved":0,"msg":"Relocated asset objects to match visibility"}
2026-10-04T17:31:05.8624007Z {"level":30,"time":1791135065762,"pid":4039,"hostname":"runnervm8df0l","fileId":"01a107f8-268a-70bf-9373-5f561a901b3c","mime":"image/png","msg":"Queueing variant generation"}
2026-10-04T17:31:05.8625468Z {"level":30,"time":1791135065762,"pid":4039,"hostname":"runnervm8df0l","fileId":"01a107f8-268a-70bf-9373-5f561a901b3c","originalName":"  my\tholiday\nphoto café .png  ","visibility":"private","msg":"Asset upload completed"}
2026-10-04T17:31:05.8627015Z {"level":30,"time":1791135065769,"pid":4039,"hostname":"runnervm8df0l","fileId":"01a107f8-26a7-7ed0-92cc-cebf0b66bfbc","sha256":"73b5a5a108eb5348b464c491e7ca0ef26d387f6451faef3403dc65d129814c7c","size":24,"mime":"image/png","msg":"Cached media uploaded via stream"}
2026-10-04T17:31:05.8628357Z {"level":30,"time":1791135065769,"pid":4039,"hostname":"runnervm8df0l","fileId":"01a107f8-26a7-7ed0-92cc-cebf0b66bfbc","mime":"image/png","msg":"Queueing variant generation"}
2026-10-04T17:31:05.8629885Z {"level":30,"time":1791135065777,"pid":4039,"hostname":"runnervm8df0l","fileId":"01a107f8-26af-7527-af38-836b033f45fc","sha256":"1e130c69b38524282914d36e44d633db62d0c5eec9139a4caeeebf97797c04d0","size":24,"mime":"image/png","msg":"Federated media uploaded via stream"}
2026-10-04T17:31:05.8631213Z {"level":30,"time":1791135065777,"pid":4039,"hostname":"runnervm8df0l","fileId":"01a107f8-26af-7527-af38-836b033f45fc","mime":"image/png","msg":"Queueing variant generation"}
2026-10-04T17:31:05.8632603Z {"level":30,"time":1791135065783,"pid":4039,"hostname":"runnervm8df0l","fileId":"01a107f8-26b5-71a6-b8b4-765bb179ece8","sha256":"93c7c118314f8d3607d9eb856d77d62ec4a8df3af7bd74cc9be699bad23b9d2f","size":24,"mime":"image/png","msg":"User media uploaded via stream"}
2026-10-04T17:31:05.8633955Z {"level":30,"time":1791135065783,"pid":4039,"hostname":"runnervm8df0l","fileId":"01a107f8-26b5-71a6-b8b4-765bb179ece8","mime":"image/png","msg":"Queueing variant generation"}
2026-10-04T17:31:06.1709548Z {"level":30,"time":1791135066010,"pid":4039,"hostname":"runnervm8df0l","maxPoolSize":8,"msg":"Connected to PostgreSQL successfully"}
2026-10-04T17:31:06.1710560Z {"level":30,"time":1791135066021,"pid":4039,"hostname":"runnervm8df0l","userId":"01a107f8-279a-7c28-a895-9396038c3b6b","msg":"Email mailboxes provisioned"}
2026-10-04T17:31:06.1711455Z {"level":30,"time":1791135066028,"pid":4039,"hostname":"runnervm8df0l","userId":"01a107f8-279a-7c28-a895-9396038c3b6b","msg":"Welcome email created"}
2026-10-04T17:31:06.1712739Z {"level":30,"time":1791135066038,"pid":4039,"hostname":"runnervm8df0l","userId":"01a107f8-279a-7c28-a895-9396038c3b6b","from":"communications@ramp.com","subject":"977687 is your Ramp sign-in code","mailbox":"INBOX","msg":"Incoming email stored"}
2026-10-04T17:31:06.1714395Z {"level":40,"time":1791135066049,"pid":4039,"hostname":"runnervm8df0l","msg":"Inbox socket emit skipped: Socket.IO not initialised"}
2026-10-04T17:31:06.1715511Z {"level":30,"time":1791135066059,"pid":4039,"hostname":"runnervm8df0l","userId":"01a107f8-279a-7c28-a895-9396038c3b6b","from":"ada@example.com","subject":"Receipt","mailbox":"INBOX","msg":"Incoming email stored"}
2026-10-04T17:31:06.1716539Z {"level":40,"time":1791135066061,"pid":4039,"hostname":"runnervm8df0l","msg":"Inbox socket emit skipped: Socket.IO not initialised"}
2026-10-04T17:31:06.1717359Z {"level":30,"time":1791135066086,"pid":4039,"hostname":"runnervm8df0l","userId":"01a107f8-279a-7c28-a895-9396038c3b6b","msg":"Default bundles seeded"}
2026-10-04T17:31:06.1719502Z PASS src/services/__tests__/emailService.contract.test.ts
2026-10-04T17:31:07.5493350Z {"level":30,"time":1791135067449,"pid":4039,"hostname":"runnervm8df0l","maxPoolSize":8,"msg":"Connected to PostgreSQL successfully"}
2026-10-04T17:31:07.5493936Z {"level":30,"time":1791135067470,"pid":4039,"hostname":"runnervm8df0l","maxPoolSize":8,"msg":"Connected to PostgreSQL successfully"}
2026-10-04T17:31:07.5494824Z {"level":30,"time":1791135067500,"pid":4039,"hostname":"runnervm8df0l","maxPoolSize":8,"msg":"Connected to PostgreSQL successfully"}
2026-10-04T17:31:07.5495303Z {"level":30,"time":1791135067526,"pid":4039,"hostname":"runnervm8df0l","maxPoolSize":8,"msg":"Connected to PostgreSQL successfully"}
2026-10-04T17:31:07.6693506Z {"level":30,"time":1791135067569,"pid":4039,"hostname":"runnervm8df0l","maxPoolSize":8,"msg":"Connected to PostgreSQL successfully"}
2026-10-04T17:31:07.6694071Z {"level":30,"time":1791135067592,"pid":4039,"hostname":"runnervm8df0l","maxPoolSize":8,"msg":"Connected to PostgreSQL successfully"}
2026-10-04T17:31:07.7176174Z PASS src/config/__tests__/billingNamespace.test.ts
2026-10-04T17:31:07.9320442Z PASS src/routes/__tests__/usersUserId.test.ts
2026-10-04T17:31:08.1602328Z {"level":30,"time":1791135068059,"pid":4039,"hostname":"runnervm8df0l","binaryPath":"/usr/bin/ffmpeg","msg":"[VariantService] Using system ffmpeg"}
2026-10-04T17:31:08.1602983Z {"level":30,"time":1791135068070,"pid":4039,"hostname":"runnervm8df0l","binaryPath":"/usr/bin/ffprobe","msg":"[VariantService] Using system ffprobe"}
2026-10-04T17:31:08.1603789Z {"level":30,"time":1791135068070,"pid":4039,"hostname":"runnervm8df0l","ffmpegPath":"/usr/bin/ffmpeg","msg":"[VariantService] Resolved FFmpeg path"}
2026-10-04T17:31:08.1604427Z {"level":30,"time":1791135068070,"pid":4039,"hostname":"runnervm8df0l","ffprobePath":"/usr/bin/ffprobe","msg":"[VariantService] Resolved FFprobe path"}
2026-10-04T17:31:08.1605118Z {"level":30,"time":1791135068070,"pid":4039,"hostname":"runnervm8df0l","ffmpegPath":"/usr/bin/ffmpeg","ffprobePath":"/usr/bin/ffprobe","ffmpegExists":true,"ffprobeExists":true,"msg":"FFmpeg/FFprobe paths initialized"}
2026-10-04T17:31:08.1606112Z {"level":30,"time":1791135068148,"pid":4039,"hostname":"runnervm8df0l","maxPoolSize":8,"msg":"Connected to PostgreSQL successfully"}
2026-10-04T17:31:08.3563171Z {"level":40,"time":1791135068223,"pid":4039,"hostname":"runnervm8df0l","operation":"resolve_external_identity","phase":"actor_fetch","reason":"signing_key_unavailable","actorUri":"https://bird.makeup/users/missingkey","msg":"Federation identity resolution failed"}
2026-10-04T17:31:08.3626826Z PASS src/services/__tests__/externalProfileInspection.test.ts
2026-10-04T17:31:08.8292225Z PASS src/routes/__tests__/assetsWireShape.test.ts
2026-10-04T17:31:09.0505779Z PASS src/routes/__tests__/usersFollowStatusBulk.test.ts
2026-10-04T17:31:09.1245156Z PASS src/services/federation/__tests__/externalIdentityPolicy.test.ts
2026-10-04T17:31:09.1809961Z PASS src/utils/__tests__/minorUnits.test.ts
2026-10-04T17:31:09.7055458Z {"level":30,"time":1791135069570,"pid":4039,"hostname":"runnervm8df0l","maxPoolSize":8,"msg":"Connected to PostgreSQL successfully"}
2026-10-04T17:31:09.7099942Z PASS src/db/__tests__/subscriptionStatus.test.ts
2026-10-04T17:31:09.9633749Z {"level":30,"time":1791135069846,"pid":4039,"hostname":"runnervm8df0l","maxPoolSize":8,"msg":"Connected to PostgreSQL successfully"}
2026-10-04T17:31:09.9634509Z {"level":30,"time":1791135069847,"pid":4039,"hostname":"runnervm8df0l","msg":"Asset variant generation using in-process fallback (queue Redis URL unset)"}
2026-10-04T17:31:09.9635122Z {"level":30,"time":1791135069860,"pid":4039,"hostname":"runnervm8df0l","fileId":"01a107f8-36a1-71e5-8518-cb0faa848033","mime":"image/png","msg":"Queueing variant generation"}
2026-10-04T17:31:09.9635965Z {"level":30,"time":1791135069860,"pid":4039,"hostname":"runnervm8df0l","fileId":"01a107f8-36a1-71e5-8518-cb0faa848033","sha256":"eaf5292ec546d6f2ce5907ada6e5e7cf939f08e5243697f19ee22ae79c2573ab","size":24,"originalName":"shot.png","msg":"File uploaded directly"}
2026-10-04T17:31:09.9636727Z {"level":30,"time":1791135069861,"pid":4039,"hostname":"runnervm8df0l","msg":"Asset variant generation using in-process fallback (queue Redis URL unset)"}
2026-10-04T17:31:09.9637334Z {"level":30,"time":1791135069868,"pid":4039,"hostname":"runnervm8df0l","fileId":"01a107f8-36aa-743d-94f6-b5e9d508eefc","mime":"image/png","msg":"Queueing variant generation"}
2026-10-04T17:31:09.9638566Z {"level":30,"time":1791135069868,"pid":4039,"hostname":"runnervm8df0l","fileId":"01a107f8-36aa-743d-94f6-b5e9d508eefc","sha256":"e26134505a02775d049f321bafc27c9e06c6859790f03ca3cdc3379437afbcdb","size":24,"originalName":"clip.png","msg":"File uploaded directly"}
2026-10-04T17:31:09.9639469Z {"level":30,"time":1791135069868,"pid":4039,"hostname":"runnervm8df0l","msg":"Asset variant generation using in-process fallback (queue Redis URL unset)"}
2026-10-04T17:31:09.9640062Z {"level":30,"time":1791135069874,"pid":4039,"hostname":"runnervm8df0l","fileId":"01a107f8-36b1-7c7a-9256-8a45f11fa3a7","mime":"image/png","msg":"Queueing variant generation"}
2026-10-04T17:31:09.9640858Z {"level":30,"time":1791135069874,"pid":4039,"hostname":"runnervm8df0l","fileId":"01a107f8-36b1-7c7a-9256-8a45f11fa3a7","sha256":"4f96ee62f7feb296d25e4525ded7710dd204d1f387f9b83bf646255937a751d3","size":24,"originalName":"a.png","msg":"File uploaded directly"}
2026-10-04T17:31:09.9641627Z {"level":30,"time":1791135069878,"pid":4039,"hostname":"runnervm8df0l","fileId":"01a107f8-36b5-7b93-ab00-8b9079955d6f","mime":"image/png","msg":"Queueing variant generation"}
2026-10-04T17:31:09.9642427Z {"level":30,"time":1791135069878,"pid":4039,"hostname":"runnervm8df0l","fileId":"01a107f8-36b5-7b93-ab00-8b9079955d6f","sha256":"3157e7cbfc9cd54b1f4fa4e10f8161bee89369678bd6651e00da734545d0c808","size":24,"originalName":"b.png","msg":"File uploaded directly"}
2026-10-04T17:31:09.9643051Z PASS src/services/__tests__/assetService.variantQueueing.test.ts
2026-10-04T17:31:10.0942964Z PASS src/middleware/__tests__/federationServiceRateLimit.test.ts
2026-10-04T17:31:10.2513681Z PASS src/utils/__tests__/subscriptionPlan.test.ts
2026-10-04T17:31:10.6106302Z {"level":30,"time":1791135070193,"pid":4039,"hostname":"runnervm8df0l","maxPoolSize":8,"msg":"Connected to PostgreSQL successfully"}
2026-10-04T17:31:10.6107261Z {"level":30,"time":1791135070384,"pid":4039,"hostname":"runnervm8df0l","binaryPath":"/usr/bin/ffmpeg","msg":"[VariantService] Using system ffmpeg"}
2026-10-04T17:31:10.6108131Z {"level":30,"time":1791135070395,"pid":4039,"hostname":"runnervm8df0l","binaryPath":"/usr/bin/ffprobe","msg":"[VariantService] Using system ffprobe"}
2026-10-04T17:31:10.6109186Z {"level":30,"time":1791135070395,"pid":4039,"hostname":"runnervm8df0l","ffmpegPath":"/usr/bin/ffmpeg","msg":"[VariantService] Resolved FFmpeg path"}
2026-10-04T17:31:10.6110073Z {"level":30,"time":1791135070395,"pid":4039,"hostname":"runnervm8df0l","ffprobePath":"/usr/bin/ffprobe","msg":"[VariantService] Resolved FFprobe path"}
2026-10-04T17:31:10.6111231Z {"level":30,"time":1791135070395,"pid":4039,"hostname":"runnervm8df0l","ffmpegPath":"/usr/bin/ffmpeg","ffprobePath":"/usr/bin/ffprobe","ffmpegExists":true,"ffprobeExists":true,"msg":"FFmpeg/FFprobe paths initialized"}
2026-10-04T17:31:10.6112570Z PASS src/utils/__tests__/userIdentityBase.contract.test.ts
2026-10-04T17:31:12.2459848Z FAIL src/db/schema/__tests__/routingScoreEconomicsCallsites.test.ts
2026-10-04T17:31:12.2460748Z   ● every application and script routing-score insert states reviewed economics
2026-10-04T17:31:12.2461022Z 
2026-10-04T17:31:12.2461150Z     expect(received).toHaveLength(expected)
2026-10-04T17:31:12.2461321Z 
2026-10-04T17:31:12.2461417Z     Expected length: 17
2026-10-04T17:31:12.2461626Z     Received length: 18
2026-10-04T17:31:12.2463712Z     Received array:  ["src/db/testServableEvidence.ts:87", "src/routes/__fixtures__/kaanaRuntimeFixtures.ts:89", "src/routes/__tests__/inferenceEdge.test.ts:365", "src/routes/__tests__/inferenceEdge.test.ts:544", "src/routes/__tests__/inferenceEdge.test.ts:667", "src/routes/__tests__/kaanaStreaming.test.ts:2433", "src/scripts/__tests__/kaanaScorecardRenewal.test.ts:150", "src/scripts/__tests__/kaanaScorecardRenewal.test.ts:153", "src/scripts/kaanaScorecardRenewal.ts:310", "src/services/__tests__/inferenceCatalogue.test.ts:306", …]
2026-10-04T17:31:12.2464832Z 
2026-10-04T17:31:12.2465387Z     [0m [90m 123 |[39m   [90m// its append-only event (services/kaanaCatalogueSync.service.ts).[39m
2026-10-04T17:31:12.2465833Z      [90m 124 |[39m   [90m// 16 -> 17: the shared servable-evidence test fixture (db/testServableEvidence.ts).[39m
2026-10-04T17:31:12.2466242Z     [31m[1m>[22m[39m[90m 125 |[39m   expect(callsites)[33m.[39mtoHaveLength([35m17[39m)[33m;[39m
2026-10-04T17:31:12.2466545Z      [90m     |[39m                     [31m[1m^[22m[39m
2026-10-04T17:31:12.2466743Z      [90m 126 |[39m })[33m;[39m
2026-10-04T17:31:12.2466903Z      [90m 127 |[39m[0m
2026-10-04T17:31:12.2466984Z 
2026-10-04T17:31:12.2467163Z       at Object.<anonymous> (src/db/schema/__tests__/routingScoreEconomicsCallsites.test.ts:125:21)
2026-10-04T17:31:12.2467357Z 
2026-10-04T17:31:12.5517237Z PASS src/controllers/__tests__/email.controller.import.test.ts
2026-10-04T17:31:12.8098600Z {"level":30,"time":1791135072709,"pid":4039,"hostname":"runnervm8df0l","maxPoolSize":8,"msg":"Connected to PostgreSQL successfully"}
2026-10-04T17:31:12.8215391Z PASS src/services/__tests__/serviceAuthorityCeilingTransition.db.test.ts
2026-10-04T17:31:12.8559738Z PASS src/scripts/__tests__/inboxRoutingProfileReadback.test.ts
2026-10-04T17:31:13.6288037Z PASS src/routes/__tests__/email.search.test.ts
2026-10-04T17:31:13.8737303Z PASS src/services/__tests__/assetService.ensureVariantVideo.test.ts
2026-10-04T17:31:13.9629209Z PASS src/services/__tests__/platformInfrastructure.socket.test.ts
2026-10-04T17:31:14.7912383Z {"level":40,"time":1791135074111,"pid":4039,"hostname":"runnervm8df0l","requestId":"req-synthetic-decisions","code":"service_unavailable","applicationId":"fixture","reason":"decisions-review-required","msg":"inference.edge.refused"}
2026-10-04T17:31:14.7916827Z PASS src/services/__tests__/inferenceDecisions.test.ts
2026-10-04T17:31:15.0132973Z PASS src/routes/__tests__/identityRootStatus.test.ts
2026-10-04T17:31:15.5916885Z {"level":30,"time":1791135074950,"pid":4039,"hostname":"runnervm8df0l","maxPoolSize":8,"msg":"Connected to PostgreSQL successfully"}
2026-10-04T17:31:15.5917805Z {"level":30,"time":1791135075333,"pid":4039,"hostname":"runnervm8df0l","binaryPath":"/usr/bin/ffmpeg","msg":"[VariantService] Using system ffmpeg"}
2026-10-04T17:31:15.5918674Z {"level":30,"time":1791135075345,"pid":4039,"hostname":"runnervm8df0l","binaryPath":"/usr/bin/ffprobe","msg":"[VariantService] Using system ffprobe"}
2026-10-04T17:31:15.5919697Z {"level":30,"time":1791135075346,"pid":4039,"hostname":"runnervm8df0l","ffmpegPath":"/usr/bin/ffmpeg","msg":"[VariantService] Resolved FFmpeg path"}
2026-10-04T17:31:15.5920544Z {"level":30,"time":1791135075346,"pid":4039,"hostname":"runnervm8df0l","ffprobePath":"/usr/bin/ffprobe","msg":"[VariantService] Resolved FFprobe path"}
2026-10-04T17:31:15.5921593Z {"level":30,"time":1791135075346,"pid":4039,"hostname":"runnervm8df0l","ffmpegPath":"/usr/bin/ffmpeg","ffprobePath":"/usr/bin/ffprobe","ffmpegExists":true,"ffprobeExists":true,"msg":"FFmpeg/FFprobe paths initialized"}
2026-10-04T17:31:15.5977197Z PASS src/services/__tests__/smtp.outbound.test.ts
2026-10-04T17:31:15.6716162Z PASS src/services/__tests__/subscriptionPromotionPolicy.test.ts
2026-10-04T17:31:15.7704372Z PASS src/routes/__tests__/emailProxy.route.test.ts
2026-10-04T17:31:15.8942429Z PASS src/config/__tests__/inferencePlatformScopeWriteRollback.test.ts
2026-10-04T17:31:15.9988520Z {"level":30,"time":1791135075865,"pid":4039,"hostname":"runnervm8df0l","maxPoolSize":8,"msg":"Connected to PostgreSQL successfully"}
2026-10-04T17:31:16.0097910Z PASS src/utils/__tests__/userTransformDrizzleRow.test.ts
2026-10-04T17:31:26.7678279Z 
2026-10-04T17:31:26.7679202Z =============================== Coverage summary ===============================
2026-10-04T17:31:26.7679635Z Statements   : 34.8% ( 16540/47517 )
2026-10-04T17:31:26.7679905Z Branches     : 24.4% ( 8836/36210 )
2026-10-04T17:31:26.7680204Z Functions    : 30.79% ( 2422/7865 )
2026-10-04T17:31:26.7680464Z Lines        : 35.83% ( 15733/43899 )
2026-10-04T17:31:26.7680795Z ================================================================================
2026-10-04T17:31:26.7683904Z 
2026-10-04T17:31:26.7684403Z Summary of all failing tests
2026-10-04T17:31:26.7691593Z FAIL src/db/schema/__tests__/protectedColumns.test.ts
2026-10-04T17:31:26.7692619Z   ● protected columns — no implicit whole-row read › never calls `select()` with no columns, or uses the relational query API, against a protected table
2026-10-04T17:31:26.7693100Z 
2026-10-04T17:31:26.7693265Z     expect(received).toEqual(expected) // deep equality
2026-10-04T17:31:26.7693477Z 
2026-10-04T17:31:26.7693572Z     - Expected  -  1
2026-10-04T17:31:26.7693793Z     + Received  + 12
2026-10-04T17:31:26.7693915Z 
2026-10-04T17:31:26.7693996Z     - Array []
2026-10-04T17:31:26.7694185Z     + Array [
2026-10-04T17:31:26.7694369Z     +   Object {
2026-10-04T17:31:26.7694603Z     +     "check": "implicit_select_all",
2026-10-04T17:31:26.7694965Z     +     "detail": ".select() .from(inferenceDeployments)",
2026-10-04T17:31:26.7696064Z     +     "subject": "services/kaanaCatalogueSync.service.ts:987",
2026-10-04T17:31:26.7696385Z     +   },
2026-10-04T17:31:26.7696565Z     +   Object {
2026-10-04T17:31:26.7697422Z     +     "check": "implicit_select_all",
2026-10-04T17:31:26.7699964Z     +     "detail": ".select() .from(inferenceDeployments)",
2026-10-04T17:31:26.7700571Z     +     "subject": "services/kaanaCatalogueSync.service.ts:1002",
2026-10-04T17:31:26.7700872Z     +   },
2026-10-04T17:31:26.7701039Z     + ]
2026-10-04T17:31:26.7701133Z 
2026-10-04T17:31:26.7702563Z     [0m [90m 236 |[39m     })[33m;[39m
2026-10-04T17:31:26.7702893Z      [90m 237 |[39m
2026-10-04T17:31:26.7706242Z     [31m[1m>[22m[39m[90m 238 |[39m     expect(violations)[33m.[39mtoEqual([])[33m;[39m
2026-10-04T17:31:26.7707271Z      [90m     |[39m                        [31m[1m^[22m[39m
2026-10-04T17:31:26.7708197Z      [90m 239 |[39m   })[33m;[39m
2026-10-04T17:31:26.7712873Z      [90m 240 |[39m })[33m;[39m
2026-10-04T17:31:26.7713160Z      [90m 241 |[39m[0m
2026-10-04T17:31:26.7713307Z 
2026-10-04T17:31:26.7713513Z       at src/db/schema/__tests__/protectedColumns.test.ts:238:24
2026-10-04T17:31:26.7713977Z       at fulfilled (src/db/schema/__tests__/protectedColumns.test.ts:23:58)
2026-10-04T17:31:26.7714221Z 
2026-10-04T17:31:26.7714616Z FAIL src/db/schema/__tests__/routingScoreEconomicsCallsites.test.ts
2026-10-04T17:31:26.7715179Z   ● every application and script routing-score insert states reviewed economics
2026-10-04T17:31:26.7715488Z 
2026-10-04T17:31:26.7715785Z     expect(received).toHaveLength(expected)
2026-10-04T17:31:26.7715948Z 
2026-10-04T17:31:26.7716041Z     Expected length: 17
2026-10-04T17:31:26.7716253Z     Received length: 18
2026-10-04T17:31:26.7727135Z     Received array:  ["src/db/testServableEvidence.ts:87", "src/routes/__fixtures__/kaanaRuntimeFixtures.ts:89", "src/routes/__tests__/inferenceEdge.test.ts:365", "src/routes/__tests__/inferenceEdge.test.ts:544", "src/routes/__tests__/inferenceEdge.test.ts:667", "src/routes/__tests__/kaanaStreaming.test.ts:2433", "src/scripts/__tests__/kaanaScorecardRenewal.test.ts:150", "src/scripts/__tests__/kaanaScorecardRenewal.test.ts:153", "src/scripts/kaanaScorecardRenewal.ts:310", "src/services/__tests__/inferenceCatalogue.test.ts:306", …]
2026-10-04T17:31:26.7729048Z 
2026-10-04T17:31:26.7729420Z     [0m [90m 123 |[39m   [90m// its append-only event (services/kaanaCatalogueSync.service.ts).[39m
2026-10-04T17:31:26.7730119Z      [90m 124 |[39m   [90m// 16 -> 17: the shared servable-evidence test fixture (db/testServableEvidence.ts).[39m
2026-10-04T17:31:26.7730795Z     [31m[1m>[22m[39m[90m 125 |[39m   expect(callsites)[33m.[39mtoHaveLength([35m17[39m)[33m;[39m
2026-10-04T17:31:26.7731341Z      [90m     |[39m                     [31m[1m^[22m[39m
2026-10-04T17:31:26.7731655Z      [90m 126 |[39m })[33m;[39m
2026-10-04T17:31:26.7731906Z      [90m 127 |[39m[0m
2026-10-04T17:31:26.7732031Z 
2026-10-04T17:31:26.7732320Z       at Object.<anonymous> (src/db/schema/__tests__/routingScoreEconomicsCallsites.test.ts:125:21)
2026-10-04T17:31:26.7732760Z 
2026-10-04T17:31:26.7732769Z 
2026-10-04T17:31:26.7738806Z Test Suites: 2 failed, 88 passed, 90 total
2026-10-04T17:31:26.7739516Z Tests:       2 failed, 1432 passed, 1434 total
2026-10-04T17:31:26.7739884Z Snapshots:   0 total
2026-10-04T17:31:26.7740030Z Time:        83.586 s
2026-10-04T17:31:26.7740158Z Ran all test suites.
2026-10-04T17:31:27.1968016Z Test results written to: coverage/shard-3/jest-results.json
2026-10-04T17:31:27.5162636Z error: script "test:coverage" exited with code 1
2026-10-04T17:31:27.5179617Z ##[error]Process completed with exit code 1.
2026-10-04T17:31:27.5256533Z Post job cleanup.
2026-10-04T17:31:27.5802226Z [command]/usr/bin/git version
2026-10-04T17:31:27.5837827Z git version 2.55.0
2026-10-04T17:31:27.5861046Z Temporarily overriding HOME='/home/runner/work/_temp/d7f7e3fb-460d-43c2-b765-cb9d7b9ad117' before making global git config changes
2026-10-04T17:31:27.5863234Z Adding repository directory to the temporary git global config as a safe directory
2026-10-04T17:31:27.5864011Z [command]/usr/bin/git config --global --add safe.directory /home/runner/work/oxy/oxy
2026-10-04T17:31:27.5887234Z Removing SSH command configuration
2026-10-04T17:31:27.5891232Z [command]/usr/bin/git config --local --name-only --get-regexp core\.sshCommand
2026-10-04T17:31:27.5916533Z [command]/usr/bin/git submodule foreach --recursive sh -c "git config --local --name-only --get-regexp 'core\.sshCommand' && git config --local --unset-all 'core.sshCommand' || :"
2026-10-04T17:31:27.6111125Z Removing HTTP extra header
2026-10-04T17:31:27.6115531Z [command]/usr/bin/git config --local --name-only --get-regexp http\.https\:\/\/github\.com\/\.extraheader
2026-10-04T17:31:27.6148759Z [command]/usr/bin/git submodule foreach --recursive sh -c "git config --local --name-only --get-regexp 'http\.https\:\/\/github\.com\/\.extraheader' && git config --local --unset-all 'http.https://github.com/.extraheader' || :"
2026-10-04T17:31:27.6343402Z Removing includeIf entries pointing to credentials config files
2026-10-04T17:31:27.6348158Z [command]/usr/bin/git config --local --name-only --get-regexp ^includeIf\.gitdir:
2026-10-04T17:31:27.6375786Z includeif.gitdir:/home/runner/work/oxy/oxy/.git.path
2026-10-04T17:31:27.6376097Z includeif.gitdir:/home/runner/work/oxy/oxy/.git/worktrees/*.path
2026-10-04T17:31:27.6376478Z includeif.gitdir:/github/workspace/.git.path
2026-10-04T17:31:27.6376846Z includeif.gitdir:/github/workspace/.git/worktrees/*.path
2026-10-04T17:31:27.6382471Z [command]/usr/bin/git config --local --get-all includeif.gitdir:/home/runner/work/oxy/oxy/.git.path
2026-10-04T17:31:27.6403686Z /home/runner/work/_temp/git-credentials-9069455c-ad02-44b9-aa5f-e2e3a889682a.config
2026-10-04T17:31:27.6410678Z [command]/usr/bin/git config --local --unset includeif.gitdir:/home/runner/work/oxy/oxy/.git.path \/home\/runner\/work\/_temp\/git\-credentials\-9069455c\-ad02\-44b9\-aa5f\-e2e3a889682a\.config
2026-10-04T17:31:27.6441162Z [command]/usr/bin/git config --local --get-all includeif.gitdir:/home/runner/work/oxy/oxy/.git/worktrees/*.path
2026-10-04T17:31:27.6461475Z /home/runner/work/_temp/git-credentials-9069455c-ad02-44b9-aa5f-e2e3a889682a.config
2026-10-04T17:31:27.6466865Z [command]/usr/bin/git config --local --unset includeif.gitdir:/home/runner/work/oxy/oxy/.git/worktrees/*.path \/home\/runner\/work\/_temp\/git\-credentials\-9069455c\-ad02\-44b9\-aa5f\-e2e3a889682a\.config
2026-10-04T17:31:27.6500992Z [command]/usr/bin/git config --local --get-all includeif.gitdir:/github/workspace/.git.path
2026-10-04T17:31:27.6520986Z /github/runner_temp/git-credentials-9069455c-ad02-44b9-aa5f-e2e3a889682a.config
2026-10-04T17:31:27.6525484Z [command]/usr/bin/git config --local --unset includeif.gitdir:/github/workspace/.git.path \/github\/runner_temp\/git\-credentials\-9069455c\-ad02\-44b9\-aa5f\-e2e3a889682a\.config
2026-10-04T17:31:27.6552175Z [command]/usr/bin/git config --local --get-all includeif.gitdir:/github/workspace/.git/worktrees/*.path
2026-10-04T17:31:27.6572154Z /github/runner_temp/git-credentials-9069455c-ad02-44b9-aa5f-e2e3a889682a.config
2026-10-04T17:31:27.6576513Z [command]/usr/bin/git config --local --unset includeif.gitdir:/github/workspace/.git/worktrees/*.path \/github\/runner_temp\/git\-credentials\-9069455c\-ad02\-44b9\-aa5f\-e2e3a889682a\.config
2026-10-04T17:31:27.6603637Z [command]/usr/bin/git submodule foreach --recursive git config --local --show-origin --name-only --get-regexp remote.origin.url
2026-10-04T17:31:27.6771714Z Removing credentials config '/home/runner/work/_temp/git-credentials-9069455c-ad02-44b9-aa5f-e2e3a889682a.config'
2026-10-04T17:31:27.6861954Z Print service container logs: ad72fc322164482693ef89829b6c95d2_postgispostgis1735_2b1d58
2026-10-04T17:31:27.6864927Z ##[command]/usr/bin/docker logs --details ad9c2ca99900c94903d5acd25faadefe2bcc030efe0299c75c4950d1f33813da
2026-10-04T17:31:27.6951110Z  The files belonging to this database system will be owned by user "postgres".
2026-10-04T17:31:27.6951645Z  This user must also own the server process.
2026-10-04T17:31:27.6952639Z  initdb: warning: enabling "trust" authentication for local connections
2026-10-04T17:31:27.6953280Z  initdb: hint: You can change this by editing pg_hba.conf or using the option -A, or --auth-local and --auth-host, the next time you run initdb.
2026-10-04T17:31:27.6954207Z  2026-10-04 17:29:08.420 UTC [1] LOG:  starting PostgreSQL 17.5 (Debian 17.5-1.pgdg110+1) on x86_64-pc-linux-gnu, compiled by gcc (Debian 10.2.1-6) 10.2.1 20210110, 64-bit
2026-10-04T17:31:27.6954954Z  2026-10-04 17:29:08.420 UTC [1] LOG:  listening on IPv4 address "0.0.0.0", port 5432
2026-10-04T17:31:27.6955404Z  2026-10-04 17:29:08.421 UTC [1] LOG:  listening on IPv6 address "::", port 5432
2026-10-04T17:31:27.6955977Z  2026-10-04 17:29:08.421 UTC [1] LOG:  listening on Unix socket "/var/run/postgresql/.s.PGSQL.5432"
2026-10-04T17:31:27.6956518Z  2026-10-04 17:29:08.424 UTC [73] LOG:  database system was shut down at 2026-10-04 17:29:08 UTC
2026-10-04T17:31:27.6957015Z  2026-10-04 17:29:08.427 UTC [1] LOG:  database system is ready to accept connections
2026-10-04T17:31:27.6957558Z  
2026-10-04T17:31:27.6958108Z  2026-10-04 17:30:12.431 UTC [138] ERROR:  synthetic terminal metering write failure
2026-10-04T17:31:27.6958679Z  The database cluster will be initialized with locale "en_US.utf8".
2026-10-04T17:31:27.6959508Z  2026-10-04 17:30:12.431 UTC [138] CONTEXT:  PL/pgSQL function metering_failure_ae764bbc9d() line 2 at RAISE
2026-10-04T17:31:27.6960190Z  The default database encoding has accordingly been set to "UTF8".
2026-10-04T17:31:27.6962630Z  2026-10-04 17:30:12.431 UTC [138] STATEMENT:  update "inference_metered_usage" set "status" = $1, "outcome" = $2, "usage_source" = $3, "input_tokens" = $4, "cached_input_tokens" = $5, "output_tokens" = $6, "reasoning_tokens" = $7, "requests" = $8, "images" = $9, "audio_input_milliseconds" = $10, "audio_output_milliseconds" = $11, "video_milliseconds" = $12, "characters" = $13, "embeddings" = $14, "audio_input_tokens" = $15, "cached_audio_input_tokens" = $16, "audio_output_tokens" = $17, "session_milliseconds" = $18, "resolved_model_reference" = $19, "serving_provider" = $20, "generation_id" = $21, "settled_price_version_id" = $22, "tariff_status" = $23, "tariff_amount" = $24, "tariff_currency" = $25, "usage_receipt_id" = $26, "settled_at" = $27 where ("inference_metered_usage"."id" = $28 and "inference_metered_usage"."status" = $29) returning "id"
2026-10-04T17:31:27.6964804Z  The default text search configuration will be set to "english".
2026-10-04T17:31:27.6965667Z  2026-10-04 17:30:21.785 UTC [160] ERROR:  duplicate key value violates unique constraint "auth_sessions_authorize_code_key"
2026-10-04T17:31:27.6966074Z  
2026-10-04T17:31:27.6966597Z  2026-10-04 17:30:21.785 UTC [160] DETAIL:  Key (authorize_code)=(code-1e59c047-16de-4bfd-9f9d-de9cbfcdccee) already exists.
2026-10-04T17:31:27.6969301Z  2026-10-04 17:30:21.785 UTC [160] STATEMENT:  insert into "auth_sessions" ("id", "session_token", "authorize_code", "bound_origin", "origin_verified", "requester_label", "challenge_nonce", "application_id", "device_id", "status", "purpose", "oauth_redirect_uri", "oauth_code_challenge", "oauth_code_challenge_method", "oauth_scopes", "oauth_subject_account_id", "finalized_auth_code_id", "denied_reason", "authorized_by", "authorized_user_id", "authorized_session_id", "approved_by_session_id", "push_sent_at", "opened_at", "consumed_at", "expires_at", "created_at", "updated_at") values ($1, $2, $3, default, default, default, default, $4, default, default, default, default, default, default, default, default, default, default, default, default, default, default, default, default, default, $5, default, default) returning "id"
2026-10-04T17:31:27.6971685Z  2026-10-04 17:30:21.793 UTC [160] ERROR:  duplicate key value violates unique constraint "auth_sessions_authorize_code_key"
2026-10-04T17:31:27.6972241Z  2026-10-04 17:30:21.793 UTC [160] DETAIL:  Key (authorize_code)=() already exists.
2026-10-04T17:31:27.6974363Z  2026-10-04 17:30:21.793 UTC [160] STATEMENT:  insert into "auth_sessions" ("id", "session_token", "authorize_code", "bound_origin", "origin_verified", "requester_label", "challenge_nonce", "application_id", "device_id", "status", "purpose", "oauth_redirect_uri", "oauth_code_challenge", "oauth_code_challenge_method", "oauth_scopes", "oauth_subject_account_id", "finalized_auth_code_id", "denied_reason", "authorized_by", "authorized_user_id", "authorized_session_id", "approved_by_session_id", "push_sent_at", "opened_at", "consumed_at", "expires_at", "created_at", "updated_at") values ($1, $2, $3, default, default, default, default, $4, default, default, default, default, default, default, default, default, default, default, default, default, default, default, default, default, default, $5, default, default) returning "id"
2026-10-04T17:31:27.6975802Z  2026-10-04 17:30:21.810 UTC [160] ERROR:  new row for relation "auth_sessions" violates check constraint "auth_sessions_oauth_binding_check"
2026-10-04T17:31:27.6976691Z  2026-10-04 17:30:21.810 UTC [160] DETAIL:  Failing row contains (01a107f7-7af1-722c-ab80-d66beb626b8b, st-3a582df1-f34e-460f-a8ea-3470e5043c6d, null, null, f, null, null, 01a107f7-7af0-7089-a56b-d50e9e9c54ad, null, pending, oauth_authorization, https://rp.example/cb, challenge, S256, null, null, null, null, null, null, null, null, null, null, 2026-10-04 18:30:21.809+00, 2026-10-04 17:30:21.81+00, 2026-10-04 17:30:21.81+00, null).
2026-10-04T17:31:27.6978522Z  2026-10-04 17:30:21.810 UTC [160] STATEMENT:  insert into "auth_sessions" ("id", "session_token", "authorize_code", "bound_origin", "origin_verified", "requester_label", "challenge_nonce", "application_id", "device_id", "status", "purpose", "oauth_redirect_uri", "oauth_code_challenge", "oauth_code_challenge_method", "oauth_scopes", "oauth_subject_account_id", "finalized_auth_code_id", "denied_reason", "authorized_by", "authorized_user_id", "authorized_session_id", "approved_by_session_id", "push_sent_at", "opened_at", "consumed_at", "expires_at", "created_at", "updated_at") values ($1, $2, default, default, default, default, default, $3, default, default, $4, $5, $6, $7, default, default, default, default, default, default, default, default, default, default, default, $8, default, default) returning "id"
2026-10-04T17:31:27.6980925Z  2026-10-04 17:30:21.813 UTC [160] ERROR:  new row for relation "auth_sessions" violates check constraint "auth_sessions_oauth_purpose_check"
2026-10-04T17:31:27.6983511Z  2026-10-04 17:30:21.813 UTC [160] DETAIL:  Failing row contains (01a107f7-7af5-7960-9e3d-12d4ac01284e, st-39898434-2ce9-434c-b8ab-cfe8d4169987, null, null, f, null, null, 01a107f7-7af4-7aeb-a526-82da73cef4f6, null, pending, device_sign_in, https://rp.example/cb, challenge, S256, {read}, null, null, null, null, null, null, null, null, null, 2026-10-04 18:30:21.813+00, 2026-10-04 17:30:21.813+00, 2026-10-04 17:30:21.813+00, null).
2026-10-04T17:31:27.6986421Z  2026-10-04 17:30:21.813 UTC [160] STATEMENT:  insert into "auth_sessions" ("id", "session_token", "authorize_code", "bound_origin", "origin_verified", "requester_label", "challenge_nonce", "application_id", "device_id", "status", "purpose", "oauth_redirect_uri", "oauth_code_challenge", "oauth_code_challenge_method", "oauth_scopes", "oauth_subject_account_id", "finalized_auth_code_id", "denied_reason", "authorized_by", "authorized_user_id", "authorized_session_id", "approved_by_session_id", "push_sent_at", "opened_at", "consumed_at", "expires_at", "created_at", "updated_at") values ($1, $2, default, default, default, default, default, $3, default, default, $4, $5, $6, $7, $8, default, default, default, default, default, default, default, default, default, default, $9, default, default) returning "id"
2026-10-04T17:31:27.6988014Z  2026-10-04 17:30:21.817 UTC [160] ERROR:  new row for relation "auth_sessions" violates check constraint "auth_sessions_oauth_purpose_check"
2026-10-04T17:31:27.6989075Z  2026-10-04 17:30:21.817 UTC [160] DETAIL:  Failing row contains (01a107f7-7af8-79f6-bbd9-84a8225dc037, st-f2d675d5-91ee-4318-9160-408cad1a8985, null, null, f, null, null, 01a107f7-7af7-7faa-bc4d-1f55aca7388e, null, pending, oauth_authorization, null, null, null, null, null, null, null, null, null, null, null, null, null, 2026-10-04 18:30:21.816+00, 2026-10-04 17:30:21.817+00, 2026-10-04 17:30:21.817+00, null).
2026-10-04T17:31:27.6991055Z  2026-10-04 17:30:21.817 UTC [160] STATEMENT:  insert into "auth_sessions" ("id", "session_token", "authorize_code", "bound_origin", "origin_verified", "requester_label", "challenge_nonce", "application_id", "device_id", "status", "purpose", "oauth_redirect_uri", "oauth_code_challenge", "oauth_code_challenge_method", "oauth_scopes", "oauth_subject_account_id", "finalized_auth_code_id", "denied_reason", "authorized_by", "authorized_user_id", "authorized_session_id", "approved_by_session_id", "push_sent_at", "opened_at", "consumed_at", "expires_at", "created_at", "updated_at") values ($1, $2, default, default, default, default, default, $3, default, default, $4, default, default, default, default, default, default, default, default, default, default, default, default, default, default, $5, default, default) returning "id"
2026-10-04T17:31:27.7004913Z  2026-10-04 17:30:21.821 UTC [160] ERROR:  new row for relation "auth_sessions" violates check constraint "auth_sessions_oauth_subject_requires_binding_check"
2026-10-04T17:31:27.7006231Z  2026-10-04 17:30:21.821 UTC [160] DETAIL:  Failing row contains (01a107f7-7afd-7604-91b4-4677bf4031d9, st-5dde6bdb-8502-4f05-8a58-621d28706829, null, null, f, null, null, 01a107f7-7afc-79ef-b5fc-878fb8e1dacf, null, pending, device_sign_in, null, null, null, null, 01a107f7-7af9-7e35-a737-429799a4d1a0, null, null, null, null, null, null, null, null, 2026-10-04 18:30:21.821+00, 2026-10-04 17:30:21.821+00, 2026-10-04 17:30:21.821+00, null).
2026-10-04T17:31:27.7008083Z  2026-10-04 17:30:21.821 UTC [160] STATEMENT:  insert into "auth_sessions" ("id", "session_token", "authorize_code", "bound_origin", "origin_verified", "requester_label", "challenge_nonce", "application_id", "device_id", "status", "purpose", "oauth_redirect_uri", "oauth_code_challenge", "oauth_code_challenge_method", "oauth_scopes", "oauth_subject_account_id", "finalized_auth_code_id", "denied_reason", "authorized_by", "authorized_user_id", "authorized_session_id", "approved_by_session_id", "push_sent_at", "opened_at", "consumed_at", "expires_at", "created_at", "updated_at") values ($1, $2, default, default, default, default, default, $3, default, default, default, default, default, default, default, $4, default, default, default, default, default, default, default, default, default, $5, default, default) returning "id"
2026-10-04T17:31:27.7010025Z  2026-10-04 17:30:21.834 UTC [160] ERROR:  new row for relation "auth_sessions" violates check constraint "auth_sessions_requester_label_length_check"
2026-10-04T17:31:27.7010944Z  2026-10-04 17:30:21.834 UTC [160] DETAIL:  Failing row contains (01a107f7-7b09-7d3e-8239-e4e8f70c6f57, st-2f0c77e6-6bca-4612-9eaa-dafb3eb5f9ac, null, null, f, Mozilla/5.0 (Windows NT 10.0; Win64; x64) AppleWebKit/537.36 (KH..., null, 01a107f7-7b08-705f-809f-c4a177b093f5, null, pending, device_sign_in, null, null, null, null, null, null, null, null, null, null, null, null, null, 2026-10-04 18:30:21.833+00, 2026-10-04 17:30:21.834+00, 2026-10-04 17:30:21.834+00, null).
2026-10-04T17:31:27.7012909Z  2026-10-04 17:30:21.834 UTC [160] STATEMENT:  insert into "auth_sessions" ("id", "session_token", "authorize_code", "bound_origin", "origin_verified", "requester_label", "challenge_nonce", "application_id", "device_id", "status", "purpose", "oauth_redirect_uri", "oauth_code_challenge", "oauth_code_challenge_method", "oauth_scopes", "oauth_subject_account_id", "finalized_auth_code_id", "denied_reason", "authorized_by", "authorized_user_id", "authorized_session_id", "approved_by_session_id", "push_sent_at", "opened_at", "consumed_at", "expires_at", "created_at", "updated_at") values ($1, $2, default, default, default, $3, default, $4, default, default, default, default, default, default, default, default, default, default, default, default, default, default, default, default, default, $5, default, default) returning "id"
2026-10-04T17:31:27.7014426Z  2026-10-04 17:30:21.876 UTC [160] ERROR:  insert or update on table "device_session_accounts" violates foreign key constraint "device_session_accounts_device_session_id_device_sessions_id_fk"
2026-10-04T17:31:27.7014983Z  2026-10-04 17:30:21.876 UTC [160] DETAIL:  Key (device_session_id)=(ghost-fa04276f-8694-47d7-8676-cd2a2c99f4a0) is not present in table "device_sessions".
2026-10-04T17:31:27.7015570Z  2026-10-04 17:30:21.876 UTC [160] STATEMENT:  insert into "device_session_accounts" ("id", "device_session_id", "account_id", "session_id", "authuser", "added_at", "operated_by_user_id") values ($1, $2, $3, $4, $5, default, default)
2026-10-04T17:31:27.7016181Z  2026-10-04 17:30:21.877 UTC [160] ERROR:  insert or update on table "device_session_accounts" violates foreign key constraint "device_session_accounts_account_id_users_id_fk"
2026-10-04T17:31:27.7016675Z  2026-10-04 17:30:21.877 UTC [160] DETAIL:  Key (account_id)=(ghost-da9ac793-9d4c-4bd6-910b-c7a32684ce5c) is not present in table "users".
2026-10-04T17:31:27.7017236Z  2026-10-04 17:30:21.877 UTC [160] STATEMENT:  insert into "device_session_accounts" ("id", "device_session_id", "account_id", "session_id", "authuser", "added_at", "operated_by_user_id") values ($1, $2, $3, $4, $5, default, default)
2026-10-04T17:31:27.7017804Z  2026-10-04 17:30:21.881 UTC [160] ERROR:  duplicate key value violates unique constraint "device_session_accounts_device_session_id_account_id_key"
2026-10-04T17:31:27.7018305Z  2026-10-04 17:30:21.881 UTC [160] DETAIL:  Key (device_session_id, account_id)=(01a107f7-7b37-7855-b015-b530b0f7fcd3, 01a107f7-7b36-7309-80c5-a6e71c88f7cb) already exists.
2026-10-04T17:31:27.7019029Z  2026-10-04 17:30:21.881 UTC [160] STATEMENT:  insert into "device_session_accounts" ("id", "device_session_id", "account_id", "session_id", "authuser", "added_at", "operated_by_user_id") values ($1, $2, $3, $4, $5, default, default)
2026-10-04T17:31:27.7019689Z  2026-10-04 17:30:21.884 UTC [160] ERROR:  new row for relation "device_session_accounts" violates check constraint "device_session_accounts_authuser_check"
2026-10-04T17:31:27.7020352Z  2026-10-04 17:30:21.884 UTC [160] DETAIL:  Failing row contains (01a107f7-7b3b-7111-83ea-61ef35b41843, 01a107f7-7b39-7e13-a0fd-5fab6eba2406, 01a107f7-7b3a-7709-80b9-470f20bd06da, sid-1a6e84af-39d3-4545-81c2-d8ce51598c77, -1, 2026-10-04 17:30:21.883835+00, null).
2026-10-04T17:31:27.7021095Z  2026-10-04 17:30:21.884 UTC [160] STATEMENT:  insert into "device_session_accounts" ("id", "device_session_id", "account_id", "session_id", "authuser", "added_at", "operated_by_user_id") values ($1, $2, $3, $4, $5, default, default)
2026-10-04T17:31:27.7021618Z  2026-10-04 17:30:21.911 UTC [160] ERROR:  duplicate key value violates unique constraint "sessions_access_token_key"
2026-10-04T17:31:27.7021982Z  2026-10-04 17:30:21.911 UTC [160] DETAIL:  Key (access_token)=(at-3059de88-c357-4b06-be36-59889bdc287a) already exists.
2026-10-04T17:31:27.7023326Z  2026-10-04 17:30:21.911 UTC [160] STATEMENT:  insert into "sessions" ("id", "session_id", "user_id", "device_id", "device_name", "device_type", "platform", "browser", "os", "last_active_at", "user_agent", "device_fingerprint", "access_token", "refresh_token", "previous_refresh_token", "token_rotated_at", "operated_by_user_id", "auth_method_id", "auth_method_owner_id", "application_id", "client_id", "scopes", "device_session_id", "device_context_id", "is_active", "expires_at", "last_refresh", "created_at", "updated_at") values ($1, $2, $3, $4, default, $5, $6, default, default, default, default, default, $7, $8, default, default, default, default, default, default, default, default, default, default, default, $9, default, default, default) returning "id"
2026-10-04T17:31:27.7024586Z  2026-10-04 17:30:21.913 UTC [160] ERROR:  duplicate key value violates unique constraint "sessions_refresh_token_key"
2026-10-04T17:31:27.7024952Z  2026-10-04 17:30:21.913 UTC [160] DETAIL:  Key (refresh_token)=(rt-7c426e5c-b75b-4d0e-a058-572a2cd9ea21) already exists.
2026-10-04T17:31:27.7026211Z  2026-10-04 17:30:21.913 UTC [160] STATEMENT:  insert into "sessions" ("id", "session_id", "user_id", "device_id", "device_name", "device_type", "platform", "browser", "os", "last_active_at", "user_agent", "device_fingerprint", "access_token", "refresh_token", "previous_refresh_token", "token_rotated_at", "operated_by_user_id", "auth_method_id", "auth_method_owner_id", "application_id", "client_id", "scopes", "device_session_id", "device_context_id", "is_active", "expires_at", "last_refresh", "created_at", "updated_at") values ($1, $2, $3, $4, default, $5, $6, default, default, default, default, default, $7, $8, default, default, default, default, default, default, default, default, default, default, default, $9, default, default, default) returning "id"
2026-10-04T17:31:27.7027516Z  2026-10-04 17:30:21.945 UTC [160] ERROR:  new row for relation "security_activities" violates check constraint "security_activities_event_type_check"
2026-10-04T17:31:27.7028148Z  2026-10-04 17:30:21.945 UTC [160] DETAIL:  Failing row contains (77d24e21-2f7a-4d17-987d-d5ffdb326911, 01a107f7-7b77-7127-8474-dea4a6713886, password_bruteforced, x, {}, null, null, 2026-10-04 17:30:21.945051+00, low, 2026-10-04 17:30:21.945+00, 2026-10-04 17:30:21.945+00).
2026-10-04T17:31:27.7028641Z  2026-10-04 17:30:21.945 UTC [160] STATEMENT:  
2026-10-04T17:31:27.7029005Z  	        insert into security_activities (id, user_id, event_type, event_description)
2026-10-04T17:31:27.7029245Z  	        values ($1, $2, 'password_bruteforced', 'x')
2026-10-04T17:31:27.7029406Z  	      
2026-10-04T17:31:27.7029635Z  2026-10-04 17:30:21.955 UTC [160] ERROR:  duplicate key value violates unique constraint "identity_backups_user_id_key"
2026-10-04T17:31:27.7029990Z  2026-10-04 17:30:21.955 UTC [160] DETAIL:  Key (user_id)=(01a107f7-7b81-79fe-955b-9087aca60c01) already exists.
2026-10-04T17:31:27.7030648Z  2026-10-04 17:30:21.955 UTC [160] STATEMENT:  insert into "identity_backups" ("id", "user_id", "lookup_id_hash", "public_key_hint", "ciphertext", "nonce", "algorithm", "kdf_info", "version", "client_created_at", "updated_at") values ($1, $2, $3, $4, $5, $6, $7, $8, $9, $10, default)
2026-10-04T17:31:27.7031290Z  2026-10-04 17:30:21.964 UTC [160] ERROR:  duplicate key value violates unique constraint "identity_bindings_application_id_local_principal_id_active_key"
2026-10-04T17:31:27.7031839Z  2026-10-04 17:30:21.964 UTC [160] DETAIL:  Key (application_id, local_principal_id)=(01a107f7-7b85-7b99-a983-dcd1f8d51d78, principal-20ec23bf-3b97-4ab5-b98b-c4ea6cbed683) already exists.
2026-10-04T17:31:27.7032582Z  2026-10-04 17:30:21.964 UTC [160] STATEMENT:  insert into "identity_bindings" ("id", "application_id", "user_id", "local_principal_id", "binding_type", "status", "verified_at", "credential_id", "revoked_at", "created_at", "updated_at") values ($1, $2, $3, $4, $5, default, default, default, default, default, default)
2026-10-04T17:31:27.7033259Z  2026-10-04 17:30:21.969 UTC [160] ERROR:  new row for relation "identity_bindings" violates check constraint "identity_bindings_revoked_at_check"
2026-10-04T17:31:27.7034014Z  2026-10-04 17:30:21.969 UTC [160] DETAIL:  Failing row contains (01a107f7-7b90-7857-b047-40b5623e73fa, 01a107f7-7b8e-755f-a4b6-8e721990e9ba, 01a107f7-7b8f-7d1e-9591-67d9e1c3679c, principal-82991d0d-c500-4a18-8c91-8a5a3f10ab9e, oauth_grant, revoked, 2026-10-04 17:30:21.968968+00, null, null, 2026-10-04 17:30:21.968+00, 2026-10-04 17:30:21.968+00).
2026-10-04T17:31:27.7035078Z  2026-10-04 17:30:21.969 UTC [160] STATEMENT:  insert into "identity_bindings" ("id", "application_id", "user_id", "local_principal_id", "binding_type", "status", "verified_at", "credential_id", "revoked_at", "created_at", "updated_at") values ($1, $2, $3, $4, $5, $6, default, default, default, default, default)
2026-10-04T17:31:27.7035798Z  2026-10-04 17:30:21.969 UTC [160] ERROR:  new row for relation "identity_bindings" violates check constraint "identity_bindings_revoked_at_check"
2026-10-04T17:31:27.7036564Z  2026-10-04 17:30:21.969 UTC [160] DETAIL:  Failing row contains (01a107f7-7b91-75a5-ae93-62f2e1339d89, 01a107f7-7b8e-755f-a4b6-8e721990e9ba, 01a107f7-7b8f-7d1e-9591-67d9e1c3679c, principal-82991d0d-c500-4a18-8c91-8a5a3f10ab9e, oauth_grant, active, 2026-10-04 17:30:21.969768+00, null, 2026-10-04 17:30:21.969+00, 2026-10-04 17:30:21.969+00, 2026-10-04 17:30:21.969+00).
2026-10-04T17:31:27.7037553Z  2026-10-04 17:30:21.969 UTC [160] STATEMENT:  insert into "identity_bindings" ("id", "application_id", "user_id", "local_principal_id", "binding_type", "status", "verified_at", "credential_id", "revoked_at", "created_at", "updated_at") values ($1, $2, $3, $4, $5, default, default, default, $6, default, default)
2026-10-04T17:31:27.7038197Z  2026-10-04 17:30:21.973 UTC [160] ERROR:  duplicate key value violates unique constraint "domain_verifications_user_id_lower_domain_key"
2026-10-04T17:31:27.7038684Z  2026-10-04 17:30:21.973 UTC [160] DETAIL:  Key (user_id, lower(domain))=(01a107f7-7b92-7b82-9a55-7eb1db5b97df, example-184069ba-f764-473c-ad49-2205423ef9c9.test) already exists.
2026-10-04T17:31:27.7039421Z  2026-10-04 17:30:21.973 UTC [160] STATEMENT:  insert into "domain_verifications" ("id", "user_id", "domain", "token", "expires_at", "created_at") values ($1, $2, $3, $4, $5, default)
2026-10-04T17:31:27.7039869Z  2026-10-04 17:30:21.977 UTC [160] ERROR:  duplicate key value violates unique constraint "civic_nonces_nonce_hash_key"
2026-10-04T17:31:27.7040241Z  2026-10-04 17:30:21.977 UTC [160] DETAIL:  Key (nonce_hash)=(nonce-8756a68b-d5b1-4333-bac7-7fad7fd79e3e) already exists.
2026-10-04T17:31:27.7040707Z  2026-10-04 17:30:21.977 UTC [160] STATEMENT:  insert into "civic_nonces" ("id", "nonce_hash", "purpose", "subject_user_id", "expires_at", "created_at") values ($1, $2, $3, default, $4, default)
2026-10-04T17:31:27.7041272Z  2026-10-04 17:30:21.982 UTC [160] ERROR:  new row for relation "auth_codes" violates check constraint "auth_codes_pkce_pair_check"
2026-10-04T17:31:27.7042038Z  2026-10-04 17:30:21.982 UTC [160] DETAIL:  Failing row contains (01a107f7-7b9d-7bf6-a8ba-e345fc3e6cfc, h-ee726f5e-9b33-44ee-8f05-a25697b07617, 01a107f7-7b9a-7788-b265-002b8ae51d14, null, 01a107f7-7b9c-74d3-a49b-a74fee0d1555, https://rp.example/cb, abc, null, {}, null, null, 2026-10-04 17:31:21.981+00, 2026-10-04 17:30:21.981+00, 2026-10-04 17:30:21.981+00, null, null).
2026-10-04T17:31:27.7043209Z  2026-10-04 17:30:21.982 UTC [160] STATEMENT:  insert into "auth_codes" ("id", "code_hash", "user_id", "operated_by_user_id", "auth_method_id", "auth_method_owner_id", "application_id", "redirect_uri", "code_challenge", "code_challenge_method", "scopes", "device_id", "used_at", "expires_at", "created_at", "updated_at") values ($1, $2, $3, default, default, default, $4, $5, $6, default, default, default, default, $7, default, default)
2026-10-04T17:31:27.7044025Z  2026-10-04 17:30:21.982 UTC [160] ERROR:  new row for relation "auth_codes" violates check constraint "auth_codes_pkce_pair_check"
2026-10-04T17:31:27.7044773Z  2026-10-04 17:30:21.982 UTC [160] DETAIL:  Failing row contains (01a107f7-7b9e-728f-9e97-f93bc5f2c08d, h-16902855-b326-4c6d-b8c4-38843f366dac, 01a107f7-7b9a-7788-b265-002b8ae51d14, null, 01a107f7-7b9c-74d3-a49b-a74fee0d1555, https://rp.example/cb, null, S256, {}, null, null, 2026-10-04 17:31:21.981+00, 2026-10-04 17:30:21.982+00, 2026-10-04 17:30:21.982+00, null, null).
2026-10-04T17:31:27.7046017Z  2026-10-04 17:30:21.982 UTC [160] STATEMENT:  insert into "auth_codes" ("id", "code_hash", "user_id", "operated_by_user_id", "auth_method_id", "auth_method_owner_id", "application_id", "redirect_uri", "code_challenge", "code_challenge_method", "scopes", "device_id", "used_at", "expires_at", "created_at", "updated_at") values ($1, $2, $3, default, default, default, $4, $5, default, $6, default, default, default, $7, default, default)
2026-10-04T17:31:27.7046861Z  2026-10-04 17:30:22.170 UTC [161] ERROR:  new row for relation "inference_publishers" violates check constraint "inference_publishers_slug_format"
2026-10-04T17:31:27.7047321Z  2026-10-04 17:30:22.170 UTC [161] DETAIL:  Failing row contains (OpenAI, Fixture Publisher, null, null, 2026-10-04 17:30:22.17+00, 2026-10-04 17:30:22.17+00).
2026-10-04T17:31:27.7047874Z  2026-10-04 17:30:22.170 UTC [161] STATEMENT:  insert into "inference_publishers" ("slug", "display_name", "description", "website_url", "created_at", "updated_at") values ($1, $2, default, default, default, default)
2026-10-04T17:31:27.7048416Z  2026-10-04 17:30:22.171 UTC [161] ERROR:  new row for relation "inference_publishers" violates check constraint "inference_publishers_slug_format"
2026-10-04T17:31:27.7048990Z  2026-10-04 17:30:22.171 UTC [161] DETAIL:  Failing row contains (-leading, Fixture Publisher, null, null, 2026-10-04 17:30:22.171+00, 2026-10-04 17:30:22.171+00).
2026-10-04T17:31:27.7049542Z  2026-10-04 17:30:22.171 UTC [161] STATEMENT:  insert into "inference_publishers" ("slug", "display_name", "description", "website_url", "created_at", "updated_at") values ($1, $2, default, default, default, default)
2026-10-04T17:31:27.7050087Z  2026-10-04 17:30:22.172 UTC [161] ERROR:  new row for relation "inference_publishers" violates check constraint "inference_publishers_slug_format"
2026-10-04T17:31:27.7050551Z  2026-10-04 17:30:22.172 UTC [161] DETAIL:  Failing row contains (trailing-, Fixture Publisher, null, null, 2026-10-04 17:30:22.172+00, 2026-10-04 17:30:22.172+00).
2026-10-04T17:31:27.7051109Z  2026-10-04 17:30:22.172 UTC [161] STATEMENT:  insert into "inference_publishers" ("slug", "display_name", "description", "website_url", "created_at", "updated_at") values ($1, $2, default, default, default, default)
2026-10-04T17:31:27.7051664Z  2026-10-04 17:30:22.173 UTC [161] ERROR:  new row for relation "inference_publishers" violates check constraint "inference_publishers_slug_format"
2026-10-04T17:31:27.7052136Z  2026-10-04 17:30:22.173 UTC [161] DETAIL:  Failing row contains (has space, Fixture Publisher, null, null, 2026-10-04 17:30:22.173+00, 2026-10-04 17:30:22.173+00).
2026-10-04T17:31:27.7052795Z  2026-10-04 17:30:22.173 UTC [161] STATEMENT:  insert into "inference_publishers" ("slug", "display_name", "description", "website_url", "created_at", "updated_at") values ($1, $2, default, default, default, default)
2026-10-04T17:31:27.7053338Z  2026-10-04 17:30:22.174 UTC [161] ERROR:  new row for relation "inference_publishers" violates check constraint "inference_publishers_slug_format"
2026-10-04T17:31:27.7053796Z  2026-10-04 17:30:22.174 UTC [161] DETAIL:  Failing row contains (has/slash, Fixture Publisher, null, null, 2026-10-04 17:30:22.174+00, 2026-10-04 17:30:22.174+00).
2026-10-04T17:31:27.7054348Z  2026-10-04 17:30:22.174 UTC [161] STATEMENT:  insert into "inference_publishers" ("slug", "display_name", "description", "website_url", "created_at", "updated_at") values ($1, $2, default, default, default, default)
2026-10-04T17:31:27.7054887Z  2026-10-04 17:30:22.175 UTC [161] ERROR:  new row for relation "inference_publishers" violates check constraint "inference_publishers_slug_format"
2026-10-04T17:31:27.7055340Z  2026-10-04 17:30:22.175 UTC [161] DETAIL:  Failing row contains (, Fixture Publisher, null, null, 2026-10-04 17:30:22.175+00, 2026-10-04 17:30:22.175+00).
2026-10-04T17:31:27.7055876Z  2026-10-04 17:30:22.175 UTC [161] STATEMENT:  insert into "inference_publishers" ("slug", "display_name", "description", "website_url", "created_at", "updated_at") values ($1, $2, default, default, default, default)
2026-10-04T17:31:27.7056517Z  2026-10-04 17:30:22.182 UTC [161] ERROR:  new row for relation "inference_model_revisions" violates check constraint "inference_model_revisions_revision_format"
2026-10-04T17:31:27.7057168Z  2026-10-04 17:30:22.182 UTC [161] DETAIL:  Failing row contains (01a107f7-7c66-7479-ad90-c8211713654b, 01a107f7-7c61-7401-b035-e9219bb2e221, has space, f, 2026-10-04 17:30:22.182+00, null, null, null, null, null, null, null, 2026-10-04 17:30:22.182+00, 2026-10-04 17:30:22.182+00).
2026-10-04T17:31:27.7058201Z  2026-10-04 17:30:22.182 UTC [161] STATEMENT:  insert into "inference_model_revisions" ("id", "model_id", "revision", "is_current", "released_at", "retired_at", "artifact_digest", "model_card_url", "content_filtering_default", "provenance_marking", "safety_card_url", "known_limitations", "created_at", "updated_at") values ($1, $2, $3, default, $4, default, default, default, default, default, default, default, default, default)
2026-10-04T17:31:27.7059127Z  2026-10-04 17:30:22.186 UTC [161] ERROR:  column "model_id" can only be updated to DEFAULT
2026-10-04T17:31:27.7059470Z  2026-10-04 17:30:22.186 UTC [161] DETAIL:  Column "model_id" is a generated column.
2026-10-04T17:31:27.7059779Z  2026-10-04 17:30:22.186 UTC [161] STATEMENT:  update inference_models set model_id = 'someone/else' where id = $1
2026-10-04T17:31:27.7060200Z  2026-10-04 17:30:22.188 UTC [161] ERROR:  new row for relation "inference_models" violates check constraint "inference_models_reserved_namespace_is_first_party"
2026-10-04T17:31:27.7061158Z  2026-10-04 17:30:22.188 UTC [161] DETAIL:  Failing row contains (01a107f7-7c6b-75ca-beb7-a85c06e63a11, alia, rebadgedf14f26d42d, alia/rebadgedf14f26d42d, Fixture Model, null, {text}, {text}, f, f, f, f, f, t, f, 128000, 4096, fixture-1.0, Fixture Licence, null, t, f, null, f, open_weight, null, null, null, null, active, null, null, null, 2026-10-04 17:30:22.188+00, 2026-10-04 17:30:22.188+00, {}, null, reviewed, null, null, null).
2026-10-04T17:31:27.7063525Z  2026-10-04 17:30:22.188 UTC [161] STATEMENT:  insert into "inference_models" ("id", "publisher_slug", "slug", "display_name", "description", "input_modalities", "output_modalities", "supports_tools", "supports_parallel_tool_calls", "supports_structured_output", "supports_json_mode", "supports_reasoning", "supports_streaming", "supports_prompt_caching", "max_context_tokens", "max_output_tokens", "reasoning_efforts", "api_formats", "realtime_transports", "realtime_session_kinds", "license_id", "license_display_name", "license_url", "commercial_use_allowed", "requires_attribution", "acceptable_use_policy_url", "base_model_attribution_required", "release_kind", "base_model_reference", "training_organization", "knowledge_cutoff", "released_on", "provider_released_at", "catalogue_source", "deprecation_status", "replacement_model_reference", "deprecation_announced_at", "deprecation_sunset_at", "created_at", "updated_at") values ($1, $2, $3, $4, default, $5, $6, $7, $8, $9, $10, $11, $12, $13, $14, $15, default, default, default, default, $16, $17, default, $18, $19, default, default, $20, default, default, default, default, default, default, default, default, default, default, default, default)
2026-10-04T17:31:27.7065703Z  2026-10-04 17:30:22.189 UTC [161] ERROR:  new row for relation "inference_models" violates check constraint "inference_models_reserved_namespace_is_first_party"
2026-10-04T17:31:27.7066570Z  2026-10-04 17:30:22.189 UTC [161] DETAIL:  Failing row contains (01a107f7-7c6c-7dd6-be1e-6622c9ca8539, alia, rebadged5dc422969b, alia/rebadged5dc422969b, Fixture Model, null, {text}, {text}, f, f, f, f, f, t, f, 128000, 4096, fixture-1.0, Fixture Licence, null, t, f, null, f, third_party_hosted, null, null, null, null, active, null, null, null, 2026-10-04 17:30:22.189+00, 2026-10-04 17:30:22.189+00, {}, null, reviewed, null, null, null).
2026-10-04T17:31:27.7069158Z  2026-10-04 17:30:22.189 UTC [161] STATEMENT:  insert into "inference_models" ("id", "publisher_slug", "slug", "display_name", "description", "input_modalities", "output_modalities", "supports_tools", "supports_parallel_tool_calls", "supports_structured_output", "supports_json_mode", "supports_reasoning", "supports_streaming", "supports_prompt_caching", "max_context_tokens", "max_output_tokens", "reasoning_efforts", "api_formats", "realtime_transports", "realtime_session_kinds", "license_id", "license_display_name", "license_url", "commercial_use_allowed", "requires_attribution", "acceptable_use_policy_url", "base_model_attribution_required", "release_kind", "base_model_reference", "training_organization", "knowledge_cutoff", "released_on", "provider_released_at", "catalogue_source", "deprecation_status", "replacement_model_reference", "deprecation_announced_at", "deprecation_sunset_at", "created_at", "updated_at") values ($1, $2, $3, $4, default, $5, $6, $7, $8, $9, $10, $11, $12, $13, $14, $15, default, default, default, default, $16, $17, default, $18, $19, default, default, $20, default, default, default, default, default, default, default, default, default, default, default, default)
2026-10-04T17:31:27.7071255Z  2026-10-04 17:30:22.200 UTC [161] ERROR:  inference_model_revisions.model_id is immutable: a published revision always names the same weights, and customers pin it
2026-10-04T17:31:27.7071699Z  2026-10-04 17:30:22.200 UTC [161] CONTEXT:  PL/pgSQL function inference_model_revision_identity_immutable() line 13 at RAISE
2026-10-04T17:31:27.7072069Z  2026-10-04 17:30:22.200 UTC [161] STATEMENT:  update inference_model_revisions set "model_id" = $1 where id = $2
2026-10-04T17:31:27.7072496Z  2026-10-04 17:30:22.205 UTC [161] ERROR:  inference_model_revisions.revision is immutable: a published revision always names the same weights, and customers pin it
2026-10-04T17:31:27.7072947Z  2026-10-04 17:30:22.205 UTC [161] CONTEXT:  PL/pgSQL function inference_model_revision_identity_immutable() line 13 at RAISE
2026-10-04T17:31:27.7073327Z  2026-10-04 17:30:22.205 UTC [161] STATEMENT:  update inference_model_revisions set "revision" = 'moved' where id = $1
2026-10-04T17:31:27.7073772Z  2026-10-04 17:30:22.210 UTC [161] ERROR:  inference_model_revisions.released_at is immutable: a published revision always names the same weights, and customers pin it
2026-10-04T17:31:27.7074215Z  2026-10-04 17:30:22.210 UTC [161] CONTEXT:  PL/pgSQL function inference_model_revision_identity_immutable() line 13 at RAISE
2026-10-04T17:31:27.7074622Z  2026-10-04 17:30:22.210 UTC [161] STATEMENT:  update inference_model_revisions set "released_at" = now() - interval '1 day' where id = $1
2026-10-04T17:31:27.7075174Z  2026-10-04 17:30:22.215 UTC [161] ERROR:  inference_model_revisions.artifact_digest is immutable: a published revision always names the same weights, and customers pin it
2026-10-04T17:31:27.7075633Z  2026-10-04 17:30:22.215 UTC [161] CONTEXT:  PL/pgSQL function inference_model_revision_identity_immutable() line 13 at RAISE
2026-10-04T17:31:27.7076041Z  2026-10-04 17:30:22.215 UTC [161] STATEMENT:  update inference_model_revisions set "artifact_digest" = 'sha256:' || repeat('a', 64) where id = $1
2026-10-04T17:31:27.7076480Z  2026-10-04 17:30:22.228 UTC [161] ERROR:  duplicate key value violates unique constraint "inference_model_revisions_one_current_per_model"
2026-10-04T17:31:27.7076861Z  2026-10-04 17:30:22.228 UTC [161] DETAIL:  Key (model_id)=(01a107f7-7c92-72b7-9e4c-a03e63a6ce07) already exists.
2026-10-04T17:31:27.7077659Z  2026-10-04 17:30:22.228 UTC [161] STATEMENT:  insert into "inference_model_revisions" ("id", "model_id", "revision", "is_current", "released_at", "retired_at", "artifact_digest", "model_card_url", "content_filtering_default", "provenance_marking", "safety_card_url", "known_limitations", "created_at", "updated_at") values ($1, $2, $3, $4, $5, default, default, default, default, default, default, default, default, default) returning "id"
2026-10-04T17:31:27.7078552Z  2026-10-04 17:30:22.242 UTC [161] ERROR:  new row for relation "inference_deployments" violates check constraint "inference_deployments_approval_requires_legal_review"
2026-10-04T17:31:27.7079622Z  2026-10-04 17:30:22.242 UTC [161] DETAIL:  Failing row contains (01a107f7-7ca1-735c-9a2a-3f8addad4a32, 01a107f7-7ca0-79b7-9e92-fd86bc8f9218, prva46f60e0e2, {us-west-2}, f, 0, f, t, null, null, public_payg, public_resale_approved, approved, null, null, null, not_started, null, null, null, disabled, f, null, null, null, null, null, null, 2026-10-04 17:30:22.242+00, 2026-10-04 17:30:22.242+00, null, null, null, null).
2026-10-04T17:31:27.7081879Z  2026-10-04 17:30:22.242 UTC [161] STATEMENT:  insert into "inference_deployments" ("id", "scoped_execution", "model_revision_id", "provider_slug", "regions", "retains_payloads", "retention_days", "trains_on_customer_data", "zero_data_retention_available", "subprocessors", "policy_url", "availability_scope", "commercial_permission", "permission_state", "permission_state_changed_at", "permission_state_changed_by_user_id", "permission_state_note", "legal_review_status", "legal_review_evidence_ref", "legal_reviewed_at", "legal_reviewed_by_user_id", "status", "dedicated_capacity", "price_version_id", "platform_fee_price_version_id", "internal_route_id", "accepted_parameters", "auto_approval_policy_id", "upstream_wholesale_cost_amount", "upstream_wholesale_cost_currency", "upstream_wholesale_cost_unit", "upstream_wholesale_cost_per", "created_at", "updated_at") values ($1, default, $2, $3, $4, $5, $6, $7, $8, default, default, $9, $10, $11, default, default, default, default, default, default, default, default, default, default, default, default, default, default, default, default, default, default, default, default)
2026-10-04T17:31:27.7083876Z  2026-10-04 17:30:22.247 UTC [161] ERROR:  new row for relation "inference_deployments" violates check constraint "inference_deployments_legal_approval_has_evidence"
2026-10-04T17:31:27.7084767Z  2026-10-04 17:30:22.247 UTC [161] DETAIL:  Failing row contains (01a107f7-7ca6-74b6-b476-cb5ce99f6b32, 01a107f7-7ca4-7de4-8fc2-a4174624e6dc, prv91241f7422, {us-west-2}, f, 0, f, t, null, null, public_payg, public_resale_approved, pending_review, null, null, null, approved,    , 2026-10-04 17:30:22.246+00, null, disabled, f, null, null, null, null, null, null, 2026-10-04 17:30:22.246+00, 2026-10-04 17:30:22.246+00, null, null, null, null).
2026-10-04T17:31:27.7087040Z  2026-10-04 17:30:22.247 UTC [161] STATEMENT:  insert into "inference_deployments" ("id", "scoped_execution", "model_revision_id", "provider_slug", "regions", "retains_payloads", "retention_days", "trains_on_customer_data", "zero_data_retention_available", "subprocessors", "policy_url", "availability_scope", "commercial_permission", "permission_state", "permission_state_changed_at", "permission_state_changed_by_user_id", "permission_state_note", "legal_review_status", "legal_review_evidence_ref", "legal_reviewed_at", "legal_reviewed_by_user_id", "status", "dedicated_capacity", "price_version_id", "platform_fee_price_version_id", "internal_route_id", "accepted_parameters", "auto_approval_policy_id", "upstream_wholesale_cost_amount", "upstream_wholesale_cost_currency", "upstream_wholesale_cost_unit", "upstream_wholesale_cost_per", "created_at", "updated_at") values ($1, default, $2, $3, $4, $5, $6, $7, $8, default, default, $9, $10, default, default, default, default, $11, $12, $13, default, default, default, default, default, default, default, default, default, default, default, default, default, default)
2026-10-04T17:31:27.7089218Z  2026-10-04 17:30:22.255 UTC [161] ERROR:  new row for relation "inference_deployments" violates check constraint "inference_deployments_public_requires_resale_permission"
2026-10-04T17:31:27.7090111Z  2026-10-04 17:30:22.255 UTC [161] DETAIL:  Failing row contains (01a107f7-7caf-72d6-98cd-5baf0fa73f48, 01a107f7-7cad-706f-8dea-ea97e773de56, prvac498d74a2, {us-west-2}, f, 0, f, t, null, null, public_payg, standard_application_use, pending_review, null, null, null, not_started, null, null, null, disabled, f, null, null, null, null, null, null, 2026-10-04 17:30:22.255+00, 2026-10-04 17:30:22.255+00, null, null, null, null).
2026-10-04T17:31:27.7092440Z  2026-10-04 17:30:22.255 UTC [161] STATEMENT:  insert into "inference_deployments" ("id", "scoped_execution", "model_revision_id", "provider_slug", "regions", "retains_payloads", "retention_days", "trains_on_customer_data", "zero_data_retention_available", "subprocessors", "policy_url", "availability_scope", "commercial_permission", "permission_state", "permission_state_changed_at", "permission_state_changed_by_user_id", "permission_state_note", "legal_review_status", "legal_review_evidence_ref", "legal_reviewed_at", "legal_reviewed_by_user_id", "status", "dedicated_capacity", "price_version_id", "platform_fee_price_version_id", "internal_route_id", "accepted_parameters", "auto_approval_policy_id", "upstream_wholesale_cost_amount", "upstream_wholesale_cost_currency", "upstream_wholesale_cost_unit", "upstream_wholesale_cost_per", "created_at", "updated_at") values ($1, default, $2, $3, $4, $5, $6, $7, $8, default, default, $9, $10, default, default, default, default, default, default, default, default, default, default, default, default, default, default, default, default, default, default, default, default, default)
2026-10-04T17:31:27.7094457Z  2026-10-04 17:30:22.264 UTC [161] ERROR:  new row for relation "inference_deployments" violates check constraint "inference_deployments_byok_has_no_price_version"
2026-10-04T17:31:27.7095316Z  2026-10-04 17:30:22.264 UTC [161] DETAIL:  Failing row contains (01a107f7-7cb8-79a7-b4f5-f164a568de2e, 01a107f7-7cb6-70ef-b83c-5c6b936263e8, prv203bd15003, {us-west-2}, f, 0, f, t, null, null, byok_only, customer_byok, pending_review, null, null, null, not_started, null, null, null, disabled, f, pv-fixture, null, null, null, null, null, 2026-10-04 17:30:22.264+00, 2026-10-04 17:30:22.264+00, null, null, null, null).
2026-10-04T17:31:27.7097584Z  2026-10-04 17:30:22.264 UTC [161] STATEMENT:  insert into "inference_deployments" ("id", "scoped_execution", "model_revision_id", "provider_slug", "regions", "retains_payloads", "retention_days", "trains_on_customer_data", "zero_data_retention_available", "subprocessors", "policy_url", "availability_scope", "commercial_permission", "permission_state", "permission_state_changed_at", "permission_state_changed_by_user_id", "permission_state_note", "legal_review_status", "legal_review_evidence_ref", "legal_reviewed_at", "legal_reviewed_by_user_id", "status", "dedicated_capacity", "price_version_id", "platform_fee_price_version_id", "internal_route_id", "accepted_parameters", "auto_approval_policy_id", "upstream_wholesale_cost_amount", "upstream_wholesale_cost_currency", "upstream_wholesale_cost_unit", "upstream_wholesale_cost_per", "created_at", "updated_at") values ($1, default, $2, $3, $4, $5, $6, $7, $8, default, default, $9, $10, default, default, default, default, default, default, default, default, default, default, $11, default, default, default, default, default, default, default, default, default, default)
2026-10-04T17:31:27.7099772Z  2026-10-04 17:30:22.275 UTC [161] ERROR:  new row for relation "inference_deployments" violates check constraint "inference_deployments_platform_fee_only_for_byok"
2026-10-04T17:31:27.7100678Z  2026-10-04 17:30:22.275 UTC [161] DETAIL:  Failing row contains (01a107f7-7cc2-7e46-bb43-49c9dbfd8621, 01a107f7-7cc0-7dc5-b8d4-f9d1c16ccc0d, prv591d3062e8, {us-west-2}, f, 0, f, t, null, null, public_payg, public_resale_approved, pending_review, null, null, null, not_started, null, null, null, disabled, f, null, null, null, null, null, null, 2026-10-04 17:30:22.275+00, 2026-10-04 17:30:22.275+00, 01a107f7-7cc1-780d-986a-d26539b73490, null, null, null).
2026-10-04T17:31:27.7103040Z  2026-10-04 17:30:22.275 UTC [161] STATEMENT:  insert into "inference_deployments" ("id", "scoped_execution", "model_revision_id", "provider_slug", "regions", "retains_payloads", "retention_days", "trains_on_customer_data", "zero_data_retention_available", "subprocessors", "policy_url", "availability_scope", "commercial_permission", "permission_state", "permission_state_changed_at", "permission_state_changed_by_user_id", "permission_state_note", "legal_review_status", "legal_review_evidence_ref", "legal_reviewed_at", "legal_reviewed_by_user_id", "status", "dedicated_capacity", "price_version_id", "platform_fee_price_version_id", "internal_route_id", "accepted_parameters", "auto_approval_policy_id", "upstream_wholesale_cost_amount", "upstream_wholesale_cost_currency", "upstream_wholesale_cost_unit", "upstream_wholesale_cost_per", "created_at", "updated_at") values ($1, default, $2, $3, $4, $5, $6, $7, $8, default, default, $9, $10, default, default, default, default, default, default, default, default, default, default, default, $11, default, default, default, default, default, default, default, default, default)
2026-10-04T17:31:27.7105075Z  2026-10-04 17:30:22.279 UTC [161] ERROR:  insert or update on table "inference_deployments" violates foreign key constraint "inference_deployments_platform_fee_price_version_id_price_versi"
2026-10-04T17:31:27.7105588Z  2026-10-04 17:30:22.279 UTC [161] DETAIL:  Key (platform_fee_price_version_id)=(missing-76d7a4b3e9) is not present in table "price_versions".
2026-10-04T17:31:27.7107469Z  2026-10-04 17:30:22.279 UTC [161] STATEMENT:  insert into "inference_deployments" ("id", "scoped_execution", "model_revision_id", "provider_slug", "regions", "retains_payloads", "retention_days", "trains_on_customer_data", "zero_data_retention_available", "subprocessors", "policy_url", "availability_scope", "commercial_permission", "permission_state", "permission_state_changed_at", "permission_state_changed_by_user_id", "permission_state_note", "legal_review_status", "legal_review_evidence_ref", "legal_reviewed_at", "legal_reviewed_by_user_id", "status", "dedicated_capacity", "price_version_id", "platform_fee_price_version_id", "internal_route_id", "accepted_parameters", "auto_approval_policy_id", "upstream_wholesale_cost_amount", "upstream_wholesale_cost_currency", "upstream_wholesale_cost_unit", "upstream_wholesale_cost_per", "created_at", "updated_at") values ($1, default, $2, $3, $4, $5, $6, $7, $8, default, default, $9, $10, default, default, default, default, default, default, default, default, default, default, default, $11, default, default, default, default, default, default, default, default, default)
2026-10-04T17:31:27.7109566Z  2026-10-04 17:30:22.284 UTC [161] ERROR:  new row for relation "inference_deployments" violates check constraint "inference_deployments_wholesale_cost_is_whole"
2026-10-04T17:31:27.7110438Z  2026-10-04 17:30:22.284 UTC [161] DETAIL:  Failing row contains (01a107f7-7ccb-70b8-aeb0-5ec2f8d553d5, 01a107f7-7cc9-77ea-be0e-daa604b7f79e, prv83153251aa, {us-west-2}, f, 0, f, t, null, null, public_payg, public_resale_approved, pending_review, null, null, null, not_started, null, null, null, disabled, f, null, null, 3.000000000000, USD, null, null, 2026-10-04 17:30:22.283+00, 2026-10-04 17:30:22.283+00, null, null, null, null).
2026-10-04T17:31:27.7112770Z  2026-10-04 17:30:22.284 UTC [161] STATEMENT:  insert into "inference_deployments" ("id", "scoped_execution", "model_revision_id", "provider_slug", "regions", "retains_payloads", "retention_days", "trains_on_customer_data", "zero_data_retention_available", "subprocessors", "policy_url", "availability_scope", "commercial_permission", "permission_state", "permission_state_changed_at", "permission_state_changed_by_user_id", "permission_state_note", "legal_review_status", "legal_review_evidence_ref", "legal_reviewed_at", "legal_reviewed_by_user_id", "status", "dedicated_capacity", "price_version_id", "platform_fee_price_version_id", "internal_route_id", "accepted_parameters", "auto_approval_policy_id", "upstream_wholesale_cost_amount", "upstream_wholesale_cost_currency", "upstream_wholesale_cost_unit", "upstream_wholesale_cost_per", "created_at", "updated_at") values ($1, default, $2, $3, $4, $5, $6, $7, $8, default, default, $9, $10, default, default, default, default, default, default, default, default, default, default, default, default, default, default, default, $11, $12, default, default, default, default)
2026-10-04T17:31:27.7114779Z  2026-10-04 17:30:22.290 UTC [161] ERROR:  new row for relation "inference_routing_profile_candidates" violates check constraint "inference_routing_profile_candidates_names_exactly_one"
2026-10-04T17:31:27.7115454Z  2026-10-04 17:30:22.290 UTC [161] DETAIL:  Failing row contains (01a107f7-7cd1-7311-bc54-18f9e52bbb45, 01a107f7-7cd1-7efd-9d69-65505d55fdc6, null, null, 0, 2026-10-04 17:30:22.29+00, 2026-10-04 17:30:22.29+00).
2026-10-04T17:31:27.7116141Z  2026-10-04 17:30:22.290 UTC [161] STATEMENT:  insert into "inference_routing_profile_candidates" ("id", "routing_profile_id", "model_id", "model_revision_id", "priority", "created_at", "updated_at") values ($1, $2, default, default, $3, default, default)
2026-10-04T17:31:27.7116802Z  2026-10-04 17:30:22.294 UTC [161] ERROR:  new row for relation "inference_routing_profile_candidates" violates check constraint "inference_routing_profile_candidates_names_exactly_one"
2026-10-04T17:31:27.7117509Z  2026-10-04 17:30:22.294 UTC [161] DETAIL:  Failing row contains (01a107f7-7cd6-780e-8473-84a6b5c39f7e, 01a107f7-7cd2-7d06-b5bc-e0b14394c62a, 01a107f7-7cd4-7a57-8cf4-9fb819d95aaf, 01a107f7-7cd5-780b-9eae-ef05e0d5ee0a, 0, 2026-10-04 17:30:22.294+00, 2026-10-04 17:30:22.294+00).
2026-10-04T17:31:27.7118288Z  2026-10-04 17:30:22.294 UTC [161] STATEMENT:  insert into "inference_routing_profile_candidates" ("id", "routing_profile_id", "model_id", "model_revision_id", "priority", "created_at", "updated_at") values ($1, $2, $3, $4, $5, default, default)
2026-10-04T17:31:27.7118921Z  2026-10-04 17:30:22.298 UTC [161] ERROR:  duplicate key value violates unique constraint "inference_routing_profile_candidates_profile_model_key"
2026-10-04T17:31:27.7119411Z  2026-10-04 17:30:22.298 UTC [161] DETAIL:  Key (routing_profile_id, model_id)=(01a107f7-7cd7-751c-87cf-047bebf4f32a, 01a107f7-7cd8-7482-8900-c0aea7c25a8d) already exists.
2026-10-04T17:31:27.7120030Z  2026-10-04 17:30:22.298 UTC [161] STATEMENT:  insert into "inference_routing_profile_candidates" ("id", "routing_profile_id", "model_id", "model_revision_id", "priority", "created_at", "updated_at") values ($1, $2, $3, default, $4, default, default)
2026-10-04T17:31:27.7120641Z  2026-10-04 17:30:22.299 UTC [161] ERROR:  new row for relation "inference_routing_profiles" violates check constraint "inference_routing_profiles_slug_format"
2026-10-04T17:31:27.7121210Z  2026-10-04 17:30:22.299 UTC [161] DETAIL:  Failing row contains (01a107f7-7cdb-79b0-a7b3-aff42a123b45, alia/fast, Looks like a model, null, latency, t, 2026-10-04 17:30:22.299+00, 2026-10-04 17:30:22.299+00, null, null).
2026-10-04T17:31:27.7122041Z  2026-10-04 17:30:22.299 UTC [161] STATEMENT:  insert into "inference_routing_profiles" ("id", "slug", "display_name", "description", "optimise_for", "is_product_preset", "power_level", "reasoning_effort", "created_at", "updated_at") values ($1, $2, $3, default, $4, $5, default, default, default, default)
2026-10-04T17:31:27.7122872Z  2026-10-04 17:30:22.305 UTC [161] ERROR:  inference_model_revisions.provenance_marking is required for a model whose output is not text-only (model 01a107f7-7cdf-7922-8a4b-70066a4601d6, outputs {image}): declare a marking, or none if it marks nothing
2026-10-04T17:31:27.7123449Z  2026-10-04 17:30:22.305 UTC [161] CONTEXT:  PL/pgSQL function inference_revision_declares_provenance() line 14 at RAISE
2026-10-04T17:31:27.7124241Z  2026-10-04 17:30:22.305 UTC [161] STATEMENT:  insert into "inference_model_revisions" ("id", "model_id", "revision", "is_current", "released_at", "retired_at", "artifact_digest", "model_card_url", "content_filtering_default", "provenance_marking", "safety_card_url", "known_limitations", "created_at", "updated_at") values ($1, $2, $3, $4, $5, default, default, default, default, default, default, default, default, default)
2026-10-04T17:31:27.7125236Z  2026-10-04 17:30:22.308 UTC [161] ERROR:  inference_model_revisions.provenance_marking is required for a model whose output is not text-only (model 01a107f7-7ce2-7129-9a3e-c5f2a5c9b66d, outputs {audio}): declare a marking, or none if it marks nothing
2026-10-04T17:31:27.7125803Z  2026-10-04 17:30:22.308 UTC [161] CONTEXT:  PL/pgSQL function inference_revision_declares_provenance() line 14 at RAISE
2026-10-04T17:31:27.7126663Z  2026-10-04 17:30:22.308 UTC [161] STATEMENT:  insert into "inference_model_revisions" ("id", "model_id", "revision", "is_current", "released_at", "retired_at", "artifact_digest", "model_card_url", "content_filtering_default", "provenance_marking", "safety_card_url", "known_limitations", "created_at", "updated_at") values ($1, $2, $3, $4, $5, default, default, default, default, default, default, default, default, default)
2026-10-04T17:31:27.7127654Z  2026-10-04 17:30:22.310 UTC [161] ERROR:  inference_model_revisions.provenance_marking is required for a model whose output is not text-only (model 01a107f7-7ce5-7866-b435-435cba379ff6, outputs {video}): declare a marking, or none if it marks nothing
2026-10-04T17:31:27.7128219Z  2026-10-04 17:30:22.310 UTC [161] CONTEXT:  PL/pgSQL function inference_revision_declares_provenance() line 14 at RAISE
2026-10-04T17:31:27.7129058Z  2026-10-04 17:30:22.310 UTC [161] STATEMENT:  insert into "inference_model_revisions" ("id", "model_id", "revision", "is_current", "released_at", "retired_at", "artifact_digest", "model_card_url", "content_filtering_default", "provenance_marking", "safety_card_url", "known_limitations", "created_at", "updated_at") values ($1, $2, $3, $4, $5, default, default, default, default, default, default, default, default, default)
2026-10-04T17:31:27.7130055Z  2026-10-04 17:30:22.312 UTC [161] ERROR:  inference_model_revisions.provenance_marking is required for a model whose output is not text-only (model 01a107f7-7ce7-7899-94af-aee13faa7d73, outputs {embedding}): declare a marking, or none if it marks nothing
2026-10-04T17:31:27.7130641Z  2026-10-04 17:30:22.312 UTC [161] CONTEXT:  PL/pgSQL function inference_revision_declares_provenance() line 14 at RAISE
2026-10-04T17:31:27.7131422Z  2026-10-04 17:30:22.312 UTC [161] STATEMENT:  insert into "inference_model_revisions" ("id", "model_id", "revision", "is_current", "released_at", "retired_at", "artifact_digest", "model_card_url", "content_filtering_default", "provenance_marking", "safety_card_url", "known_limitations", "created_at", "updated_at") values ($1, $2, $3, $4, $5, default, default, default, default, default, default, default, default, default)
2026-10-04T17:31:27.7132412Z  2026-10-04 17:30:22.330 UTC [161] ERROR:  inference_model_revisions.provenance_marking is required for a model whose output is not text-only (model 01a107f7-7cf8-74a7-9ad9-53ed195e25ec, outputs {image}): declare a marking, or none if it marks nothing
2026-10-04T17:31:27.7133055Z  2026-10-04 17:30:22.330 UTC [161] CONTEXT:  PL/pgSQL function inference_revision_declares_provenance() line 14 at RAISE
2026-10-04T17:31:27.7133358Z  2026-10-04 17:30:22.330 UTC [161] STATEMENT:  update inference_model_revisions
2026-10-04T17:31:27.7133603Z  	          set provenance_marking = null, content_filtering_default = null
2026-10-04T17:31:27.7133794Z  	          where id = $1
2026-10-04T17:31:27.7134161Z  2026-10-04 17:30:22.333 UTC [161] ERROR:  inference_models.output_modalities cannot become non-text while revision rev6e2a0f6900 declares no provenance_marking: declare one on every revision first
2026-10-04T17:31:27.7134676Z  2026-10-04 17:30:22.333 UTC [161] CONTEXT:  PL/pgSQL function inference_model_output_declares_provenance() line 18 at RAISE
2026-10-04T17:31:27.7134977Z  2026-10-04 17:30:22.333 UTC [161] STATEMENT:  update inference_models
2026-10-04T17:31:27.7135194Z  	          set output_modalities = array['text','image']::text[]
2026-10-04T17:31:27.7135367Z  	          where id = $1
2026-10-04T17:31:27.7135645Z  2026-10-04 17:30:22.346 UTC [161] ERROR:  new row for relation "inference_models" violates check constraint "inference_models_api_formats_check"
2026-10-04T17:31:27.7136591Z  2026-10-04 17:30:22.346 UTC [161] DETAIL:  Failing row contains (01a107f7-7d09-7426-b2e3-f6727d4084c2, pub3cb89f3105, mdlac78dd3a46, pub3cb89f3105/mdlac78dd3a46, Fixture Model, null, {text}, {text}, f, f, f, f, f, t, f, 128000, 4096, fixture-1.0, Fixture Licence, null, t, f, null, f, open_weight, null, null, null, null, active, null, null, null, 2026-10-04 17:30:22.346+00, 2026-10-04 17:30:22.346+00, {}, null, reviewed, {}, null, null).
2026-10-04T17:31:27.7139136Z  2026-10-04 17:30:22.346 UTC [161] STATEMENT:  insert into "inference_models" ("id", "publisher_slug", "slug", "display_name", "description", "input_modalities", "output_modalities", "supports_tools", "supports_parallel_tool_calls", "supports_structured_output", "supports_json_mode", "supports_reasoning", "supports_streaming", "supports_prompt_caching", "max_context_tokens", "max_output_tokens", "reasoning_efforts", "api_formats", "realtime_transports", "realtime_session_kinds", "license_id", "license_display_name", "license_url", "commercial_use_allowed", "requires_attribution", "acceptable_use_policy_url", "base_model_attribution_required", "release_kind", "base_model_reference", "training_organization", "knowledge_cutoff", "released_on", "provider_released_at", "catalogue_source", "deprecation_status", "replacement_model_reference", "deprecation_announced_at", "deprecation_sunset_at", "created_at", "updated_at") values ($1, $2, $3, $4, default, $5, $6, $7, $8, $9, $10, $11, $12, $13, $14, $15, default, $16, default, default, $17, $18, default, $19, $20, default, default, $21, default, default, default, default, default, default, default, default, default, default, default, default) returning "api_formats", "realtime_transports"
2026-10-04T17:31:27.7141261Z  2026-10-04 17:30:22.348 UTC [161] ERROR:  new row for relation "inference_models" violates check constraint "inference_models_api_formats_check"
2026-10-04T17:31:27.7142107Z  2026-10-04 17:30:22.348 UTC [161] DETAIL:  Failing row contains (01a107f7-7d0b-7171-88a9-ac02adb36e55, puba2b3ae0aaf, mdl00d0b52657, puba2b3ae0aaf/mdl00d0b52657, Fixture Model, null, {text}, {text}, f, f, f, f, f, t, f, 128000, 4096, fixture-1.0, Fixture Licence, null, t, f, null, f, open_weight, null, null, null, null, active, null, null, null, 2026-10-04 17:30:22.348+00, 2026-10-04 17:30:22.348+00, {}, null, reviewed, {realtime}, null, null).
2026-10-04T17:31:27.7144518Z  2026-10-04 17:30:22.348 UTC [161] STATEMENT:  insert into "inference_models" ("id", "publisher_slug", "slug", "display_name", "description", "input_modalities", "output_modalities", "supports_tools", "supports_parallel_tool_calls", "supports_structured_output", "supports_json_mode", "supports_reasoning", "supports_streaming", "supports_prompt_caching", "max_context_tokens", "max_output_tokens", "reasoning_efforts", "api_formats", "realtime_transports", "realtime_session_kinds", "license_id", "license_display_name", "license_url", "commercial_use_allowed", "requires_attribution", "acceptable_use_policy_url", "base_model_attribution_required", "release_kind", "base_model_reference", "training_organization", "knowledge_cutoff", "released_on", "provider_released_at", "catalogue_source", "deprecation_status", "replacement_model_reference", "deprecation_announced_at", "deprecation_sunset_at", "created_at", "updated_at") values ($1, $2, $3, $4, default, $5, $6, $7, $8, $9, $10, $11, $12, $13, $14, $15, default, $16, default, default, $17, $18, default, $19, $20, default, default, $21, default, default, default, default, default, default, default, default, default, default, default, default) returning "api_formats", "realtime_transports"
2026-10-04T17:31:27.7146694Z  2026-10-04 17:30:22.350 UTC [161] ERROR:  new row for relation "inference_models" violates check constraint "inference_models_realtime_check"
2026-10-04T17:31:27.7147535Z  2026-10-04 17:30:22.350 UTC [161] DETAIL:  Failing row contains (01a107f7-7d0d-706f-a95e-a7495106d97e, puba4ab97e731, mdl26e1eb15a0, puba4ab97e731/mdl26e1eb15a0, Fixture Model, null, {audio}, {text}, f, f, f, f, f, t, f, 128000, 4096, fixture-1.0, Fixture Licence, null, t, f, null, f, open_weight, null, null, null, null, active, null, null, null, 2026-10-04 17:30:22.35+00, 2026-10-04 17:30:22.35+00, {}, null, reviewed, null, {websocket}, null).
2026-10-04T17:31:27.7150133Z  2026-10-04 17:30:22.350 UTC [161] STATEMENT:  insert into "inference_models" ("id", "publisher_slug", "slug", "display_name", "description", "input_modalities", "output_modalities", "supports_tools", "supports_parallel_tool_calls", "supports_structured_output", "supports_json_mode", "supports_reasoning", "supports_streaming", "supports_prompt_caching", "max_context_tokens", "max_output_tokens", "reasoning_efforts", "api_formats", "realtime_transports", "realtime_session_kinds", "license_id", "license_display_name", "license_url", "commercial_use_allowed", "requires_attribution", "acceptable_use_policy_url", "base_model_attribution_required", "release_kind", "base_model_reference", "training_organization", "knowledge_cutoff", "released_on", "provider_released_at", "catalogue_source", "deprecation_status", "replacement_model_reference", "deprecation_announced_at", "deprecation_sunset_at", "created_at", "updated_at") values ($1, $2, $3, $4, default, $5, $6, $7, $8, $9, $10, $11, $12, $13, $14, $15, default, default, $16, default, $17, $18, default, $19, $20, default, default, $21, default, default, default, default, default, default, default, default, default, default, default, default) returning "api_formats", "realtime_transports"
2026-10-04T17:31:27.7152239Z  2026-10-04 17:30:22.352 UTC [161] ERROR:  new row for relation "inference_models" violates check constraint "inference_models_realtime_check"
2026-10-04T17:31:27.7153087Z  2026-10-04 17:30:22.352 UTC [161] DETAIL:  Failing row contains (01a107f7-7d0f-788e-8c6b-a7b729df742c, pub6665ac4037, mdla4437143f3, pub6665ac4037/mdla4437143f3, Fixture Model, null, {audio}, {text}, f, f, f, f, f, t, f, 128000, 4096, fixture-1.0, Fixture Licence, null, t, f, null, f, open_weight, null, null, null, null, active, null, null, null, 2026-10-04 17:30:22.351+00, 2026-10-04 17:30:22.351+00, {}, null, reviewed, null, null, {conversation}).
2026-10-04T17:31:27.7155515Z  2026-10-04 17:30:22.352 UTC [161] STATEMENT:  insert into "inference_models" ("id", "publisher_slug", "slug", "display_name", "description", "input_modalities", "output_modalities", "supports_tools", "supports_parallel_tool_calls", "supports_structured_output", "supports_json_mode", "supports_reasoning", "supports_streaming", "supports_prompt_caching", "max_context_tokens", "max_output_tokens", "reasoning_efforts", "api_formats", "realtime_transports", "realtime_session_kinds", "license_id", "license_display_name", "license_url", "commercial_use_allowed", "requires_attribution", "acceptable_use_policy_url", "base_model_attribution_required", "release_kind", "base_model_reference", "training_organization", "knowledge_cutoff", "released_on", "provider_released_at", "catalogue_source", "deprecation_status", "replacement_model_reference", "deprecation_announced_at", "deprecation_sunset_at", "created_at", "updated_at") values ($1, $2, $3, $4, default, $5, $6, $7, $8, $9, $10, $11, $12, $13, $14, $15, default, default, default, $16, $17, $18, default, $19, $20, default, default, $21, default, default, default, default, default, default, default, default, default, default, default, default) returning "api_formats", "realtime_transports"
2026-10-04T17:31:27.7157680Z  2026-10-04 17:30:22.354 UTC [161] ERROR:  new row for relation "inference_models" violates check constraint "inference_models_realtime_check"
2026-10-04T17:31:27.7158515Z  2026-10-04 17:30:22.354 UTC [161] DETAIL:  Failing row contains (01a107f7-7d11-7d59-b462-3b0beb621905, pubbdf38523c0, mdl815dcbdf31, pubbdf38523c0/mdl815dcbdf31, Fixture Model, null, {audio}, {text}, f, f, f, f, f, t, f, 128000, 4096, fixture-1.0, Fixture Licence, null, t, f, null, f, open_weight, null, null, null, null, active, null, null, null, 2026-10-04 17:30:22.354+00, 2026-10-04 17:30:22.354+00, {}, null, reviewed, null, {websocket}, {}).
2026-10-04T17:31:27.7161050Z  2026-10-04 17:30:22.354 UTC [161] STATEMENT:  insert into "inference_models" ("id", "publisher_slug", "slug", "display_name", "description", "input_modalities", "output_modalities", "supports_tools", "supports_parallel_tool_calls", "supports_structured_output", "supports_json_mode", "supports_reasoning", "supports_streaming", "supports_prompt_caching", "max_context_tokens", "max_output_tokens", "reasoning_efforts", "api_formats", "realtime_transports", "realtime_session_kinds", "license_id", "license_display_name", "license_url", "commercial_use_allowed", "requires_attribution", "acceptable_use_policy_url", "base_model_attribution_required", "release_kind", "base_model_reference", "training_organization", "knowledge_cutoff", "released_on", "provider_released_at", "catalogue_source", "deprecation_status", "replacement_model_reference", "deprecation_announced_at", "deprecation_sunset_at", "created_at", "updated_at") values ($1, $2, $3, $4, default, $5, $6, $7, $8, $9, $10, $11, $12, $13, $14, $15, default, default, $16, $17, $18, $19, default, $20, $21, default, default, $22, default, default, default, default, default, default, default, default, default, default, default, default) returning "api_formats", "realtime_transports"
2026-10-04T17:31:27.7163134Z  2026-10-04 17:30:22.356 UTC [161] ERROR:  new row for relation "inference_models" violates check constraint "inference_models_realtime_check"
2026-10-04T17:31:27.7163974Z  2026-10-04 17:30:22.356 UTC [161] DETAIL:  Failing row contains (01a107f7-7d13-794c-8d95-900b9b137cb6, pub4b84448010, mdlf15011fbdb, pub4b84448010/mdlf15011fbdb, Fixture Model, null, {audio}, {text}, f, f, f, f, f, t, f, 128000, 4096, fixture-1.0, Fixture Licence, null, t, f, null, f, open_weight, null, null, null, null, active, null, null, null, 2026-10-04 17:30:22.355+00, 2026-10-04 17:30:22.355+00, {}, null, reviewed, null, {webrtc}, {conversation}).
2026-10-04T17:31:27.7166391Z  2026-10-04 17:30:22.356 UTC [161] STATEMENT:  insert into "inference_models" ("id", "publisher_slug", "slug", "display_name", "description", "input_modalities", "output_modalities", "supports_tools", "supports_parallel_tool_calls", "supports_structured_output", "supports_json_mode", "supports_reasoning", "supports_streaming", "supports_prompt_caching", "max_context_tokens", "max_output_tokens", "reasoning_efforts", "api_formats", "realtime_transports", "realtime_session_kinds", "license_id", "license_display_name", "license_url", "commercial_use_allowed", "requires_attribution", "acceptable_use_policy_url", "base_model_attribution_required", "release_kind", "base_model_reference", "training_organization", "knowledge_cutoff", "released_on", "provider_released_at", "catalogue_source", "deprecation_status", "replacement_model_reference", "deprecation_announced_at", "deprecation_sunset_at", "created_at", "updated_at") values ($1, $2, $3, $4, default, $5, $6, $7, $8, $9, $10, $11, $12, $13, $14, $15, default, default, $16, $17, $18, $19, default, $20, $21, default, default, $22, default, default, default, default, default, default, default, default, default, default, default, default) returning "api_formats", "realtime_transports"
2026-10-04T17:31:27.7168541Z  2026-10-04 17:30:22.358 UTC [161] ERROR:  new row for relation "inference_models" violates check constraint "inference_models_realtime_check"
2026-10-04T17:31:27.7169453Z  2026-10-04 17:30:22.358 UTC [161] DETAIL:  Failing row contains (01a107f7-7d15-7946-9cfd-42b7452db3d9, pubd5394699fd, mdl3b99c15031, pubd5394699fd/mdl3b99c15031, Fixture Model, null, {text}, {text}, f, f, f, f, f, t, f, 128000, 4096, fixture-1.0, Fixture Licence, null, t, f, null, f, open_weight, null, null, null, null, active, null, null, null, 2026-10-04 17:30:22.358+00, 2026-10-04 17:30:22.358+00, {}, null, reviewed, null, {websocket}, {conversation}).
2026-10-04T17:31:27.7171956Z  2026-10-04 17:30:22.358 UTC [161] STATEMENT:  insert into "inference_models" ("id", "publisher_slug", "slug", "display_name", "description", "input_modalities", "output_modalities", "supports_tools", "supports_parallel_tool_calls", "supports_structured_output", "supports_json_mode", "supports_reasoning", "supports_streaming", "supports_prompt_caching", "max_context_tokens", "max_output_tokens", "reasoning_efforts", "api_formats", "realtime_transports", "realtime_session_kinds", "license_id", "license_display_name", "license_url", "commercial_use_allowed", "requires_attribution", "acceptable_use_policy_url", "base_model_attribution_required", "release_kind", "base_model_reference", "training_organization", "knowledge_cutoff", "released_on", "provider_released_at", "catalogue_source", "deprecation_status", "replacement_model_reference", "deprecation_announced_at", "deprecation_sunset_at", "created_at", "updated_at") values ($1, $2, $3, $4, default, $5, $6, $7, $8, $9, $10, $11, $12, $13, $14, $15, default, default, $16, $17, $18, $19, default, $20, $21, default, default, $22, default, default, default, default, default, default, default, default, default, default, default, default) returning "api_formats", "realtime_transports"
2026-10-04T17:31:27.7174028Z  2026-10-04 17:30:28.612 UTC [173] ERROR:  duplicate key value violates unique constraint "validation_requests_open_source_action_key"
2026-10-04T17:31:27.7174419Z  2026-10-04 17:30:28.612 UTC [173] DETAIL:  Key (source_action_id)=(src-7a97deea61b54e7cb11e0c862dbc6fe3) already exists.
2026-10-04T17:31:27.7175648Z  2026-10-04 17:30:28.612 UTC [173] STATEMENT:  insert into "validation_requests" ("id", "subject_user_id", "action_type", "application_id", "source_action_id", "payload", "payload_hash", "status", "quorum", "threshold", "high_value", "rng_seed", "candidate_snapshot", "expires_at", "outcome", "resolved_txn_id", "created_at", "updated_at") values ($1, $2, $3, default, $4, $5, $6, $7, $8, $9, $10, $11, $12, $13, default, default, default, default) returning "id", "subject_user_id", "action_type", "application_id", "source_action_id", "payload", "payload_hash", "status", "quorum", "threshold", "high_value", "rng_seed", "candidate_snapshot", "expires_at", "outcome", "resolved_txn_id", "created_at", "updated_at"
2026-10-04T17:31:27.7176837Z  2026-10-04 17:30:29.661 UTC [178] ERROR:  duplicate key value violates unique constraint "validation_votes_request_validator_key"
2026-10-04T17:31:27.7177292Z  2026-10-04 17:30:29.661 UTC [178] DETAIL:  Key (request_id, validator_user_id)=(01a107f7-997f-7e82-9699-9892a57d685d, 06f8c001f0484537a8f8432da60cc013) already exists.
2026-10-04T17:31:27.7177893Z  2026-10-04 17:30:29.661 UTC [178] STATEMENT:  insert into "validation_votes" ("id", "request_id", "validator_user_id", "verdict", "envelope", "public_key", "record_id", "stake_weight", "created_at") values ($1, $2, $3, $4, $5, $6, $7, $8, default)
2026-10-04T17:31:27.7178432Z  2026-10-04 17:30:34.975 UTC [182] ERROR:  injected app_grants failure
2026-10-04T17:31:27.7178695Z  2026-10-04 17:30:34.975 UTC [182] CONTEXT:  PL/pgSQL function i02_fail_app_grants() line 4 at RAISE
2026-10-04T17:31:27.7179381Z  2026-10-04 17:30:34.975 UTC [182] STATEMENT:  insert into "app_grants" ("id", "user_id", "application_id", "scopes", "first_granted_at", "last_used_at", "created_at", "updated_at") values ($1, $2, $3, $4, $5, $6, default, default) on conflict ("user_id","application_id") do update set "scopes" = (
2026-10-04T17:31:27.7179917Z  	          select coalesce(array_agg(scope order by first_seen), '{}'::text[])
2026-10-04T17:31:27.7180108Z  	          from (
2026-10-04T17:31:27.7180238Z  	            select scope, min(pos) as first_seen
2026-10-04T17:31:27.7180434Z  	            from unnest("app_grants"."scopes" || excluded.scopes)
2026-10-04T17:31:27.7180617Z  Data page checksums are disabled.
2026-10-04T17:31:27.7180759Z  
2026-10-04T17:31:27.7180920Z  fixing permissions on existing directory /var/lib/postgresql/data ... ok
2026-10-04T17:31:27.7181126Z  creating subdirectories ... ok
2026-10-04T17:31:27.7181297Z  selecting dynamic shared memory implementation ... posix
2026-10-04T17:31:27.7181483Z  selecting default "max_connections" ... 100
2026-10-04T17:31:27.7181649Z  selecting default "shared_buffers" ... 128MB
2026-10-04T17:31:27.7181810Z  selecting default time zone ... Etc/UTC
2026-10-04T17:31:27.7181965Z  creating configuration files ... ok
2026-10-04T17:31:27.7182112Z  running bootstrap script ... ok
2026-10-04T17:31:27.7182273Z  performing post-bootstrap initialization ... ok
2026-10-04T17:31:27.7182438Z  syncing data to disk ... ok
2026-10-04T17:31:27.7182652Z  
2026-10-04T17:31:27.7182751Z  
2026-10-04T17:31:27.7182880Z  Success. You can now start the database server using:
2026-10-04T17:31:27.7183039Z  
2026-10-04T17:31:27.7183167Z      pg_ctl -D /var/lib/postgresql/data -l logfile start
2026-10-04T17:31:27.7183329Z  
2026-10-04T17:31:27.7183666Z  waiting for server to start....2026-10-04 17:29:06.906 UTC [49] LOG:  starting PostgreSQL 17.5 (Debian 17.5-1.pgdg110+1) on x86_64-pc-linux-gnu, compiled by gcc (Debian 10.2.1-6) 10.2.1 20210110, 64-bit
2026-10-04T17:31:27.7184121Z  2026-10-04 17:29:06.907 UTC [49] LOG:  listening on Unix socket "/var/run/postgresql/.s.PGSQL.5432"
2026-10-04T17:31:27.7184412Z  2026-10-04 17:29:06.909 UTC [52] LOG:  database system was shut down at 2026-10-04 17:29:06 UTC
2026-10-04T17:31:27.7184680Z  2026-10-04 17:29:06.911 UTC [49] LOG:  database system is ready to accept connections
2026-10-04T17:31:27.7184874Z   done
2026-10-04T17:31:27.7184975Z  server started
2026-10-04T17:31:27.7185088Z  CREATE DATABASE
2026-10-04T17:31:27.7185199Z  
2026-10-04T17:31:27.7185292Z  
2026-10-04T17:31:27.7185478Z  /usr/local/bin/docker-entrypoint.sh: sourcing /docker-entrypoint-initdb.d/10_postgis.sh
2026-10-04T17:31:27.7185703Z  CREATE DATABASE
2026-10-04T17:31:27.7185836Z  Loading PostGIS extensions into template_postgis
2026-10-04T17:31:27.7185997Z  CREATE EXTENSION
2026-10-04T17:31:27.7186112Z  CREATE EXTENSION
2026-10-04T17:31:27.7186272Z  You are now connected to database "template_postgis" as user "oxy".
2026-10-04T17:31:27.7186451Z  DO
2026-10-04T17:31:27.7186564Z  Loading PostGIS extensions into oxy_test
2026-10-04T17:31:27.7186709Z  CREATE EXTENSION
2026-10-04T17:31:27.7186818Z  CREATE EXTENSION
2026-10-04T17:31:27.7186963Z  You are now connected to database "oxy_test" as user "oxy".
2026-10-04T17:31:27.7187128Z  DO
2026-10-04T17:31:27.7187221Z  
2026-10-04T17:31:27.7187411Z  waiting for server to shut down...2026-10-04 17:29:08.005 UTC [49] LOG:  received fast shutdown request
2026-10-04T17:31:27.7187685Z  .2026-10-04 17:29:08.007 UTC [49] LOG:  aborting any active transactions
2026-10-04T17:31:27.7187988Z  2026-10-04 17:29:08.008 UTC [49] LOG:  background worker "logical replication launcher" (PID 55) exited with exit code 1
2026-10-04T17:31:27.7188265Z  2026-10-04 17:29:08.009 UTC [50] LOG:  shutting down
2026-10-04T17:31:27.7188558Z  2026-10-04 17:29:08.010 UTC [50] LOG:  checkpoint starting: shutdown immediate
2026-10-04T17:31:27.7189234Z  2026-10-04 17:29:08.360 UTC [50] LOG:  checkpoint complete: wrote 4453 buffers (27.2%); 0 WAL file(s) added, 0 removed, 2 recycled; write=0.278 s, sync=0.072 s, total=0.351 s; sync files=963, longest=0.016 s, average=0.001 s; distance=34775 kB, estimate=34775 kB; lsn=0/36D7588, redo lsn=0/36D7588
2026-10-04T17:31:27.7189760Z  2026-10-04 17:29:08.371 UTC [49] LOG:  database system is shut down
2026-10-04T17:31:27.7189929Z   done
2026-10-04T17:31:27.7190030Z  server stopped
2026-10-04T17:31:27.7190137Z  
2026-10-04T17:31:27.7190263Z  PostgreSQL init process complete; ready for start up.
2026-10-04T17:31:27.7190424Z  
2026-10-04T17:31:27.7190572Z  	              with ordinality as merged(scope, pos)
2026-10-04T17:31:27.7190726Z  	            group by scope
2026-10-04T17:31:27.7190863Z  	          ) as unioned
2026-10-04T17:31:27.7190998Z  	        ), "last_used_at" = $7, "updated_at" = $8
2026-10-04T17:31:27.7191194Z  2026-10-04 17:30:34.994 UTC [182] ERROR:  injected app_grants failure
2026-10-04T17:31:27.7191450Z  2026-10-04 17:30:34.994 UTC [182] CONTEXT:  PL/pgSQL function i02_fail_app_grants() line 4 at RAISE
2026-10-04T17:31:27.7192013Z  2026-10-04 17:30:34.994 UTC [182] STATEMENT:  insert into "app_grants" ("id", "user_id", "application_id", "scopes", "first_granted_at", "last_used_at", "created_at", "updated_at") values ($1, $2, $3, $4, $5, $6, default, default) on conflict ("user_id","application_id") do update set "scopes" = (
2026-10-04T17:31:27.7192548Z  	          select coalesce(array_agg(scope order by first_seen), '{}'::text[])
2026-10-04T17:31:27.7192734Z  	          from (
2026-10-04T17:31:27.7192943Z  	            select scope, min(pos) as first_seen
2026-10-04T17:31:27.7193133Z  	            from unnest("app_grants"."scopes" || excluded.scopes)
2026-10-04T17:31:27.7193321Z  	              with ordinality as merged(scope, pos)
2026-10-04T17:31:27.7193478Z  	            group by scope
2026-10-04T17:31:27.7193605Z  	          ) as unioned
2026-10-04T17:31:27.7193740Z  	        ), "last_used_at" = $7, "updated_at" = $8
2026-10-04T17:31:27.7193930Z  2026-10-04 17:30:35.015 UTC [182] ERROR:  injected auth_codes failure
2026-10-04T17:31:27.7194183Z  2026-10-04 17:30:35.015 UTC [182] CONTEXT:  PL/pgSQL function i02_fail_auth_codes() line 4 at RAISE
2026-10-04T17:31:27.7194899Z  2026-10-04 17:30:35.015 UTC [182] STATEMENT:  insert into "auth_codes" ("id", "code_hash", "user_id", "operated_by_user_id", "auth_method_id", "auth_method_owner_id", "application_id", "redirect_uri", "code_challenge", "code_challenge_method", "scopes", "device_id", "used_at", "expires_at", "created_at", "updated_at") values ($1, $2, $3, $4, $5, $6, $7, $8, $9, $10, $11, $12, default, $13, default, default)
2026-10-04T17:31:27.7195563Z  2026-10-04 17:30:35.033 UTC [182] ERROR:  injected auth_codes failure
2026-10-04T17:31:27.7195814Z  2026-10-04 17:30:35.033 UTC [182] CONTEXT:  PL/pgSQL function i02_fail_auth_codes() line 4 at RAISE
2026-10-04T17:31:27.7196512Z  2026-10-04 17:30:35.033 UTC [182] STATEMENT:  insert into "auth_codes" ("id", "code_hash", "user_id", "operated_by_user_id", "auth_method_id", "auth_method_owner_id", "application_id", "redirect_uri", "code_challenge", "code_challenge_method", "scopes", "device_id", "used_at", "expires_at", "created_at", "updated_at") values ($1, $2, $3, $4, $5, $6, $7, $8, $9, $10, $11, $12, default, $13, default, default)
2026-10-04T17:31:27.7197173Z  2026-10-04 17:30:35.049 UTC [182] ERROR:  injected app_grants failure
2026-10-04T17:31:27.7197424Z  2026-10-04 17:30:35.049 UTC [182] CONTEXT:  PL/pgSQL function i02_fail_app_grants() line 4 at RAISE
2026-10-04T17:31:27.7197987Z  2026-10-04 17:30:35.049 UTC [182] STATEMENT:  insert into "app_grants" ("id", "user_id", "application_id", "scopes", "first_granted_at", "last_used_at", "created_at", "updated_at") values ($1, $2, $3, $4, $5, $6, default, default) on conflict ("user_id","application_id") do update set "scopes" = (
2026-10-04T17:31:27.7198598Z  	          select coalesce(array_agg(scope order by first_seen), '{}'::text[])
2026-10-04T17:31:27.7198787Z  	          from (
2026-10-04T17:31:27.7198979Z  	            select scope, min(pos) as first_seen
2026-10-04T17:31:27.7199164Z  	            from unnest("app_grants"."scopes" || excluded.scopes)
2026-10-04T17:31:27.7199348Z  	              with ordinality as merged(scope, pos)
2026-10-04T17:31:27.7199502Z  	            group by scope
2026-10-04T17:31:27.7199628Z  	          ) as unioned
2026-10-04T17:31:27.7199761Z  	        ), "last_used_at" = $7, "updated_at" = $8
2026-10-04T17:31:27.7200061Z  2026-10-04 17:30:37.732 UTC [197] ERROR:  duplicate key value violates unique constraint "inference_model_revisions_model_id_revision_key"
2026-10-04T17:31:27.7200483Z  2026-10-04 17:30:37.732 UTC [197] DETAIL:  Key (model_id, revision)=(01a107f7-b918-7b0e-ac22-f36de3ae33f8, r5204130839) already exists.
2026-10-04T17:31:27.7201247Z  2026-10-04 17:30:37.732 UTC [197] STATEMENT:  insert into "inference_model_revisions" ("id", "model_id", "revision", "is_current", "released_at", "retired_at", "artifact_digest", "model_card_url", "content_filtering_default", "provenance_marking", "safety_card_url", "known_limitations", "created_at", "updated_at") values ($1, $2, $3, $4, $5, $6, $7, $8, $9, $10, $11, $12, default, default) returning "id"
2026-10-04T17:31:27.7202105Z  2026-10-04 17:30:43.418 UTC [214] ERROR:  insert or update on table "usage_reservations" violates foreign key constraint "usage_reservations_application_credential_id_application_creden"
2026-10-04T17:31:27.7202713Z  2026-10-04 17:30:43.418 UTC [214] DETAIL:  Key (application_credential_id)=(wl_c35aa4aa33cdd033d7fa5cf6) is not present in table "application_credentials".
2026-10-04T17:31:27.7204123Z  2026-10-04 17:30:43.418 UTC [214] STATEMENT:  insert into "usage_reservations" ("id", "idempotency_key", "account_id", "application_id", "application_credential_id", "delegated_user_id", "request_id", "environment", "status", "reserved_amount", "currency", "ceiling_price_version_id", "max_output_tokens", "input_tokens", "cached_input_tokens", "output_tokens", "reasoning_tokens", "requests", "images", "audio_input_milliseconds", "audio_output_milliseconds", "video_milliseconds", "characters", "embeddings", "audio_input_tokens", "cached_audio_input_tokens", "audio_output_tokens", "session_milliseconds", "expires_at", "created_at", "updated_at") values ($1, $2, $3, $4, $5, default, $6, $7, default, $8, default, $9, default, $10, $11, $12, $13, $14, $15, $16, $17, $18, $19, $20, $21, $22, $23, $24, $25, default, default)
2026-10-04T17:31:27.7205638Z  2026-10-04 17:30:43.464 UTC [214] ERROR:  update or delete on table "application_credentials" violates foreign key constraint "usage_reservations_application_credential_id_application_creden" on table "usage_reservations"
2026-10-04T17:31:27.7206187Z  2026-10-04 17:30:43.464 UTC [214] DETAIL:  Key (id)=(wl_e82fd2e028668073c536fb4f) is still referenced from table "usage_reservations".
2026-10-04T17:31:27.7206585Z  2026-10-04 17:30:43.464 UTC [214] STATEMENT:  delete from "application_credentials" where "application_credentials"."id" = $1
2026-10-04T17:31:27.7207035Z  2026-10-04 17:30:43.480 UTC [214] ERROR:  new row for relation "application_credentials" violates check constraint "application_credentials_workload_public_key_check"
2026-10-04T17:31:27.7207873Z  2026-10-04 17:30:43.480 UTC [214] DETAIL:  Failing row contains (wl_0bb0a24dae4c0890145c2df8, 01a107f7-cf94-7579-8cde-0e2eb04bcbbd, arn:aws:iam::237343248947:role/oxy-test-71e84cd7, oxy_dk_5859d6831ef3484bb18a56bfa408ebb0, null, workload, production, {}, active, null, null, null, null, 2026-10-04 17:30:43.48+00, 2026-10-04 17:30:43.48+00, null, null, 01a107f7-cf95-71a3-8fd0-e4d971bd0dd8).
2026-10-04T17:31:27.7209196Z  2026-10-04 17:30:43.480 UTC [214] STATEMENT:  insert into "application_credentials" ("id", "application_id", "name", "public_key", "secret_hash", "token_prefix", "token_hash", "type", "environment", "scopes", "status", "last_used_at", "expires_at", "rotated_from_credential_id", "created_by_user_id", "workload_identity_id", "created_at", "updated_at") values ($1, $2, $3, $4, default, default, default, $5, $6, default, default, default, default, default, default, $7, default, default)
2026-10-04T17:31:27.7210224Z  2026-10-04 17:30:43.486 UTC [214] ERROR:  new row for relation "application_credentials" violates check constraint "application_credentials_workload_public_key_check"
2026-10-04T17:31:27.7210938Z  2026-10-04 17:30:43.486 UTC [214] DETAIL:  Failing row contains (01a107f7-cf9d-76aa-8ea1-2f42abfcb9a1, 01a107f7-cf9a-7367-bfea-1092114cec53, secretless service, null, null, service, production, {}, active, null, null, null, null, 2026-10-04 17:30:43.485+00, 2026-10-04 17:30:43.485+00, null, null, null).
2026-10-04T17:31:27.7212086Z  2026-10-04 17:30:43.486 UTC [214] STATEMENT:  insert into "application_credentials" ("id", "application_id", "name", "public_key", "secret_hash", "token_prefix", "token_hash", "type", "environment", "scopes", "status", "last_used_at", "expires_at", "rotated_from_credential_id", "created_by_user_id", "workload_identity_id", "created_at", "updated_at") values ($1, $2, $3, $4, default, default, default, $5, $6, default, default, default, default, default, default, default, default, default)
2026-10-04T17:31:27.7213043Z  2026-10-04 17:30:43.492 UTC [214] ERROR:  new row for relation "application_credentials" violates check constraint "application_credentials_workload_inert_check"
2026-10-04T17:31:27.7214023Z  2026-10-04 17:30:43.492 UTC [214] DETAIL:  Failing row contains (wl_e145249999d3e8c9e9e5b132, 01a107f7-cfa0-704e-a732-dad72d5d3510, arn:aws:iam::237343248947:role/oxy-test-0e75c390, null, aaaaaaaaaaaaaaaaaaaaaaaaaaaaaaaaaaaaaaaaaaaaaaaaaaaaaaaaaaaaaaaa, workload, production, {}, active, null, null, null, null, 2026-10-04 17:30:43.491+00, 2026-10-04 17:30:43.491+00, null, null, 01a107f7-cfa1-757f-b60d-b851a3a16969).
2026-10-04T17:31:27.7215337Z  2026-10-04 17:30:43.492 UTC [214] STATEMENT:  insert into "application_credentials" ("id", "application_id", "name", "public_key", "secret_hash", "token_prefix", "token_hash", "type", "environment", "scopes", "status", "last_used_at", "expires_at", "rotated_from_credential_id", "created_by_user_id", "workload_identity_id", "created_at", "updated_at") values ($1, $2, $3, $4, $5, default, default, $6, $7, default, default, default, default, default, default, $8, default, default)
2026-10-04T17:31:27.7216259Z  2026-10-04 17:30:43.497 UTC [214] ERROR:  new row for relation "application_credentials" violates check constraint "application_credentials_workload_inert_check"
2026-10-04T17:31:27.7217055Z  2026-10-04 17:30:43.497 UTC [214] DETAIL:  Failing row contains (wl_5cb697cb76d2ba2ccb5fe0a1, 01a107f7-cfa5-7622-b83f-18ec9aa1ccad, arn:aws:iam::237343248947:role/oxy-test-55223ae7, null, null, workload, production, {inference:invoke}, active, null, null, null, null, 2026-10-04 17:30:43.497+00, 2026-10-04 17:30:43.497+00, null, null, 01a107f7-cfa6-7491-a251-3a22d7e11a62).
2026-10-04T17:31:27.7218274Z  2026-10-04 17:30:43.497 UTC [214] STATEMENT:  insert into "application_credentials" ("id", "application_id", "name", "public_key", "secret_hash", "token_prefix", "token_hash", "type", "environment", "scopes", "status", "last_used_at", "expires_at", "rotated_from_credential_id", "created_by_user_id", "workload_identity_id", "created_at", "updated_at") values ($1, $2, $3, $4, default, default, default, $5, $6, $7, default, default, default, default, default, $8, default, default)
2026-10-04T17:31:27.7219321Z  2026-10-04 17:30:43.502 UTC [214] ERROR:  new row for relation "application_credentials" violates check constraint "application_credentials_workload_handle_id_check"
2026-10-04T17:31:27.7220113Z  2026-10-04 17:30:43.502 UTC [214] DETAIL:  Failing row contains (01a107f7-cfad-7ce7-bb33-8254fdee7c0d, 01a107f7-cfaa-7970-9f1c-87d9225b0fdc, arn:aws:iam::237343248947:role/oxy-test-10d94d98, null, null, workload, production, {}, active, null, null, null, null, 2026-10-04 17:30:43.502+00, 2026-10-04 17:30:43.502+00, null, null, 01a107f7-cfab-7a01-855a-e8372cbc308d).
2026-10-04T17:31:27.7221429Z  2026-10-04 17:30:43.502 UTC [214] STATEMENT:  insert into "application_credentials" ("id", "application_id", "name", "public_key", "secret_hash", "token_prefix", "token_hash", "type", "environment", "scopes", "status", "last_used_at", "expires_at", "rotated_from_credential_id", "created_by_user_id", "workload_identity_id", "created_at", "updated_at") values ($1, $2, $3, $4, default, default, default, $5, $6, default, default, default, default, default, default, $7, default, default)
2026-10-04T17:31:27.7222370Z  2026-10-04 17:30:43.507 UTC [214] ERROR:  new row for relation "application_credentials" violates check constraint "application_credentials_workload_handle_id_check"
2026-10-04T17:31:27.7223099Z  2026-10-04 17:30:43.507 UTC [214] DETAIL:  Failing row contains (wl_000000000000000000000000, 01a107f7-cfb0-7f9a-9a8e-39412d6d0fbd, impostor, oxy_dk_857855112f2f434f898b53d67b847c4b, null, service, production, {}, active, null, null, null, null, 2026-10-04 17:30:43.507+00, 2026-10-04 17:30:43.507+00, null, null, null).
2026-10-04T17:31:27.7224271Z  2026-10-04 17:30:43.507 UTC [214] STATEMENT:  insert into "application_credentials" ("id", "application_id", "name", "public_key", "secret_hash", "token_prefix", "token_hash", "type", "environment", "scopes", "status", "last_used_at", "expires_at", "rotated_from_credential_id", "created_by_user_id", "workload_identity_id", "created_at", "updated_at") values ($1, $2, $3, $4, default, default, default, $5, $6, default, default, default, default, default, default, default, default, default)
2026-10-04T17:31:27.7225335Z  2026-10-04 17:30:43.512 UTC [214] ERROR:  new row for relation "application_credentials" violates check constraint "application_credentials_workload_identity_only_check"
2026-10-04T17:31:27.7226148Z  2026-10-04 17:30:43.512 UTC [214] DETAIL:  Failing row contains (01a107f7-cfb7-7ecb-8090-7d9fe21ddc99, 01a107f7-cfb5-74a3-a23a-874b647bcc57, service with a binding, oxy_dk_46564340f17f416890a19bf79909e053, null, service, production, {}, active, null, null, null, null, 2026-10-04 17:30:43.512+00, 2026-10-04 17:30:43.512+00, null, null, 01a107f7-cfb5-73cb-a56c-e984efa0e258).
2026-10-04T17:31:27.7227388Z  2026-10-04 17:30:43.512 UTC [214] STATEMENT:  insert into "application_credentials" ("id", "application_id", "name", "public_key", "secret_hash", "token_prefix", "token_hash", "type", "environment", "scopes", "status", "last_used_at", "expires_at", "rotated_from_credential_id", "created_by_user_id", "workload_identity_id", "created_at", "updated_at") values ($1, $2, $3, $4, default, default, default, $5, $6, default, default, default, default, default, default, $7, default, default)
2026-10-04T17:31:27.7228294Z  2026-10-04 17:30:43.517 UTC [214] ERROR:  duplicate key value violates unique constraint "application_credentials_workload_identity_id_key"
2026-10-04T17:31:27.7228706Z  2026-10-04 17:30:43.517 UTC [214] DETAIL:  Key (workload_identity_id)=(01a107f7-cfba-7022-9f0b-eded48d9524e) already exists.
2026-10-04T17:31:27.7229636Z  2026-10-04 17:30:43.517 UTC [214] STATEMENT:  insert into "application_credentials" ("id", "application_id", "name", "public_key", "secret_hash", "token_prefix", "token_hash", "type", "environment", "scopes", "status", "last_used_at", "expires_at", "rotated_from_credential_id", "created_by_user_id", "workload_identity_id", "created_at", "updated_at") values ($1, $2, $3, $4, default, default, default, $5, $6, default, default, default, default, default, default, $7, default, default)
2026-10-04T17:31:27.7230451Z  2026-10-04 17:30:43.549 UTC [71] LOG:  checkpoint starting: immediate force wait
2026-10-04T17:31:27.7231003Z  2026-10-04 17:30:43.796 UTC [71] LOG:  checkpoint complete: wrote 4709 buffers (28.7%); 0 WAL file(s) added, 0 removed, 4 recycled; write=0.213 s, sync=0.031 s, total=0.247 s; sync files=1985, longest=0.010 s, average=0.001 s; distance=65997 kB, estimate=65997 kB; lsn=0/774AC68, redo lsn=0/774AC10
2026-10-04T17:31:27.7231743Z  2026-10-04 17:30:44.115 UTC [217] ERROR:  insert or update on table "security_activities" violates foreign key constraint "security_activities_user_id_users_id_fk"
2026-10-04T17:31:27.7232190Z  2026-10-04 17:30:44.115 UTC [217] DETAIL:  Key (user_id)=(85c5c49d-0a32-43cf-b132-ff5e8804278c) is not present in table "users".
2026-10-04T17:31:27.7232974Z  2026-10-04 17:30:44.115 UTC [217] STATEMENT:  insert into "security_activities" ("id", "user_id", "event_type", "event_description", "metadata", "user_agent", "device_id", "occurred_at", "severity", "created_at", "updated_at") values ($1, $2, $3, $4, $5, $6, $7, $8, $9, default, default) returning "id", "user_id", "event_type", "event_description", "metadata", "user_agent", "device_id", "occurred_at", "severity", "created_at"
2026-10-04T17:31:27.7233806Z  2026-10-04 17:30:47.773 UTC [233] ERROR:  insert or update on table "follow_target_kinds" violates foreign key constraint "follow_target_kinds_namespace_fk"
2026-10-04T17:31:27.7234227Z  2026-10-04 17:30:47.773 UTC [233] DETAIL:  Key (namespace)=(ghost99) is not present in table "follow_namespaces".
2026-10-04T17:31:27.7234759Z  2026-10-04 17:30:47.773 UTC [233] STATEMENT:  insert into "follow_target_kinds" ("id", "kind", "namespace", "application_id", "label", "capabilities", "created_at", "updated_at") values ($1, $2, $3, $4, default, default, default, default)
2026-10-04T17:31:27.7235254Z  2026-10-04 17:30:49.617 UTC [236] ERROR:  subscription parties and provider identity are immutable
2026-10-04T17:31:27.7235592Z  2026-10-04 17:30:49.617 UTC [236] CONTEXT:  PL/pgSQL function product_access_source_identity_immutable() line 8 at RAISE
2026-10-04T17:31:27.7236162Z  2026-10-04 17:30:49.617 UTC [236] STATEMENT:  update "access_subscription_sources" set "payer_account_id" = $1, "provider_observed_at" = $2, "updated_at" = $3 where "access_subscription_sources"."id" = $4
2026-10-04T17:31:27.7236629Z  2026-10-04 17:30:49.618 UTC [237] ERROR:  access_offer_segments is immutable; append a new version or period
2026-10-04T17:31:27.7236957Z  2026-10-04 17:30:49.618 UTC [237] CONTEXT:  PL/pgSQL function product_access_immutable() line 3 at RAISE
2026-10-04T17:31:27.7237326Z  2026-10-04 17:30:49.618 UTC [237] STATEMENT:  update "access_offer_segments" set "offer_version" = $1 where "access_offer_segments"."id" = $2
2026-10-04T17:31:27.7237695Z  2026-10-04 17:30:49.619 UTC [236] ERROR:  grant provenance is immutable; revocation is one-way
2026-10-04T17:31:27.7238004Z  2026-10-04 17:30:49.619 UTC [236] CONTEXT:  PL/pgSQL function product_access_grant_guard() line 10 at RAISE
2026-10-04T17:31:27.7238373Z  2026-10-04 17:30:49.619 UTC [236] STATEMENT:  update "access_grants" set "beneficiary_account_id" = $1 where "access_grants"."id" = $2
2026-10-04T17:31:27.7238694Z  2026-10-04 17:30:49.619 UTC [237] ERROR:  grant provenance cannot be deleted
2026-10-04T17:31:27.7239032Z  2026-10-04 17:30:49.619 UTC [237] CONTEXT:  PL/pgSQL function product_access_grant_guard() line 5 at RAISE
2026-10-04T17:31:27.7239349Z  2026-10-04 17:30:49.619 UTC [237] STATEMENT:  delete from "access_grants" where "access_grants"."id" = $1
2026-10-04T17:31:27.7239632Z  2026-10-04 17:30:49.658 UTC [236] ERROR:  grant period exceeds its immutable segment
2026-10-04T17:31:27.7239918Z  2026-10-04 17:30:49.658 UTC [236] CONTEXT:  PL/pgSQL function product_access_grant_guard() line 15 at RAISE
2026-10-04T17:31:27.7240529Z  2026-10-04 17:30:49.658 UTC [236] STATEMENT:  insert into "access_grants" ("id", "source_segment_id", "beneficiary_account_id", "offer_id", "offer_version", "origin", "benefit_index", "product_id", "period_start", "period_end", "revoked_at", "created_at") values ($1, $2, $3, $4, $5, $6, $7, $8, $9, $10, default, default)
2026-10-04T17:31:27.7241196Z  2026-10-04 17:30:49.660 UTC [237] ERROR:  insert or update on table "access_grants" violates foreign key constraint "access_grants_source_fk"
2026-10-04T17:31:27.7241883Z  2026-10-04 17:30:49.660 UTC [237] DETAIL:  Key (source_segment_id, beneficiary_account_id, offer_id, offer_version, origin)=(5b1d2dc5-e549-4783-b56c-9af72cbf2aca, 01a107f7-e796-7c64-b38f-ec13ebd7de4a, 9d23bfa6-aa2a-4c73-b952-0d09b2590596, 1, bundle) is not present in table "access_offer_segments".
2026-10-04T17:31:27.7242875Z  2026-10-04 17:30:49.660 UTC [237] STATEMENT:  insert into "access_grants" ("id", "source_segment_id", "beneficiary_account_id", "offer_id", "offer_version", "origin", "benefit_index", "product_id", "period_start", "period_end", "revoked_at", "created_at") values ($1, $2, $3, $4, $5, $6, $7, $8, $9, $10, default, default)
2026-10-04T17:31:27.7243469Z  2026-10-04 17:30:49.718 UTC [236] ERROR:  grant provenance is immutable; revocation is one-way
2026-10-04T17:31:27.7243780Z  2026-10-04 17:30:49.718 UTC [236] CONTEXT:  PL/pgSQL function product_access_grant_guard() line 10 at RAISE
2026-10-04T17:31:27.7244128Z  2026-10-04 17:30:49.718 UTC [236] STATEMENT:  update "access_grants" set "revoked_at" = $1 where "access_grants"."id" = $2
2026-10-04T17:31:27.7244456Z  2026-10-04 17:30:49.801 UTC [237] ERROR:  benefit index is outside the immutable offer set
2026-10-04T17:31:27.7244768Z  2026-10-04 17:30:49.801 UTC [237] CONTEXT:  PL/pgSQL function product_access_benefit_set_guard() line 7 at RAISE
2026-10-04T17:31:27.7245327Z  2026-10-04 17:30:49.801 UTC [237] STATEMENT:  insert into "access_offer_benefits" ("offer_id", "offer_version", "benefit_index", "product_id", "kind", "key", "unit", "included", "combination", "created_at") values ($1, $2, $3, $4, $5, $6, default, default, default, default)
2026-10-04T17:31:27.7245929Z  2026-10-04 17:30:49.835 UTC [236] ERROR:  new row for relation "access_offers" violates check constraint "access_offers_benefit_count_check"
2026-10-04T17:31:27.7246446Z  2026-10-04 17:30:49.835 UTC [236] DETAIL:  Failing row contains (1e04104e-1757-430e-b875-dafb159e6fe3, 1, -1, bundle, 2026-10-04 17:30:49.835+00).
2026-10-04T17:31:27.7246920Z  2026-10-04 17:30:49.835 UTC [236] STATEMENT:  insert into "access_offers" ("id", "version", "expected_benefit_count", "kind", "created_at") values ($1, $2, $3, $4, default)
2026-10-04T17:31:27.7247311Z  2026-10-04 17:30:49.858 UTC [237] ERROR:  benefit index is outside the immutable offer set
2026-10-04T17:31:27.7247617Z  2026-10-04 17:30:49.858 UTC [237] CONTEXT:  PL/pgSQL function product_access_benefit_set_guard() line 7 at RAISE
2026-10-04T17:31:27.7248166Z  2026-10-04 17:30:49.858 UTC [237] STATEMENT:  insert into "access_offer_benefits" ("offer_id", "offer_version", "benefit_index", "product_id", "kind", "key", "unit", "included", "combination", "created_at") values ($1, $2, $3, $4, $5, $6, default, default, default, default)
2026-10-04T17:31:27.7248682Z  2026-10-04 17:30:49.870 UTC [236] ERROR:  benefit index is outside the immutable offer set
2026-10-04T17:31:27.7249055Z  2026-10-04 17:30:49.870 UTC [236] CONTEXT:  PL/pgSQL function product_access_benefit_set_guard() line 7 at RAISE
2026-10-04T17:31:27.7249600Z  2026-10-04 17:30:49.870 UTC [236] STATEMENT:  insert into "access_offer_benefits" ("offer_id", "offer_version", "benefit_index", "product_id", "kind", "key", "unit", "included", "combination", "created_at") values ($1, $2, $3, $4, $5, $6, default, default, default, default)
2026-10-04T17:31:27.7250199Z  2026-10-04 17:30:57.459 UTC [274] ERROR:  duplicate key value violates unique constraint "device_principals_device_session_id_authuser_key"
2026-10-04T17:31:27.7250615Z  2026-10-04 17:30:57.459 UTC [274] DETAIL:  Key (device_session_id, authuser)=(01a107f8-062e-73d2-b7e4-d2ddf02c8bfa, 0) already exists.
2026-10-04T17:31:27.7251213Z  2026-10-04 17:30:57.459 UTC [274] STATEMENT:  insert into "device_principals" ("id", "device_session_id", "user_id", "authuser", "personal_session_id", "added_at", "last_authenticated_at", "revoked_at") values ($1, $2, $3, $4, default, default, default, default) returning "id"
2026-10-04T17:31:27.7251823Z  2026-10-04 17:30:57.463 UTC [274] ERROR:  duplicate key value violates unique constraint "device_principals_device_session_id_user_id_key"
2026-10-04T17:31:27.7252287Z  2026-10-04 17:30:57.463 UTC [274] DETAIL:  Key (device_session_id, user_id)=(01a107f8-0635-78a7-a10c-9182525578e6, 01a107f8-0635-7de9-9f50-cc6c53fd924c) already exists.
2026-10-04T17:31:27.7253007Z  2026-10-04 17:30:57.463 UTC [274] STATEMENT:  insert into "device_principals" ("id", "device_session_id", "user_id", "authuser", "personal_session_id", "added_at", "last_authenticated_at", "revoked_at") values ($1, $2, $3, $4, default, default, default, default) returning "id"
2026-10-04T17:31:27.7253616Z  2026-10-04 17:30:57.466 UTC [274] ERROR:  new row for relation "device_principals" violates check constraint "device_principals_authuser_check"
2026-10-04T17:31:27.7254221Z  2026-10-04 17:30:57.466 UTC [274] DETAIL:  Failing row contains (01a107f8-063a-7300-8d0f-987c0bf18734, 01a107f8-0638-70b0-af38-91a0ef408429, 01a107f8-0639-7b01-8827-d12945c1b871, -1, null, 2026-10-04 17:30:57.466733+00, 2026-10-04 17:30:57.466733+00, null).
2026-10-04T17:31:27.7254989Z  2026-10-04 17:30:57.466 UTC [274] STATEMENT:  insert into "device_principals" ("id", "device_session_id", "user_id", "authuser", "personal_session_id", "added_at", "last_authenticated_at", "revoked_at") values ($1, $2, $3, $4, default, default, default, default) returning "id"
2026-10-04T17:31:27.7255609Z  2026-10-04 17:30:57.473 UTC [274] ERROR:  duplicate key value violates unique constraint "device_account_contexts_device_principal_account_key"
2026-10-04T17:31:27.7256179Z  2026-10-04 17:30:57.473 UTC [274] DETAIL:  Key (device_session_id, principal_id, account_id)=(01a107f8-063b-7aee-bcce-241d6a8e16d1, 01a107f8-063f-7364-ad84-bded23ba5c71, 01a107f8-063d-7ed9-91d4-5d24082d7ff6) already exists.
2026-10-04T17:31:27.7256974Z  2026-10-04 17:30:57.473 UTC [274] STATEMENT:  insert into "device_account_contexts" ("id", "device_session_id", "principal_id", "account_id", "session_id", "added_at", "last_used_at", "revoked_at") values ($1, $2, $3, $4, $5, default, default, default) returning "id"
2026-10-04T17:31:27.7257607Z  2026-10-04 17:31:02.463 UTC [285] ERROR:  new row for relation "application_credentials" violates check constraint "test_authority_9e3961b3f8514b3ca8c4825623c3e539"
2026-10-04T17:31:27.7258612Z  2026-10-04 17:31:02.463 UTC [285] DETAIL:  Failing row contains (01a107f8-19b7-7a05-99de-8310cfbcf4aa, 01a107f8-19b5-7ab8-a18c-3a83c7ac845e, owned service fixture, 4d054030-25ab-45f1-93a3-235d9e943622, aaaaaaaaaaaaaaaaaaaaaaaaaaaaaaaaaaaaaaaaaaaaaaaaaaaaaaaaaaaaaaaa, service, production, {user:read,catalogs:write,capabilities:read,capability-audit:wri..., active, null, null, null, null, 2026-10-04 17:31:02.455+00, 2026-10-04 17:31:02.463796+00, null, null, null).
2026-10-04T17:31:27.7259683Z  2026-10-04 17:31:02.463 UTC [285] STATEMENT:  update "application_credentials" set "scopes" = $1, "updated_at" = clock_timestamp() where "application_credentials"."id" = $2
2026-10-04T17:31:27.7260143Z  2026-10-04 17:31:04.062 UTC [300] ERROR:  duplicate key value violates unique constraint "user_linked_accounts_live_account_key"
2026-10-04T17:31:27.7260541Z  2026-10-04 17:31:04.062 UTC [300] DETAIL:  Key (network, account_key)=(activitypub, alice-54ec2e64@mastodon.example) already exists.
2026-10-04T17:31:27.7261178Z  2026-10-04 17:31:04.062 UTC [300] STATEMENT:  insert into "user_linked_accounts" ("id", "user_id", "network", "account_key", "actor_uri", "handle", "host", "proof_method", "verified_at", "revoked_at", "created_at", "updated_at") values ($1, $2, $3, $4, $5, $6, $7, default, $8, default, default, default) returning "id"
2026-10-04T17:31:27.7261835Z  2026-10-04 17:31:04.077 UTC [300] ERROR:  new row for relation "user_linked_accounts" violates check constraint "user_linked_accounts_network_check"
2026-10-04T17:31:27.7262442Z  2026-10-04 17:31:04.077 UTC [300] DETAIL:  Failing row contains (24f12674-f1e6-4143-9423-6c5ee9434ce0, 01a107f8-200c-71a3-ba0f-d37419dfa863, twitter, x, x, x, x, oauth, 2026-10-04 17:31:04.077692+00, null, 2026-10-04 17:31:04.077+00, 2026-10-04 17:31:04.077+00).
2026-10-04T17:31:27.7262902Z  2026-10-04 17:31:04.077 UTC [300] STATEMENT:  
2026-10-04T17:31:27.7263243Z  	        insert into user_linked_accounts (id, user_id, network, account_key, actor_uri, handle, host, verified_at)
2026-10-04T17:31:27.7263519Z  	        values ($1, $2, 'twitter', 'x', 'x', 'x', 'x', now())
2026-10-04T17:31:27.7263683Z  	      
2026-10-04T17:31:27.7263952Z  2026-10-04 17:31:04.079 UTC [300] ERROR:  new row for relation "user_linked_accounts" violates check constraint "user_linked_accounts_proof_method_check"
2026-10-04T17:31:27.7264635Z  2026-10-04 17:31:04.079 UTC [300] DETAIL:  Failing row contains (e7474c36-20dc-4efc-a717-8c20ef174aa8, 01a107f8-200e-7ce4-bb5e-95ecc7dc17b4, activitypub, 68372b91-851b-496b-b6a3-7e8aa3fb2cb6, x, x, x, bio_code, 2026-10-04 17:31:04.079748+00, null, 2026-10-04 17:31:04.079+00, 2026-10-04 17:31:04.079+00).
2026-10-04T17:31:27.7265168Z  2026-10-04 17:31:04.079 UTC [300] STATEMENT:  
2026-10-04T17:31:27.7265448Z  	        insert into user_linked_accounts (id, user_id, network, account_key, actor_uri, handle, host, verified_at, proof_method)
2026-10-04T17:31:27.7265759Z  	        values ($1, $2, 'activitypub', $3, 'x', 'x', 'x', now(), 'bio_code')
2026-10-04T17:31:27.7265939Z  	      
2026-10-04T17:31:27.7266239Z  2026-10-04 17:31:04.087 UTC [300] ERROR:  new row for relation "linked_account_oauth_challenges" violates check constraint "linked_account_oauth_challenges_state_hash_check"
2026-10-04T17:31:27.7267038Z  2026-10-04 17:31:04.087 UTC [300] DETAIL:  Failing row contains (01a107f8-2016-70dd-860f-4ad900f69e6d, 01a107f8-2013-756d-a575-33c2bd76f3ed, activitypub, raw-state-value, pending, null, null, null, 01a107f8-2015-7a9a-8633-f221429a41ca, oxymove://linked, null, null, null, null, null, 2026-10-04 17:32:04.086+00, null, 2026-10-04 17:31:04.086+00).
2026-10-04T17:31:27.7268316Z  2026-10-04 17:31:04.087 UTC [300] STATEMENT:  insert into "linked_account_oauth_challenges" ("id", "user_id", "network", "state_hash", "status", "host", "pkce_verifier", "provider_state", "client_application_id", "return_to", "account_key", "actor_uri", "handle", "link_code_hash", "linked_account_id", "expires_at", "used_at", "created_at") values ($1, $2, $3, $4, default, default, default, default, $5, $6, default, default, default, default, default, $7, default, default)
2026-10-04T17:31:27.7269324Z  2026-10-04 17:31:04.090 UTC [300] ERROR:  new row for relation "linked_account_oauth_challenges" violates check constraint "linked_account_oauth_challenges_link_code_hash_check"
2026-10-04T17:31:27.7270191Z  2026-10-04 17:31:04.090 UTC [300] DETAIL:  Failing row contains (01a107f8-201a-7dea-ae0a-18953db70aa6, 01a107f8-2017-764b-a290-d1c48c72ceee, activitypub, null, verified, b.example, null, null, 01a107f8-2019-7f7a-9bdf-8f7a40ff3340, oxymove://linked, a@b.example, https://b.example/users/a, @a@b.example, raw-code, null, 2026-10-04 17:32:04.09+00, null, 2026-10-04 17:31:04.09+00).
2026-10-04T17:31:27.7271388Z  2026-10-04 17:31:04.090 UTC [300] STATEMENT:  insert into "linked_account_oauth_challenges" ("id", "user_id", "network", "state_hash", "status", "host", "pkce_verifier", "provider_state", "client_application_id", "return_to", "account_key", "actor_uri", "handle", "link_code_hash", "linked_account_id", "expires_at", "used_at", "created_at") values ($1, $2, $3, default, $4, $5, default, default, $6, $7, $8, $9, $10, $11, default, $12, default, default)
2026-10-04T17:31:27.7272292Z  2026-10-04 17:31:04.094 UTC [300] ERROR:  new row for relation "linked_account_oauth_challenges" violates check constraint "linked_account_oauth_challenges_verified_account_check"
2026-10-04T17:31:27.7273072Z  2026-10-04 17:31:04.094 UTC [300] DETAIL:  Failing row contains (01a107f8-201d-7b5a-88f6-549d2bb0c1e1, 01a107f8-201b-7158-b57d-7007139277c1, activitypub, null, verified, null, null, null, 01a107f8-201c-7843-909e-d86653bf482f, oxymove://linked, null, null, null, null, null, 2026-10-04 17:32:04.093+00, null, 2026-10-04 17:31:04.093+00).
2026-10-04T17:31:27.7274231Z  2026-10-04 17:31:04.094 UTC [300] STATEMENT:  insert into "linked_account_oauth_challenges" ("id", "user_id", "network", "state_hash", "status", "host", "pkce_verifier", "provider_state", "client_application_id", "return_to", "account_key", "actor_uri", "handle", "link_code_hash", "linked_account_id", "expires_at", "used_at", "created_at") values ($1, $2, $3, default, $4, default, default, default, $5, $6, default, default, default, default, default, $7, default, default)
2026-10-04T17:31:27.7275097Z  2026-10-04 17:31:07.603 UTC [71] LOG:  checkpoint starting: immediate force wait
2026-10-04T17:31:27.7275636Z  2026-10-04 17:31:07.654 UTC [71] LOG:  checkpoint complete: wrote 1014 buffers (6.2%); 0 WAL file(s) added, 0 removed, 2 recycled; write=0.028 s, sync=0.022 s, total=0.052 s; sync files=442, longest=0.018 s, average=0.001 s; distance=30398 kB, estimate=62437 kB; lsn=0/94FA780, redo lsn=0/94FA728
2026-10-04T17:31:27.7276167Z  2026-10-04 17:31:26.791 UTC [71] LOG:  checkpoint starting: immediate force wait
2026-10-04T17:31:27.7276686Z  2026-10-04 17:31:26.797 UTC [71] LOG:  checkpoint complete: wrote 35 buffers (0.2%); 0 WAL file(s) added, 0 removed, 0 recycled; write=0.001 s, sync=0.003 s, total=0.006 s; sync files=8, longest=0.003 s, average=0.001 s; distance=480 kB, estimate=56241 kB; lsn=0/9572820, redo lsn=0/95727C8
2026-10-04T17:31:27.7281265Z Stop and remove container: ad72fc322164482693ef89829b6c95d2_postgispostgis1735_2b1d58
2026-10-04T17:31:27.7284696Z ##[command]/usr/bin/docker rm --force ad9c2ca99900c94903d5acd25faadefe2bcc030efe0299c75c4950d1f33813da
2026-10-04T17:31:28.2370960Z ad9c2ca99900c94903d5acd25faadefe2bcc030efe0299c75c4950d1f33813da
2026-10-04T17:31:28.2390374Z Remove container network: github_network_f0a6edb10a3f49a5b48b471bc510ae5c
2026-10-04T17:31:28.2393103Z ##[command]/usr/bin/docker network rm github_network_f0a6edb10a3f49a5b48b471bc510ae5c
2026-10-04T17:31:28.3287328Z github_network_f0a6edb10a3f49a5b48b471bc510ae5c
2026-10-04T17:31:28.3338064Z Cleaning up orphan processes
