2026-10-04T17:28:25.9108461Z Current runner version: '2.337.0'
2026-10-04T17:28:25.9123502Z ##[group]Runner Image Provisioner
2026-10-04T17:28:25.9124018Z Hosted Compute Agent
2026-10-04T17:28:25.9124363Z Version: 20260901.588
2026-10-04T17:28:25.9124765Z Commit: f88ec8081b781fac6c440065ac7ff9e710ce3d0b
2026-10-04T17:28:25.9125212Z Build Date: 2026-09-01T19:56:44Z
2026-10-04T17:28:25.9125591Z Worker ID: {a639a6c5-283c-4230-a2d7-f20a0976d52c}
2026-10-04T17:28:25.9126038Z Azure Region: westus2
2026-10-04T17:28:25.9126369Z ##[endgroup]
2026-10-04T17:28:25.9127100Z ##[group]Operating System
2026-10-04T17:28:25.9127489Z Ubuntu
2026-10-04T17:28:25.9127809Z 24.04.5
2026-10-04T17:28:25.9128155Z LTS
2026-10-04T17:28:25.9128457Z ##[endgroup]
2026-10-04T17:28:25.9128800Z ##[group]Runner Image
2026-10-04T17:28:25.9129187Z Image: ubuntu-24.04
2026-10-04T17:28:25.9129517Z Version: 20260927.320.1
2026-10-04T17:28:25.9130266Z Included Software: https://github.com/actions/runner-images/blob/ubuntu24/20260927.320/images/ubuntu/Ubuntu2404-Readme.md
2026-10-04T17:28:25.9131345Z Image Release: https://github.com/actions/runner-images/releases/tag/ubuntu24%2F20260927.320
2026-10-04T17:28:25.9131922Z ##[endgroup]
2026-10-04T17:28:25.9132580Z ##[group]GITHUB_TOKEN Permissions
2026-10-04T17:28:25.9133685Z Contents: read
2026-10-04T17:28:25.9134015Z Metadata: read
2026-10-04T17:28:25.9134415Z ##[endgroup]
2026-10-04T17:28:25.9135574Z Secret source: Actions
2026-10-04T17:28:25.9136155Z Cache mode: write
2026-10-04T17:28:25.9136544Z Prepare workflow directory
2026-10-04T17:28:25.9380319Z Prepare all required actions
2026-10-04T17:28:25.9409253Z Getting action download info
2026-10-04T17:28:26.2838736Z Download action repository 'actions/checkout@v7' (SHA:3d3c42e5aac5ba805825da76410c181273ba90b1)
2026-10-04T17:28:26.4179437Z Download action repository 'oven-sh/setup-bun@v2' (SHA:0c5077e51419868618aeaa5fe8019c62421857d6)
2026-10-04T17:28:26.6563081Z Download action repository 'actions/setup-node@v7' (SHA:820762786026740c76f36085b0efc47a31fe5020)
2026-10-04T17:28:26.8047146Z Download action repository 'actions/cache@55cc8345863c7cc4c66a329aec7e433d2d1c52a9' (SHA:55cc8345863c7cc4c66a329aec7e433d2d1c52a9)
2026-10-04T17:28:26.9723892Z Download action repository 'actions/upload-artifact@v7' (SHA:043fb46d1a93c77aae656e7c1c64a875d1fc6a0a)
2026-10-04T17:28:27.1820021Z Complete job name: API Tests (1/6)
2026-10-04T17:28:27.2171807Z ##[group]Checking docker version
2026-10-04T17:28:27.2179611Z ##[command]/usr/bin/docker version --format '{{.Server.APIVersion}}'
2026-10-04T17:28:27.3114210Z '1.48'
2026-10-04T17:28:27.3126833Z Docker daemon API version: '1.48'
2026-10-04T17:28:27.3127681Z ##[command]/usr/bin/docker version --format '{{.Client.APIVersion}}'
2026-10-04T17:28:27.3240098Z '1.48'
2026-10-04T17:28:27.3250419Z Docker client API version: '1.48'
2026-10-04T17:28:27.3254312Z ##[endgroup]
2026-10-04T17:28:27.3256361Z ##[group]Clean up resources from previous jobs
2026-10-04T17:28:27.3260249Z ##[command]/usr/bin/docker ps --all --quiet --no-trunc --filter "label=c91896"
2026-10-04T17:28:27.3359974Z ##[command]/usr/bin/docker network prune --force --filter "label=c91896"
2026-10-04T17:28:27.3451928Z ##[endgroup]
2026-10-04T17:28:27.3452480Z ##[group]Create local container network
2026-10-04T17:28:27.3459518Z ##[command]/usr/bin/docker network create --label c91896 github_network_caa2f6358b0241439f8d05f5a6e9bb53
2026-10-04T17:28:27.4031585Z 4fdd5f3724a9327e1682fc1df6c8ec468aad79f0bd3eccaeb5b4073a5a36bcea
2026-10-04T17:28:27.4038176Z ##[endgroup]
2026-10-04T17:28:27.4056467Z ##[group]Starting postgres service container
2026-10-04T17:28:27.4071367Z ##[command]/usr/bin/docker pull postgis/postgis:17-3.5
2026-10-04T17:28:28.3217446Z 17-3.5: Pulling from postgis/postgis
2026-10-04T17:28:28.5914268Z ccaf924377f9: Pulling fs layer
2026-10-04T17:28:28.5915026Z a0a48bd22597: Pulling fs layer
2026-10-04T17:28:28.5915716Z 953b3faade64: Pulling fs layer
2026-10-04T17:28:28.5916148Z 4c5e3cb23b1e: Pulling fs layer
2026-10-04T17:28:28.5916486Z b032a4e70c86: Pulling fs layer
2026-10-04T17:28:28.5917186Z 84e2e0dafa9e: Pulling fs layer
2026-10-04T17:28:28.5917540Z 9388a07819e8: Pulling fs layer
2026-10-04T17:28:28.5917948Z 9b3173aa38c2: Pulling fs layer
2026-10-04T17:28:28.5918393Z 2f600d70ef01: Pulling fs layer
2026-10-04T17:28:28.5918825Z 26a029cc5101: Pulling fs layer
2026-10-04T17:28:28.5919136Z 87746d0d7566: Pulling fs layer
2026-10-04T17:28:28.5919441Z 5756942faa50: Pulling fs layer
2026-10-04T17:28:28.5919750Z dc61d0df75b4: Pulling fs layer
2026-10-04T17:28:28.5920071Z 0c9580cd8863: Pulling fs layer
2026-10-04T17:28:28.5920376Z 26502799a66b: Pulling fs layer
2026-10-04T17:28:28.5920825Z 4f4fb700ef54: Pulling fs layer
2026-10-04T17:28:28.5921123Z ee293c60aa50: Pulling fs layer
2026-10-04T17:28:28.5921431Z ea025e641e62: Pulling fs layer
2026-10-04T17:28:28.5921722Z 87746d0d7566: Waiting
2026-10-04T17:28:28.5922013Z 4c5e3cb23b1e: Waiting
2026-10-04T17:28:28.5922318Z 5756942faa50: Waiting
2026-10-04T17:28:28.5922603Z dc61d0df75b4: Waiting
2026-10-04T17:28:28.5922875Z 0c9580cd8863: Waiting
2026-10-04T17:28:28.5923158Z b032a4e70c86: Waiting
2026-10-04T17:28:28.5923435Z 26502799a66b: Waiting
2026-10-04T17:28:28.5923714Z 4f4fb700ef54: Waiting
2026-10-04T17:28:28.5923984Z ea025e641e62: Waiting
2026-10-04T17:28:28.5924260Z 84e2e0dafa9e: Waiting
2026-10-04T17:28:28.5924548Z 2f600d70ef01: Waiting
2026-10-04T17:28:28.5924799Z 9388a07819e8: Waiting
2026-10-04T17:28:28.5925041Z 26a029cc5101: Waiting
2026-10-04T17:28:28.5925283Z ee293c60aa50: Waiting
2026-10-04T17:28:28.8547580Z a0a48bd22597: Download complete
2026-10-04T17:28:28.9417846Z 953b3faade64: Verifying Checksum
2026-10-04T17:28:29.0019219Z 953b3faade64: Download complete
2026-10-04T17:28:29.0019677Z ccaf924377f9: Verifying Checksum
2026-10-04T17:28:29.0020365Z ccaf924377f9: Download complete
2026-10-04T17:28:29.1479866Z 4c5e3cb23b1e: Verifying Checksum
2026-10-04T17:28:29.1480564Z 4c5e3cb23b1e: Download complete
2026-10-04T17:28:29.2794762Z 84e2e0dafa9e: Download complete
2026-10-04T17:28:29.2810773Z b032a4e70c86: Verifying Checksum
2026-10-04T17:28:29.2811289Z b032a4e70c86: Download complete
2026-10-04T17:28:29.3963529Z 9388a07819e8: Verifying Checksum
2026-10-04T17:28:29.3963864Z 9388a07819e8: Download complete
2026-10-04T17:28:29.5176480Z 9b3173aa38c2: Verifying Checksum
2026-10-04T17:28:29.5176793Z 9b3173aa38c2: Download complete
2026-10-04T17:28:29.6348721Z 26a029cc5101: Verifying Checksum
2026-10-04T17:28:29.6349142Z 26a029cc5101: Download complete
2026-10-04T17:28:29.7559274Z 87746d0d7566: Verifying Checksum
2026-10-04T17:28:29.7561814Z 87746d0d7566: Download complete
2026-10-04T17:28:29.8121610Z ccaf924377f9: Pull complete
2026-10-04T17:28:29.8617624Z 5756942faa50: Verifying Checksum
2026-10-04T17:28:29.8618436Z 5756942faa50: Download complete
2026-10-04T17:28:29.8810773Z 2f600d70ef01: Verifying Checksum
2026-10-04T17:28:29.8811090Z 2f600d70ef01: Download complete
2026-10-04T17:28:29.9818261Z dc61d0df75b4: Verifying Checksum
2026-10-04T17:28:29.9818594Z dc61d0df75b4: Download complete
2026-10-04T17:28:30.1089673Z 0c9580cd8863: Verifying Checksum
2026-10-04T17:28:30.1090067Z 0c9580cd8863: Download complete
2026-10-04T17:28:30.2279929Z 4f4fb700ef54: Verifying Checksum
2026-10-04T17:28:30.2280812Z 4f4fb700ef54: Download complete
2026-10-04T17:28:30.3372030Z 26502799a66b: Verifying Checksum
2026-10-04T17:28:30.3514775Z 26502799a66b: Download complete
2026-10-04T17:28:30.3515008Z ee293c60aa50: Verifying Checksum
2026-10-04T17:28:30.3515168Z ee293c60aa50: Download complete
2026-10-04T17:28:30.4659565Z ea025e641e62: Download complete
2026-10-04T17:28:31.4789365Z a0a48bd22597: Pull complete
2026-10-04T17:28:31.6341465Z 953b3faade64: Pull complete
2026-10-04T17:28:31.6822719Z 4c5e3cb23b1e: Pull complete
2026-10-04T17:28:32.0038361Z b032a4e70c86: Pull complete
2026-10-04T17:28:32.0802910Z 84e2e0dafa9e: Pull complete
2026-10-04T17:28:32.0861636Z 9388a07819e8: Pull complete
2026-10-04T17:28:32.0951918Z 9b3173aa38c2: Pull complete
2026-10-04T17:28:35.0324282Z 2f600d70ef01: Pull complete
2026-10-04T17:28:35.0430845Z 26a029cc5101: Pull complete
2026-10-04T17:28:35.0492276Z 87746d0d7566: Pull complete
2026-10-04T17:28:35.0585480Z 5756942faa50: Pull complete
2026-10-04T17:28:35.0664161Z dc61d0df75b4: Pull complete
2026-10-04T17:28:35.0729019Z 0c9580cd8863: Pull complete
2026-10-04T17:28:36.9222542Z 26502799a66b: Pull complete
2026-10-04T17:28:36.9300799Z 4f4fb700ef54: Pull complete
2026-10-04T17:28:36.9372308Z ee293c60aa50: Pull complete
2026-10-04T17:28:36.9443051Z ea025e641e62: Pull complete
2026-10-04T17:28:36.9475772Z Digest: sha256:01a6a70e41e6c4467c8f55f6063555ed72db2d6662cd0d571040d42eadaeb6f6
2026-10-04T17:28:36.9485704Z Status: Downloaded newer image for postgis/postgis:17-3.5
2026-10-04T17:28:36.9493253Z docker.io/postgis/postgis:17-3.5
2026-10-04T17:28:36.9544194Z ##[command]/usr/bin/docker create --name 0ef918998ac44be3bffda647741fa99b_postgispostgis1735_10c7a0 --label c91896 --network github_network_caa2f6358b0241439f8d05f5a6e9bb53 --network-alias postgres -p 5432:5432 --health-cmd "pg_isready -U oxy -d oxy_test" --health-interval 10s --health-timeout 5s --health-retries 5 -e "POSTGRES_USER=oxy" -e "POSTGRES_PASSWORD=oxy" -e "POSTGRES_DB=oxy_test" -e GITHUB_ACTIONS=true -e CI=true postgis/postgis:17-3.5
2026-10-04T17:28:36.9744837Z 25888a27972b75c906bdd69069bc244bba97d7260bdc4c7e5a3326a019bfeaa6
2026-10-04T17:28:36.9763891Z ##[command]/usr/bin/docker start 25888a27972b75c906bdd69069bc244bba97d7260bdc4c7e5a3326a019bfeaa6
2026-10-04T17:28:37.1613295Z 25888a27972b75c906bdd69069bc244bba97d7260bdc4c7e5a3326a019bfeaa6
2026-10-04T17:28:37.1639709Z ##[command]/usr/bin/docker ps --all --filter id=25888a27972b75c906bdd69069bc244bba97d7260bdc4c7e5a3326a019bfeaa6 --filter status=running --no-trunc --format "{{.ID}} {{.Status}}"
2026-10-04T17:28:37.1735674Z 25888a27972b75c906bdd69069bc244bba97d7260bdc4c7e5a3326a019bfeaa6 Up Less than a second (health: starting)
2026-10-04T17:28:37.1753733Z ##[command]/usr/bin/docker port 25888a27972b75c906bdd69069bc244bba97d7260bdc4c7e5a3326a019bfeaa6
2026-10-04T17:28:37.1847547Z 5432/tcp -> 0.0.0.0:5432
2026-10-04T17:28:37.1848012Z 5432/tcp -> [::]:5432
2026-10-04T17:28:37.1888357Z ##[endgroup]
2026-10-04T17:28:37.1894733Z ##[group]Waiting for all services to be ready
2026-10-04T17:28:37.1904367Z ##[command]/usr/bin/docker inspect --format="{{if .Config.Healthcheck}}{{print .State.Health.Status}}{{end}}" 25888a27972b75c906bdd69069bc244bba97d7260bdc4c7e5a3326a019bfeaa6
2026-10-04T17:28:37.2006982Z starting
2026-10-04T17:28:37.2026232Z postgres service is starting, waiting 2 seconds before checking again.
2026-10-04T17:28:39.2027979Z ##[command]/usr/bin/docker inspect --format="{{if .Config.Healthcheck}}{{print .State.Health.Status}}{{end}}" 25888a27972b75c906bdd69069bc244bba97d7260bdc4c7e5a3326a019bfeaa6
2026-10-04T17:28:39.2122872Z starting
2026-10-04T17:28:39.2134270Z postgres service is starting, waiting 4 seconds before checking again.
2026-10-04T17:28:43.4155594Z ##[command]/usr/bin/docker inspect --format="{{if .Config.Healthcheck}}{{print .State.Health.Status}}{{end}}" 25888a27972b75c906bdd69069bc244bba97d7260bdc4c7e5a3326a019bfeaa6
2026-10-04T17:28:43.4247575Z starting
2026-10-04T17:28:43.4258127Z postgres service is starting, waiting 8 seconds before checking again.
2026-10-04T17:28:52.0523395Z ##[command]/usr/bin/docker inspect --format="{{if .Config.Healthcheck}}{{print .State.Health.Status}}{{end}}" 25888a27972b75c906bdd69069bc244bba97d7260bdc4c7e5a3326a019bfeaa6
2026-10-04T17:28:52.0621119Z healthy
2026-10-04T17:28:52.0634255Z postgres service is healthy.
2026-10-04T17:28:52.0634766Z ##[endgroup]
2026-10-04T17:28:52.0806627Z ##[group]Run actions/checkout@v7
2026-10-04T17:28:52.0806866Z with:
2026-10-04T17:28:52.0806977Z   repository: OxyHQ/oxy
2026-10-04T17:28:52.0808379Z   token: ***
2026-10-04T17:28:52.0808489Z   ssh-strict: true
2026-10-04T17:28:52.0808605Z   ssh-user: git
2026-10-04T17:28:52.0808730Z   persist-credentials: true
2026-10-04T17:28:52.0808863Z   clean: true
2026-10-04T17:28:52.0808987Z   sparse-checkout-cone-mode: true
2026-10-04T17:28:52.0809129Z   fetch-depth: 1
2026-10-04T17:28:52.0809240Z   fetch-tags: false
2026-10-04T17:28:52.0809527Z   show-progress: true
2026-10-04T17:28:52.0809643Z   lfs: false
2026-10-04T17:28:52.0809746Z   submodules: false
2026-10-04T17:28:52.0809863Z   set-safe-directory: true
2026-10-04T17:28:52.0810000Z   allow-unsafe-pr-checkout: false
2026-10-04T17:28:52.0810219Z ##[endgroup]
2026-10-04T17:28:52.1473669Z Syncing repository: OxyHQ/oxy
2026-10-04T17:28:52.1474683Z ##[group]Getting Git version info
2026-10-04T17:28:52.1474971Z Working directory is '/home/runner/work/oxy/oxy'
2026-10-04T17:28:52.1475296Z [command]/usr/bin/git version
2026-10-04T17:28:52.1555360Z git version 2.55.0
2026-10-04T17:28:52.1568403Z ##[endgroup]
2026-10-04T17:28:52.1576021Z Temporarily overriding HOME='/home/runner/work/_temp/03145209-4d4e-46ad-860c-f994e0aa72d6' before making global git config changes
2026-10-04T17:28:52.1576835Z Adding repository directory to the temporary git global config as a safe directory
2026-10-04T17:28:52.1581036Z [command]/usr/bin/git config --global --add safe.directory /home/runner/work/oxy/oxy
2026-10-04T17:28:52.1623991Z Deleting the contents of '/home/runner/work/oxy/oxy'
2026-10-04T17:28:52.1626410Z ##[group]Determining repository object format
2026-10-04T17:28:52.1627426Z ##[endgroup]
2026-10-04T17:28:52.1627962Z ##[group]Initializing the repository
2026-10-04T17:28:52.1630137Z [command]/usr/bin/git init /home/runner/work/oxy/oxy
2026-10-04T17:28:52.1753790Z hint: Using 'master' as the name for the initial branch. This default branch name
2026-10-04T17:28:52.1754421Z hint: will change to "main" in Git 3.0. To configure the initial branch name
2026-10-04T17:28:52.1754778Z hint: to use in all of your new repositories, which will suppress this warning,
2026-10-04T17:28:52.1755025Z hint: call:
2026-10-04T17:28:52.1755153Z hint:
2026-10-04T17:28:52.1755372Z hint: 	git config --global init.defaultBranch <name>
2026-10-04T17:28:52.1755567Z hint:
2026-10-04T17:28:52.1755748Z hint: Names commonly chosen instead of 'master' are 'main', 'trunk' and
2026-10-04T17:28:52.1756044Z hint: 'development'. The just-created branch can be renamed via this command:
2026-10-04T17:28:52.1756262Z hint:
2026-10-04T17:28:52.1756382Z hint: 	git branch -m <name>
2026-10-04T17:28:52.1756512Z hint:
2026-10-04T17:28:52.1756706Z hint: Disable this message with "git config set advice.defaultBranchName false"
2026-10-04T17:28:52.1757005Z Initialized empty Git repository in /home/runner/work/oxy/oxy/.git/
2026-10-04T17:28:52.1757858Z [command]/usr/bin/git remote add origin https://github.com/OxyHQ/oxy
2026-10-04T17:28:52.1800581Z ##[endgroup]
2026-10-04T17:28:52.1800971Z ##[group]Disabling automatic garbage collection
2026-10-04T17:28:52.1803450Z [command]/usr/bin/git config --local gc.auto 0
2026-10-04T17:28:52.1833259Z ##[endgroup]
2026-10-04T17:28:52.1833646Z ##[group]Setting up auth
2026-10-04T17:28:52.1833911Z Removing SSH command configuration
2026-10-04T17:28:52.1838489Z [command]/usr/bin/git config --local --name-only --get-regexp core\.sshCommand
2026-10-04T17:28:52.1873622Z [command]/usr/bin/git submodule foreach --recursive sh -c "git config --local --name-only --get-regexp 'core\.sshCommand' && git config --local --unset-all 'core.sshCommand' || :"
2026-10-04T17:28:52.2170320Z Removing HTTP extra header
2026-10-04T17:28:52.2174885Z [command]/usr/bin/git config --local --name-only --get-regexp http\.https\:\/\/github\.com\/\.extraheader
2026-10-04T17:28:52.2204409Z [command]/usr/bin/git submodule foreach --recursive sh -c "git config --local --name-only --get-regexp 'http\.https\:\/\/github\.com\/\.extraheader' && git config --local --unset-all 'http.https://github.com/.extraheader' || :"
2026-10-04T17:28:52.2373882Z Removing includeIf entries pointing to credentials config files
2026-10-04T17:28:52.2377728Z [command]/usr/bin/git config --local --name-only --get-regexp ^includeIf\.gitdir:
2026-10-04T17:28:52.2414249Z [command]/usr/bin/git submodule foreach --recursive git config --local --show-origin --name-only --get-regexp remote.origin.url
2026-10-04T17:28:52.2588029Z [command]/usr/bin/git config --file /home/runner/work/_temp/git-credentials-4e407fe8-ed4a-4798-855d-32d0a2817cd2.config http.https://github.com/.extraheader AUTHORIZATION: basic ***
2026-10-04T17:28:52.2619409Z [command]/usr/bin/git config --local includeIf.gitdir:/home/runner/work/oxy/oxy/.git.path /home/runner/work/_temp/git-credentials-4e407fe8-ed4a-4798-855d-32d0a2817cd2.config
2026-10-04T17:28:52.2647476Z [command]/usr/bin/git config --local includeIf.gitdir:/home/runner/work/oxy/oxy/.git/worktrees/*.path /home/runner/work/_temp/git-credentials-4e407fe8-ed4a-4798-855d-32d0a2817cd2.config
2026-10-04T17:28:52.2678815Z [command]/usr/bin/git config --local includeIf.gitdir:/github/workspace/.git.path /github/runner_temp/git-credentials-4e407fe8-ed4a-4798-855d-32d0a2817cd2.config
2026-10-04T17:28:52.2706366Z [command]/usr/bin/git config --local includeIf.gitdir:/github/workspace/.git/worktrees/*.path /github/runner_temp/git-credentials-4e407fe8-ed4a-4798-855d-32d0a2817cd2.config
2026-10-04T17:28:52.2732453Z ##[endgroup]
2026-10-04T17:28:52.2732678Z ##[group]Fetching the repository
2026-10-04T17:28:52.2737781Z [command]/usr/bin/git -c protocol.version=2 fetch --no-tags --prune --no-recurse-submodules --depth=1 origin +7d69692637ba6d8cd341a823271c44f6ff1c533c:refs/remotes/pull/1580/merge
2026-10-04T17:28:54.8329684Z From https://github.com/OxyHQ/oxy
2026-10-04T17:28:54.8330092Z  * [new ref]         7d69692637ba6d8cd341a823271c44f6ff1c533c -> pull/1580/merge
2026-10-04T17:28:54.8334396Z ##[endgroup]
2026-10-04T17:28:54.8334821Z ##[group]Determining the checkout info
2026-10-04T17:28:54.8335172Z ##[endgroup]
2026-10-04T17:28:54.8339679Z [command]/usr/bin/git sparse-checkout disable
2026-10-04T17:28:54.8386581Z [command]/usr/bin/git config --local --unset-all extensions.worktreeConfig
2026-10-04T17:28:54.8411851Z ##[group]Checking out the ref
2026-10-04T17:28:54.8414667Z [command]/usr/bin/git checkout --progress --force refs/remotes/pull/1580/merge
2026-10-04T17:28:55.2169820Z Note: switching to 'refs/remotes/pull/1580/merge'.
2026-10-04T17:28:55.2170065Z 
2026-10-04T17:28:55.2170282Z You are in 'detached HEAD' state. You can look around, make experimental
2026-10-04T17:28:55.2170863Z changes and commit them, and you can discard any commits you make in this
2026-10-04T17:28:55.2171129Z state without impacting any branches by switching back to a branch.
2026-10-04T17:28:55.2171283Z 
2026-10-04T17:28:55.2171551Z If you want to create a new branch to retain commits you create, you may
2026-10-04T17:28:55.2171911Z do so (now or later) by using -c with the switch command. Example:
2026-10-04T17:28:55.2172107Z 
2026-10-04T17:28:55.2172194Z   git switch -c <new-branch-name>
2026-10-04T17:28:55.2172327Z 
2026-10-04T17:28:55.2172413Z Or undo this operation with:
2026-10-04T17:28:55.2172536Z 
2026-10-04T17:28:55.2172609Z   git switch -
2026-10-04T17:28:55.2172716Z 
2026-10-04T17:28:55.2172875Z Turn off this advice by setting config variable advice.detachedHead to false
2026-10-04T17:28:55.2173113Z 
2026-10-04T17:28:55.2173373Z HEAD is now at 7d69692 Merge 50de3e65e187f3b46dc7cfc1017710fd22091dc4 into f716a52734faa6e683f872802c67e9b7e419780f
2026-10-04T17:28:55.2222881Z ##[endgroup]
2026-10-04T17:28:55.2265118Z [command]/usr/bin/git log -1 --format=%H
2026-10-04T17:28:55.2288995Z 7d69692637ba6d8cd341a823271c44f6ff1c533c
2026-10-04T17:28:55.2461023Z ##[group]Run oven-sh/setup-bun@v2
2026-10-04T17:28:55.2461256Z with:
2026-10-04T17:28:55.2480073Z   bun-version-file: package.json
2026-10-04T17:28:55.2480228Z   no-cache: false
2026-10-04T17:28:55.2481820Z   token: ***
2026-10-04T17:28:55.2481932Z ##[endgroup]
2026-10-04T17:28:55.3422731Z Obtained version 1.4.2 from package.json
2026-10-04T17:28:55.5842391Z Cache hit for: bun-gmoqYqdUbaYsI0KujeXt7Zg/p0I=
2026-10-04T17:28:56.8796080Z Received 8388608 of 35684133 (23.5%), 8.0 MBs/sec
2026-10-04T17:28:56.9639449Z Received 35684133 of 35684133 (100.0%), 31.4 MBs/sec
2026-10-04T17:28:56.9640364Z Cache Size: ~34 MB (35684133 B)
2026-10-04T17:28:56.9661111Z [command]/usr/bin/tar -xf /home/runner/work/_temp/141177c1-3ae4-4c16-a39d-c1968584c72d/cache.tzst -P -C /home/runner/work/oxy/oxy --use-compress-program unzstd
2026-10-04T17:28:57.0517782Z Cache restored successfully
2026-10-04T17:28:57.0539219Z [command]/home/runner/.bun/bin/bun --revision
2026-10-04T17:28:57.0573640Z 1.4.2+744846f84
2026-10-04T17:28:57.0578036Z Using a cached version of Bun: 1.4.2+744846f84
2026-10-04T17:28:57.0697623Z ##[group]Run actions/setup-node@v7
2026-10-04T17:28:57.0697785Z with:
2026-10-04T17:28:57.0697901Z   node-version: 24.x
2026-10-04T17:28:57.0698029Z   check-latest: false
2026-10-04T17:28:57.0699551Z   token: ***
2026-10-04T17:28:57.0699673Z   package-manager-cache: true
2026-10-04T17:28:57.0699819Z ##[endgroup]
2026-10-04T17:28:57.1574289Z Found in cache @ /opt/hostedtoolcache/node/24.21.0/x64
2026-10-04T17:28:57.1576556Z ##[group]Environment details
2026-10-04T17:28:59.6681441Z node: v24.21.0
2026-10-04T17:28:59.6681697Z npm: 11.19.0
2026-10-04T17:28:59.6681865Z yarn: 1.22.22
2026-10-04T17:28:59.6682399Z ##[endgroup]
2026-10-04T17:28:59.6790904Z ##[group]Run set -eu
2026-10-04T17:28:59.6791125Z [36;1mset -eu[0m
2026-10-04T17:28:59.6791364Z [36;1mapt_opts='-o Acquire::Retries=3 -o Acquire::http::Timeout=15 -o Acquire::https::Timeout=15'[0m
2026-10-04T17:28:59.6791622Z [36;1mfor attempt in 1 2; do[0m
2026-10-04T17:28:59.6791787Z [36;1m  if sudo timeout -k 15s 420s bash -c \[0m
2026-10-04T17:28:59.6792122Z [36;1m    "apt-get update $apt_opts && apt-get install -y --no-install-recommends $apt_opts -o DPkg::Lock::Timeout=120 ffmpeg"; then[0m
2026-10-04T17:28:59.6792458Z [36;1m    break[0m
2026-10-04T17:28:59.6792570Z [36;1m  fi[0m
2026-10-04T17:28:59.6792684Z [36;1m  if [ "$attempt" = 2 ]; then[0m
2026-10-04T17:28:59.6792900Z [36;1m    echo "::error::apt-get could not install ffmpeg after 2 attempts"[0m
2026-10-04T17:28:59.6793101Z [36;1m    exit 1[0m
2026-10-04T17:28:59.6793214Z [36;1m  fi[0m
2026-10-04T17:28:59.6793390Z [36;1m  # Names the lock holder in the log, so the next failure of this step[0m
2026-10-04T17:28:59.6793676Z [36;1m  # says whether it was our own attempt or something the runner boots.[0m
2026-10-04T17:28:59.6794006Z [36;1m  echo "apt-get attempt $attempt failed or timed out; retrying once. apt/dpkg processes still alive:"[0m
2026-10-04T17:28:59.6794384Z [36;1m  ps -eo pid,user,etimes,stat,args | grep -E '[a]pt-get|[d]pkg|[u]nattended' || echo "  (none)"[0m
2026-10-04T17:28:59.6794631Z [36;1m  sleep 30[0m
2026-10-04T17:28:59.6794891Z [36;1m  sudo timeout -k 15s 120s dpkg --configure -a || echo "dpkg --configure -a did not finish; the retry will say why"[0m
2026-10-04T17:28:59.6795159Z [36;1mdone[0m
2026-10-04T17:28:59.6795275Z [36;1mffmpeg -version | head -1[0m
2026-10-04T17:28:59.6795447Z [36;1mffprobe -version | head -1[0m
2026-10-04T17:28:59.6795661Z [36;1m# The positive control, and the reason the two lines above are not one:[0m
2026-10-04T17:28:59.6795938Z [36;1m# without `pipefail` a pipeline reports `head`'s status, so `ffmpeg[0m
2026-10-04T17:28:59.6796214Z [36;1m# -version | head -1` exits 0 even when the binary is missing entirely —[0m
2026-10-04T17:28:59.6796493Z [36;1m# this step could go green having installed nothing. Encoding one frame[0m
2026-10-04T17:28:59.6796758Z [36;1m# the way the fixture builder does (`-f lavfi testsrc`, `-c:v libx264`)[0m
2026-10-04T17:28:59.6797026Z [36;1m# is the cheapest assertion that what apt installed can do the one thing[0m
2026-10-04T17:28:59.6797274Z [36;1m# the suite needs, and it fails loudly if it cannot.[0m
2026-10-04T17:28:59.6797463Z [36;1mprobe_dir=$(mktemp -d)[0m
2026-10-04T17:28:59.6797633Z [36;1mffmpeg -hide_banner -loglevel error -f lavfi \[0m
2026-10-04T17:28:59.6797830Z [36;1m  -i testsrc=size=64x64:rate=10:duration=1 \[0m
2026-10-04T17:28:59.6798074Z [36;1m  -c:v libx264 -pix_fmt yuv420p -movflags +faststart -y "$probe_dir/probe.mp4"[0m
2026-10-04T17:28:59.6798437Z [36;1mcodec=$(ffprobe -v error -select_streams v:0 -show_entries stream=codec_name -of csv=p=0 "$probe_dir/probe.mp4")[0m
2026-10-04T17:28:59.6798729Z [36;1mrm -rf "$probe_dir"[0m
2026-10-04T17:28:59.6799021Z [36;1mif [ "$codec" != h264 ]; then[0m
2026-10-04T17:28:59.6799298Z [36;1m  echo "::error::ffmpeg is on PATH but encoded '$codec', not h264 — the video variant fixture cannot be built"[0m
2026-10-04T17:28:59.6799561Z [36;1m  exit 1[0m
2026-10-04T17:28:59.6799669Z [36;1mfi[0m
2026-10-04T17:28:59.6799852Z [36;1mecho "ffmpeg encodes h264 via lavfi: the video variant fixture can be built"[0m
2026-10-04T17:28:59.7024448Z shell: /usr/bin/bash -e {0}
2026-10-04T17:28:59.7024618Z ##[endgroup]
2026-10-04T17:28:59.8661051Z Get:1 file:/etc/apt/apt-mirrors.txt Mirrorlist [144 B]
2026-10-04T17:28:59.8968188Z Get:6 https://packages.microsoft.com/ubuntu/24.04/prod noble InRelease [3600 B]
2026-10-04T17:29:00.0015155Z Get:7 https://packages.microsoft.com/ubuntu/24.04/prod noble/main armhf Packages [12.6 kB]
2026-10-04T17:29:00.0180124Z Get:8 https://packages.microsoft.com/ubuntu/24.04/prod noble/main arm64 Packages [458 kB]
2026-10-04T17:29:00.0261014Z Get:9 https://packages.microsoft.com/ubuntu/24.04/prod noble/main amd64 Packages [511 kB]
2026-10-04T17:29:00.0720371Z Hit:2 http://azure.archive.ubuntu.com/ubuntu noble InRelease
2026-10-04T17:29:00.0737290Z Get:3 http://azure.archive.ubuntu.com/ubuntu noble-updates InRelease [126 kB]
2026-10-04T17:29:00.0826782Z Get:4 http://azure.archive.ubuntu.com/ubuntu noble-backports InRelease [126 kB]
2026-10-04T17:29:00.0884157Z Get:5 http://azure.archive.ubuntu.com/ubuntu noble-security InRelease [126 kB]
2026-10-04T17:29:00.1691560Z Get:10 http://azure.archive.ubuntu.com/ubuntu noble-updates/main amd64 Packages [1364 kB]
2026-10-04T17:29:00.1816477Z Get:11 http://azure.archive.ubuntu.com/ubuntu noble-updates/main Translation-en [304 kB]
2026-10-04T17:29:00.1848564Z Get:12 http://azure.archive.ubuntu.com/ubuntu noble-updates/main amd64 Components [181 kB]
2026-10-04T17:29:00.1869553Z Get:13 http://azure.archive.ubuntu.com/ubuntu noble-updates/universe amd64 Packages [1699 kB]
2026-10-04T17:29:00.1978324Z Get:14 http://azure.archive.ubuntu.com/ubuntu noble-updates/universe Translation-en [341 kB]
2026-10-04T17:29:00.2013865Z Get:15 http://azure.archive.ubuntu.com/ubuntu noble-updates/universe amd64 Components [388 kB]
2026-10-04T17:29:00.2030320Z Get:16 http://azure.archive.ubuntu.com/ubuntu noble-updates/restricted amd64 Packages [1720 kB]
2026-10-04T17:29:00.2109528Z Get:17 http://azure.archive.ubuntu.com/ubuntu noble-updates/restricted Translation-en [394 kB]
2026-10-04T17:29:00.2143790Z Get:18 http://azure.archive.ubuntu.com/ubuntu noble-updates/multiverse amd64 Components [940 B]
2026-10-04T17:29:00.2157040Z Get:19 http://azure.archive.ubuntu.com/ubuntu noble-backports/main amd64 Components [5776 B]
2026-10-04T17:29:00.2582759Z Get:20 http://azure.archive.ubuntu.com/ubuntu noble-backports/universe amd64 Components [12.6 kB]
2026-10-04T17:29:00.2599788Z Get:21 http://azure.archive.ubuntu.com/ubuntu noble-security/main amd64 Packages [1069 kB]
2026-10-04T17:29:00.2655216Z Get:22 http://azure.archive.ubuntu.com/ubuntu noble-security/main Translation-en [221 kB]
2026-10-04T17:29:00.2670283Z Get:23 http://azure.archive.ubuntu.com/ubuntu noble-security/main amd64 Components [46.4 kB]
2026-10-04T17:29:00.2686043Z Get:24 http://azure.archive.ubuntu.com/ubuntu noble-security/universe amd64 Packages [1216 kB]
2026-10-04T17:29:00.2741512Z Get:25 http://azure.archive.ubuntu.com/ubuntu noble-security/universe Translation-en [244 kB]
2026-10-04T17:29:00.2761937Z Get:26 http://azure.archive.ubuntu.com/ubuntu noble-security/universe amd64 Components [76.4 kB]
2026-10-04T17:29:00.2779703Z Get:27 http://azure.archive.ubuntu.com/ubuntu noble-security/restricted amd64 Packages [1566 kB]
2026-10-04T17:29:00.2849512Z Get:28 http://azure.archive.ubuntu.com/ubuntu noble-security/restricted Translation-en [361 kB]
2026-10-04T17:29:08.6614635Z Fetched 12.6 MB in 1s (10.8 MB/s)
2026-10-04T17:29:09.1524848Z Reading package lists...
2026-10-04T17:29:09.1719177Z Reading package lists...
2026-10-04T17:29:09.3269153Z Building dependency tree...
2026-10-04T17:29:09.3275445Z Reading state information...
2026-10-04T17:29:09.4384145Z The following additional packages will be installed:
2026-10-04T17:29:09.4384588Z   libass9 libasyncns0 libavc1394-0 libavcodec60 libavdevice60 libavfilter9
2026-10-04T17:29:09.4385013Z   libavformat60 libavutil58 libblas3 libbluray2 libbs2b0 libcaca0
2026-10-04T17:29:09.4385426Z   libcdio-cdda2t64 libcdio-paranoia2t64 libcdio19t64 libchromaprint1 libcjson1
2026-10-04T17:29:09.4385853Z   libcodec2-1.2 libdav1d7 libdc1394-25 libdecor-0-0 libflac12t64 libflite1
2026-10-04T17:29:09.4386231Z   libgme0 libgsm1 libhwy1t64 libiec61883-0 libjack-jackd2-0 libjxl0.7
2026-10-04T17:29:09.4386612Z   liblapack3 liblilv-0-0 libmbedcrypto7t64 libmp3lame0 libmpg123-0t64
2026-10-04T17:29:09.4387016Z   libmysofa1 libopenal-data libopenal1 libopenmpt0t64 libopus0 libplacebo338
2026-10-04T17:29:09.4387474Z   libpocketsphinx3 libpostproc57 libpulse0 librav1e0 libraw1394-11 librist4
2026-10-04T17:29:09.4388453Z   librsvg2-2 librubberband2 libsamplerate0 libsdl2-2.0-0 libserd-0-0 libshine3
2026-10-04T17:29:09.4388935Z   libsndfile1 libsndio7.0 libsord-0-0 libsoxr0 libspeex1 libsphinxbase3t64
2026-10-04T17:29:09.4389342Z   libsratom-0-0 libsrt1.5-gnutls libssh-gcrypt-4 libsvtav1enc1d1
2026-10-04T17:29:09.4389762Z   libswresample4 libswscale7 libtheora0 libtwolame0 libudfread0 libunibreak5
2026-10-04T17:29:09.4390211Z   libva-drm2 libva-x11-2 libva2 libvdpau1 libvidstab1.1 libvorbisenc2 libvpl2
2026-10-04T17:29:09.4391615Z   libvpx9 libx264-164 libx265-199 libxcb-shape0 libxv1 libxvidcore4 libzimg2
2026-10-04T17:29:09.4392026Z   libzix-0-0 libzvbi-common libzvbi0t64 ocl-icd-libopencl1
2026-10-04T17:29:09.4395583Z Suggested packages:
2026-10-04T17:29:09.4395933Z   ffmpeg-doc libcuda1 libnvcuvid1 libnvidia-encode1 libbluray-bdj jackd2
2026-10-04T17:29:09.4396409Z   libportaudio2 opus-tools pulseaudio libraw1394-doc librsvg2-bin serdi sndiod
2026-10-04T17:29:09.4396751Z   sordi speex opencl-icd
2026-10-04T17:29:09.4396977Z Recommended packages:
2026-10-04T17:29:09.4397272Z   libaacs0 default-libdecor-0-plugin-1 | libdecor-0-plugin-1
2026-10-04T17:29:09.4397655Z   pocketsphinx-en-us librsvg2-common va-driver-all | va-driver
2026-10-04T17:29:09.4397977Z   vdpau-driver-all | vdpau-driver
2026-10-04T17:29:09.4914803Z The following NEW packages will be installed:
2026-10-04T17:29:09.4915271Z   ffmpeg libass9 libasyncns0 libavc1394-0 libavcodec60 libavdevice60
2026-10-04T17:29:09.4915718Z   libavfilter9 libavformat60 libavutil58 libblas3 libbluray2 libbs2b0 libcaca0
2026-10-04T17:29:09.4916188Z   libcdio-cdda2t64 libcdio-paranoia2t64 libcdio19t64 libchromaprint1 libcjson1
2026-10-04T17:29:09.4916775Z   libcodec2-1.2 libdav1d7 libdc1394-25 libdecor-0-0 libflac12t64 libflite1
2026-10-04T17:29:09.4917188Z   libgme0 libgsm1 libhwy1t64 libiec61883-0 libjack-jackd2-0 libjxl0.7
2026-10-04T17:29:09.4917629Z   liblapack3 liblilv-0-0 libmbedcrypto7t64 libmp3lame0 libmpg123-0t64
2026-10-04T17:29:09.4918116Z   libmysofa1 libopenal-data libopenal1 libopenmpt0t64 libopus0 libplacebo338
2026-10-04T17:29:09.4918589Z   libpocketsphinx3 libpostproc57 libpulse0 librav1e0 libraw1394-11 librist4
2026-10-04T17:29:09.4919108Z   librsvg2-2 librubberband2 libsamplerate0 libsdl2-2.0-0 libserd-0-0 libshine3
2026-10-04T17:29:09.4919634Z   libsndfile1 libsndio7.0 libsord-0-0 libsoxr0 libspeex1 libsphinxbase3t64
2026-10-04T17:29:09.4920109Z   libsratom-0-0 libsrt1.5-gnutls libssh-gcrypt-4 libsvtav1enc1d1
2026-10-04T17:29:09.4920745Z   libswresample4 libswscale7 libtheora0 libtwolame0 libudfread0 libunibreak5
2026-10-04T17:29:09.4921238Z   libva-drm2 libva-x11-2 libva2 libvdpau1 libvidstab1.1 libvorbisenc2 libvpl2
2026-10-04T17:29:09.4921704Z   libvpx9 libx264-164 libx265-199 libxcb-shape0 libxv1 libxvidcore4 libzimg2
2026-10-04T17:29:09.4922138Z   libzix-0-0 libzvbi-common libzvbi0t64 ocl-icd-libopencl1
2026-10-04T17:29:09.5066212Z 0 upgraded, 87 newly installed, 0 to remove and 25 not upgraded.
2026-10-04T17:29:09.5066576Z Need to get 62.8 MB of archives.
2026-10-04T17:29:09.5066942Z After this operation, 173 MB of additional disk space will be used.
2026-10-04T17:29:09.5067410Z Get:1 file:/etc/apt/apt-mirrors.txt Mirrorlist [144 B]
2026-10-04T17:29:09.6758553Z Get:2 http://azure.archive.ubuntu.com/ubuntu noble-updates/universe amd64 libva2 amd64 2.20.0-2ubuntu0.2 [66.4 kB]
2026-10-04T17:29:09.9438211Z Get:3 http://azure.archive.ubuntu.com/ubuntu noble-updates/universe amd64 libva-drm2 amd64 2.20.0-2ubuntu0.2 [7124 B]
2026-10-04T17:29:10.0767510Z Get:4 http://azure.archive.ubuntu.com/ubuntu noble-updates/universe amd64 libva-x11-2 amd64 2.20.0-2ubuntu0.2 [12.0 kB]
2026-10-04T17:29:10.2375900Z Get:5 http://azure.archive.ubuntu.com/ubuntu noble/main amd64 libvdpau1 amd64 1.5-2build1 [27.8 kB]
2026-10-04T17:29:10.4489150Z Get:6 http://azure.archive.ubuntu.com/ubuntu noble/universe amd64 libvpl2 amd64 2023.3.0-1build1 [99.8 kB]
2026-10-04T17:29:10.8278295Z Get:7 http://azure.archive.ubuntu.com/ubuntu noble/universe amd64 ocl-icd-libopencl1 amd64 2.3.2-1build1 [38.5 kB]
2026-10-04T17:29:10.9919469Z Get:8 http://azure.archive.ubuntu.com/ubuntu noble/universe amd64 libavutil58 amd64 7:6.1.1-3ubuntu5 [401 kB]
2026-10-04T17:29:11.4171539Z Get:9 http://azure.archive.ubuntu.com/ubuntu noble/universe amd64 libcodec2-1.2 amd64 1.2.0-2build1 [8998 kB]
2026-10-04T17:29:12.2686153Z Get:10 http://azure.archive.ubuntu.com/ubuntu noble/universe amd64 libdav1d7 amd64 1.4.1-1build1 [604 kB]
2026-10-04T17:29:12.4098740Z Get:11 http://azure.archive.ubuntu.com/ubuntu noble/universe amd64 libgsm1 amd64 1.0.22-1build1 [27.8 kB]
2026-10-04T17:29:12.5462873Z Get:12 http://azure.archive.ubuntu.com/ubuntu noble/universe amd64 libhwy1t64 amd64 1.0.7-8.1build1 [584 kB]
2026-10-04T17:29:12.6850351Z Get:13 http://azure.archive.ubuntu.com/ubuntu noble-updates/universe amd64 libjxl0.7 amd64 0.7.0-10.2ubuntu6.1 [1001 kB]
2026-10-04T17:29:12.8316482Z Get:14 http://azure.archive.ubuntu.com/ubuntu noble/main amd64 libmp3lame0 amd64 3.100-6build1 [142 kB]
2026-10-04T17:29:12.9665361Z Get:15 http://azure.archive.ubuntu.com/ubuntu noble/main amd64 libopus0 amd64 1.4-1build1 [208 kB]
2026-10-04T17:29:13.1016567Z Get:16 http://azure.archive.ubuntu.com/ubuntu noble/universe amd64 librav1e0 amd64 0.7.1-2 [1022 kB]
2026-10-04T17:29:13.2485915Z Get:17 http://azure.archive.ubuntu.com/ubuntu noble/main amd64 librsvg2-2 amd64 2.58.0+dfsg-1build1 [2135 kB]
2026-10-04T17:29:13.4124119Z Get:18 http://azure.archive.ubuntu.com/ubuntu noble/universe amd64 libshine3 amd64 3.1.1-2build1 [23.2 kB]
2026-10-04T17:29:13.5471087Z Get:19 http://azure.archive.ubuntu.com/ubuntu noble-updates/main amd64 libspeex1 amd64 1.2.1-2ubuntu2.24.04.1 [59.6 kB]
2026-10-04T17:29:13.6850855Z Get:20 http://azure.archive.ubuntu.com/ubuntu noble/universe amd64 libsvtav1enc1d1 amd64 1.7.0+dfsg-2build1 [2425 kB]
2026-10-04T17:29:14.0186917Z Get:21 http://azure.archive.ubuntu.com/ubuntu noble/universe amd64 libsoxr0 amd64 0.1.3-4build3 [80.0 kB]
2026-10-04T17:29:14.1535744Z Get:22 http://azure.archive.ubuntu.com/ubuntu noble/universe amd64 libswresample4 amd64 7:6.1.1-3ubuntu5 [63.8 kB]
2026-10-04T17:29:14.2908288Z Get:23 http://azure.archive.ubuntu.com/ubuntu noble/main amd64 libtheora0 amd64 1.1.1+dfsg.1-16.1build3 [211 kB]
2026-10-04T17:29:14.4349216Z Get:24 http://azure.archive.ubuntu.com/ubuntu noble/main amd64 libtwolame0 amd64 0.4.0-2build3 [52.3 kB]
2026-10-04T17:29:14.5728985Z Get:25 http://azure.archive.ubuntu.com/ubuntu noble/main amd64 libvorbisenc2 amd64 1.3.7-1build3 [80.8 kB]
2026-10-04T17:29:14.7122639Z Get:26 http://azure.archive.ubuntu.com/ubuntu noble-updates/main amd64 libvpx9 amd64 1.14.0-1ubuntu2.3 [1143 kB]
2026-10-04T17:29:14.8969243Z Get:27 http://azure.archive.ubuntu.com/ubuntu noble/universe amd64 libx264-164 amd64 2:0.164.3108+git31e19f9-1 [604 kB]
2026-10-04T17:29:15.0584966Z Get:28 http://azure.archive.ubuntu.com/ubuntu noble/universe amd64 libx265-199 amd64 3.5-2build1 [1226 kB]
2026-10-04T17:29:15.2466614Z Get:29 http://azure.archive.ubuntu.com/ubuntu noble/universe amd64 libxvidcore4 amd64 2:1.3.7-1build1 [219 kB]
2026-10-04T17:29:15.3915747Z Get:30 http://azure.archive.ubuntu.com/ubuntu noble/universe amd64 libzvbi-common all 0.2.42-2 [42.4 kB]
2026-10-04T17:29:15.5288874Z Get:31 http://azure.archive.ubuntu.com/ubuntu noble/universe amd64 libzvbi0t64 amd64 0.2.42-2 [261 kB]
2026-10-04T17:29:15.6757817Z Get:32 http://azure.archive.ubuntu.com/ubuntu noble/universe amd64 libavcodec60 amd64 7:6.1.1-3ubuntu5 [5851 kB]
2026-10-04T17:29:16.0637182Z Get:33 http://azure.archive.ubuntu.com/ubuntu noble/main amd64 libraw1394-11 amd64 2.1.2-2build3 [26.2 kB]
2026-10-04T17:29:16.2004998Z Get:34 http://azure.archive.ubuntu.com/ubuntu noble/main amd64 libavc1394-0 amd64 0.5.4-5build3 [15.4 kB]
2026-10-04T17:29:16.3371165Z Get:35 http://azure.archive.ubuntu.com/ubuntu noble/universe amd64 libunibreak5 amd64 5.1-2build1 [25.0 kB]
2026-10-04T17:29:16.4737702Z Get:36 http://azure.archive.ubuntu.com/ubuntu noble/universe amd64 libass9 amd64 1:0.17.1-2build1 [104 kB]
2026-10-04T17:29:16.6139132Z Get:37 http://azure.archive.ubuntu.com/ubuntu noble/universe amd64 libudfread0 amd64 1.1.2-1build1 [19.0 kB]
2026-10-04T17:29:16.7547621Z Get:38 http://azure.archive.ubuntu.com/ubuntu noble/universe amd64 libbluray2 amd64 1:1.3.4-1build1 [159 kB]
2026-10-04T17:29:16.8983026Z Get:39 http://azure.archive.ubuntu.com/ubuntu noble/universe amd64 libchromaprint1 amd64 1.5.1-5 [30.5 kB]
2026-10-04T17:29:17.0352622Z Get:40 http://azure.archive.ubuntu.com/ubuntu noble/universe amd64 libgme0 amd64 0.6.3-7build1 [134 kB]
2026-10-04T17:29:17.1764561Z Get:41 http://azure.archive.ubuntu.com/ubuntu noble-updates/main amd64 libmpg123-0t64 amd64 1.32.5-1ubuntu1.1 [169 kB]
2026-10-04T17:29:17.3191323Z Get:42 http://azure.archive.ubuntu.com/ubuntu noble/universe amd64 libopenmpt0t64 amd64 0.7.3-1.1build3 [647 kB]
2026-10-04T17:29:17.4842174Z Get:43 http://azure.archive.ubuntu.com/ubuntu noble/universe amd64 libcjson1 amd64 1.7.17-1 [24.8 kB]
2026-10-04T17:29:17.6222333Z Get:44 http://azure.archive.ubuntu.com/ubuntu noble/universe amd64 libmbedcrypto7t64 amd64 2.28.8-1 [209 kB]
2026-10-04T17:29:17.7658873Z Get:45 http://azure.archive.ubuntu.com/ubuntu noble/universe amd64 librist4 amd64 0.2.10+dfsg-2 [74.9 kB]
2026-10-04T17:29:17.9046297Z Get:46 http://azure.archive.ubuntu.com/ubuntu noble/universe amd64 libsrt1.5-gnutls amd64 1.5.3-1build2 [316 kB]
2026-10-04T17:29:18.0534270Z Get:47 http://azure.archive.ubuntu.com/ubuntu noble-updates/main amd64 libssh-gcrypt-4 amd64 0.10.6-2ubuntu0.5 [226 kB]
2026-10-04T17:29:18.1991288Z Get:48 http://azure.archive.ubuntu.com/ubuntu noble/universe amd64 libavformat60 amd64 7:6.1.1-3ubuntu5 [1153 kB]
2026-10-04T17:29:18.3844930Z Get:49 http://azure.archive.ubuntu.com/ubuntu noble/universe amd64 libbs2b0 amd64 3.1.0+dfsg-7build1 [10.6 kB]
2026-10-04T17:29:18.5211632Z Get:50 http://azure.archive.ubuntu.com/ubuntu noble/universe amd64 libflite1 amd64 2.2-6build3 [13.6 MB]
2026-10-04T17:29:19.2665496Z Get:51 http://azure.archive.ubuntu.com/ubuntu noble/universe amd64 libserd-0-0 amd64 0.32.2-1 [43.6 kB]
2026-10-04T17:29:19.4042942Z Get:52 http://azure.archive.ubuntu.com/ubuntu noble/universe amd64 libzix-0-0 amd64 0.4.2-2build1 [23.6 kB]
2026-10-04T17:29:19.5413328Z Get:53 http://azure.archive.ubuntu.com/ubuntu noble/universe amd64 libsord-0-0 amd64 0.16.16-2build1 [15.8 kB]
2026-10-04T17:29:19.6790405Z Get:54 http://azure.archive.ubuntu.com/ubuntu noble/universe amd64 libsratom-0-0 amd64 0.6.16-1build1 [17.3 kB]
2026-10-04T17:29:19.8158999Z Get:55 http://azure.archive.ubuntu.com/ubuntu noble/universe amd64 liblilv-0-0 amd64 0.24.22-1build1 [41.0 kB]
2026-10-04T17:29:19.9533954Z Get:56 http://azure.archive.ubuntu.com/ubuntu noble/universe amd64 libmysofa1 amd64 1.3.2+dfsg-2ubuntu2 [1158 kB]
2026-10-04T17:29:20.1380835Z Get:57 http://azure.archive.ubuntu.com/ubuntu noble/universe amd64 libplacebo338 amd64 6.338.2-2build1 [2654 kB]
2026-10-04T17:29:20.3875498Z Get:58 http://azure.archive.ubuntu.com/ubuntu noble-updates/main amd64 libblas3 amd64 3.12.0-3build1.1 [238 kB]
2026-10-04T17:29:20.5325281Z Get:59 http://azure.archive.ubuntu.com/ubuntu noble-updates/main amd64 liblapack3 amd64 3.12.0-3build1.1 [2646 kB]
2026-10-04T17:29:20.7812949Z Get:60 http://azure.archive.ubuntu.com/ubuntu noble/main amd64 libasyncns0 amd64 0.8-6build4 [11.3 kB]
2026-10-04T17:29:20.9180206Z Get:61 http://azure.archive.ubuntu.com/ubuntu noble/main amd64 libflac12t64 amd64 1.4.3+ds-2.1ubuntu2 [197 kB]
2026-10-04T17:29:21.0621439Z Get:62 http://azure.archive.ubuntu.com/ubuntu noble-updates/main amd64 libsndfile1 amd64 1.2.2-1ubuntu5.24.04.1 [209 kB]
2026-10-04T17:29:21.2063353Z Get:63 http://azure.archive.ubuntu.com/ubuntu noble-updates/main amd64 libpulse0 amd64 1:16.1+dfsg1-2ubuntu10.1 [292 kB]
2026-10-04T17:29:21.3545537Z Get:64 http://azure.archive.ubuntu.com/ubuntu noble/universe amd64 libsphinxbase3t64 amd64 0.8+5prealpha+1-17build2 [126 kB]
2026-10-04T17:29:21.4952922Z Get:65 http://azure.archive.ubuntu.com/ubuntu noble/universe amd64 libpocketsphinx3 amd64 0.8.0+real5prealpha+1-15ubuntu5 [133 kB]
2026-10-04T17:29:21.6366529Z Get:66 http://azure.archive.ubuntu.com/ubuntu noble/universe amd64 libpostproc57 amd64 7:6.1.1-3ubuntu5 [49.9 kB]
2026-10-04T17:29:21.7746970Z Get:67 http://azure.archive.ubuntu.com/ubuntu noble/main amd64 libsamplerate0 amd64 0.2.2-4build1 [1344 kB]
2026-10-04T17:29:21.9677869Z Get:68 http://azure.archive.ubuntu.com/ubuntu noble/universe amd64 librubberband2 amd64 3.3.0+dfsg-2build1 [130 kB]
2026-10-04T17:29:22.1089179Z Get:69 http://azure.archive.ubuntu.com/ubuntu noble/universe amd64 libswscale7 amd64 7:6.1.1-3ubuntu5 [193 kB]
2026-10-04T17:29:22.2534435Z Get:70 http://azure.archive.ubuntu.com/ubuntu noble/universe amd64 libvidstab1.1 amd64 1.1.0-2build1 [38.5 kB]
2026-10-04T17:29:22.3913549Z Get:71 http://azure.archive.ubuntu.com/ubuntu noble/universe amd64 libzimg2 amd64 3.0.5+ds1-1build1 [254 kB]
2026-10-04T17:29:22.5376913Z Get:72 http://azure.archive.ubuntu.com/ubuntu noble/universe amd64 libavfilter9 amd64 7:6.1.1-3ubuntu5 [4235 kB]
2026-10-04T17:29:22.8558060Z Get:73 http://azure.archive.ubuntu.com/ubuntu noble-updates/main amd64 libcaca0 amd64 0.99.beta20-4ubuntu0.2 [209 kB]
2026-10-04T17:29:22.9997941Z Get:74 http://azure.archive.ubuntu.com/ubuntu noble-updates/main amd64 libcdio19t64 amd64 2.1.0-4.1ubuntu1.2 [62.4 kB]
2026-10-04T17:29:23.1384670Z Get:75 http://azure.archive.ubuntu.com/ubuntu noble/main amd64 libcdio-cdda2t64 amd64 10.2+2.0.1-1.1build2 [16.5 kB]
2026-10-04T17:29:23.2778186Z Get:76 http://azure.archive.ubuntu.com/ubuntu noble/main amd64 libcdio-paranoia2t64 amd64 10.2+2.0.1-1.1build2 [16.6 kB]
2026-10-04T17:29:23.5510649Z Get:77 http://azure.archive.ubuntu.com/ubuntu noble/universe amd64 libdc1394-25 amd64 2.2.6-4build1 [90.1 kB]
2026-10-04T17:29:24.0851059Z Get:78 http://azure.archive.ubuntu.com/ubuntu noble/main amd64 libiec61883-0 amd64 1.2.0-6build1 [24.5 kB]
2026-10-04T17:29:24.2504218Z Get:79 http://azure.archive.ubuntu.com/ubuntu noble/main amd64 libjack-jackd2-0 amd64 1.9.21~dfsg-3ubuntu3 [289 kB]
2026-10-04T17:29:24.6978682Z Get:80 http://azure.archive.ubuntu.com/ubuntu noble/universe amd64 libopenal-data all 1:1.23.1-4build1 [161 kB]
2026-10-04T17:29:24.8849567Z Get:81 http://azure.archive.ubuntu.com/ubuntu noble/universe amd64 libsndio7.0 amd64 1.9.0-0.3build3 [29.6 kB]
2026-10-04T17:29:25.0303346Z Get:82 http://azure.archive.ubuntu.com/ubuntu noble/universe amd64 libopenal1 amd64 1:1.23.1-4build1 [540 kB]
2026-10-04T17:29:25.3380337Z Get:83 http://azure.archive.ubuntu.com/ubuntu noble/main amd64 libdecor-0-0 amd64 0.2.2-1build2 [16.5 kB]
2026-10-04T17:29:25.4757525Z Get:84 http://azure.archive.ubuntu.com/ubuntu noble-updates/main amd64 libsdl2-2.0-0 amd64 2.30.0+dfsg-1ubuntu3.1 [686 kB]
2026-10-04T17:29:25.6879304Z Get:85 http://azure.archive.ubuntu.com/ubuntu noble/main amd64 libxcb-shape0 amd64 1.15-1ubuntu2 [6100 B]
2026-10-04T17:29:25.8251085Z Get:86 http://azure.archive.ubuntu.com/ubuntu noble/main amd64 libxv1 amd64 2:1.0.11-1.1build1 [10.7 kB]
2026-10-04T17:29:25.9636349Z Get:87 http://azure.archive.ubuntu.com/ubuntu noble/universe amd64 libavdevice60 amd64 7:6.1.1-3ubuntu5 [82.3 kB]
2026-10-04T17:29:26.1071087Z Get:88 http://azure.archive.ubuntu.com/ubuntu noble/universe amd64 ffmpeg amd64 7:6.1.1-3ubuntu5 [1879 kB]
2026-10-04T17:29:26.5364820Z Fetched 62.8 MB in 17s (3738 kB/s)
2026-10-04T17:29:26.6142847Z Selecting previously unselected package libva2:amd64.
2026-10-04T17:29:26.6782340Z (Reading database ... 
2026-10-04T17:29:26.6782549Z (Reading database ... 5%
2026-10-04T17:29:26.6782699Z (Reading database ... 10%
2026-10-04T17:29:26.6782844Z (Reading database ... 15%
2026-10-04T17:29:26.6782999Z (Reading database ... 20%
2026-10-04T17:29:26.6783134Z (Reading database ... 25%
2026-10-04T17:29:26.6783274Z (Reading database ... 30%
2026-10-04T17:29:26.6783746Z (Reading database ... 35%
2026-10-04T17:29:26.6783976Z (Reading database ... 40%
2026-10-04T17:29:26.6784190Z (Reading database ... 45%
2026-10-04T17:29:26.6784497Z (Reading database ... 50%
2026-10-04T17:29:26.7096206Z (Reading database ... 55%
2026-10-04T17:29:27.2833957Z (Reading database ... 60%
2026-10-04T17:29:27.5745611Z (Reading database ... 65%
2026-10-04T17:29:27.8842372Z (Reading database ... 70%
2026-10-04T17:29:28.2024424Z (Reading database ... 75%
2026-10-04T17:29:28.6828601Z (Reading database ... 80%
2026-10-04T17:29:29.3486727Z (Reading database ... 85%
2026-10-04T17:29:30.0869096Z (Reading database ... 90%
2026-10-04T17:29:30.8535513Z (Reading database ... 95%
2026-10-04T17:29:30.8535786Z (Reading database ... 100%
2026-10-04T17:29:30.8536032Z (Reading database ... 202296 files and directories currently installed.)
2026-10-04T17:29:30.8572287Z Preparing to unpack .../00-libva2_2.20.0-2ubuntu0.2_amd64.deb ...
2026-10-04T17:29:30.8666893Z Unpacking libva2:amd64 (2.20.0-2ubuntu0.2) ...
2026-10-04T17:29:30.8890679Z Selecting previously unselected package libva-drm2:amd64.
2026-10-04T17:29:30.8998178Z Preparing to unpack .../01-libva-drm2_2.20.0-2ubuntu0.2_amd64.deb ...
2026-10-04T17:29:30.9003716Z Unpacking libva-drm2:amd64 (2.20.0-2ubuntu0.2) ...
2026-10-04T17:29:30.9207611Z Selecting previously unselected package libva-x11-2:amd64.
2026-10-04T17:29:30.9300980Z Preparing to unpack .../02-libva-x11-2_2.20.0-2ubuntu0.2_amd64.deb ...
2026-10-04T17:29:30.9307553Z Unpacking libva-x11-2:amd64 (2.20.0-2ubuntu0.2) ...
2026-10-04T17:29:30.9469810Z Selecting previously unselected package libvdpau1:amd64.
2026-10-04T17:29:30.9561928Z Preparing to unpack .../03-libvdpau1_1.5-2build1_amd64.deb ...
2026-10-04T17:29:30.9567726Z Unpacking libvdpau1:amd64 (1.5-2build1) ...
2026-10-04T17:29:30.9732555Z Selecting previously unselected package libvpl2.
2026-10-04T17:29:30.9823848Z Preparing to unpack .../04-libvpl2_2023.3.0-1build1_amd64.deb ...
2026-10-04T17:29:30.9829558Z Unpacking libvpl2 (2023.3.0-1build1) ...
2026-10-04T17:29:30.9998861Z Selecting previously unselected package ocl-icd-libopencl1:amd64.
2026-10-04T17:29:31.0090275Z Preparing to unpack .../05-ocl-icd-libopencl1_2.3.2-1build1_amd64.deb ...
2026-10-04T17:29:31.0108643Z Unpacking ocl-icd-libopencl1:amd64 (2.3.2-1build1) ...
2026-10-04T17:29:31.0379224Z Selecting previously unselected package libavutil58:amd64.
2026-10-04T17:29:31.0468953Z Preparing to unpack .../06-libavutil58_7%3a6.1.1-3ubuntu5_amd64.deb ...
2026-10-04T17:29:31.0475814Z Unpacking libavutil58:amd64 (7:6.1.1-3ubuntu5) ...
2026-10-04T17:29:31.0666770Z Selecting previously unselected package libcodec2-1.2:amd64.
2026-10-04T17:29:31.0755495Z Preparing to unpack .../07-libcodec2-1.2_1.2.0-2build1_amd64.deb ...
2026-10-04T17:29:31.0761417Z Unpacking libcodec2-1.2:amd64 (1.2.0-2build1) ...
2026-10-04T17:29:31.2005535Z Selecting previously unselected package libdav1d7:amd64.
2026-10-04T17:29:31.2101504Z Preparing to unpack .../08-libdav1d7_1.4.1-1build1_amd64.deb ...
2026-10-04T17:29:31.2106761Z Unpacking libdav1d7:amd64 (1.4.1-1build1) ...
2026-10-04T17:29:31.2316038Z Selecting previously unselected package libgsm1:amd64.
2026-10-04T17:29:31.2409790Z Preparing to unpack .../09-libgsm1_1.0.22-1build1_amd64.deb ...
2026-10-04T17:29:31.2415810Z Unpacking libgsm1:amd64 (1.0.22-1build1) ...
2026-10-04T17:29:31.2581813Z Selecting previously unselected package libhwy1t64:amd64.
2026-10-04T17:29:31.2674061Z Preparing to unpack .../10-libhwy1t64_1.0.7-8.1build1_amd64.deb ...
2026-10-04T17:29:31.2681237Z Unpacking libhwy1t64:amd64 (1.0.7-8.1build1) ...
2026-10-04T17:29:31.2986286Z Selecting previously unselected package libjxl0.7:amd64.
2026-10-04T17:29:31.3079058Z Preparing to unpack .../11-libjxl0.7_0.7.0-10.2ubuntu6.1_amd64.deb ...
2026-10-04T17:29:31.3084709Z Unpacking libjxl0.7:amd64 (0.7.0-10.2ubuntu6.1) ...
2026-10-04T17:29:31.3479104Z Selecting previously unselected package libmp3lame0:amd64.
2026-10-04T17:29:31.3569581Z Preparing to unpack .../12-libmp3lame0_3.100-6build1_amd64.deb ...
2026-10-04T17:29:31.3575699Z Unpacking libmp3lame0:amd64 (3.100-6build1) ...
2026-10-04T17:29:31.3743747Z Selecting previously unselected package libopus0:amd64.
2026-10-04T17:29:31.3835605Z Preparing to unpack .../13-libopus0_1.4-1build1_amd64.deb ...
2026-10-04T17:29:31.3841668Z Unpacking libopus0:amd64 (1.4-1build1) ...
2026-10-04T17:29:31.4016740Z Selecting previously unselected package librav1e0:amd64.
2026-10-04T17:29:31.4107679Z Preparing to unpack .../14-librav1e0_0.7.1-2_amd64.deb ...
2026-10-04T17:29:31.4113096Z Unpacking librav1e0:amd64 (0.7.1-2) ...
2026-10-04T17:29:31.4435444Z Selecting previously unselected package librsvg2-2:amd64.
2026-10-04T17:29:31.4525448Z Preparing to unpack .../15-librsvg2-2_2.58.0+dfsg-1build1_amd64.deb ...
2026-10-04T17:29:31.4531260Z Unpacking librsvg2-2:amd64 (2.58.0+dfsg-1build1) ...
2026-10-04T17:29:31.5137444Z Selecting previously unselected package libshine3:amd64.
2026-10-04T17:29:31.5228026Z Preparing to unpack .../16-libshine3_3.1.1-2build1_amd64.deb ...
2026-10-04T17:29:31.5233833Z Unpacking libshine3:amd64 (3.1.1-2build1) ...
2026-10-04T17:29:31.5391805Z Selecting previously unselected package libspeex1:amd64.
2026-10-04T17:29:31.5482026Z Preparing to unpack .../17-libspeex1_1.2.1-2ubuntu2.24.04.1_amd64.deb ...
2026-10-04T17:29:31.5488048Z Unpacking libspeex1:amd64 (1.2.1-2ubuntu2.24.04.1) ...
2026-10-04T17:29:31.5645898Z Selecting previously unselected package libsvtav1enc1d1:amd64.
2026-10-04T17:29:31.5734880Z Preparing to unpack .../18-libsvtav1enc1d1_1.7.0+dfsg-2build1_amd64.deb ...
2026-10-04T17:29:31.5741066Z Unpacking libsvtav1enc1d1:amd64 (1.7.0+dfsg-2build1) ...
2026-10-04T17:29:31.6340264Z Selecting previously unselected package libsoxr0:amd64.
2026-10-04T17:29:31.6434135Z Preparing to unpack .../19-libsoxr0_0.1.3-4build3_amd64.deb ...
2026-10-04T17:29:31.6440354Z Unpacking libsoxr0:amd64 (0.1.3-4build3) ...
2026-10-04T17:29:31.6609318Z Selecting previously unselected package libswresample4:amd64.
2026-10-04T17:29:31.6700388Z Preparing to unpack .../20-libswresample4_7%3a6.1.1-3ubuntu5_amd64.deb ...
2026-10-04T17:29:31.6706466Z Unpacking libswresample4:amd64 (7:6.1.1-3ubuntu5) ...
2026-10-04T17:29:31.6872600Z Selecting previously unselected package libtheora0:amd64.
2026-10-04T17:29:31.6963492Z Preparing to unpack .../21-libtheora0_1.1.1+dfsg.1-16.1build3_amd64.deb ...
2026-10-04T17:29:31.6969416Z Unpacking libtheora0:amd64 (1.1.1+dfsg.1-16.1build3) ...
2026-10-04T17:29:31.7177223Z Selecting previously unselected package libtwolame0:amd64.
2026-10-04T17:29:31.7267120Z Preparing to unpack .../22-libtwolame0_0.4.0-2build3_amd64.deb ...
2026-10-04T17:29:31.7273398Z Unpacking libtwolame0:amd64 (0.4.0-2build3) ...
2026-10-04T17:29:31.7437627Z Selecting previously unselected package libvorbisenc2:amd64.
2026-10-04T17:29:31.7525874Z Preparing to unpack .../23-libvorbisenc2_1.3.7-1build3_amd64.deb ...
2026-10-04T17:29:31.7532001Z Unpacking libvorbisenc2:amd64 (1.3.7-1build3) ...
2026-10-04T17:29:31.7706815Z Selecting previously unselected package libvpx9:amd64.
2026-10-04T17:29:31.7798243Z Preparing to unpack .../24-libvpx9_1.14.0-1ubuntu2.3_amd64.deb ...
2026-10-04T17:29:31.7804317Z Unpacking libvpx9:amd64 (1.14.0-1ubuntu2.3) ...
2026-10-04T17:29:31.8126996Z Selecting previously unselected package libx264-164:amd64.
2026-10-04T17:29:31.8216074Z Preparing to unpack .../25-libx264-164_2%3a0.164.3108+git31e19f9-1_amd64.deb ...
2026-10-04T17:29:31.8221994Z Unpacking libx264-164:amd64 (2:0.164.3108+git31e19f9-1) ...
2026-10-04T17:29:31.8479572Z Selecting previously unselected package libx265-199:amd64.
2026-10-04T17:29:31.8567227Z Preparing to unpack .../26-libx265-199_3.5-2build1_amd64.deb ...
2026-10-04T17:29:31.8572871Z Unpacking libx265-199:amd64 (3.5-2build1) ...
2026-10-04T17:29:31.9791696Z Selecting previously unselected package libxvidcore4:amd64.
2026-10-04T17:29:31.9885205Z Preparing to unpack .../27-libxvidcore4_2%3a1.3.7-1build1_amd64.deb ...
2026-10-04T17:29:31.9896516Z Unpacking libxvidcore4:amd64 (2:1.3.7-1build1) ...
2026-10-04T17:29:32.0068862Z Selecting previously unselected package libzvbi-common.
2026-10-04T17:29:32.0160214Z Preparing to unpack .../28-libzvbi-common_0.2.42-2_all.deb ...
2026-10-04T17:29:32.0165851Z Unpacking libzvbi-common (0.2.42-2) ...
2026-10-04T17:29:32.0746923Z Selecting previously unselected package libzvbi0t64:amd64.
2026-10-04T17:29:32.0836217Z Preparing to unpack .../29-libzvbi0t64_0.2.42-2_amd64.deb ...
2026-10-04T17:29:32.0844070Z Unpacking libzvbi0t64:amd64 (0.2.42-2) ...
2026-10-04T17:29:32.1030363Z Selecting previously unselected package libavcodec60:amd64.
2026-10-04T17:29:32.1118805Z Preparing to unpack .../30-libavcodec60_7%3a6.1.1-3ubuntu5_amd64.deb ...
2026-10-04T17:29:32.1124861Z Unpacking libavcodec60:amd64 (7:6.1.1-3ubuntu5) ...
2026-10-04T17:29:32.2348910Z Selecting previously unselected package libraw1394-11:amd64.
2026-10-04T17:29:32.2445090Z Preparing to unpack .../31-libraw1394-11_2.1.2-2build3_amd64.deb ...
2026-10-04T17:29:32.2451791Z Unpacking libraw1394-11:amd64 (2.1.2-2build3) ...
2026-10-04T17:29:32.2621272Z Selecting previously unselected package libavc1394-0:amd64.
2026-10-04T17:29:32.2715132Z Preparing to unpack .../32-libavc1394-0_0.5.4-5build3_amd64.deb ...
2026-10-04T17:29:32.2722615Z Unpacking libavc1394-0:amd64 (0.5.4-5build3) ...
2026-10-04T17:29:32.2894796Z Selecting previously unselected package libunibreak5:amd64.
2026-10-04T17:29:32.2990779Z Preparing to unpack .../33-libunibreak5_5.1-2build1_amd64.deb ...
2026-10-04T17:29:32.2997319Z Unpacking libunibreak5:amd64 (5.1-2build1) ...
2026-10-04T17:29:32.3166100Z Selecting previously unselected package libass9:amd64.
2026-10-04T17:29:32.3261701Z Preparing to unpack .../34-libass9_1%3a0.17.1-2build1_amd64.deb ...
2026-10-04T17:29:32.3267826Z Unpacking libass9:amd64 (1:0.17.1-2build1) ...
2026-10-04T17:29:32.3442831Z Selecting previously unselected package libudfread0:amd64.
2026-10-04T17:29:32.3537680Z Preparing to unpack .../35-libudfread0_1.1.2-1build1_amd64.deb ...
2026-10-04T17:29:32.3543297Z Unpacking libudfread0:amd64 (1.1.2-1build1) ...
2026-10-04T17:29:32.3747476Z Selecting previously unselected package libbluray2:amd64.
2026-10-04T17:29:32.3843356Z Preparing to unpack .../36-libbluray2_1%3a1.3.4-1build1_amd64.deb ...
2026-10-04T17:29:32.3849720Z Unpacking libbluray2:amd64 (1:1.3.4-1build1) ...
2026-10-04T17:29:32.4025637Z Selecting previously unselected package libchromaprint1:amd64.
2026-10-04T17:29:32.4121064Z Preparing to unpack .../37-libchromaprint1_1.5.1-5_amd64.deb ...
2026-10-04T17:29:32.4127555Z Unpacking libchromaprint1:amd64 (1.5.1-5) ...
2026-10-04T17:29:32.4298416Z Selecting previously unselected package libgme0:amd64.
2026-10-04T17:29:32.4394455Z Preparing to unpack .../38-libgme0_0.6.3-7build1_amd64.deb ...
2026-10-04T17:29:32.4400549Z Unpacking libgme0:amd64 (0.6.3-7build1) ...
2026-10-04T17:29:32.4574619Z Selecting previously unselected package libmpg123-0t64:amd64.
2026-10-04T17:29:32.4670752Z Preparing to unpack .../39-libmpg123-0t64_1.32.5-1ubuntu1.1_amd64.deb ...
2026-10-04T17:29:32.4676997Z Unpacking libmpg123-0t64:amd64 (1.32.5-1ubuntu1.1) ...
2026-10-04T17:29:32.4856533Z Selecting previously unselected package libopenmpt0t64:amd64.
2026-10-04T17:29:32.4951365Z Preparing to unpack .../40-libopenmpt0t64_0.7.3-1.1build3_amd64.deb ...
2026-10-04T17:29:32.4957984Z Unpacking libopenmpt0t64:amd64 (0.7.3-1.1build3) ...
2026-10-04T17:29:32.5171586Z Selecting previously unselected package libcjson1:amd64.
2026-10-04T17:29:32.5268290Z Preparing to unpack .../41-libcjson1_1.7.17-1_amd64.deb ...
2026-10-04T17:29:32.5274461Z Unpacking libcjson1:amd64 (1.7.17-1) ...
2026-10-04T17:29:32.5445397Z Selecting previously unselected package libmbedcrypto7t64:amd64.
2026-10-04T17:29:32.5540801Z Preparing to unpack .../42-libmbedcrypto7t64_2.28.8-1_amd64.deb ...
2026-10-04T17:29:32.5546901Z Unpacking libmbedcrypto7t64:amd64 (2.28.8-1) ...
2026-10-04T17:29:32.5729233Z Selecting previously unselected package librist4:amd64.
2026-10-04T17:29:32.5823464Z Preparing to unpack .../43-librist4_0.2.10+dfsg-2_amd64.deb ...
2026-10-04T17:29:32.5829297Z Unpacking librist4:amd64 (0.2.10+dfsg-2) ...
2026-10-04T17:29:32.5995972Z Selecting previously unselected package libsrt1.5-gnutls:amd64.
2026-10-04T17:29:32.6088348Z Preparing to unpack .../44-libsrt1.5-gnutls_1.5.3-1build2_amd64.deb ...
2026-10-04T17:29:32.6094101Z Unpacking libsrt1.5-gnutls:amd64 (1.5.3-1build2) ...
2026-10-04T17:29:32.6277273Z Selecting previously unselected package libssh-gcrypt-4:amd64.
2026-10-04T17:29:32.6370805Z Preparing to unpack .../45-libssh-gcrypt-4_0.10.6-2ubuntu0.5_amd64.deb ...
2026-10-04T17:29:32.6375860Z Unpacking libssh-gcrypt-4:amd64 (0.10.6-2ubuntu0.5) ...
2026-10-04T17:29:32.6555163Z Selecting previously unselected package libavformat60:amd64.
2026-10-04T17:29:32.6647422Z Preparing to unpack .../46-libavformat60_7%3a6.1.1-3ubuntu5_amd64.deb ...
2026-10-04T17:29:32.6653551Z Unpacking libavformat60:amd64 (7:6.1.1-3ubuntu5) ...
2026-10-04T17:29:32.6991503Z Selecting previously unselected package libbs2b0:amd64.
2026-10-04T17:29:32.7086248Z Preparing to unpack .../47-libbs2b0_3.1.0+dfsg-7build1_amd64.deb ...
2026-10-04T17:29:32.7092032Z Unpacking libbs2b0:amd64 (3.1.0+dfsg-7build1) ...
2026-10-04T17:29:32.7274390Z Selecting previously unselected package libflite1:amd64.
2026-10-04T17:29:32.7369503Z Preparing to unpack .../48-libflite1_2.2-6build3_amd64.deb ...
2026-10-04T17:29:32.7375528Z Unpacking libflite1:amd64 (2.2-6build3) ...
2026-10-04T17:29:32.8902723Z Selecting previously unselected package libserd-0-0:amd64.
2026-10-04T17:29:32.8999175Z Preparing to unpack .../49-libserd-0-0_0.32.2-1_amd64.deb ...
2026-10-04T17:29:32.9005929Z Unpacking libserd-0-0:amd64 (0.32.2-1) ...
2026-10-04T17:29:32.9177064Z Selecting previously unselected package libzix-0-0:amd64.
2026-10-04T17:29:32.9272292Z Preparing to unpack .../50-libzix-0-0_0.4.2-2build1_amd64.deb ...
2026-10-04T17:29:32.9279490Z Unpacking libzix-0-0:amd64 (0.4.2-2build1) ...
2026-10-04T17:29:32.9449285Z Selecting previously unselected package libsord-0-0:amd64.
2026-10-04T17:29:32.9543323Z Preparing to unpack .../51-libsord-0-0_0.16.16-2build1_amd64.deb ...
2026-10-04T17:29:32.9549489Z Unpacking libsord-0-0:amd64 (0.16.16-2build1) ...
2026-10-04T17:29:32.9712576Z Selecting previously unselected package libsratom-0-0:amd64.
2026-10-04T17:29:32.9805255Z Preparing to unpack .../52-libsratom-0-0_0.6.16-1build1_amd64.deb ...
2026-10-04T17:29:32.9812219Z Unpacking libsratom-0-0:amd64 (0.6.16-1build1) ...
2026-10-04T17:29:32.9973818Z Selecting previously unselected package liblilv-0-0:amd64.
2026-10-04T17:29:33.0066008Z Preparing to unpack .../53-liblilv-0-0_0.24.22-1build1_amd64.deb ...
2026-10-04T17:29:33.0072031Z Unpacking liblilv-0-0:amd64 (0.24.22-1build1) ...
2026-10-04T17:29:33.0236728Z Selecting previously unselected package libmysofa1:amd64.
2026-10-04T17:29:33.0328897Z Preparing to unpack .../54-libmysofa1_1.3.2+dfsg-2ubuntu2_amd64.deb ...
2026-10-04T17:29:33.0334889Z Unpacking libmysofa1:amd64 (1.3.2+dfsg-2ubuntu2) ...
2026-10-04T17:29:33.0516527Z Selecting previously unselected package libplacebo338:amd64.
2026-10-04T17:29:33.0607765Z Preparing to unpack .../55-libplacebo338_6.338.2-2build1_amd64.deb ...
2026-10-04T17:29:33.0613795Z Unpacking libplacebo338:amd64 (6.338.2-2build1) ...
2026-10-04T17:29:33.1348922Z Selecting previously unselected package libblas3:amd64.
2026-10-04T17:29:33.1443778Z Preparing to unpack .../56-libblas3_3.12.0-3build1.1_amd64.deb ...
2026-10-04T17:29:33.1468173Z Unpacking libblas3:amd64 (3.12.0-3build1.1) ...
2026-10-04T17:29:33.1655586Z Selecting previously unselected package liblapack3:amd64.
2026-10-04T17:29:33.1748138Z Preparing to unpack .../57-liblapack3_3.12.0-3build1.1_amd64.deb ...
2026-10-04T17:29:33.1772402Z Unpacking liblapack3:amd64 (3.12.0-3build1.1) ...
2026-10-04T17:29:33.2397594Z Selecting previously unselected package libasyncns0:amd64.
2026-10-04T17:29:33.2491575Z Preparing to unpack .../58-libasyncns0_0.8-6build4_amd64.deb ...
2026-10-04T17:29:33.2496839Z Unpacking libasyncns0:amd64 (0.8-6build4) ...
2026-10-04T17:29:33.2662094Z Selecting previously unselected package libflac12t64:amd64.
2026-10-04T17:29:33.2755846Z Preparing to unpack .../59-libflac12t64_1.4.3+ds-2.1ubuntu2_amd64.deb ...
2026-10-04T17:29:33.2763845Z Unpacking libflac12t64:amd64 (1.4.3+ds-2.1ubuntu2) ...
2026-10-04T17:29:33.2946080Z Selecting previously unselected package libsndfile1:amd64.
2026-10-04T17:29:33.3043334Z Preparing to unpack .../60-libsndfile1_1.2.2-1ubuntu5.24.04.1_amd64.deb ...
2026-10-04T17:29:33.3048983Z Unpacking libsndfile1:amd64 (1.2.2-1ubuntu5.24.04.1) ...
2026-10-04T17:29:33.3246983Z Selecting previously unselected package libpulse0:amd64.
2026-10-04T17:29:33.3341232Z Preparing to unpack .../61-libpulse0_1%3a16.1+dfsg1-2ubuntu10.1_amd64.deb ...
2026-10-04T17:29:33.3398076Z Unpacking libpulse0:amd64 (1:16.1+dfsg1-2ubuntu10.1) ...
2026-10-04T17:29:33.4181441Z Selecting previously unselected package libsphinxbase3t64:amd64.
2026-10-04T17:29:33.4279096Z Preparing to unpack .../62-libsphinxbase3t64_0.8+5prealpha+1-17build2_amd64.deb ...
2026-10-04T17:29:33.4770706Z Unpacking libsphinxbase3t64:amd64 (0.8+5prealpha+1-17build2) ...
2026-10-04T17:29:33.4987473Z Selecting previously unselected package libpocketsphinx3:amd64.
2026-10-04T17:29:33.5081571Z Preparing to unpack .../63-libpocketsphinx3_0.8.0+real5prealpha+1-15ubuntu5_amd64.deb ...
2026-10-04T17:29:33.5087262Z Unpacking libpocketsphinx3:amd64 (0.8.0+real5prealpha+1-15ubuntu5) ...
2026-10-04T17:29:33.5263341Z Selecting previously unselected package libpostproc57:amd64.
2026-10-04T17:29:33.5356400Z Preparing to unpack .../64-libpostproc57_7%3a6.1.1-3ubuntu5_amd64.deb ...
2026-10-04T17:29:33.5362408Z Unpacking libpostproc57:amd64 (7:6.1.1-3ubuntu5) ...
2026-10-04T17:29:33.5530044Z Selecting previously unselected package libsamplerate0:amd64.
2026-10-04T17:29:33.5619827Z Preparing to unpack .../65-libsamplerate0_0.2.2-4build1_amd64.deb ...
2026-10-04T17:29:33.5625688Z Unpacking libsamplerate0:amd64 (0.2.2-4build1) ...
2026-10-04T17:29:33.5821972Z Selecting previously unselected package librubberband2:amd64.
2026-10-04T17:29:33.5911357Z Preparing to unpack .../66-librubberband2_3.3.0+dfsg-2build1_amd64.deb ...
2026-10-04T17:29:33.5917665Z Unpacking librubberband2:amd64 (3.3.0+dfsg-2build1) ...
2026-10-04T17:29:33.6086664Z Selecting previously unselected package libswscale7:amd64.
2026-10-04T17:29:33.6174946Z Preparing to unpack .../67-libswscale7_7%3a6.1.1-3ubuntu5_amd64.deb ...
2026-10-04T17:29:33.6180853Z Unpacking libswscale7:amd64 (7:6.1.1-3ubuntu5) ...
2026-10-04T17:29:33.6354677Z Selecting previously unselected package libvidstab1.1:amd64.
2026-10-04T17:29:33.6441935Z Preparing to unpack .../68-libvidstab1.1_1.1.0-2build1_amd64.deb ...
2026-10-04T17:29:33.6447345Z Unpacking libvidstab1.1:amd64 (1.1.0-2build1) ...
2026-10-04T17:29:33.6601093Z Selecting previously unselected package libzimg2:amd64.
2026-10-04T17:29:33.6687079Z Preparing to unpack .../69-libzimg2_3.0.5+ds1-1build1_amd64.deb ...
2026-10-04T17:29:33.6693101Z Unpacking libzimg2:amd64 (3.0.5+ds1-1build1) ...
2026-10-04T17:29:33.6873880Z Selecting previously unselected package libavfilter9:amd64.
2026-10-04T17:29:33.6965362Z Preparing to unpack .../70-libavfilter9_7%3a6.1.1-3ubuntu5_amd64.deb ...
2026-10-04T17:29:33.6971390Z Unpacking libavfilter9:amd64 (7:6.1.1-3ubuntu5) ...
2026-10-04T17:29:33.8005004Z Selecting previously unselected package libcaca0:amd64.
2026-10-04T17:29:33.8099988Z Preparing to unpack .../71-libcaca0_0.99.beta20-4ubuntu0.2_amd64.deb ...
2026-10-04T17:29:33.8106764Z Unpacking libcaca0:amd64 (0.99.beta20-4ubuntu0.2) ...
2026-10-04T17:29:33.8305953Z Selecting previously unselected package libcdio19t64:amd64.
2026-10-04T17:29:33.8402063Z Preparing to unpack .../72-libcdio19t64_2.1.0-4.1ubuntu1.2_amd64.deb ...
2026-10-04T17:29:33.8408905Z Unpacking libcdio19t64:amd64 (2.1.0-4.1ubuntu1.2) ...
2026-10-04T17:29:33.8590684Z Selecting previously unselected package libcdio-cdda2t64:amd64.
2026-10-04T17:29:33.8685325Z Preparing to unpack .../73-libcdio-cdda2t64_10.2+2.0.1-1.1build2_amd64.deb ...
2026-10-04T17:29:33.8691661Z Unpacking libcdio-cdda2t64:amd64 (10.2+2.0.1-1.1build2) ...
2026-10-04T17:29:33.8861251Z Selecting previously unselected package libcdio-paranoia2t64:amd64.
2026-10-04T17:29:33.8953995Z Preparing to unpack .../74-libcdio-paranoia2t64_10.2+2.0.1-1.1build2_amd64.deb ...
2026-10-04T17:29:33.8960726Z Unpacking libcdio-paranoia2t64:amd64 (10.2+2.0.1-1.1build2) ...
2026-10-04T17:29:33.9147357Z Selecting previously unselected package libdc1394-25:amd64.
2026-10-04T17:29:33.9242830Z Preparing to unpack .../75-libdc1394-25_2.2.6-4build1_amd64.deb ...
2026-10-04T17:29:33.9248852Z Unpacking libdc1394-25:amd64 (2.2.6-4build1) ...
2026-10-04T17:29:33.9418881Z Selecting previously unselected package libiec61883-0:amd64.
2026-10-04T17:29:33.9511215Z Preparing to unpack .../76-libiec61883-0_1.2.0-6build1_amd64.deb ...
2026-10-04T17:29:33.9516280Z Unpacking libiec61883-0:amd64 (1.2.0-6build1) ...
2026-10-04T17:29:33.9674009Z Selecting previously unselected package libjack-jackd2-0:amd64.
2026-10-04T17:29:33.9763980Z Preparing to unpack .../77-libjack-jackd2-0_1.9.21~dfsg-3ubuntu3_amd64.deb ...
2026-10-04T17:29:33.9770079Z Unpacking libjack-jackd2-0:amd64 (1.9.21~dfsg-3ubuntu3) ...
2026-10-04T17:29:33.9950667Z Selecting previously unselected package libopenal-data.
2026-10-04T17:29:34.0037499Z Preparing to unpack .../78-libopenal-data_1%3a1.23.1-4build1_all.deb ...
2026-10-04T17:29:34.0043452Z Unpacking libopenal-data (1:1.23.1-4build1) ...
2026-10-04T17:29:34.0211478Z Selecting previously unselected package libsndio7.0:amd64.
2026-10-04T17:29:34.0300116Z Preparing to unpack .../79-libsndio7.0_1.9.0-0.3build3_amd64.deb ...
2026-10-04T17:29:34.0306465Z Unpacking libsndio7.0:amd64 (1.9.0-0.3build3) ...
2026-10-04T17:29:34.0461995Z Selecting previously unselected package libopenal1:amd64.
2026-10-04T17:29:34.0549469Z Preparing to unpack .../80-libopenal1_1%3a1.23.1-4build1_amd64.deb ...
2026-10-04T17:29:34.0555680Z Unpacking libopenal1:amd64 (1:1.23.1-4build1) ...
2026-10-04T17:29:34.0744611Z Selecting previously unselected package libdecor-0-0:amd64.
2026-10-04T17:29:34.0833156Z Preparing to unpack .../81-libdecor-0-0_0.2.2-1build2_amd64.deb ...
2026-10-04T17:29:34.0839468Z Unpacking libdecor-0-0:amd64 (0.2.2-1build2) ...
2026-10-04T17:29:34.1156081Z Selecting previously unselected package libsdl2-2.0-0:amd64.
2026-10-04T17:29:34.1243740Z Preparing to unpack .../82-libsdl2-2.0-0_2.30.0+dfsg-1ubuntu3.1_amd64.deb ...
2026-10-04T17:29:34.1249792Z Unpacking libsdl2-2.0-0:amd64 (2.30.0+dfsg-1ubuntu3.1) ...
2026-10-04T17:29:34.1851446Z Selecting previously unselected package libxcb-shape0:amd64.
2026-10-04T17:29:34.1943553Z Preparing to unpack .../83-libxcb-shape0_1.15-1ubuntu2_amd64.deb ...
2026-10-04T17:29:34.1949264Z Unpacking libxcb-shape0:amd64 (1.15-1ubuntu2) ...
2026-10-04T17:29:34.2104230Z Selecting previously unselected package libxv1:amd64.
2026-10-04T17:29:34.2193352Z Preparing to unpack .../84-libxv1_2%3a1.0.11-1.1build1_amd64.deb ...
2026-10-04T17:29:34.2199046Z Unpacking libxv1:amd64 (2:1.0.11-1.1build1) ...
2026-10-04T17:29:34.2355183Z Selecting previously unselected package libavdevice60:amd64.
2026-10-04T17:29:34.2442701Z Preparing to unpack .../85-libavdevice60_7%3a6.1.1-3ubuntu5_amd64.deb ...
2026-10-04T17:29:34.2448123Z Unpacking libavdevice60:amd64 (7:6.1.1-3ubuntu5) ...
2026-10-04T17:29:34.2602615Z Selecting previously unselected package ffmpeg.
2026-10-04T17:29:34.2689839Z Preparing to unpack .../86-ffmpeg_7%3a6.1.1-3ubuntu5_amd64.deb ...
2026-10-04T17:29:34.2695617Z Unpacking ffmpeg (7:6.1.1-3ubuntu5) ...
2026-10-04T17:29:34.3295334Z Setting up libgme0:amd64 (0.6.3-7build1) ...
2026-10-04T17:29:34.3314826Z Setting up libchromaprint1:amd64 (1.5.1-5) ...
2026-10-04T17:29:34.3330083Z Setting up libssh-gcrypt-4:amd64 (0.10.6-2ubuntu0.5) ...
2026-10-04T17:29:34.3345492Z Setting up libhwy1t64:amd64 (1.0.7-8.1build1) ...
2026-10-04T17:29:34.3359986Z Setting up libudfread0:amd64 (1.1.2-1build1) ...
2026-10-04T17:29:34.3373331Z Setting up libraw1394-11:amd64 (2.1.2-2build3) ...
2026-10-04T17:29:34.3386547Z Setting up libspeex1:amd64 (1.2.1-2ubuntu2.24.04.1) ...
2026-10-04T17:29:34.3400706Z Setting up libshine3:amd64 (3.1.1-2build1) ...
2026-10-04T17:29:34.3414853Z Setting up libcaca0:amd64 (0.99.beta20-4ubuntu0.2) ...
2026-10-04T17:29:34.3428895Z Setting up libvpl2 (2023.3.0-1build1) ...
2026-10-04T17:29:34.3441923Z Setting up libx264-164:amd64 (2:0.164.3108+git31e19f9-1) ...
2026-10-04T17:29:34.3456550Z Setting up libtwolame0:amd64 (0.4.0-2build3) ...
2026-10-04T17:29:34.3470870Z Setting up libmbedcrypto7t64:amd64 (2.28.8-1) ...
2026-10-04T17:29:34.3484099Z Setting up libgsm1:amd64 (1.0.22-1build1) ...
2026-10-04T17:29:34.3498797Z Setting up libsoxr0:amd64 (0.1.3-4build3) ...
2026-10-04T17:29:34.3512051Z Setting up libzix-0-0:amd64 (0.4.2-2build1) ...
2026-10-04T17:29:34.3526164Z Setting up libcodec2-1.2:amd64 (1.2.0-2build1) ...
2026-10-04T17:29:34.3539665Z Setting up libmysofa1:amd64 (1.3.2+dfsg-2ubuntu2) ...
2026-10-04T17:29:34.3553501Z Setting up libxcb-shape0:amd64 (1.15-1ubuntu2) ...
2026-10-04T17:29:34.3567939Z Setting up libcdio19t64:amd64 (2.1.0-4.1ubuntu1.2) ...
2026-10-04T17:29:34.3581922Z Setting up libsvtav1enc1d1:amd64 (1.7.0+dfsg-2build1) ...
2026-10-04T17:29:34.3595449Z Setting up libmpg123-0t64:amd64 (1.32.5-1ubuntu1.1) ...
2026-10-04T17:29:34.3609945Z Setting up libcjson1:amd64 (1.7.17-1) ...
2026-10-04T17:29:34.3624783Z Setting up libxvidcore4:amd64 (2:1.3.7-1build1) ...
2026-10-04T17:29:34.3638952Z Setting up librav1e0:amd64 (0.7.1-2) ...
2026-10-04T17:29:34.3653578Z Setting up libcdio-cdda2t64:amd64 (10.2+2.0.1-1.1build2) ...
2026-10-04T17:29:34.3667818Z Setting up librist4:amd64 (0.2.10+dfsg-2) ...
2026-10-04T17:29:34.3682011Z Setting up librsvg2-2:amd64 (2.58.0+dfsg-1build1) ...
2026-10-04T17:29:34.3696077Z Setting up libblas3:amd64 (3.12.0-3build1.1) ...
2026-10-04T17:29:34.3737931Z update-alternatives: using /usr/lib/x86_64-linux-gnu/blas/libblas.so.3 to provide /usr/lib/x86_64-linux-gnu/libblas.so.3 (libblas.so.3-x86_64-linux-gnu) in auto mode
2026-10-04T17:29:34.3749837Z Setting up libplacebo338:amd64 (6.338.2-2build1) ...
2026-10-04T17:29:34.3764928Z Setting up libva2:amd64 (2.20.0-2ubuntu0.2) ...
2026-10-04T17:29:34.3778258Z Setting up libopus0:amd64 (1.4-1build1) ...
2026-10-04T17:29:34.3792527Z Setting up libcdio-paranoia2t64:amd64 (10.2+2.0.1-1.1build2) ...
2026-10-04T17:29:34.3806030Z Setting up libdc1394-25:amd64 (2.2.6-4build1) ...
2026-10-04T17:29:34.3818930Z Setting up libxv1:amd64 (2:1.0.11-1.1build1) ...
2026-10-04T17:29:34.3832413Z Setting up libunibreak5:amd64 (5.1-2build1) ...
2026-10-04T17:29:34.3846037Z Setting up libjxl0.7:amd64 (0.7.0-10.2ubuntu6.1) ...
2026-10-04T17:29:34.3859603Z Setting up libx265-199:amd64 (3.5-2build1) ...
2026-10-04T17:29:34.3873194Z Setting up libsndio7.0:amd64 (1.9.0-0.3build3) ...
2026-10-04T17:29:34.3886508Z Setting up libvidstab1.1:amd64 (1.1.0-2build1) ...
2026-10-04T17:29:34.3899823Z Setting up libvpx9:amd64 (1.14.0-1ubuntu2.3) ...
2026-10-04T17:29:34.3913371Z Setting up libsrt1.5-gnutls:amd64 (1.5.3-1build2) ...
2026-10-04T17:29:34.3926504Z Setting up libflite1:amd64 (2.2-6build3) ...
2026-10-04T17:29:34.3941421Z Setting up libdav1d7:amd64 (1.4.1-1build1) ...
2026-10-04T17:29:34.3954835Z Setting up libva-drm2:amd64 (2.20.0-2ubuntu0.2) ...
2026-10-04T17:29:34.3968341Z Setting up ocl-icd-libopencl1:amd64 (2.3.2-1build1) ...
2026-10-04T17:29:34.3982975Z Setting up libasyncns0:amd64 (0.8-6build4) ...
2026-10-04T17:29:34.3997461Z Setting up libvdpau1:amd64 (1.5-2build1) ...
2026-10-04T17:29:34.4016554Z Setting up libbs2b0:amd64 (3.1.0+dfsg-7build1) ...
2026-10-04T17:29:34.4030127Z Setting up libtheora0:amd64 (1.1.1+dfsg.1-16.1build3) ...
2026-10-04T17:29:34.4044438Z Setting up libdecor-0-0:amd64 (0.2.2-1build2) ...
2026-10-04T17:29:34.4058475Z Setting up libzimg2:amd64 (3.0.5+ds1-1build1) ...
2026-10-04T17:29:34.4073099Z Setting up libopenal-data (1:1.23.1-4build1) ...
2026-10-04T17:29:34.4091989Z Setting up libflac12t64:amd64 (1.4.3+ds-2.1ubuntu2) ...
2026-10-04T17:29:34.4105767Z Setting up libbluray2:amd64 (1:1.3.4-1build1) ...
2026-10-04T17:29:34.4119646Z Setting up libsamplerate0:amd64 (0.2.2-4build1) ...
2026-10-04T17:29:34.4133912Z Setting up libva-x11-2:amd64 (2.20.0-2ubuntu0.2) ...
2026-10-04T17:29:34.4148230Z Setting up libopenmpt0t64:amd64 (0.7.3-1.1build3) ...
2026-10-04T17:29:34.4161711Z Setting up libzvbi-common (0.2.42-2) ...
2026-10-04T17:29:34.4175295Z Setting up libmp3lame0:amd64 (3.100-6build1) ...
2026-10-04T17:29:34.4189158Z Setting up libvorbisenc2:amd64 (1.3.7-1build3) ...
2026-10-04T17:29:34.4202710Z Setting up libiec61883-0:amd64 (1.2.0-6build1) ...
2026-10-04T17:29:34.4216602Z Setting up libserd-0-0:amd64 (0.32.2-1) ...
2026-10-04T17:29:34.4230440Z Setting up libavc1394-0:amd64 (0.5.4-5build3) ...
2026-10-04T17:29:34.4245094Z Setting up liblapack3:amd64 (3.12.0-3build1.1) ...
2026-10-04T17:29:34.4286083Z update-alternatives: using /usr/lib/x86_64-linux-gnu/lapack/liblapack.so.3 to provide /usr/lib/x86_64-linux-gnu/liblapack.so.3 (liblapack.so.3-x86_64-linux-gnu) in auto mode
2026-10-04T17:29:34.4298337Z Setting up libzvbi0t64:amd64 (0.2.42-2) ...
2026-10-04T17:29:34.4313343Z Setting up libavutil58:amd64 (7:6.1.1-3ubuntu5) ...
2026-10-04T17:29:34.4327834Z Setting up libopenal1:amd64 (1:1.23.1-4build1) ...
2026-10-04T17:29:34.4342495Z Setting up libass9:amd64 (1:0.17.1-2build1) ...
2026-10-04T17:29:34.4356973Z Setting up libswresample4:amd64 (7:6.1.1-3ubuntu5) ...
2026-10-04T17:29:34.4370332Z Setting up libavcodec60:amd64 (7:6.1.1-3ubuntu5) ...
2026-10-04T17:29:34.4384088Z Setting up librubberband2:amd64 (3.3.0+dfsg-2build1) ...
2026-10-04T17:29:34.4399519Z Setting up libjack-jackd2-0:amd64 (1.9.21~dfsg-3ubuntu3) ...
2026-10-04T17:29:34.4414679Z Setting up libsord-0-0:amd64 (0.16.16-2build1) ...
2026-10-04T17:29:34.4429623Z Setting up libpostproc57:amd64 (7:6.1.1-3ubuntu5) ...
2026-10-04T17:29:34.4445431Z Setting up libsratom-0-0:amd64 (0.6.16-1build1) ...
2026-10-04T17:29:34.4460591Z Setting up libsndfile1:amd64 (1.2.2-1ubuntu5.24.04.1) ...
2026-10-04T17:29:34.4475528Z Setting up liblilv-0-0:amd64 (0.24.22-1build1) ...
2026-10-04T17:29:34.4490615Z Setting up libswscale7:amd64 (7:6.1.1-3ubuntu5) ...
2026-10-04T17:29:34.4504937Z Setting up libpulse0:amd64 (1:16.1+dfsg1-2ubuntu10.1) ...
2026-10-04T17:29:34.4557494Z Setting up libavformat60:amd64 (7:6.1.1-3ubuntu5) ...
2026-10-04T17:29:34.4572919Z Setting up libsphinxbase3t64:amd64 (0.8+5prealpha+1-17build2) ...
2026-10-04T17:29:34.4587129Z Setting up libsdl2-2.0-0:amd64 (2.30.0+dfsg-1ubuntu3.1) ...
2026-10-04T17:29:34.4913538Z Setting up libpocketsphinx3:amd64 (0.8.0+real5prealpha+1-15ubuntu5) ...
2026-10-04T17:29:34.4927971Z Setting up libavfilter9:amd64 (7:6.1.1-3ubuntu5) ...
2026-10-04T17:29:34.4941935Z Setting up libavdevice60:amd64 (7:6.1.1-3ubuntu5) ...
2026-10-04T17:29:34.4957384Z Setting up ffmpeg (7:6.1.1-3ubuntu5) ...
2026-10-04T17:29:34.4972631Z Processing triggers for man-db (2.12.0-4build2) ...
2026-10-04T17:29:34.4989045Z Not building database; man-db/auto-update is not 'true'.
2026-10-04T17:29:34.4996687Z Processing triggers for libc-bin (2.39-0ubuntu8.9) ...
2026-10-04T17:29:37.3319789Z 
2026-10-04T17:29:37.3320348Z Running kernel seems to be up-to-date.
2026-10-04T17:29:37.3320728Z 
2026-10-04T17:29:37.3320861Z No services need to be restarted.
2026-10-04T17:29:37.3321018Z 
2026-10-04T17:29:37.3321145Z No containers need to be restarted.
2026-10-04T17:29:37.3321304Z 
2026-10-04T17:29:37.3321457Z No user sessions are running outdated binaries.
2026-10-04T17:29:37.3321642Z 
2026-10-04T17:29:37.3321885Z No VM guests are running outdated hypervisor (qemu) binaries on this host.
2026-10-04T17:29:38.0483504Z ffmpeg version 6.1.1-3ubuntu5 Copyright (c) 2000-2023 the FFmpeg developers
2026-10-04T17:29:38.0941778Z ffprobe version 6.1.1-3ubuntu5 Copyright (c) 2007-2023 the FFmpeg developers
2026-10-04T17:29:38.1987222Z ffmpeg encodes h264 via lavfi: the video variant fixture can be built
2026-10-04T17:29:38.2015341Z ##[group]Run bun install --frozen-lockfile --minimum-release-age=0
2026-10-04T17:29:38.2015630Z [36;1mbun install --frozen-lockfile --minimum-release-age=0[0m
2026-10-04T17:29:38.2068793Z shell: /usr/bin/bash -e {0}
2026-10-04T17:29:38.2068941Z ##[endgroup]
2026-10-04T17:29:38.2161258Z bun install v1.4.2 (744846f84)
2026-10-04T17:29:53.4502105Z 
2026-10-04T17:29:53.4502659Z + @types/express@4.17.25
2026-10-04T17:29:53.4502880Z + @types/jest@30.0.0
2026-10-04T17:29:53.4503016Z + drizzle-orm@0.45.2
2026-10-04T17:29:53.4503166Z + expo@57.0.21
2026-10-04T17:29:53.4503290Z + expo-constants@57.0.17
2026-10-04T17:29:53.4503439Z + expo-document-picker@57.0.1
2026-10-04T17:29:53.4503587Z + expo-haptics@57.0.2
2026-10-04T17:29:53.4503744Z + expo-image-manipulator@57.0.16
2026-10-04T17:29:53.4503928Z + expo-linear-gradient@57.0.1
2026-10-04T17:29:53.4504071Z + expo-modules-core@57.0.17
2026-10-04T17:29:53.4504218Z + expo-notifications@57.0.17
2026-10-04T17:29:53.4504495Z + expo-web-browser@57.0.2
2026-10-04T17:29:53.4504721Z + jest-environment-jsdom@30.5.1
2026-10-04T17:29:53.4504985Z + react-native-keyboard-controller@1.21.13
2026-10-04T17:29:53.4505242Z + react-native-web@0.21.2
2026-10-04T17:29:53.4505443Z + ts-jest@29.4.12
2026-10-04T17:29:53.4505613Z + turbo@2.10.12
2026-10-04T17:29:53.4505799Z + typescript@5.9.3
2026-10-04T17:29:53.4505973Z + vite@7.3.1
2026-10-04T17:29:53.4506162Z + @expo/metro-runtime@57.0.15
2026-10-04T17:29:53.4506378Z + @oxy.so/bloom@6.2.1
2026-10-04T17:29:53.4506576Z + expo-contacts@57.0.4
2026-10-04T17:29:53.4506782Z + expo-image-picker@57.0.16
2026-10-04T17:29:53.4507001Z + expo-splash-screen@57.0.8
2026-10-04T17:29:53.4507210Z + is-arrayish@0.3.4
2026-10-04T17:29:53.4507427Z + react-native-worklets@0.10.0
2026-10-04T17:29:53.4507569Z 
2026-10-04T17:29:53.4507684Z 2271 packages installed [15.24s]
2026-10-04T17:29:53.4612049Z ##[group]Run actions/cache/restore@55cc8345863c7cc4c66a329aec7e433d2d1c52a9
2026-10-04T17:29:53.4612285Z with:
2026-10-04T17:29:53.4612394Z   path: .turbo/cache
2026-10-04T17:29:53.4612612Z   key: turbo-build-Linux-X64-7d69692637ba6d8cd341a823271c44f6ff1c533c
2026-10-04T17:29:53.4612822Z   restore-keys: turbo-build-Linux-X64-
2026-10-04T17:29:53.4612977Z   enableCrossOsArchive: false
2026-10-04T17:29:53.4613115Z   fail-on-cache-miss: false
2026-10-04T17:29:53.4613241Z   lookup-only: false
2026-10-04T17:29:53.4613359Z ##[endgroup]
2026-10-04T17:29:53.7840140Z Cache hit for restore-key: turbo-build-Linux-X64-f716a52734faa6e683f872802c67e9b7e419780f
2026-10-04T17:29:55.0590296Z Received 2336773 of 10725381 (21.8%), 2.2 MBs/sec
2026-10-04T17:29:55.1331352Z Received 10725381 of 10725381 (100.0%), 9.5 MBs/sec
2026-10-04T17:29:55.1331650Z Cache Size: ~10 MB (10725381 B)
2026-10-04T17:29:55.1348972Z [command]/usr/bin/tar -xf /home/runner/work/_temp/9c7e200c-53ff-4406-8794-ab59f589abdc/cache.tzst -P -C /home/runner/work/oxy/oxy --use-compress-program unzstd
2026-10-04T17:29:55.1506608Z Cache restored successfully
2026-10-04T17:29:55.1558875Z Cache restored from key: turbo-build-Linux-X64-f716a52734faa6e683f872802c67e9b7e419780f
2026-10-04T17:29:55.1638038Z ##[group]Run bunx turbo run build --filter=@oxy.so/contracts --filter=@oxy.so/protocol --filter=@oxy.so/core --filter=@oxy.so/federation --filter=@oxy.so/mcp --filter=@oxy.so/db
2026-10-04T17:29:55.1638658Z [36;1mbunx turbo run build --filter=@oxy.so/contracts --filter=@oxy.so/protocol --filter=@oxy.so/core --filter=@oxy.so/federation --filter=@oxy.so/mcp --filter=@oxy.so/db[0m
2026-10-04T17:29:55.1690720Z shell: /usr/bin/bash -e {0}
2026-10-04T17:29:55.1690877Z ##[endgroup]
2026-10-04T17:29:55.2159663Z 
2026-10-04T17:29:55.2160087Z Attention:
2026-10-04T17:29:55.2160437Z Turborepo now collects completely anonymous telemetry regarding usage.
2026-10-04T17:29:55.2161381Z This information is used to shape the Turborepo roadmap and prioritize features.
2026-10-04T17:29:55.2161923Z You can learn more, including how to opt-out if you'd not like to participate in this anonymous program, by visiting the following URL:
2026-10-04T17:29:55.2162287Z https://turborepo.dev/docs/telemetry
2026-10-04T17:29:55.2162539Z 
2026-10-04T17:29:55.3658040Z 
2026-10-04T17:29:55.3659019Z    • Packages in scope: @oxy.so/contracts, @oxy.so/core, @oxy.so/db, @oxy.so/federation, @oxy.so/mcp, @oxy.so/protocol
2026-10-04T17:29:55.3659592Z    • Running build in 6 packages
2026-10-04T17:29:55.3659857Z    • Remote caching disabled
2026-10-04T17:29:55.3659990Z 
2026-10-04T17:29:55.3809822Z ##[group]@oxy.so/telemetry:build
2026-10-04T17:29:55.3810271Z cache hit, replaying logs a7e3286c6c7aeac3
2026-10-04T17:29:55.3810927Z $ bun run clean && bun run build:cjs && bun run build:esm && bun run build:types
2026-10-04T17:29:55.3811258Z $ rm -rf dist
2026-10-04T17:29:55.3811545Z $ tsc -p tsconfig.cjs.json && node scripts/mark-cjs.mjs
2026-10-04T17:29:55.3811878Z $ tsc -p tsconfig.esm.json
2026-10-04T17:29:55.3812038Z $ tsc -p tsconfig.types.json
2026-10-04T17:29:55.3812292Z ##[endgroup]
2026-10-04T17:29:55.3923535Z ##[group]@oxy.so/db:build
2026-10-04T17:29:55.3924120Z cache hit, replaying logs cf3c4de39687f8b7
2026-10-04T17:29:55.3924692Z $ bun run build:cjs && bun run build:esm && bun run build:types
2026-10-04T17:29:55.3924931Z $ tsc -p tsconfig.cjs.json
2026-10-04T17:29:55.3925232Z $ tsc -p tsconfig.esm.json && node scripts/fix-esm-imports.mjs
2026-10-04T17:29:55.3925522Z ESM imports fixed
2026-10-04T17:29:55.3925665Z $ tsc -p tsconfig.types.json
2026-10-04T17:29:55.3926054Z ##[endgroup]
2026-10-04T17:29:55.3995858Z ##[group]@oxy.so/contracts:build
2026-10-04T17:29:55.3996148Z cache hit, replaying logs 62272cf2129ed331
2026-10-04T17:29:55.3996497Z $ bun run build:cjs && bun run build:esm && bun run build:types
2026-10-04T17:29:55.3996804Z $ tsc -p tsconfig.cjs.json
2026-10-04T17:29:55.3997127Z $ tsc -p tsconfig.esm.json && node scripts/fix-esm-imports.mjs
2026-10-04T17:29:55.3997457Z ESM imports fixed
2026-10-04T17:29:55.3997683Z $ tsc -p tsconfig.types.json
2026-10-04T17:29:55.3998027Z ##[endgroup]
2026-10-04T17:29:55.4021316Z ##[group]@oxy.so/mcp:build
2026-10-04T17:29:55.4021661Z cache hit, replaying logs c4af4a9a3b74d661
2026-10-04T17:29:55.4022035Z $ bun run build:cjs && bun run build:esm && bun run build:types
2026-10-04T17:29:55.4022361Z $ tsc -p tsconfig.cjs.json
2026-10-04T17:29:55.4022689Z $ tsc -p tsconfig.esm.json && node scripts/fix-esm-imports.mjs
2026-10-04T17:29:55.4023002Z $ tsc -p tsconfig.types.json
2026-10-04T17:29:55.4023340Z ##[endgroup]
2026-10-04T17:29:55.4048840Z ##[group]@oxy.so/protocol:build
2026-10-04T17:29:55.4049131Z cache hit, replaying logs 9db769c0454297cf
2026-10-04T17:29:55.4049480Z $ bun run build:cjs && bun run build:esm && bun run build:types
2026-10-04T17:29:55.4049790Z $ tsc -p tsconfig.cjs.json
2026-10-04T17:29:55.4050109Z $ tsc -p tsconfig.esm.json && node scripts/fix-esm-imports.mjs
2026-10-04T17:29:55.4050420Z ESM imports fixed
2026-10-04T17:29:55.4050728Z $ tsc -p tsconfig.types.json
2026-10-04T17:29:55.4051048Z ##[endgroup]
2026-10-04T17:29:55.4244933Z ##[group]@oxy.so/core:build
2026-10-04T17:29:55.4245237Z cache hit, replaying logs 5f149114dd665fcf
2026-10-04T17:29:55.4246131Z $ node scripts/build-workspace-deps.mjs @oxy.so/telemetry && bun run build:cjs && bun run build:esm && bun run build:types && node scripts/mark-module-formats.mjs
2026-10-04T17:29:55.4246681Z $ tsc -p tsconfig.cjs.json
2026-10-04T17:29:55.4247039Z $ tsc -p tsconfig.esm.json && node scripts/fix-esm-imports.mjs
2026-10-04T17:29:55.4247336Z ESM imports fixed
2026-10-04T17:29:55.4247539Z $ tsc -p tsconfig.types.json
2026-10-04T17:29:55.4247811Z ##[endgroup]
2026-10-04T17:29:55.4271685Z ##[group]@oxy.so/federation:build
2026-10-04T17:29:55.4271974Z cache hit, replaying logs 0d865f0429974e50
2026-10-04T17:29:55.4272645Z $ node ../core/scripts/build-workspace-deps.mjs @oxy.so/contracts @oxy.so/protocol @oxy.so/core && bun run build:cjs && bun run build:esm && bun run build:types
2026-10-04T17:29:55.4273363Z $ tsc -p tsconfig.cjs.json
2026-10-04T17:29:55.4273688Z $ tsc -p tsconfig.esm.json && node scripts/fix-esm-imports.mjs
2026-10-04T17:29:55.4273986Z ESM imports fixed
2026-10-04T17:29:55.4274192Z $ tsc -p tsconfig.types.json
2026-10-04T17:29:55.4274506Z ##[endgroup]
2026-10-04T17:29:55.4274610Z 
2026-10-04T17:29:55.4274725Z  Tasks:    7 successful, 7 total
2026-10-04T17:29:55.4274966Z Cached:    7 cached, 7 total
2026-10-04T17:29:55.4275197Z   Time:    121ms >>> FULL TURBO
2026-10-04T17:29:55.4275332Z 
2026-10-04T17:29:55.4481991Z ##[group]Run node -e "const os=require('node:os');console.log('cpus=%d totalmem=%s GiB maxWorkers=%d',os.cpus().length,(os.totalmem()/1073741824).toFixed(1),require('./jest.config.js').maxWorkers)"
2026-10-04T17:29:55.4482645Z [36;1mnode -e "const os=require('node:os');console.log('cpus=%d totalmem=%s GiB maxWorkers=%d',os.cpus().length,(os.totalmem()/1073741824).toFixed(1),require('./jest.config.js').maxWorkers)"[0m
2026-10-04T17:29:55.4558774Z shell: /usr/bin/bash -e {0}
2026-10-04T17:29:55.4558923Z ##[endgroup]
2026-10-04T17:29:55.4902063Z cpus=4 totalmem=15.6 GiB maxWorkers=1
2026-10-04T17:29:55.4963765Z ##[group]Run echo "Running API coverage shard ${SHARD_INDEX}/${SHARD_TOTAL}"
2026-10-04T17:29:55.4964065Z [36;1mecho "Running API coverage shard ${SHARD_INDEX}/${SHARD_TOTAL}"[0m
2026-10-04T17:29:55.4964285Z [36;1mbun run test:coverage -- \[0m
2026-10-04T17:29:55.4964462Z [36;1m  --shard="${SHARD_INDEX}/${SHARD_TOTAL}" \[0m
2026-10-04T17:29:55.4964711Z [36;1m  --json --outputFile="coverage/shard-${SHARD_INDEX}/jest-results.json" \[0m
2026-10-04T17:29:55.4964979Z [36;1m  --coverageDirectory="coverage/shard-${SHARD_INDEX}" \[0m
2026-10-04T17:29:55.4965177Z [36;1m  --coverageReporters=json \[0m
2026-10-04T17:29:55.4965342Z [36;1m  --coverageReporters=lcovonly \[0m
2026-10-04T17:29:55.4965512Z [36;1m  --coverageReporters=text-summary[0m
2026-10-04T17:29:55.5009298Z shell: /usr/bin/bash -e {0}
2026-10-04T17:29:55.5009438Z env:
2026-10-04T17:29:55.5009544Z   SHARD_INDEX: 1
2026-10-04T17:29:55.5009655Z   SHARD_TOTAL: 6
2026-10-04T17:29:55.5010157Z   DATABASE_URL: ***127.0.0.1:5432/oxy_test
2026-10-04T17:29:55.5010368Z   ACCESS_TOKEN_SECRET: test_access_token_secret_minimum_32_characters
2026-10-04T17:29:55.5010774Z   REFRESH_TOKEN_SECRET: test_refresh_token_secret_minimum_32_characters
2026-10-04T17:29:55.5010979Z   AWS_REGION: us-east-1
2026-10-04T17:29:55.5011114Z   AWS_ACCESS_KEY_ID: test_aws_access_key
2026-10-04T17:29:55.5011278Z   AWS_SECRET_ACCESS_KEY: test_aws_secret_key
2026-10-04T17:29:55.5011441Z   AWS_S3_BUCKET: test-bucket
2026-10-04T17:29:55.5011572Z   NODE_ENV: test
2026-10-04T17:29:55.5011691Z ##[endgroup]
2026-10-04T17:29:55.5118500Z Running API coverage shard 1/6
2026-10-04T17:29:55.5142322Z $ jest --coverage "--shard=1/6" --json "--outputFile=coverage/shard-1/jest-results.json" "--coverageDirectory=coverage/shard-1" "--coverageReporters=json" "--coverageReporters=lcovonly" "--coverageReporters=text-summary"
2026-10-04T17:30:03.7479969Z [BABEL] Note: The code generator has deoptimised the styling of /home/runner/work/oxy/oxy/packages/api/src/services/inferenceEdge.service.ts as it exceeds the max of 500KB.
2026-10-04T17:30:07.6473009Z PASS src/routes/__tests__/kaanaStreaming.test.ts (9.645 s)
2026-10-04T17:30:07.9062142Z {"level":30,"time":1791135007805,"pid":4083,"hostname":"runnervm8df0l","maxPoolSize":8,"msg":"Connected to PostgreSQL successfully"}
2026-10-04T17:30:08.1113060Z PASS src/db/schema/__tests__/socialGraph.test.ts
2026-10-04T17:30:08.9056487Z {"level":30,"time":1791135008804,"pid":4083,"hostname":"runnervm8df0l","maxPoolSize":8,"msg":"Connected to PostgreSQL successfully"}
2026-10-04T17:30:09.3572189Z {"level":50,"time":1791135009256,"pid":4083,"hostname":"runnervm8df0l","msg":"ApiError [403] SIGNIN_ORIGIN_NOT_ALLOWED: Only official Oxy apps can do this here."}
2026-10-04T17:30:09.3572874Z {"level":50,"time":1791135009257,"pid":4083,"hostname":"runnervm8df0l","msg":"ApiError [403] SIGNIN_ORIGIN_NOT_ALLOWED: Only official Oxy apps can do this here."}
2026-10-04T17:30:16.8685136Z {"level":50,"time":1791135016768,"pid":4083,"hostname":"runnervm8df0l","msg":"ApiError [403] SIGNIN_ORIGIN_NOT_ALLOWED: Only official Oxy apps can do this here."}
2026-10-04T17:30:16.8685839Z {"level":50,"time":1791135016769,"pid":4083,"hostname":"runnervm8df0l","msg":"ApiError [403] SIGNIN_ORIGIN_NOT_ALLOWED: Only official Oxy apps can do this here."}
2026-10-04T17:30:16.8686457Z {"level":50,"time":1791135016770,"pid":4083,"hostname":"runnervm8df0l","msg":"ApiError [403] SIGNIN_ORIGIN_NOT_ALLOWED: Only official Oxy apps can do this here."}
2026-10-04T17:30:16.8687057Z {"level":50,"time":1791135016771,"pid":4083,"hostname":"runnervm8df0l","msg":"ApiError [403] SIGNIN_ORIGIN_NOT_ALLOWED: Only official Oxy apps can do this here."}
2026-10-04T17:30:16.8687655Z {"level":50,"time":1791135016772,"pid":4083,"hostname":"runnervm8df0l","msg":"ApiError [403] SIGNIN_ORIGIN_NOT_ALLOWED: Only official Oxy apps can do this here."}
2026-10-04T17:30:16.8688811Z {"level":50,"time":1791135016772,"pid":4083,"hostname":"runnervm8df0l","msg":"ApiError [403] SIGNIN_ORIGIN_NOT_ALLOWED: Only official Oxy apps can do this here."}
2026-10-04T17:30:16.8689409Z {"level":50,"time":1791135016773,"pid":4083,"hostname":"runnervm8df0l","msg":"ApiError [403] SIGNIN_ORIGIN_NOT_ALLOWED: Only official Oxy apps can do this here."}
2026-10-04T17:30:16.8690002Z {"level":50,"time":1791135016774,"pid":4083,"hostname":"runnervm8df0l","msg":"ApiError [403] SIGNIN_ORIGIN_NOT_ALLOWED: Only official Oxy apps can do this here."}
2026-10-04T17:30:16.8690841Z {"level":50,"time":1791135016775,"pid":4083,"hostname":"runnervm8df0l","msg":"ApiError [403] SIGNIN_ORIGIN_NOT_ALLOWED: Only official Oxy apps can do this here."}
2026-10-04T17:30:16.8691664Z {"level":50,"time":1791135016775,"pid":4083,"hostname":"runnervm8df0l","msg":"ApiError [403] SIGNIN_ORIGIN_NOT_ALLOWED: Only official Oxy apps can do this here."}
2026-10-04T17:30:16.8692264Z {"level":50,"time":1791135016776,"pid":4083,"hostname":"runnervm8df0l","msg":"ApiError [403] SIGNIN_ORIGIN_NOT_ALLOWED: Only official Oxy apps can do this here."}
2026-10-04T17:30:18.8986820Z PASS src/routes/__tests__/signIn.test.ts (10.655 s)
2026-10-04T17:30:21.4167328Z PASS src/routes/__tests__/inferenceRoutingPolicies.test.ts
2026-10-04T17:30:21.7702949Z {"level":30,"time":1791135021670,"pid":4083,"hostname":"runnervm8df0l","maxPoolSize":8,"msg":"Connected to PostgreSQL successfully"}
2026-10-04T17:30:22.2678510Z PASS src/services/__tests__/inferenceCatalogueAdmin.test.ts
2026-10-04T17:30:23.2408671Z PASS src/routes/__tests__/linkedAccounts.test.ts
2026-10-04T17:30:23.4925639Z {"level":30,"time":1791135023392,"pid":4083,"hostname":"runnervm8df0l","maxPoolSize":8,"msg":"Connected to PostgreSQL successfully"}
2026-10-04T17:30:23.6685358Z PASS src/db/schema/__tests__/applications.test.ts
2026-10-04T17:30:26.4008866Z {"level":30,"time":1791135024841,"pid":4083,"hostname":"runnervm8df0l","binaryPath":"/usr/bin/ffmpeg","msg":"[VariantService] Using system ffmpeg"}
2026-10-04T17:30:26.4009526Z {"level":30,"time":1791135024848,"pid":4083,"hostname":"runnervm8df0l","binaryPath":"/usr/bin/ffprobe","msg":"[VariantService] Using system ffprobe"}
2026-10-04T17:30:26.4010105Z {"level":30,"time":1791135024848,"pid":4083,"hostname":"runnervm8df0l","ffmpegPath":"/usr/bin/ffmpeg","msg":"[VariantService] Resolved FFmpeg path"}
2026-10-04T17:30:26.4011061Z {"level":30,"time":1791135024848,"pid":4083,"hostname":"runnervm8df0l","ffprobePath":"/usr/bin/ffprobe","msg":"[VariantService] Resolved FFprobe path"}
2026-10-04T17:30:26.4011916Z {"level":30,"time":1791135024848,"pid":4083,"hostname":"runnervm8df0l","ffmpegPath":"/usr/bin/ffmpeg","ffprobePath":"/usr/bin/ffprobe","ffmpegExists":true,"ffprobeExists":true,"msg":"FFmpeg/FFprobe paths initialized"}
2026-10-04T17:30:26.5209069Z {"level":30,"time":1791135026420,"pid":4083,"hostname":"runnervm8df0l","maxPoolSize":8,"msg":"Connected to PostgreSQL successfully"}
2026-10-04T17:30:26.5210915Z {"level":40,"time":1791135026431,"pid":4083,"hostname":"runnervm8df0l","kid":"dev-ephemeral-0aebd4ed5af3","msg":"[ServiceToken] no signing key configured; minting with a per-process ephemeral Ed25519 key"}
2026-10-04T17:30:27.1171367Z {"level":30,"time":1791135027016,"pid":4083,"hostname":"runnervm8df0l","sessionId":"7da9af79","msg":"[SessionService] Deactivated session"}
2026-10-04T17:30:27.4833899Z {"level":30,"time":1791135027383,"pid":4083,"hostname":"runnervm8df0l","sessionId":"bf492118","msg":"[SessionService] Deactivated session"}
2026-10-04T17:30:27.6105278Z {"level":30,"time":1791135027509,"pid":4083,"hostname":"runnervm8df0l","sessionId":"7ab3b53b","msg":"[SessionService] Deactivated session"}
2026-10-04T17:30:27.9120306Z {"level":30,"time":1791135027811,"pid":4083,"hostname":"runnervm8df0l","applicationId":"01a107f7-8cf9-7b69-af48-38c214905359","appName":"Foreground 93bc108b-0933-4572-8e20-0c801fd68b52","provider":"aws-iam","attestationId":"wl_26bd560322c142be690d5ddd","attribution":"unchanged","scopes":["user:read","capability-tickets:issue","capabilities:read","catalogs:write"],"msg":"[WorkloadIdentity] service token issued"}
2026-10-04T17:30:28.4774332Z {"level":30,"time":1791135028377,"pid":4083,"hostname":"runnervm8df0l","sessionId":"fc5ef85a","msg":"[SessionService] Deactivated session"}
2026-10-04T17:30:28.4775844Z {"level":30,"time":1791135028377,"pid":4083,"hostname":"runnervm8df0l","sessionId":"fc5ef85a","operatorId":"01a107f7-9414-744a-bc8a-8ecb88bb22b4","accountId":"01a107f7-941a-7d67-859a-8e6b75bdca9b","msg":"[SessionService] Managed-account session revoked — operator lost act_as"}
2026-10-04T17:30:28.9521321Z {"level":50,"time":1791135028851,"pid":4083,"hostname":"runnervm8df0l","path":"/tickets","method":"POST","err":{"type":"Object","message":"synthetic SQL unavailable","stack":"Error: synthetic SQL unavailable\n    at /home/runner/work/oxy/oxy/packages/api/src/services/__tests__/foregroundCapabilities.db.test.ts:351:75\n    at Generator.next (<anonymous>)\n    at fulfilled (/home/runner/work/oxy/oxy/packages/api/src/services/__tests__/foregroundCapabilities.db.test.ts:38:58)\n    at processTicksAndRejections (node:internal/process/task_queues:104:5)","name":"Error"},"msg":"Unexpected error in route handler"}
2026-10-04T17:30:28.9523016Z {"level":30,"time":1791135028858,"pid":4083,"hostname":"runnervm8df0l","credentialId":"01a107f7-9674-722b-9cc3-08d3417164b8","applicationId":"01a107f7-8cf9-7b69-af48-38c214905359","appName":"Foreground 93bc108b-0933-4572-8e20-0c801fd68b52","expiresIn":300,"msg":"[ServiceToken] Service token issued"}
2026-10-04T17:30:29.1769382Z {"level":40,"time":1791135028954,"pid":4083,"hostname":"runnervm8df0l","apiKey":"[redacted]","msg":"[ServiceToken] Invalid apiKey attempt"}
2026-10-04T17:30:29.1841797Z PASS src/services/__tests__/foregroundCapabilities.db.test.ts (5.289 s)
2026-10-04T17:30:29.5616132Z {"level":30,"time":1791135029461,"pid":4083,"hostname":"runnervm8df0l","maxPoolSize":8,"msg":"Connected to PostgreSQL successfully"}
2026-10-04T17:30:29.7778660Z PASS src/services/__tests__/workloadIdentityBinding.db.test.ts
2026-10-04T17:30:29.9036194Z {"level":40,"time":1791135029669,"pid":4083,"hostname":"runnervm8df0l","scopes":["signals:write"],"actor":"the binding tests, as a member","msg":"[WorkloadIdentityBinding] preserving a privileged scope the bind omitted; removing one requires staff"}
2026-10-04T17:30:30.0338231Z {"level":30,"time":1791135029933,"pid":4083,"hostname":"runnervm8df0l","maxPoolSize":8,"msg":"Connected to PostgreSQL successfully"}
2026-10-04T17:30:30.2135617Z PASS src/services/__tests__/attribution.service.test.ts
2026-10-04T17:30:31.9442770Z {"level":30,"time":1791135031844,"pid":4083,"hostname":"runnervm8df0l","maxPoolSize":8,"msg":"Connected to PostgreSQL successfully"}
2026-10-04T17:30:32.8688572Z PASS src/scripts/__tests__/foregroundPilotConfiguration.db.test.ts
2026-10-04T17:30:33.3546397Z PASS src/routes/__tests__/authSessionAppIdentity.test.ts
2026-10-04T17:30:33.8506495Z PASS src/routes/__tests__/notifications.test.ts
2026-10-04T17:30:34.4231606Z PASS src/services/__tests__/federatedAvatarMirror.test.ts
2026-10-04T17:30:34.7902292Z {"level":30,"time":1791135034689,"pid":4083,"hostname":"runnervm8df0l","maxPoolSize":8,"msg":"Connected to PostgreSQL successfully"}
2026-10-04T17:30:34.9258003Z {"level":40,"time":1791135034825,"pid":4083,"hostname":"runnervm8df0l","component":"nodeRegistry","userId":"01a107f7-adc8-78cf-8d63-35c8b9ff95e6","msg":"node record endpoint is not a valid HTTPS URL; skipping materialization"}
2026-10-04T17:30:34.9259115Z {"level":40,"time":1791135034828,"pid":4083,"hostname":"runnervm8df0l","component":"nodeRegistry","userId":"01a107f7-adca-7c0a-a88c-285c925aa7f5","msg":"node record endpoint is not a valid HTTPS URL; skipping materialization"}
2026-10-04T17:30:34.9259994Z {"level":40,"time":1791135034831,"pid":4083,"hostname":"runnervm8df0l","component":"nodeRegistry","userId":"01a107f7-adcd-7b67-9d9f-b3d31e7ebe26","msg":"node record endpoint is not a valid HTTPS URL; skipping materialization"}
2026-10-04T17:30:34.9261598Z {"level":40,"time":1791135034833,"pid":4083,"hostname":"runnervm8df0l","component":"nodeRegistry","userId":"01a107f7-add0-71ad-b904-f225ee76e9a5","msg":"node record payload failed validation; skipping materialization"}
2026-10-04T17:30:34.9262927Z {"level":40,"time":1791135034835,"pid":4083,"hostname":"runnervm8df0l","component":"nodeRegistry","userId":"01a107f7-add2-71be-acfd-a7c95f788034","msg":"node record payload failed validation; skipping materialization"}
2026-10-04T17:30:34.9264103Z {"level":40,"time":1791135034837,"pid":4083,"hostname":"runnervm8df0l","component":"nodeRegistry","userId":"01a107f7-add4-7941-a6c7-cd1add77226c","msg":"node record payload failed validation; skipping materialization"}
2026-10-04T17:30:35.1938438Z PASS src/services/__tests__/nodeRegistry.test.ts
2026-10-04T17:30:35.6065141Z PASS src/routes/__tests__/identityDomains.test.ts
2026-10-04T17:30:36.9147947Z PASS src/routes/__tests__/usersResolve.test.ts
2026-10-04T17:30:37.3347951Z [BABEL] Note: The code generator has deoptimised the styling of /home/runner/work/oxy/oxy/packages/api/src/services/email.service.ts as it exceeds the max of 500KB.
2026-10-04T17:30:37.6974583Z {"level":30,"time":1791135037597,"pid":4083,"hostname":"runnervm8df0l","maxPoolSize":8,"msg":"Connected to PostgreSQL successfully"}
2026-10-04T17:30:37.6975233Z {"level":30,"time":1791135037606,"pid":4083,"hostname":"runnervm8df0l","userId":"01a107f7-b89e-7220-b05d-4f8010864267","msg":"Email mailboxes provisioned"}
2026-10-04T17:30:37.6975829Z {"level":30,"time":1791135037614,"pid":4083,"hostname":"runnervm8df0l","userId":"01a107f7-b89e-7220-b05d-4f8010864267","msg":"Welcome email created"}
2026-10-04T17:30:37.6976413Z {"level":30,"time":1791135037638,"pid":4083,"hostname":"runnervm8df0l","userId":"01a107f7-b8c0-7458-b140-b503823dee29","msg":"Email mailboxes provisioned"}
2026-10-04T17:30:37.6976993Z {"level":30,"time":1791135037644,"pid":4083,"hostname":"runnervm8df0l","userId":"01a107f7-b8c0-7458-b140-b503823dee29","msg":"Welcome email created"}
2026-10-04T17:30:37.6977580Z {"level":30,"time":1791135037667,"pid":4083,"hostname":"runnervm8df0l","userId":"01a107f7-b8de-7f30-b924-2b58e12801b8","msg":"Email mailboxes provisioned"}
2026-10-04T17:30:37.6978157Z {"level":30,"time":1791135037671,"pid":4083,"hostname":"runnervm8df0l","userId":"01a107f7-b8de-7f30-b924-2b58e12801b8","msg":"Welcome email created"}
2026-10-04T17:30:37.6978739Z {"level":30,"time":1791135037680,"pid":4083,"hostname":"runnervm8df0l","userId":"01a107f7-b8dd-776b-bd93-b3e9e1d42f83","msg":"Email mailboxes provisioned"}
2026-10-04T17:30:37.6979317Z {"level":30,"time":1791135037684,"pid":4083,"hostname":"runnervm8df0l","userId":"01a107f7-b8dd-776b-bd93-b3e9e1d42f83","msg":"Welcome email created"}
2026-10-04T17:30:37.6979896Z {"level":30,"time":1791135037696,"pid":4083,"hostname":"runnervm8df0l","userId":"01a107f7-b8fc-7dbe-9292-2c635f012999","msg":"Email mailboxes provisioned"}
2026-10-04T17:30:37.8041939Z {"level":30,"time":1791135037701,"pid":4083,"hostname":"runnervm8df0l","userId":"01a107f7-b8fc-7dbe-9292-2c635f012999","msg":"Welcome email created"}
2026-10-04T17:30:37.8091639Z {"level":30,"time":1791135037708,"pid":4083,"hostname":"runnervm8df0l","userId":"01a107f7-b8fc-7dbe-9292-2c635f012999","messageId":"01a107f7-b908-7e49-b498-e33e67fc3bbf","until":"2026-10-04T18:30:37.705Z","msg":"Message snoozed"}
2026-10-04T17:30:37.8121517Z {"level":30,"time":1791135037714,"pid":4083,"hostname":"runnervm8df0l","userId":"01a107f7-b90e-73b2-8577-71bc44c66a22","msg":"Email mailboxes provisioned"}
2026-10-04T17:30:37.8144523Z {"level":30,"time":1791135037718,"pid":4083,"hostname":"runnervm8df0l","userId":"01a107f7-b90e-73b2-8577-71bc44c66a22","msg":"Welcome email created"}
2026-10-04T17:30:37.8167881Z {"level":30,"time":1791135037723,"pid":4083,"hostname":"runnervm8df0l","userId":"01a107f7-b90e-73b2-8577-71bc44c66a22","messageId":"01a107f7-b919-7bb6-8bf8-1af7445849ee","until":"2026-10-04T18:30:37.722Z","msg":"Message snoozed"}
2026-10-04T17:30:37.8201845Z {"level":30,"time":1791135037727,"pid":4083,"hostname":"runnervm8df0l","userId":"01a107f7-b90e-73b2-8577-71bc44c66a22","messageId":"01a107f7-b919-7bb6-8bf8-1af7445849ee","until":"2026-10-04T19:30:37.725Z","msg":"Message snoozed"}
2026-10-04T17:30:37.8291964Z {"level":30,"time":1791135037734,"pid":4083,"hostname":"runnervm8df0l","userId":"01a107f7-b922-7a6e-83d2-e8ed3c5bf9e1","msg":"Email mailboxes provisioned"}
2026-10-04T17:30:37.8292908Z {"level":30,"time":1791135037737,"pid":4083,"hostname":"runnervm8df0l","userId":"01a107f7-b922-7a6e-83d2-e8ed3c5bf9e1","msg":"Welcome email created"}
2026-10-04T17:30:37.8294117Z {"level":30,"time":1791135037742,"pid":4083,"hostname":"runnervm8df0l","userId":"01a107f7-b922-7a6e-83d2-e8ed3c5bf9e1","messageId":"01a107f7-b92b-70d2-9002-a5291cfb7fee","until":"2026-10-04T18:30:37.740Z","msg":"Message snoozed"}
2026-10-04T17:30:37.8295426Z {"level":30,"time":1791135037745,"pid":4083,"hostname":"runnervm8df0l","userId":"01a107f7-b922-7a6e-83d2-e8ed3c5bf9e1","messageId":"01a107f7-b92b-70d2-9002-a5291cfb7fee","msg":"Message unsnoozed"}
2026-10-04T17:30:37.8296462Z {"level":30,"time":1791135037752,"pid":4083,"hostname":"runnervm8df0l","userId":"01a107f7-b934-7f2b-bad6-a439f82746d6","msg":"Email mailboxes provisioned"}
2026-10-04T17:30:37.8297405Z {"level":30,"time":1791135037762,"pid":4083,"hostname":"runnervm8df0l","userId":"01a107f7-b934-7f2b-bad6-a439f82746d6","msg":"Welcome email created"}
2026-10-04T17:30:37.9162002Z {"level":30,"time":1791135037815,"pid":4083,"hostname":"runnervm8df0l","userId":"01a107f7-b956-7630-b19f-82e8a980b9d0","msg":"Email mailboxes provisioned"}
2026-10-04T17:30:37.9181739Z {"level":30,"time":1791135037825,"pid":4083,"hostname":"runnervm8df0l","userId":"01a107f7-b956-7630-b19f-82e8a980b9d0","msg":"Welcome email created"}
2026-10-04T17:30:37.9211984Z {"level":30,"time":1791135037836,"pid":4083,"hostname":"runnervm8df0l","userId":"01a107f7-b956-7630-b19f-82e8a980b9d0","messageId":"01a107f7-b985-7a19-af5b-876d794df748","until":"2026-10-04T18:30:37.832Z","msg":"Message snoozed"}
2026-10-04T17:30:37.9241781Z {"level":30,"time":1791135037844,"pid":4083,"hostname":"runnervm8df0l","userId":"01a107f7-b956-7630-b19f-82e8a980b9d0","messageId":"01a107f7-b987-7cde-9c89-17536d7a5ca1","until":"2026-10-04T19:30:37.840Z","msg":"Message snoozed"}
2026-10-04T17:30:37.9271588Z {"level":30,"time":1791135037855,"pid":4083,"hostname":"runnervm8df0l","userId":"01a107f7-b956-7630-b19f-82e8a980b9d0","messageId":"01a107f7-b985-7a19-af5b-876d794df748","msg":"Message unsnoozed"}
2026-10-04T17:30:37.9272778Z {"level":30,"time":1791135037860,"pid":4083,"hostname":"runnervm8df0l","count":1,"msg":"Snooze cron processed"}
2026-10-04T17:30:38.0394321Z {"level":30,"time":1791135037938,"pid":4083,"hostname":"runnervm8df0l","userId":"01a107f7-b9ec-7faf-ba20-bf472bad4101","msg":"Email mailboxes provisioned"}
2026-10-04T17:30:38.0395208Z {"level":30,"time":1791135038006,"pid":4083,"hostname":"runnervm8df0l","userId":"01a107f7-b9ec-7faf-ba20-bf472bad4101","msg":"Welcome email created"}
2026-10-04T17:30:38.1392761Z {"level":30,"time":1791135038039,"pid":4083,"hostname":"runnervm8df0l","userId":"01a107f7-ba54-7060-91eb-3d16b8464e18","msg":"Email mailboxes provisioned"}
2026-10-04T17:30:38.1393868Z {"level":30,"time":1791135038043,"pid":4083,"hostname":"runnervm8df0l","userId":"01a107f7-ba54-7060-91eb-3d16b8464e18","msg":"Welcome email created"}
2026-10-04T17:30:38.1394540Z {"level":30,"time":1791135038049,"pid":4083,"hostname":"runnervm8df0l","userId":"01a107f7-ba54-7060-91eb-3d16b8464e18","msg":"All email data deleted for user"}
2026-10-04T17:30:38.1395146Z {"level":30,"time":1791135038054,"pid":4083,"hostname":"runnervm8df0l","userId":"01a107f7-ba62-7dfd-a2ea-028a7d1dd6e0","msg":"Email mailboxes provisioned"}
2026-10-04T17:30:38.1395724Z {"level":30,"time":1791135038057,"pid":4083,"hostname":"runnervm8df0l","userId":"01a107f7-ba62-7dfd-a2ea-028a7d1dd6e0","msg":"Welcome email created"}
2026-10-04T17:30:38.1396292Z {"level":30,"time":1791135038069,"pid":4083,"hostname":"runnervm8df0l","userId":"01a107f7-ba72-7085-8b3b-ca3141253916","msg":"Email mailboxes provisioned"}
2026-10-04T17:30:38.1396944Z {"level":30,"time":1791135038072,"pid":4083,"hostname":"runnervm8df0l","userId":"01a107f7-ba72-7085-8b3b-ca3141253916","msg":"Welcome email created"}
2026-10-04T17:30:38.1397800Z {"level":30,"time":1791135038076,"pid":4083,"hostname":"runnervm8df0l","sender":"nolist-c3a18cda@example.com","msg":"No List-Unsubscribe available, falling back to block"}
2026-10-04T17:30:38.1398428Z {"level":30,"time":1791135038092,"pid":4083,"hostname":"runnervm8df0l","userId":"01a107f7-ba89-72ff-9d41-99e177b007a0","msg":"Email mailboxes provisioned"}
2026-10-04T17:30:38.1399108Z {"level":30,"time":1791135038096,"pid":4083,"hostname":"runnervm8df0l","userId":"01a107f7-ba89-72ff-9d41-99e177b007a0","msg":"Welcome email created"}
2026-10-04T17:30:38.1399922Z {"level":30,"time":1791135038101,"pid":4083,"hostname":"runnervm8df0l","userId":"01a107f7-ba89-72ff-9d41-99e177b007a0","messageId":"01a107f7-ba92-7ccd-9f3d-25dfb3ee68aa","to":"alice@example.com","msg":"Read receipt (MDN) sent"}
2026-10-04T17:30:38.1400814Z {"level":30,"time":1791135038106,"pid":4083,"hostname":"runnervm8df0l","userId":"01a107f7-ba97-7cd6-b9df-e18945f5f675","msg":"Email mailboxes provisioned"}
2026-10-04T17:30:38.1401380Z {"level":30,"time":1791135038110,"pid":4083,"hostname":"runnervm8df0l","userId":"01a107f7-ba97-7cd6-b9df-e18945f5f675","msg":"Welcome email created"}
2026-10-04T17:30:38.1401960Z {"level":30,"time":1791135038117,"pid":4083,"hostname":"runnervm8df0l","userId":"01a107f7-baa2-723d-b6e5-085ea4962ca5","msg":"Email mailboxes provisioned"}
2026-10-04T17:30:38.1402516Z {"level":30,"time":1791135038120,"pid":4083,"hostname":"runnervm8df0l","userId":"01a107f7-baa2-723d-b6e5-085ea4962ca5","msg":"Welcome email created"}
2026-10-04T17:30:38.1403309Z {"level":30,"time":1791135038135,"pid":4083,"hostname":"runnervm8df0l","userId":"01a107f7-bab3-795f-b1d7-9775f85e6e5b","msg":"Email mailboxes provisioned"}
2026-10-04T17:30:38.1404077Z {"level":30,"time":1791135038138,"pid":4083,"hostname":"runnervm8df0l","userId":"01a107f7-bab3-795f-b1d7-9775f85e6e5b","msg":"Welcome email created"}
2026-10-04T17:30:38.2057601Z PASS src/services/__tests__/emailService.messages.test.ts
2026-10-04T17:30:38.4547540Z {"level":30,"time":1791135038354,"pid":4083,"hostname":"runnervm8df0l","maxPoolSize":8,"msg":"Connected to PostgreSQL successfully"}
2026-10-04T17:30:38.5742116Z PASS src/services/__tests__/signedRecord.service.test.ts
2026-10-04T17:30:39.2843315Z PASS src/routes/__tests__/identityExport.test.ts
2026-10-04T17:30:40.0222098Z PASS src/routes/__tests__/serviceActingAsVerify.test.ts
2026-10-04T17:30:40.3936424Z PASS src/services/__tests__/inferenceAutoClassifierChild.test.ts
2026-10-04T17:30:40.6383828Z {"level":30,"time":1791135040538,"pid":4083,"hostname":"runnervm8df0l","maxPoolSize":8,"msg":"Connected to PostgreSQL successfully"}
2026-10-04T17:30:40.6902858Z PASS src/db/schema/__tests__/signedRecords.test.ts
2026-10-04T17:30:41.1365173Z PASS src/routes/__tests__/assetsScopedMediaToken.test.ts
2026-10-04T17:30:41.2568837Z PASS src/schemas/__tests__/inferenceReporting.schemas.test.ts
2026-10-04T17:30:41.5724215Z {"level":30,"time":1791135041472,"pid":4083,"hostname":"runnervm8df0l","maxPoolSize":8,"msg":"Connected to PostgreSQL successfully"}
2026-10-04T17:30:41.6573028Z PASS src/services/updates/__tests__/manifest.service.test.ts
2026-10-04T17:30:42.1060993Z PASS src/routes/__tests__/inferenceEdgeGateCoverage.test.ts
2026-10-04T17:30:42.3853162Z {"level":30,"time":1791135042285,"pid":4083,"hostname":"runnervm8df0l","maxPoolSize":8,"msg":"Connected to PostgreSQL successfully"}
2026-10-04T17:30:42.4858732Z {"level":30,"time":1791135042385,"pid":4083,"hostname":"runnervm8df0l","userId":"01a107f7-cb4d-7848-8b96-f3c13db30736","msg":"Default bundles seeded"}
2026-10-04T17:30:42.4859455Z {"level":30,"time":1791135042391,"pid":4083,"hostname":"runnervm8df0l","userId":"01a107f7-cb54-72f5-8383-b0a441435a64","msg":"Default bundles seeded"}
2026-10-04T17:30:42.4860011Z {"level":30,"time":1791135042398,"pid":4083,"hostname":"runnervm8df0l","userId":"01a107f7-cb5b-7a40-9436-b4e167402732","msg":"Default bundles seeded"}
2026-10-04T17:30:42.5405590Z PASS src/services/__tests__/emailService.mailSettings.test.ts
2026-10-04T17:30:42.9400931Z {"level":30,"time":1791135042789,"pid":4083,"hostname":"runnervm8df0l","maxPoolSize":8,"msg":"Connected to PostgreSQL successfully"}
2026-10-04T17:30:43.6952228Z PASS src/services/__tests__/subscriptionCreditLedger.test.ts
2026-10-04T17:30:43.7872537Z PASS src/services/federation/__tests__/metaFirstPartyProof.test.ts
2026-10-04T17:30:44.0165217Z {"level":30,"time":1791135043916,"pid":4083,"hostname":"runnervm8df0l","maxPoolSize":8,"msg":"Connected to PostgreSQL successfully"}
2026-10-04T17:30:44.4043316Z FAIL src/services/__tests__/privateCommissioning.test.ts
2026-10-04T17:30:44.4044073Z   ● compiled Node CLI performs dry-run and explicit hash-bound apply on the same owned SQL fixture
2026-10-04T17:30:44.4044322Z 
2026-10-04T17:30:44.4044430Z     expect(received).toMatchObject(expected)
2026-10-04T17:30:44.4044570Z 
2026-10-04T17:30:44.4044684Z     - Expected  - 1
2026-10-04T17:30:44.4044828Z     + Received  + 1
2026-10-04T17:30:44.4044905Z 
2026-10-04T17:30:44.4044962Z       Object {
2026-10-04T17:30:44.4045113Z     -   "exit": 0,
2026-10-04T17:30:44.4045238Z     +   "exit": 1,
2026-10-04T17:30:44.4045355Z       }
2026-10-04T17:30:44.4045419Z 
2026-10-04T17:30:44.4045536Z     [0m [90m 193 |[39m   [36mtry[39m {
2026-10-04T17:30:44.4046083Z      [90m 194 |[39m     [36mconst[39m dry [33m=[39m spawnSync([32m'node'[39m[33m,[39m [command[33m,[39m file][33m,[39m { env[33m,[39m encoding[33m:[39m [32m'utf8'[39m })[33m;[39m
2026-10-04T17:30:44.4046899Z     [31m[1m>[22m[39m[90m 195 |[39m     expect({ exit[33m:[39m dry[33m.[39mstatus[33m,[39m stderr[33m:[39m dry[33m.[39mstderr })[33m.[39mtoMatchObject({ exit[33m:[39m [35m0[39m })[33m;[39m
2026-10-04T17:30:44.4047475Z      [90m     |[39m                                                      [31m[1m^[22m[39m
2026-10-04T17:30:44.4048270Z      [90m 196 |[39m     [36mconst[39m dryReceipt [33m=[39m [33mJSON[39m[33m.[39mparse(dry[33m.[39mstdout[33m.[39msplit([32m'\n'[39m)[33m.[39mfind((line) [33m=>[39m line[33m.[39mincludes([32m'"kind":"scoped-legal-review-v1"'[39m))[33m![39m)[33m;[39m
2026-10-04T17:30:44.4049153Z      [90m 197 |[39m     expect(dryReceipt)[33m.[39mtoMatchObject({ applied[33m:[39m [36mfalse[39m[33m,[39m publicServingApproved[33m:[39m [36mfalse[39m })[33m;[39m
2026-10-04T17:30:44.4050157Z      [90m 198 |[39m     [36mconst[39m apply [33m=[39m spawnSync([32m'node'[39m[33m,[39m [command[33m,[39m file[33m,[39m [32m'--apply'[39m[33m,[39m dryReceipt[33m.[39mplanSha256][33m,[39m { env[33m,[39m encoding[33m:[39m [32m'utf8'[39m })[33m;[39m[0m
2026-10-04T17:30:44.4050797Z 
2026-10-04T17:30:44.4050937Z       at src/services/__tests__/privateCommissioning.test.ts:195:54
2026-10-04T17:30:44.4051272Z       at fulfilled (src/services/__tests__/privateCommissioning.test.ts:38:58)
2026-10-04T17:30:44.4051887Z 
2026-10-04T17:30:45.9266899Z {"level":30,"time":1791135045825,"pid":4083,"hostname":"runnervm8df0l","maxPoolSize":8,"msg":"Connected to PostgreSQL successfully"}
2026-10-04T17:30:45.9267860Z {"level":30,"time":1791135045916,"pid":4083,"hostname":"runnervm8df0l","sessionId":"de7aeec2","msg":"[SessionService] Deactivated session"}
2026-10-04T17:30:46.0645229Z {"level":50,"time":1791135045963,"pid":4083,"hostname":"runnervm8df0l","component":"SessionService","method":"deactivateSession","sessionId":"5d0442f8-e7f5-490a-90dc-cae0e88fbfa2","err":{"type":"Object","message":"SESSION_DEACTIVATION_CAS_MISMATCH","stack":"Error: SESSION_DEACTIVATION_CAS_MISMATCH\n    at SessionService.<anonymous> (/home/runner/work/oxy/oxy/packages/api/src/services/session.service.ts:1102:15)\n    at Generator.next (<anonymous>)\n    at fulfilled (/home/runner/work/oxy/oxy/packages/api/src/services/session.service.ts:12279:24)\n    at processTicksAndRejections (node:internal/process/task_queues:104:5)","name":"Error"},"msg":"[SessionService] Failed to deactivate session"}
2026-10-04T17:30:46.0646996Z {"level":30,"time":1791135045968,"pid":4083,"hostname":"runnervm8df0l","sessionId":"e3ebbf34","msg":"[SessionService] Deactivated session"}
2026-10-04T17:30:46.0647512Z {"level":30,"time":1791135045968,"pid":4083,"hostname":"runnervm8df0l","sessionId":"e3ebbf34","msg":"[SessionService] Deactivated session"}
2026-10-04T17:30:46.1994425Z {"level":30,"time":1791135046099,"pid":4083,"hostname":"runnervm8df0l","sessionId":"330bbfd2","msg":"[SessionService] Deactivated session"}
2026-10-04T17:30:46.1995310Z {"level":30,"time":1791135046174,"pid":4083,"hostname":"runnervm8df0l","sessionId":"d9755b35","msg":"[SessionService] Deactivated session"}
2026-10-04T17:30:46.1995924Z {"level":30,"time":1791135046177,"pid":4083,"hostname":"runnervm8df0l","sessionId":"27cc681a","msg":"[SessionService] Deactivated session"}
2026-10-04T17:30:46.4738282Z {"level":30,"time":1791135046373,"pid":4083,"hostname":"runnervm8df0l","sessionId":"3e58070e","msg":"[SessionService] Deactivated session"}
2026-10-04T17:30:46.4738923Z {"level":30,"time":1791135046377,"pid":4083,"hostname":"runnervm8df0l","sessionId":"630c098d","msg":"[SessionService] Deactivated session"}
2026-10-04T17:30:46.4740793Z {"level":50,"time":1791135046406,"pid":4083,"hostname":"runnervm8df0l","component":"SessionService","method":"deactivateSession","sessionId":"41131e66-cd39-47ca-aed1-00f3921891e3","err":{"type":"Object","message":"SESSION_DEACTIVATION_CAS_MISMATCH","stack":"Error: SESSION_DEACTIVATION_CAS_MISMATCH\n    at SessionService.<anonymous> (/home/runner/work/oxy/oxy/packages/api/src/services/session.service.ts:1102:15)\n    at Generator.next (<anonymous>)\n    at fulfilled (/home/runner/work/oxy/oxy/packages/api/src/services/session.service.ts:12279:24)\n    at processTicksAndRejections (node:internal/process/task_queues:104:5)","name":"Error"},"msg":"[SessionService] Failed to deactivate session"}
2026-10-04T17:30:46.6003007Z PASS src/scripts/__tests__/oldIssuerAuthRetirement.db.test.ts
2026-10-04T17:30:46.9155414Z {"level":30,"time":1791135046815,"pid":4083,"hostname":"runnervm8df0l","maxPoolSize":8,"msg":"Connected to PostgreSQL successfully"}
2026-10-04T17:30:46.9156031Z {"level":50,"time":1791135046834,"pid":4083,"hostname":"runnervm8df0l","msg":"ApiError [400] BAD_REQUEST: Validation failed"}
2026-10-04T17:30:47.6378504Z {"level":50,"time":1791135047537,"pid":4083,"hostname":"runnervm8df0l","msg":"ApiError [400] BAD_REQUEST: Validation failed"}
2026-10-04T17:30:47.9369679Z {"level":50,"time":1791135047836,"pid":4083,"hostname":"runnervm8df0l","msg":"ApiError [400] BAD_REQUEST: Validation failed"}
2026-10-04T17:30:49.4162426Z {"level":30,"time":1791135049315,"pid":4083,"hostname":"runnervm8df0l","count":1,"userId":"01a107f7-e5ba-7839-9c69-d83416f46eba","msg":"[SessionService] Deactivated sessions for user"}
2026-10-04T17:30:49.6927606Z {"level":30,"time":1791135049592,"pid":4083,"hostname":"runnervm8df0l","count":0,"userId":"01a107f7-e666-70a6-912f-8d3f96599d21","msg":"[SessionService] Deactivated sessions for user"}
2026-10-04T17:30:50.2468269Z {"level":30,"time":1791135050146,"pid":4083,"hostname":"runnervm8df0l","count":0,"userId":"01a107f7-e88f-7d7d-bf8e-beede5cc86b1","msg":"[SessionService] Deactivated sessions for user"}
2026-10-04T17:31:00.4454129Z {"level":30,"time":1791135060344,"pid":4083,"hostname":"runnervm8df0l","count":0,"userId":"01a107f8-1054-711c-9f08-b42951dd2c01","msg":"[SessionService] Deactivated sessions for user"}
2026-10-04T17:31:00.9150943Z {"level":30,"time":1791135060765,"pid":4083,"hostname":"runnervm8df0l","count":1,"userId":"01a107f8-1054-711c-9f08-b42951dd2c01","msg":"[SessionService] Deactivated sessions for user"}
2026-10-04T17:31:00.9151642Z PASS src/routes/__tests__/accountSecurity.test.ts (14.177 s)
2026-10-04T17:31:00.9152124Z {"level":50,"time":1791135060782,"pid":4083,"hostname":"runnervm8df0l","msg":"ApiError [403] SIGNIN_ORIGIN_NOT_ALLOWED: Only official Oxy apps can do this here."}
2026-10-04T17:31:00.9152792Z {"level":40,"time":1791135060787,"pid":4083,"hostname":"runnervm8df0l","applicationId":"01a107f8-132f-7bcc-ba6f-70b5de6648bc","path":"/email","msg":"device.lane.third_party_refused"}
2026-10-04T17:31:01.5292246Z PASS src/services/__tests__/kaanaProviderCostFeed.service.test.ts
2026-10-04T17:31:02.6561680Z PASS src/routes/__tests__/followsV2.test.ts
2026-10-04T17:31:02.8617606Z PASS src/services/__tests__/did.service.test.ts
2026-10-04T17:31:03.9228707Z PASS src/capabilities/__tests__/inbox.contract.test.ts
2026-10-04T17:31:04.7656904Z PASS src/routes/__tests__/reputationReadAuthz.test.ts
2026-10-04T17:31:05.1525201Z PASS src/controllers/__tests__/devices.controller.test.ts
2026-10-04T17:31:05.5910096Z PASS src/routes/__tests__/sessionClaim.test.ts
2026-10-04T17:31:05.7521497Z PASS src/middleware/__tests__/serviceCredentialRateLimit.test.ts
2026-10-04T17:31:06.0239311Z {"level":40,"time":1791135065723,"pid":4083,"hostname":"runnervm8df0l","kid":"dev-ephemeral-57f50204dddd","msg":"[ServiceToken] no signing key configured; minting with a per-process ephemeral Ed25519 key"}
2026-10-04T17:31:06.1468801Z {"level":30,"time":1791135066046,"pid":4083,"hostname":"runnervm8df0l","maxPoolSize":8,"msg":"Connected to PostgreSQL successfully"}
2026-10-04T17:31:06.3335993Z PASS src/services/__tests__/entitlement.service.test.ts
2026-10-04T17:31:06.5437204Z {"level":30,"time":1791135066443,"pid":4083,"hostname":"runnervm8df0l","maxPoolSize":8,"msg":"Connected to PostgreSQL successfully"}
2026-10-04T17:31:06.6076846Z PASS src/db/schema/__tests__/followGraph.schema.test.ts
2026-10-04T17:31:06.9379228Z PASS src/services/__tests__/scopedAdmission.test.ts
2026-10-04T17:31:07.1816766Z {"level":30,"time":1791135067081,"pid":4083,"hostname":"runnervm8df0l","maxPoolSize":8,"msg":"Connected to PostgreSQL successfully"}
2026-10-04T17:31:07.2707744Z PASS src/services/__tests__/oauthCode.service.test.ts
2026-10-04T17:31:07.5192391Z PASS src/routes/__tests__/nodeLimiterOrdering.test.ts
2026-10-04T17:31:07.7255466Z PASS src/config/__tests__/dynamicOriginRegistry.test.ts
2026-10-04T17:31:07.7965942Z PASS src/scripts/__tests__/internalCostCenterSpecs.test.ts
2026-10-04T17:31:08.1536774Z PASS src/routes/__tests__/sessionStatus.contract.test.ts
2026-10-04T17:31:08.5019988Z {"level":30,"time":1791135068401,"pid":4083,"hostname":"runnervm8df0l","maxPoolSize":8,"msg":"Connected to PostgreSQL successfully"}
2026-10-04T17:31:08.8198258Z PASS src/services/__tests__/store.service.test.ts
2026-10-04T17:31:09.0678483Z {"level":30,"time":1791135068967,"pid":4083,"hostname":"runnervm8df0l","maxPoolSize":8,"msg":"Connected to PostgreSQL successfully"}
2026-10-04T17:31:09.1867260Z PASS src/services/__tests__/inferencePowerLevels.test.ts
2026-10-04T17:31:10.0459975Z PASS src/routes/__tests__/isolatedOAuthLogout.test.ts
2026-10-04T17:31:10.3413872Z {"level":30,"time":1791135070241,"pid":4083,"hostname":"runnervm8df0l","maxPoolSize":8,"msg":"Connected to PostgreSQL successfully"}
2026-10-04T17:31:10.3414516Z {"level":30,"time":1791135070266,"pid":4083,"hostname":"runnervm8df0l","userId":"01a107f8-3836-7324-b262-2bff7a697301","msg":"Email mailboxes provisioned"}
2026-10-04T17:31:10.3415590Z {"level":30,"time":1791135070272,"pid":4083,"hostname":"runnervm8df0l","userId":"01a107f8-3836-7324-b262-2bff7a697301","msg":"Welcome email created"}
2026-10-04T17:31:10.3416184Z {"level":30,"time":1791135070333,"pid":4083,"hostname":"runnervm8df0l","userId":"01a107f8-3879-75fb-a813-0a29b79000c3","msg":"Email mailboxes provisioned"}
2026-10-04T17:31:10.3416770Z {"level":30,"time":1791135070338,"pid":4083,"hostname":"runnervm8df0l","userId":"01a107f8-3879-75fb-a813-0a29b79000c3","msg":"Welcome email created"}
2026-10-04T17:31:10.4585515Z {"level":30,"time":1791135070350,"pid":4083,"hostname":"runnervm8df0l","userId":"01a107f8-3887-7941-b271-8697ef619789","count":7,"msg":"Synced missing default mailboxes"}
2026-10-04T17:31:10.4586537Z {"level":30,"time":1791135070364,"pid":4083,"hostname":"runnervm8df0l","userId":"01a107f8-3898-770e-943f-25237b5a3366","msg":"Email mailboxes provisioned"}
2026-10-04T17:31:10.4587470Z {"level":30,"time":1791135070368,"pid":4083,"hostname":"runnervm8df0l","userId":"01a107f8-3898-770e-943f-25237b5a3366","msg":"Welcome email created"}
2026-10-04T17:31:10.4588606Z {"level":30,"time":1791135070372,"pid":4083,"hostname":"runnervm8df0l","userId":"01a107f8-3899-7d7d-886a-67e7c16ada6b","msg":"Email mailboxes provisioned"}
2026-10-04T17:31:10.4589053Z PASS src/services/__tests__/emailService.mailboxes.test.ts
2026-10-04T17:31:10.4589492Z {"level":30,"time":1791135070376,"pid":4083,"hostname":"runnervm8df0l","userId":"01a107f8-3899-7d7d-886a-67e7c16ada6b","msg":"Welcome email created"}
2026-10-04T17:31:11.1156919Z PASS src/routes/__tests__/billingTopUpVelocity.test.ts
2026-10-04T17:31:11.3554495Z {"level":30,"time":1791135071255,"pid":4083,"hostname":"runnervm8df0l","maxPoolSize":8,"msg":"Connected to PostgreSQL successfully"}
2026-10-04T17:31:11.4955616Z PASS src/services/__tests__/user.service.textNormalization.test.ts
2026-10-04T17:31:11.8329883Z PASS src/routes/__tests__/storeWriteLimiterKey.test.ts
2026-10-04T17:31:12.4348243Z PASS src/routes/__tests__/accountsBillingAuditAuthorization.test.ts
2026-10-04T17:31:12.7234030Z {"level":30,"time":1791135072623,"pid":4083,"hostname":"runnervm8df0l","maxPoolSize":8,"msg":"Connected to PostgreSQL successfully"}
2026-10-04T17:31:12.7235368Z {"level":30,"time":1791135072680,"pid":4083,"hostname":"runnervm8df0l","sessionToken":"at_d0434...","userId":"01a107f8-4170-7458-9b2d-725feecbd8b3","applicationId":"01a107f8-4198-7a19-b286-13b8345be225","msg":"Auth session authorized"}
2026-10-04T17:31:12.8537161Z {"level":30,"time":1791135072753,"pid":4083,"hostname":"runnervm8df0l","sessionToken":"at_d0434...","sessionId":"35ede884-252f-4ffe-995c-e625e1044827","userId":"01a107f8-4170-7458-9b2d-725feecbd8b3","applicationId":"01a107f8-4198-7a19-b286-13b8345be225","msg":"[AuthSession] Claim succeeded"}
2026-10-04T17:31:12.8538246Z {"level":30,"time":1791135072837,"pid":4083,"hostname":"runnervm8df0l","sessionToken":"at_11dcc...","userId":"01a107f8-41f5-7058-8dc3-6e12654d74e9","applicationId":"01a107f8-4225-7841-bf6d-a85f87b3e5a7","msg":"Auth session authorized"}
2026-10-04T17:31:13.0287946Z {"level":30,"time":1791135072882,"pid":4083,"hostname":"runnervm8df0l","sessionToken":"at_11dcc...","sessionId":"ab6126ef-1cd6-461e-8654-4bfc6192ca25","userId":"01a107f8-41f5-7058-8dc3-6e12654d74e9","applicationId":"01a107f8-4225-7841-bf6d-a85f87b3e5a7","msg":"[AuthSession] Claim succeeded"}
2026-10-04T17:31:13.0289063Z PASS src/routes/__tests__/deviceFlowSessionBinding.test.ts
2026-10-04T17:31:13.3218871Z PASS src/routes/__tests__/identityRecords.test.ts
2026-10-04T17:31:13.5515778Z {"level":30,"time":1791135073451,"pid":4083,"hostname":"runnervm8df0l","maxPoolSize":8,"msg":"Connected to PostgreSQL successfully"}
2026-10-04T17:31:13.5516336Z {"level":50,"time":1791135073535,"pid":4083,"hostname":"runnervm8df0l","msg":"ApiError [400] BAD_REQUEST: Validation failed"}
2026-10-04T17:31:13.5516893Z {"level":50,"time":1791135073536,"pid":4083,"hostname":"runnervm8df0l","msg":"ApiError [403] SIGNIN_ORIGIN_NOT_ALLOWED: Only official Oxy apps can do this here."}
2026-10-04T17:31:13.5517871Z {"level":50,"time":1791135073537,"pid":4083,"hostname":"runnervm8df0l","msg":"ApiError [403] SIGNIN_ORIGIN_NOT_ALLOWED: Only official Oxy apps can do this here."}
2026-10-04T17:31:13.5518394Z {"level":50,"time":1791135073548,"pid":4083,"hostname":"runnervm8df0l","msg":"ApiError [400] BAD_REQUEST: Validation failed"}
2026-10-04T17:31:13.5518867Z {"level":50,"time":1791135073548,"pid":4083,"hostname":"runnervm8df0l","msg":"ApiError [400] BAD_REQUEST: Validation failed"}
2026-10-04T17:31:13.6031382Z PASS src/routes/__tests__/accountEmail.test.ts
2026-10-04T17:31:13.8709302Z {"level":30,"time":1791135073758,"pid":4083,"hostname":"runnervm8df0l","maxPoolSize":8,"msg":"Connected to PostgreSQL successfully"}
2026-10-04T17:31:13.8710245Z {"level":40,"time":1791135073838,"pid":4083,"hostname":"runnervm8df0l","eventId":"01a107f8-461a-7015-b05e-42c3af547663","applicationId":"01a107f8-4619-7ba3-bc30-3faba056ce1e","attempts":1,"status":503,"deadLetter":false,"error":"Receiver answered HTTP 503","msg":"[AccountEventWebhook] Delivery failed"}
2026-10-04T17:31:13.8712195Z {"level":40,"time":1791135073844,"pid":4083,"hostname":"runnervm8df0l","eventId":"01a107f8-461a-7015-b05e-42c3af547663","applicationId":"01a107f8-4619-7ba3-bc30-3faba056ce1e","attempts":2,"status":503,"deadLetter":false,"error":"Receiver answered HTTP 503","msg":"[AccountEventWebhook] Delivery failed"}
2026-10-04T17:31:13.9854782Z {"level":40,"time":1791135073884,"pid":4083,"hostname":"runnervm8df0l","eventId":"01a107f8-463a-7900-adab-f229ee8341eb","applicationId":"01a107f8-4638-7f2e-8150-207be81fc7e2","attempts":16,"status":null,"deadLetter":true,"error":"connect ECONNREFUSED","msg":"[AccountEventWebhook] Delivery failed"}
2026-10-04T17:31:13.9856856Z {"level":40,"time":1791135073908,"pid":4083,"hostname":"runnervm8df0l","eventId":"01a107f8-4662-7f00-b55f-75d9ff0126a4","applicationId":"01a107f8-4660-74b5-b85e-7d7f780aeb7c","attempts":1,"status":null,"deadLetter":false,"error":"Webhook URL refused by the SSRF guard: resolves to a private address","msg":"[AccountEventWebhook] Delivery failed"}
2026-10-04T17:31:13.9858169Z PASS src/services/__tests__/accountEventWebhook.worker.test.ts
2026-10-04T17:31:14.2846003Z PASS src/services/__tests__/appAffinity.service.test.ts
2026-10-04T17:31:14.9836072Z PASS src/routes/__tests__/sessionRequesterLabel.test.ts
2026-10-04T17:31:15.0675711Z PASS src/config/__tests__/kaanaDataPlane.test.ts
2026-10-04T17:31:15.6328715Z PASS src/services/__tests__/botHasNoWayInOfItsOwn.test.ts
2026-10-04T17:31:15.8874232Z {"level":30,"time":1791135075787,"pid":4083,"hostname":"runnervm8df0l","maxPoolSize":8,"msg":"Connected to PostgreSQL successfully"}
2026-10-04T17:31:15.9276768Z PASS src/services/__tests__/appChainWrite.service.test.ts
2026-10-04T17:31:16.1455231Z {"level":30,"time":1791135076044,"pid":4083,"hostname":"runnervm8df0l","maxPoolSize":8,"msg":"Connected to PostgreSQL successfully"}
2026-10-04T17:31:16.2207389Z PASS src/controllers/__tests__/storage.controller.test.ts
2026-10-04T17:31:16.4555270Z {"level":30,"time":1791135076355,"pid":4083,"hostname":"runnervm8df0l","maxPoolSize":8,"msg":"Connected to PostgreSQL successfully"}
2026-10-04T17:31:16.7290999Z PASS src/services/__tests__/user.service.followGraphUnified.test.ts
2026-10-04T17:31:16.9267461Z PASS src/db/__tests__/expiry.test.ts
2026-10-04T17:31:17.0348589Z {"level":30,"time":1791135076843,"pid":4083,"hostname":"runnervm8df0l","maxPoolSize":8,"msg":"Connected to PostgreSQL successfully"}
2026-10-04T17:31:17.1565898Z {"level":30,"time":1791135077055,"pid":4083,"hostname":"runnervm8df0l","maxPoolSize":8,"msg":"Connected to PostgreSQL successfully"}
2026-10-04T17:31:17.2743601Z PASS src/services/__tests__/user.service.getMutualUserIds.test.ts
2026-10-04T17:31:17.5885996Z PASS src/routes/__tests__/authIdentifierLookup.test.ts
2026-10-04T17:31:18.0245916Z {"level":30,"time":1791135077924,"pid":4083,"hostname":"runnervm8df0l","maxPoolSize":8,"msg":"Connected to PostgreSQL successfully"}
2026-10-04T17:31:18.3921552Z {"level":30,"time":1791135078291,"pid":4083,"hostname":"runnervm8df0l","sessionId":"4b06d78e","msg":"[SessionService] Deactivated session"}
2026-10-04T17:31:18.3924011Z {"level":30,"time":1791135078291,"pid":4083,"hostname":"runnervm8df0l","sessionId":"4b06d78e","operatorId":"01a107f8-575a-7949-af03-377c14d05e66","accountId":"01a107f8-573f-73a9-a371-6e01647e36e2","msg":"[SessionService] Managed-account session revoked — operator lost act_as"}
2026-10-04T17:31:18.7101442Z PASS src/routes/__tests__/productAccess.test.ts
2026-10-04T17:31:18.7590881Z PASS src/capabilities/__tests__/inbox.handlers.test.ts
2026-10-04T17:31:18.8959382Z PASS src/routes/__tests__/chainHead.test.ts
2026-10-04T17:31:19.0176293Z PASS src/schemas/__tests__/account.schemas.test.ts
2026-10-04T17:31:19.3441332Z {"level":30,"time":1791135079168,"pid":4083,"hostname":"runnervm8df0l","maxPoolSize":8,"msg":"Connected to PostgreSQL successfully"}
2026-10-04T17:31:19.3442057Z {"level":30,"time":1791135079180,"pid":4083,"hostname":"runnervm8df0l","userId":"01a107f8-5b01-7595-8243-c4cdbd60cfcf","msg":"Email mailboxes provisioned"}
2026-10-04T17:31:19.3443359Z {"level":30,"time":1791135079186,"pid":4083,"hostname":"runnervm8df0l","userId":"01a107f8-5b01-7595-8243-c4cdbd60cfcf","msg":"Welcome email created"}
2026-10-04T17:31:19.3444084Z {"level":30,"time":1791135079197,"pid":4083,"hostname":"runnervm8df0l","userId":"01a107f8-5b01-7595-8243-c4cdbd60cfcf","from":"support@example.com","subject":"Case","mailbox":"INBOX","msg":"Incoming email stored"}
2026-10-04T17:31:19.3444727Z {"level":40,"time":1791135079209,"pid":4083,"hostname":"runnervm8df0l","msg":"Inbox socket emit skipped: Socket.IO not initialised"}
2026-10-04T17:31:19.3445406Z {"level":30,"time":1791135079231,"pid":4083,"hostname":"runnervm8df0l","userId":"01a107f8-5b01-7595-8243-c4cdbd60cfcf","from":"support@example.com","subject":"Case","mailbox":"INBOX","msg":"Incoming email stored"}
2026-10-04T17:31:19.3446040Z {"level":40,"time":1791135079242,"pid":4083,"hostname":"runnervm8df0l","msg":"Inbox socket emit skipped: Socket.IO not initialised"}
2026-10-04T17:31:19.3446481Z PASS src/controllers/__tests__/email.controller.replyThreading.test.ts
2026-10-04T17:31:19.5531380Z PASS src/db/schema/__tests__/agencyPayloadBounds.test.ts
2026-10-04T17:31:19.6737037Z {"level":30,"time":1791135079463,"pid":4083,"hostname":"runnervm8df0l","maxPoolSize":8,"msg":"Connected to PostgreSQL successfully"}
2026-10-04T17:31:19.8558683Z {"level":30,"time":1791135079697,"pid":4083,"hostname":"runnervm8df0l","maxPoolSize":8,"msg":"Connected to PostgreSQL successfully"}
2026-10-04T17:31:19.8668445Z PASS src/services/__tests__/user.service.getViewerRelationship.test.ts
2026-10-04T17:31:19.9632380Z PASS src/middleware/__tests__/idpServiceRateLimit.test.ts
2026-10-04T17:31:20.0564390Z PASS src/controllers/__tests__/emailProxy.controller.test.ts
2026-10-04T17:31:20.1659399Z PASS src/services/__tests__/inferenceRoutingReadiness.test.ts
2026-10-04T17:31:20.4554980Z {"level":30,"time":1791135080301,"pid":4083,"hostname":"runnervm8df0l","maxPoolSize":8,"msg":"Connected to PostgreSQL successfully"}
2026-10-04T17:31:20.4555716Z PASS src/services/__tests__/user.service.languages.test.ts
2026-10-04T17:31:20.5382795Z PASS src/queue/__tests__/transparencyCheckpoint.queue.test.ts
2026-10-04T17:31:20.6892014Z PASS src/__tests__/openapiBaseYaml.test.ts
2026-10-04T17:31:21.2181899Z PASS src/utils/__tests__/username.test.ts
2026-10-04T17:31:21.2991509Z PASS src/services/__tests__/providerCredentialLeak.test.ts
2026-10-04T17:31:21.5277588Z PASS src/services/__tests__/formatUserResponse.fediverse.test.ts
2026-10-04T17:31:21.7619259Z PASS src/routes/__tests__/subscription.routes.test.ts
2026-10-04T17:31:21.8056199Z PASS src/services/__tests__/cardExtraction.disabled.test.ts
2026-10-04T17:31:21.8637382Z PASS src/utils/__tests__/performanceMonitor.test.ts
2026-10-04T17:31:32.0971045Z 
2026-10-04T17:31:32.0971732Z =============================== Coverage summary ===============================
2026-10-04T17:31:32.0972474Z Statements   : 38.27% ( 18186/47517 )
2026-10-04T17:31:32.0972667Z Branches     : 28.35% ( 10269/36210 )
2026-10-04T17:31:32.0972841Z Functions    : 34.17% ( 2688/7865 )
2026-10-04T17:31:32.0973016Z Lines        : 39.38% ( 17291/43899 )
2026-10-04T17:31:32.0973335Z ================================================================================
2026-10-04T17:31:32.0975893Z 
2026-10-04T17:31:32.0977022Z Summary of all failing tests
2026-10-04T17:31:32.0979083Z FAIL src/services/__tests__/privateCommissioning.test.ts
2026-10-04T17:31:32.0981761Z   ● compiled Node CLI performs dry-run and explicit hash-bound apply on the same owned SQL fixture
2026-10-04T17:31:32.0982064Z 
2026-10-04T17:31:32.0982188Z     expect(received).toMatchObject(expected)
2026-10-04T17:31:32.0982354Z 
2026-10-04T17:31:32.0982441Z     - Expected  - 1
2026-10-04T17:31:32.0982629Z     + Received  + 1
2026-10-04T17:31:32.0982734Z 
2026-10-04T17:31:32.0982808Z       Object {
2026-10-04T17:31:32.0982975Z     -   "exit": 0,
2026-10-04T17:31:32.0983170Z     +   "exit": 1,
2026-10-04T17:31:32.0983341Z       }
2026-10-04T17:31:32.0983430Z 
2026-10-04T17:31:32.0983599Z     [0m [90m 193 |[39m   [36mtry[39m {
2026-10-04T17:31:32.0987221Z      [90m 194 |[39m     [36mconst[39m dry [33m=[39m spawnSync([32m'node'[39m[33m,[39m [command[33m,[39m file][33m,[39m { env[33m,[39m encoding[33m:[39m [32m'utf8'[39m })[33m;[39m
2026-10-04T17:31:32.0991001Z     [31m[1m>[22m[39m[90m 195 |[39m     expect({ exit[33m:[39m dry[33m.[39mstatus[33m,[39m stderr[33m:[39m dry[33m.[39mstderr })[33m.[39mtoMatchObject({ exit[33m:[39m [35m0[39m })[33m;[39m
2026-10-04T17:31:32.0991830Z      [90m     |[39m                                                      [31m[1m^[22m[39m
2026-10-04T17:31:32.0996616Z      [90m 196 |[39m     [36mconst[39m dryReceipt [33m=[39m [33mJSON[39m[33m.[39mparse(dry[33m.[39mstdout[33m.[39msplit([32m'\n'[39m)[33m.[39mfind((line) [33m=>[39m line[33m.[39mincludes([32m'"kind":"scoped-legal-review-v1"'[39m))[33m![39m)[33m;[39m
2026-10-04T17:31:32.0999548Z      [90m 197 |[39m     expect(dryReceipt)[33m.[39mtoMatchObject({ applied[33m:[39m [36mfalse[39m[33m,[39m publicServingApproved[33m:[39m [36mfalse[39m })[33m;[39m
2026-10-04T17:31:32.1003691Z      [90m 198 |[39m     [36mconst[39m apply [33m=[39m spawnSync([32m'node'[39m[33m,[39m [command[33m,[39m file[33m,[39m [32m'--apply'[39m[33m,[39m dryReceipt[33m.[39mplanSha256][33m,[39m { env[33m,[39m encoding[33m:[39m [32m'utf8'[39m })[33m;[39m[0m
2026-10-04T17:31:32.1004413Z 
2026-10-04T17:31:32.1004622Z       at src/services/__tests__/privateCommissioning.test.ts:195:54
2026-10-04T17:31:32.1005145Z       at fulfilled (src/services/__tests__/privateCommissioning.test.ts:38:58)
2026-10-04T17:31:32.1005422Z 
2026-10-04T17:31:32.1005576Z 
2026-10-04T17:31:32.1013313Z Test Suites: 1 failed, 89 passed, 90 total
2026-10-04T17:31:32.1013674Z Tests:       1 failed, 1512 passed, 1513 total
2026-10-04T17:31:32.1013951Z Snapshots:   0 total
2026-10-04T17:31:32.1014154Z Time:        94.37 s
2026-10-04T17:31:32.1014358Z Ran all test suites.
2026-10-04T17:31:32.1126889Z {"level":40,"time":1791135081842,"pid":4083,"hostname":"runnervm8df0l","msg":"Slow operation detected: GET /items/:id took 1001ms"}
2026-10-04T17:31:32.1127492Z {"level":40,"time":1791135081842,"pid":4083,"hostname":"runnervm8df0l","msg":"Slow operation detected: GET /items/:id took 1002ms"}
2026-10-04T17:31:32.1128013Z {"level":40,"time":1791135081842,"pid":4083,"hostname":"runnervm8df0l","msg":"Slow operation detected: GET /items/:id took 1003ms"}
2026-10-04T17:31:32.1128515Z {"level":40,"time":1791135081842,"pid":4083,"hostname":"runnervm8df0l","msg":"Slow operation detected: GET /items/:id took 1004ms"}
2026-10-04T17:31:32.1129016Z {"level":40,"time":1791135081842,"pid":4083,"hostname":"runnervm8df0l","msg":"Slow operation detected: GET /items/:id took 1005ms"}
2026-10-04T17:31:32.1129515Z {"level":40,"time":1791135081842,"pid":4083,"hostname":"runnervm8df0l","msg":"Slow operation detected: GET /items/:id took 1006ms"}
2026-10-04T17:31:32.1130247Z {"level":40,"time":1791135081842,"pid":4083,"hostname":"runnervm8df0l","msg":"Slow operation detected: GET /items/:id took 1007ms"}
2026-10-04T17:31:32.1130946Z {"level":40,"time":1791135081842,"pid":4083,"hostname":"runnervm8df0l","msg":"Slow operation detected: GET /items/:id took 1008ms"}
2026-10-04T17:31:32.1131442Z {"level":40,"time":1791135081842,"pid":4083,"hostname":"runnervm8df0l","msg":"Slow operation detected: GET /items/:id took 1009ms"}
2026-10-04T17:31:32.5104055Z Test results written to: coverage/shard-1/jest-results.json
2026-10-04T17:31:32.8343665Z error: script "test:coverage" exited with code 1
2026-10-04T17:31:32.8360030Z ##[error]Process completed with exit code 1.
2026-10-04T17:31:32.8440066Z Post job cleanup.
2026-10-04T17:31:32.9048228Z [command]/usr/bin/git version
2026-10-04T17:31:32.9098487Z git version 2.55.0
2026-10-04T17:31:32.9118480Z Temporarily overriding HOME='/home/runner/work/_temp/53224d56-2084-4fab-ab6d-b9f34e149fae' before making global git config changes
2026-10-04T17:31:32.9119326Z Adding repository directory to the temporary git global config as a safe directory
2026-10-04T17:31:32.9119981Z [command]/usr/bin/git config --global --add safe.directory /home/runner/work/oxy/oxy
2026-10-04T17:31:32.9141822Z Removing SSH command configuration
2026-10-04T17:31:32.9146456Z [command]/usr/bin/git config --local --name-only --get-regexp core\.sshCommand
2026-10-04T17:31:32.9178901Z [command]/usr/bin/git submodule foreach --recursive sh -c "git config --local --name-only --get-regexp 'core\.sshCommand' && git config --local --unset-all 'core.sshCommand' || :"
2026-10-04T17:31:32.9401354Z Removing HTTP extra header
2026-10-04T17:31:32.9406143Z [command]/usr/bin/git config --local --name-only --get-regexp http\.https\:\/\/github\.com\/\.extraheader
2026-10-04T17:31:32.9441289Z [command]/usr/bin/git submodule foreach --recursive sh -c "git config --local --name-only --get-regexp 'http\.https\:\/\/github\.com\/\.extraheader' && git config --local --unset-all 'http.https://github.com/.extraheader' || :"
2026-10-04T17:31:32.9643770Z Removing includeIf entries pointing to credentials config files
2026-10-04T17:31:32.9649537Z [command]/usr/bin/git config --local --name-only --get-regexp ^includeIf\.gitdir:
2026-10-04T17:31:32.9682191Z includeif.gitdir:/home/runner/work/oxy/oxy/.git.path
2026-10-04T17:31:32.9682575Z includeif.gitdir:/home/runner/work/oxy/oxy/.git/worktrees/*.path
2026-10-04T17:31:32.9682861Z includeif.gitdir:/github/workspace/.git.path
2026-10-04T17:31:32.9683130Z includeif.gitdir:/github/workspace/.git/worktrees/*.path
2026-10-04T17:31:32.9688217Z [command]/usr/bin/git config --local --get-all includeif.gitdir:/home/runner/work/oxy/oxy/.git.path
2026-10-04T17:31:32.9711246Z /home/runner/work/_temp/git-credentials-4e407fe8-ed4a-4798-855d-32d0a2817cd2.config
2026-10-04T17:31:32.9718846Z [command]/usr/bin/git config --local --unset includeif.gitdir:/home/runner/work/oxy/oxy/.git.path \/home\/runner\/work\/_temp\/git\-credentials\-4e407fe8\-ed4a\-4798\-855d\-32d0a2817cd2\.config
2026-10-04T17:31:32.9753542Z [command]/usr/bin/git config --local --get-all includeif.gitdir:/home/runner/work/oxy/oxy/.git/worktrees/*.path
2026-10-04T17:31:32.9777082Z /home/runner/work/_temp/git-credentials-4e407fe8-ed4a-4798-855d-32d0a2817cd2.config
2026-10-04T17:31:32.9784298Z [command]/usr/bin/git config --local --unset includeif.gitdir:/home/runner/work/oxy/oxy/.git/worktrees/*.path \/home\/runner\/work\/_temp\/git\-credentials\-4e407fe8\-ed4a\-4798\-855d\-32d0a2817cd2\.config
2026-10-04T17:31:32.9814016Z [command]/usr/bin/git config --local --get-all includeif.gitdir:/github/workspace/.git.path
2026-10-04T17:31:32.9835368Z /github/runner_temp/git-credentials-4e407fe8-ed4a-4798-855d-32d0a2817cd2.config
2026-10-04T17:31:32.9840055Z [command]/usr/bin/git config --local --unset includeif.gitdir:/github/workspace/.git.path \/github\/runner_temp\/git\-credentials\-4e407fe8\-ed4a\-4798\-855d\-32d0a2817cd2\.config
2026-10-04T17:31:32.9869405Z [command]/usr/bin/git config --local --get-all includeif.gitdir:/github/workspace/.git/worktrees/*.path
2026-10-04T17:31:32.9890371Z /github/runner_temp/git-credentials-4e407fe8-ed4a-4798-855d-32d0a2817cd2.config
2026-10-04T17:31:32.9895279Z [command]/usr/bin/git config --local --unset includeif.gitdir:/github/workspace/.git/worktrees/*.path \/github\/runner_temp\/git\-credentials\-4e407fe8\-ed4a\-4798\-855d\-32d0a2817cd2\.config
2026-10-04T17:31:32.9926021Z [command]/usr/bin/git submodule foreach --recursive git config --local --show-origin --name-only --get-regexp remote.origin.url
2026-10-04T17:31:33.0110771Z Removing credentials config '/home/runner/work/_temp/git-credentials-4e407fe8-ed4a-4798-855d-32d0a2817cd2.config'
2026-10-04T17:31:33.0208559Z Print service container logs: 0ef918998ac44be3bffda647741fa99b_postgispostgis1735_10c7a0
2026-10-04T17:31:33.0211555Z ##[command]/usr/bin/docker logs --details 25888a27972b75c906bdd69069bc244bba97d7260bdc4c7e5a3326a019bfeaa6
2026-10-04T17:31:33.0311172Z  The files belonging to this database system will be owned by user "postgres".
2026-10-04T17:31:33.0318792Z  initdb: warning: enabling "trust" authentication for local connections
2026-10-04T17:31:33.0319161Z  This user must also own the server process.
2026-10-04T17:31:33.0321886Z  initdb: hint: You can change this by editing pg_hba.conf or using the option -A, or --auth-local and --auth-host, the next time you run initdb.
2026-10-04T17:31:33.0322428Z  
2026-10-04T17:31:33.0322708Z  The database cluster will be initialized with locale "en_US.utf8".
2026-10-04T17:31:33.0323116Z  The default database encoding has accordingly been set to "UTF8".
2026-10-04T17:31:33.0323573Z  The default text search configuration will be set to "english".
2026-10-04T17:31:33.0323880Z  
2026-10-04T17:31:33.0324058Z  Data page checksums are disabled.
2026-10-04T17:31:33.0324280Z  
2026-10-04T17:31:33.0324550Z  fixing permissions on existing directory /var/lib/postgresql/data ... ok
2026-10-04T17:31:33.0325338Z  2026-10-04 17:28:39.432 UTC [1] LOG:  starting PostgreSQL 17.5 (Debian 17.5-1.pgdg110+1) on x86_64-pc-linux-gnu, compiled by gcc (Debian 10.2.1-6) 10.2.1 20210110, 64-bit
2026-10-04T17:31:33.0326158Z  2026-10-04 17:28:39.432 UTC [1] LOG:  listening on IPv4 address "0.0.0.0", port 5432
2026-10-04T17:31:33.0326566Z  2026-10-04 17:28:39.432 UTC [1] LOG:  listening on IPv6 address "::", port 5432
2026-10-04T17:31:33.0326993Z  2026-10-04 17:28:39.433 UTC [1] LOG:  listening on Unix socket "/var/run/postgresql/.s.PGSQL.5432"
2026-10-04T17:31:33.0327470Z  2026-10-04 17:28:39.435 UTC [72] LOG:  database system was shut down at 2026-10-04 17:28:39 UTC
2026-10-04T17:31:33.0327906Z  2026-10-04 17:28:39.438 UTC [1] LOG:  database system is ready to accept connections
2026-10-04T17:31:33.0328494Z  2026-10-04 17:30:07.825 UTC [159] ERROR:  duplicate key value violates unique constraint "user_follows_follower_id_followed_id_key"
2026-10-04T17:31:33.0329234Z  2026-10-04 17:30:07.825 UTC [159] DETAIL:  Key (follower_id, followed_id)=(01a107f7-443f-7ba0-88c2-b9ab1b29e5b3, 01a107f7-444d-7c7e-9a71-d7cf3ade11ca) already exists.
2026-10-04T17:31:33.0330060Z  2026-10-04 17:30:07.825 UTC [159] STATEMENT:  insert into "user_follows" ("id", "follower_id", "followed_id", "created_at", "updated_at") values ($1, $2, $3, default, default)
2026-10-04T17:31:33.0330921Z  2026-10-04 17:30:07.835 UTC [159] ERROR:  new row for relation "user_follows" violates check constraint "user_follows_not_self_check"
2026-10-04T17:31:33.0331512Z  2026-10-04 17:30:07.835 UTC [159] DETAIL:  Failing row contains (01a107f7-445b-757a-a54b-e2d0249e7df6, 01a107f7-4459-793d-bc65-a94e735b58e6, 01a107f7-4459-793d-bc65-a94e735b58e6, 2026-10-04 17:30:07.835+00, 2026-10-04 17:30:07.835+00).
2026-10-04T17:31:33.0332172Z  2026-10-04 17:30:07.835 UTC [159] STATEMENT:  insert into "user_follows" ("id", "follower_id", "followed_id", "created_at", "updated_at") values ($1, $2, $3, default, default)
2026-10-04T17:31:33.0332683Z  2026-10-04 17:30:07.838 UTC [159] ERROR:  insert or update on table "user_follows" violates foreign key constraint "user_follows_followed_id_users_id_fk"
2026-10-04T17:31:33.0333423Z  2026-10-04 17:30:07.838 UTC [159] DETAIL:  Key (followed_id)=(ghost-f1a01fdbdd7842249d83c8539f3a8356) is not present in table "users".
2026-10-04T17:31:33.0333908Z  2026-10-04 17:30:07.838 UTC [159] STATEMENT:  insert into "user_follows" ("id", "follower_id", "followed_id", "created_at", "updated_at") values ($1, $2, $3, default, default)
2026-10-04T17:31:33.0334413Z  2026-10-04 17:30:07.884 UTC [159] ERROR:  insert or update on table "user_follows" violates foreign key constraint "user_follows_followed_id_users_id_fk"
2026-10-04T17:31:33.0335002Z  2026-10-04 17:30:07.884 UTC [159] DETAIL:  Key (followed_id)=(B1C2D3E4F5061728394A5B6C) is not present in table "users".
2026-10-04T17:31:33.0335459Z  2026-10-04 17:30:07.884 UTC [159] STATEMENT:  insert into "user_follows" ("id", "follower_id", "followed_id", "created_at", "updated_at") values ($1, $2, $3, default, default)
2026-10-04T17:31:33.0335931Z  2026-10-04 17:30:07.890 UTC [159] ERROR:  duplicate key value violates unique constraint "restrictions_user_id_restricted_id_key"
2026-10-04T17:31:33.0336408Z  2026-10-04 17:30:07.890 UTC [159] DETAIL:  Key (user_id, restricted_id)=(01a107f7-448d-7813-bf0e-daf8fa18e09f, 01a107f7-448f-772e-b9da-f8d59a2016eb) already exists.
2026-10-04T17:31:33.0336898Z  2026-10-04 17:30:07.890 UTC [159] STATEMENT:  insert into "restrictions" ("id", "user_id", "restricted_id", "created_at") values ($1, $2, $3, default)
2026-10-04T17:31:33.0337366Z  2026-10-04 17:30:07.898 UTC [159] ERROR:  duplicate key value violates unique constraint "notifications_recipient_id_actor_id_type_entity_id_key"
2026-10-04T17:31:33.0337962Z  2026-10-04 17:30:07.898 UTC [159] DETAIL:  Key (recipient_id, actor_id, type, entity_id)=(01a107f7-4496-7813-aa4c-9e5ed89490ad, 01a107f7-4497-77c6-8aa3-fe978ead737a, like, 369694d403f14145a97dc8a523816da4) already exists.
2026-10-04T17:31:33.0338727Z  2026-10-04 17:30:07.898 UTC [159] STATEMENT:  insert into "notifications" ("id", "recipient_id", "actor_id", "type", "entity_id", "entity_type", "title", "message", "url", "read", "created_at", "updated_at") values ($1, $2, $3, $4, $5, $6, default, default, default, default, default, default)
2026-10-04T17:31:33.0339519Z  2026-10-04 17:30:07.904 UTC [159] ERROR:  insert or update on table "notifications" violates foreign key constraint "notifications_actor_id_users_id_fk"
2026-10-04T17:31:33.0340051Z  2026-10-04 17:30:07.904 UTC [159] DETAIL:  Key (actor_id)=(ghost-a5ebad8f0e3e4b0e9be18af9827728ac) is not present in table "users".
2026-10-04T17:31:33.0340924Z  2026-10-04 17:30:07.904 UTC [159] STATEMENT:  insert into "notifications" ("id", "recipient_id", "actor_id", "type", "entity_id", "entity_type", "title", "message", "url", "read", "created_at", "updated_at") values ($1, $2, $3, $4, $5, $6, default, default, default, default, default, default)
2026-10-04T17:31:33.0341616Z  2026-10-04 17:30:07.908 UTC [159] ERROR:  new row for relation "notifications" violates check constraint "notifications_type_check"
2026-10-04T17:31:33.0342312Z  2026-10-04 17:30:07.908 UTC [159] DETAIL:  Failing row contains (04c1bd456f74480680acd4c620b96789, 01a107f7-44a1-7349-af5c-47e8c1097635, 01a107f7-44a2-7c79-a697-fdde52c91b16, subscribed, 76f7b755370b439e97b06cca3083e0af, post, f, 2026-10-04 17:30:07.908+00, 2026-10-04 17:30:07.908+00, null, null, null).
2026-10-04T17:31:33.0342870Z  2026-10-04 17:30:07.908 UTC [159] STATEMENT:  
2026-10-04T17:31:33.0343124Z  	        insert into notifications (id, recipient_id, actor_id, type, entity_id, entity_type)
2026-10-04T17:31:33.0343379Z  	        values ($1, $2, $3, 'subscribed', $4, 'post')
2026-10-04T17:31:33.0343542Z  	      
2026-10-04T17:31:33.0343808Z  2026-10-04 17:30:07.908 UTC [159] ERROR:  new row for relation "notifications" violates check constraint "notifications_entity_type_check"
2026-10-04T17:31:33.0344500Z  2026-10-04 17:30:07.908 UTC [159] DETAIL:  Failing row contains (9a2b63aa2d0c4d1c966f9d73f74f2c14, 01a107f7-44a1-7349-af5c-47e8c1097635, 01a107f7-44a2-7c79-a697-fdde52c91b16, like, 86218b59b44a4c1183919c49e92b397e, comment, f, 2026-10-04 17:30:07.908+00, 2026-10-04 17:30:07.908+00, null, null, null).
2026-10-04T17:31:33.0345163Z  2026-10-04 17:30:07.908 UTC [159] STATEMENT:  
2026-10-04T17:31:33.0345408Z  	        insert into notifications (id, recipient_id, actor_id, type, entity_id, entity_type)
2026-10-04T17:31:33.0345654Z  	        values ($1, $2, $3, 'like', $4, 'comment')
2026-10-04T17:31:33.0345808Z  	      
2026-10-04T17:31:33.0346055Z  2026-10-04 17:30:07.922 UTC [159] ERROR:  new row for relation "topics" violates check constraint "topics_translations_object_check"
2026-10-04T17:31:33.0346763Z  2026-10-04 17:30:07.922 UTC [159] DETAIL:  Failing row contains (aa68a32fe7d44be68f123583413064bf, badf9b7ddd985, badf9b7ddd985, Bad, null, category, seed, {}, null, null, null, t, [], 'bad':2B 'badf9b7ddd985':1A, 2026-10-04 17:30:07.922+00, 2026-10-04 17:30:07.922+00).
2026-10-04T17:31:33.0347240Z  2026-10-04 17:30:07.922 UTC [159] STATEMENT:  
2026-10-04T17:31:33.0347467Z  	        insert into topics (id, name, slug, display_name, type, source, translations)
2026-10-04T17:31:33.0347720Z  	        values ($1, $2, $3, 'Bad', 'category', 'seed', '[]'::jsonb)
2026-10-04T17:31:33.0347899Z  	      
2026-10-04T17:31:33.0348148Z  2026-10-04 17:30:07.936 UTC [159] ERROR:  new row for relation "user_app_data" violates check constraint "user_app_data_namespace_check"
2026-10-04T17:31:33.0348717Z  2026-10-04 17:30:07.936 UTC [159] DETAIL:  Failing row contains (01a107f7-44c0-76c4-b9c4-0a04ce5b8274, 01a107f7-44bf-7767-9681-f7a4bbd1c186, Academy, progress, null, 2026-10-04 17:30:07.936+00, 2026-10-04 17:30:07.936+00).
2026-10-04T17:31:33.0349358Z  2026-10-04 17:30:07.936 UTC [159] STATEMENT:  insert into "user_app_data" ("id", "user_id", "namespace", "key", "value", "created_at", "updated_at") values ($1, $2, $3, $4, default, default, default)
2026-10-04T17:31:33.0349864Z  2026-10-04 17:30:07.937 UTC [159] ERROR:  new row for relation "user_app_data" violates check constraint "user_app_data_namespace_check"
2026-10-04T17:31:33.0350427Z  2026-10-04 17:30:07.937 UTC [159] DETAIL:  Failing row contains (01a107f7-44c1-763f-be60-ee553d24b735, 01a107f7-44bf-7767-9681-f7a4bbd1c186, aca demy, progress, null, 2026-10-04 17:30:07.937+00, 2026-10-04 17:30:07.937+00).
2026-10-04T17:31:33.0360240Z  2026-10-04 17:30:07.937 UTC [159] STATEMENT:  insert into "user_app_data" ("id", "user_id", "namespace", "key", "value", "created_at", "updated_at") values ($1, $2, $3, $4, default, default, default)
2026-10-04T17:31:33.0360932Z  2026-10-04 17:30:07.938 UTC [159] ERROR:  new row for relation "user_app_data" violates check constraint "user_app_data_namespace_check"
2026-10-04T17:31:33.0361508Z  2026-10-04 17:30:07.938 UTC [159] DETAIL:  Failing row contains (01a107f7-44c2-7f4b-bc40-f43ed90effbe, 01a107f7-44bf-7767-9681-f7a4bbd1c186, aca.demy, progress, null, 2026-10-04 17:30:07.938+00, 2026-10-04 17:30:07.938+00).
2026-10-04T17:31:33.0362150Z  2026-10-04 17:30:07.938 UTC [159] STATEMENT:  insert into "user_app_data" ("id", "user_id", "namespace", "key", "value", "created_at", "updated_at") values ($1, $2, $3, $4, default, default, default)
2026-10-04T17:31:33.0362652Z  2026-10-04 17:30:07.939 UTC [159] ERROR:  new row for relation "user_app_data" violates check constraint "user_app_data_namespace_check"
2026-10-04T17:31:33.0363201Z  2026-10-04 17:30:07.939 UTC [159] DETAIL:  Failing row contains (01a107f7-44c2-71be-b49f-8e1c9258695b, 01a107f7-44bf-7767-9681-f7a4bbd1c186, , progress, null, 2026-10-04 17:30:07.939+00, 2026-10-04 17:30:07.939+00).
2026-10-04T17:31:33.0363824Z  2026-10-04 17:30:07.939 UTC [159] STATEMENT:  insert into "user_app_data" ("id", "user_id", "namespace", "key", "value", "created_at", "updated_at") values ($1, $2, $3, $4, default, default, default)
2026-10-04T17:31:33.0364329Z  2026-10-04 17:30:07.939 UTC [159] ERROR:  new row for relation "user_app_data" violates check constraint "user_app_data_namespace_check"
2026-10-04T17:31:33.0365143Z  2026-10-04 17:30:07.939 UTC [159] DETAIL:  Failing row contains (01a107f7-44c3-7f85-bca6-537599ecd575, 01a107f7-44bf-7767-9681-f7a4bbd1c186, aaaaaaaaaaaaaaaaaaaaaaaaaaaaaaaaaaaaaaaaaaaaaaaaaaaaaaaaaaaaaaaa..., progress, null, 2026-10-04 17:30:07.939+00, 2026-10-04 17:30:07.939+00).
2026-10-04T17:31:33.0365914Z  2026-10-04 17:30:07.939 UTC [159] STATEMENT:  insert into "user_app_data" ("id", "user_id", "namespace", "key", "value", "created_at", "updated_at") values ($1, $2, $3, $4, default, default, default)
2026-10-04T17:31:33.0366409Z  2026-10-04 17:30:07.940 UTC [159] ERROR:  new row for relation "user_app_data" violates check constraint "user_app_data_key_check"
2026-10-04T17:31:33.0367043Z  2026-10-04 17:30:07.940 UTC [159] DETAIL:  Failing row contains (01a107f7-44c4-72e2-a94d-7504ac0c1b70, 01a107f7-44bf-7767-9681-f7a4bbd1c186, academy, Progress, null, 2026-10-04 17:30:07.94+00, 2026-10-04 17:30:07.94+00).
2026-10-04T17:31:33.0367673Z  2026-10-04 17:30:07.940 UTC [159] STATEMENT:  insert into "user_app_data" ("id", "user_id", "namespace", "key", "value", "created_at", "updated_at") values ($1, $2, $3, $4, default, default, default)
2026-10-04T17:31:33.0368168Z  2026-10-04 17:30:07.941 UTC [159] ERROR:  new row for relation "user_app_data" violates check constraint "user_app_data_key_check"
2026-10-04T17:31:33.0368724Z  2026-10-04 17:30:07.941 UTC [159] DETAIL:  Failing row contains (01a107f7-44c4-76e8-8865-3ef15d316949, 01a107f7-44bf-7767-9681-f7a4bbd1c186, academy, pro gress, null, 2026-10-04 17:30:07.941+00, 2026-10-04 17:30:07.941+00).
2026-10-04T17:31:33.0369354Z  2026-10-04 17:30:07.941 UTC [159] STATEMENT:  insert into "user_app_data" ("id", "user_id", "namespace", "key", "value", "created_at", "updated_at") values ($1, $2, $3, $4, default, default, default)
2026-10-04T17:31:33.0369849Z  2026-10-04 17:30:07.942 UTC [159] ERROR:  new row for relation "user_app_data" violates check constraint "user_app_data_key_check"
2026-10-04T17:31:33.0370398Z  2026-10-04 17:30:07.942 UTC [159] DETAIL:  Failing row contains (01a107f7-44c5-7701-8917-a315e37425cc, 01a107f7-44bf-7767-9681-f7a4bbd1c186, academy, pro/gress, null, 2026-10-04 17:30:07.942+00, 2026-10-04 17:30:07.942+00).
2026-10-04T17:31:33.0371171Z  2026-10-04 17:30:07.942 UTC [159] STATEMENT:  insert into "user_app_data" ("id", "user_id", "namespace", "key", "value", "created_at", "updated_at") values ($1, $2, $3, $4, default, default, default)
2026-10-04T17:31:33.0371669Z  2026-10-04 17:30:07.943 UTC [159] ERROR:  new row for relation "user_app_data" violates check constraint "user_app_data_key_check"
2026-10-04T17:31:33.0372211Z  2026-10-04 17:30:07.943 UTC [159] DETAIL:  Failing row contains (01a107f7-44c6-7666-914a-657101bf5aa3, 01a107f7-44bf-7767-9681-f7a4bbd1c186, academy, , null, 2026-10-04 17:30:07.942+00, 2026-10-04 17:30:07.942+00).
2026-10-04T17:31:33.0372830Z  2026-10-04 17:30:07.943 UTC [159] STATEMENT:  insert into "user_app_data" ("id", "user_id", "namespace", "key", "value", "created_at", "updated_at") values ($1, $2, $3, $4, default, default, default)
2026-10-04T17:31:33.0373334Z  2026-10-04 17:30:07.950 UTC [159] ERROR:  duplicate key value violates unique constraint "user_app_data_user_id_namespace_key_key"
2026-10-04T17:31:33.0373787Z  2026-10-04 17:30:07.950 UTC [159] DETAIL:  Key (user_id, namespace, key)=(01a107f7-44cc-77aa-b355-b779c1e7fc07, academy, progress) already exists.
2026-10-04T17:31:33.0374307Z  2026-10-04 17:30:07.950 UTC [159] STATEMENT:  insert into "user_app_data" ("id", "user_id", "namespace", "key", "value", "created_at", "updated_at") values ($1, $2, $3, $4, $5, default, default)
2026-10-04T17:31:33.0374833Z  2026-10-04 17:30:07.954 UTC [159] ERROR:  duplicate key value violates unique constraint "moderation_policy_severity_rules_policy_id_severity_key"
2026-10-04T17:31:33.0375279Z  2026-10-04 17:30:07.954 UTC [159] DETAIL:  Key (policy_id, severity)=(01a107f7-44d0-7f03-9b87-aa274e2ffc34, high) already exists.
2026-10-04T17:31:33.0375802Z  2026-10-04 17:30:07.954 UTC [159] STATEMENT:  insert into "moderation_policy_severity_rules" ("id", "policy_id", "severity", "points", "risk_points", "risk_expiry_days") values ($1, $2, $3, $4, $5, default)
2026-10-04T17:31:33.0376497Z  2026-10-04 17:30:07.959 UTC [159] ERROR:  new row for relation "moderation_policy_severity_rules" violates check constraint "moderation_policy_severity_rules_risk_expiry_days_check"
2026-10-04T17:31:33.0377081Z  2026-10-04 17:30:07.959 UTC [159] DETAIL:  Failing row contains (01a107f7-44d6-7b89-bddb-6344f98e9718, 01a107f7-44d5-7e0a-bdb4-1d6ed0226729, medium, -10, 5, 0).
2026-10-04T17:31:33.0377786Z  2026-10-04 17:30:07.959 UTC [159] STATEMENT:  insert into "moderation_policy_severity_rules" ("id", "policy_id", "severity", "points", "risk_points", "risk_expiry_days") values ($1, $2, $3, $4, $5, $6)
2026-10-04T17:31:33.0378363Z  2026-10-04 17:30:07.961 UTC [159] ERROR:  duplicate key value violates unique constraint "moderation_policy_standing_thresholds_policy_id_standing_key"
2026-10-04T17:31:33.0378827Z  2026-10-04 17:30:07.961 UTC [159] DETAIL:  Key (policy_id, standing)=(01a107f7-44d7-728a-acd1-61bed32725d5, watch) already exists.
2026-10-04T17:31:33.0379299Z  2026-10-04 17:30:07.961 UTC [159] STATEMENT:  insert into "moderation_policy_standing_thresholds" ("id", "policy_id", "standing", "min_risk") values ($1, $2, $3, $4)
2026-10-04T17:31:33.0379806Z  2026-10-04 17:30:07.972 UTC [159] ERROR:  duplicate key value violates unique constraint "conduct_strikes_incident_id_user_id_effect_type_revision_key"
2026-10-04T17:31:33.0380403Z  2026-10-04 17:30:07.972 UTC [159] DETAIL:  Key (incident_id, user_id, effect_type, decision_revision)=(inc-5babbce727104044aadac62c054fa90c, 01a107f7-44e0-7304-94d6-f466a9d34615, conduct_penalty, 1) already exists.
2026-10-04T17:31:33.0381503Z  2026-10-04 17:30:07.972 UTC [159] STATEMENT:  insert into "conduct_strikes" ("id", "user_id", "incident_id", "decision_id", "decision_revision", "application_id", "effect_type", "severity", "risk_points", "family", "status", "expires_at", "policy_version", "transaction_id", "resolved_at", "created_at", "updated_at") values ($1, $2, $3, $4, $5, default, $6, $7, $8, $9, default, default, $10, $11, default, default, default)
2026-10-04T17:31:33.0382417Z  2026-10-04 17:30:07.979 UTC [159] ERROR:  update or delete on table "moderation_policies" violates foreign key constraint "conduct_strikes_policy_version_fk" on table "conduct_strikes"
2026-10-04T17:31:33.0382976Z  2026-10-04 17:30:07.979 UTC [159] DETAIL:  Key (policy_version)=(oxy.test.aa08167a33a1421fb9e5537e7b213107) is still referenced from table "conduct_strikes".
2026-10-04T17:31:33.0383443Z  2026-10-04 17:30:07.979 UTC [159] STATEMENT:  delete from "moderation_policies" where "moderation_policies"."policy_version" = $1
2026-10-04T17:31:33.0383900Z  2026-10-04 17:30:07.983 UTC [159] ERROR:  insert or update on table "conduct_strikes" violates foreign key constraint "conduct_strikes_policy_version_fk"
2026-10-04T17:31:33.0384407Z  2026-10-04 17:30:07.983 UTC [159] DETAIL:  Key (policy_version)=(oxy.absent.dac54758a3c04fe5ad177862295063e4) is not present in table "moderation_policies".
2026-10-04T17:31:33.0385295Z  2026-10-04 17:30:07.983 UTC [159] STATEMENT:  insert into "conduct_strikes" ("id", "user_id", "incident_id", "decision_id", "decision_revision", "application_id", "effect_type", "severity", "risk_points", "family", "status", "expires_at", "policy_version", "transaction_id", "resolved_at", "created_at", "updated_at") values ($1, $2, $3, $4, $5, default, $6, $7, $8, $9, default, default, $10, $11, default, default, default)
2026-10-04T17:31:33.0386139Z  2026-10-04 17:30:07.988 UTC [159] ERROR:  new row for relation "conduct_strikes" violates check constraint "conduct_strikes_resolution_complete_check"
2026-10-04T17:31:33.0387064Z  2026-10-04 17:30:07.988 UTC [159] DETAIL:  Failing row contains (01a107f7-44f2-7637-a100-5c232ede32dd, 01a107f7-44f0-7fbd-aace-4dba0bff8133, inc-aa0609e9b56143a7a2c93505c51faac1, dec-08efb00461f34cf3ad6c7b8aba80bfda, 1, null, conduct_penalty, high, 10, spam, expired, null, oxy.test.25ccc3f3bfe4435385884fe65d523c8c, 01a107f7-44f1-7455-a247-00cafdce41e1, null, 2026-10-04 17:30:07.987+00, 2026-10-04 17:30:07.988+00).
2026-10-04T17:31:33.0388050Z  2026-10-04 17:30:07.988 UTC [159] STATEMENT:  update "conduct_strikes" set "status" = $1, "updated_at" = $2 where "conduct_strikes"."id" = $3
2026-10-04T17:31:33.0388519Z  2026-10-04 17:30:07.989 UTC [159] ERROR:  new row for relation "conduct_strikes" violates check constraint "conduct_strikes_resolution_complete_check"
2026-10-04T17:31:33.0389527Z  2026-10-04 17:30:07.989 UTC [159] DETAIL:  Failing row contains (01a107f7-44f2-7637-a100-5c232ede32dd, 01a107f7-44f0-7fbd-aace-4dba0bff8133, inc-aa0609e9b56143a7a2c93505c51faac1, dec-08efb00461f34cf3ad6c7b8aba80bfda, 1, null, conduct_penalty, high, 10, spam, active, null, oxy.test.25ccc3f3bfe4435385884fe65d523c8c, 01a107f7-44f1-7455-a247-00cafdce41e1, 2026-10-04 17:30:07.989+00, 2026-10-04 17:30:07.987+00, 2026-10-04 17:30:07.989+00).
2026-10-04T17:31:33.0390443Z  2026-10-04 17:30:07.989 UTC [159] STATEMENT:  update "conduct_strikes" set "resolved_at" = $1, "updated_at" = $2 where "conduct_strikes"."id" = $3
2026-10-04T17:31:33.0391047Z  2026-10-04 17:30:08.003 UTC [159] ERROR:  duplicate key value violates unique constraint "moderation_effects_event_id_key"
2026-10-04T17:31:33.0391431Z  2026-10-04 17:30:08.003 UTC [159] DETAIL:  Key (event_id)=(evt-c9009cba91bb4dce96c59e6d868d932e) already exists.
2026-10-04T17:31:33.0392725Z  2026-10-04 17:30:08.003 UTC [159] STATEMENT:  insert into "moderation_effects" ("id", "event_id", "incident_id", "case_id", "decision_id", "decision_revision", "principal_id", "binding_id", "application_id", "credential_id", "effect_type", "status", "points", "active_risk", "severity", "family", "repetition_multiplier", "multi_finding_multiplier", "idempotency_key", "transaction_id", "strike_id", "reversal_transaction_id", "policy_version_universal", "policy_version_application", "policy_version_oxy_conduct", "proof_hash", "applied_at", "reversed_at", "reversal_reason", "created_at", "updated_at") values ($1, $2, $3, $4, $5, $6, $7, $8, $9, default, $10, default, $11, $12, $13, $14, $15, $16, $17, $18, $19, default, $20, $21, $22, $23, default, default, default, default, default)
2026-10-04T17:31:33.0394078Z  2026-10-04 17:30:08.004 UTC [159] ERROR:  duplicate key value violates unique constraint "moderation_effects_incident_principal_type_revision_key"
2026-10-04T17:31:33.0394684Z  2026-10-04 17:30:08.004 UTC [159] DETAIL:  Key (incident_id, principal_id, effect_type, decision_revision)=(inc-94bb27713bb143ef9cbec8092262a64e, 01a107f7-44f7-7893-8d5a-6e12b0728c94, conduct_penalty, 1) already exists.
2026-10-04T17:31:33.0396142Z  2026-10-04 17:30:08.004 UTC [159] STATEMENT:  insert into "moderation_effects" ("id", "event_id", "incident_id", "case_id", "decision_id", "decision_revision", "principal_id", "binding_id", "application_id", "credential_id", "effect_type", "status", "points", "active_risk", "severity", "family", "repetition_multiplier", "multi_finding_multiplier", "idempotency_key", "transaction_id", "strike_id", "reversal_transaction_id", "policy_version_universal", "policy_version_application", "policy_version_oxy_conduct", "proof_hash", "applied_at", "reversed_at", "reversal_reason", "created_at", "updated_at") values ($1, $2, $3, $4, $5, $6, $7, $8, $9, default, $10, default, $11, $12, $13, $14, $15, $16, $17, $18, $19, default, $20, $21, $22, $23, default, default, default, default, default)
2026-10-04T17:31:33.0397491Z  2026-10-04 17:30:08.015 UTC [159] ERROR:  new row for relation "moderation_effects" violates check constraint "moderation_effects_reversal_complete_check"
2026-10-04T17:31:33.0398890Z  2026-10-04 17:30:08.015 UTC [159] DETAIL:  Failing row contains (01a107f7-450e-7587-9221-29e49dab1bf3, evt-fa77bb2f79a94ac2aaf642d76ee7a029, inc-768de3caf2344426a2a5637e0123033c, case-7a730b74a47e4360aa3197e673504cd6, dec-77a91ebe71a1456aa346c37ce2f08b88, 1, 01a107f7-4507-74f5-aefc-b071c6194610, 01a107f7-450b-77a5-b5f2-9934dfaeb2dd, 01a107f7-450d-734e-859d-7bfe75896409, null, conduct_penalty, reversed, -20, 10, high, spam, 1, 1, idem-64d05f71718447948e9f0f2435c9e1e3, 01a107f7-4508-7bfa-af26-3a9b663aa7a3, null, null, universal.1, app.1, oxy.test.4bcdf6016f0045b09f3efe6d14b64392, 98a7a261871f453fa1b5a402f0294c87, 2026-10-04 17:30:08.014818+00, null, null, 2026-10-04 17:30:08.014+00, 2026-10-04 17:30:08.015+00).
2026-10-04T17:31:33.0400332Z  2026-10-04 17:30:08.015 UTC [159] STATEMENT:  update "moderation_effects" set "status" = $1, "updated_at" = $2 where "moderation_effects"."id" = $3
2026-10-04T17:31:33.0400915Z  2026-10-04 17:30:08.019 UTC [159] ERROR:  duplicate key value violates unique constraint "reporter_reputation_profiles_user_id_key"
2026-10-04T17:31:33.0401387Z  2026-10-04 17:30:08.019 UTC [159] DETAIL:  Key (user_id)=(01a107f7-4511-7ac1-bf8d-7f8847e4cb4d) already exists.
2026-10-04T17:31:33.0402154Z  2026-10-04 17:30:08.019 UTC [159] STATEMENT:  insert into "reporter_reputation_profiles" ("id", "user_id", "confirmed", "rejected", "duplicate", "malicious", "confirmed_by_family", "rejected_by_family", "reliability", "confidence", "last_outcome_at", "created_at", "updated_at") values ($1, $2, default, default, default, default, default, default, default, default, default, default, default)
2026-10-04T17:31:33.0403052Z  2026-10-04 17:30:08.026 UTC [159] ERROR:  new row for relation "reporter_reputation_profiles" violates check constraint "reporter_reputation_profiles_confirmed_by_family_object_check"
2026-10-04T17:31:33.0417052Z  2026-10-04 17:30:08.026 UTC [159] DETAIL:  Failing row contains (2ac05909f4de4322a3937753deea95a3, 01a107f7-4519-7962-862c-1b7c4be1fb47, 0, 0, 0, 0, "spam", {}, 0.5, 0, null, 2026-10-04 17:30:08.026+00, 2026-10-04 17:30:08.026+00).
2026-10-04T17:31:33.0417525Z  2026-10-04 17:30:08.026 UTC [159] STATEMENT:  
2026-10-04T17:31:33.0417769Z  	        insert into reporter_reputation_profiles (id, user_id, confirmed_by_family)
2026-10-04T17:31:33.0417998Z  	        values ($1, $2, '"spam"'::jsonb)
2026-10-04T17:31:33.0418146Z  	      
2026-10-04T17:31:33.0418402Z  2026-10-04 17:30:08.037 UTC [159] ERROR:  duplicate key value violates unique constraint "reviewer_reputation_profiles_user_id_key"
2026-10-04T17:31:33.0418791Z  2026-10-04 17:30:08.037 UTC [159] DETAIL:  Key (user_id)=(01a107f7-451b-7aae-a8d8-4878284ff86d) already exists.
2026-10-04T17:31:33.0419721Z  2026-10-04 17:30:08.037 UTC [159] STATEMENT:  insert into "reviewer_reputation_profiles" ("id", "user_id", "status", "agreements", "disagreements", "gold_passed", "gold_failed", "overturned", "global_reliability", "category_reliability", "language_reliability", "unlocked_categories", "languages", "seed_weight", "suspended_at", "created_at", "updated_at") values ($1, $2, default, default, default, default, default, default, default, default, default, default, default, default, default, default, default)
2026-10-04T17:31:33.0420879Z  2026-10-04 17:30:08.040 UTC [159] ERROR:  new row for relation "reviewer_reputation_profiles" violates check constraint "reviewer_reputation_profiles_status_check"
2026-10-04T17:31:33.0421498Z  2026-10-04 17:30:08.040 UTC [159] DETAIL:  Failing row contains (525edae484924e9c85927a96eea75545, 01a107f7-4526-7a06-ade2-f763aaa03f14, banned, 0, 0, 0, 0, 0, 0.5, {}, {}, {}, {}, 0, null, 2026-10-04 17:30:08.04+00, 2026-10-04 17:30:08.04+00).
2026-10-04T17:31:33.0421934Z  2026-10-04 17:30:08.040 UTC [159] STATEMENT:  
2026-10-04T17:31:33.0422141Z  	        insert into reviewer_reputation_profiles (id, user_id, status)
2026-10-04T17:31:33.0422345Z  	        values ($1, $2, 'banned')
2026-10-04T17:31:33.0422482Z  	      
2026-10-04T17:31:33.0422730Z  2026-10-04 17:30:08.045 UTC [159] ERROR:  duplicate key value violates unique constraint "user_analytics_user_id_period_date_key"
2026-10-04T17:31:33.0423188Z  2026-10-04 17:30:08.045 UTC [159] DETAIL:  Key (user_id, period, date)=(01a107f7-452a-7f62-a560-912980ef6742, daily, 2026-07-01 00:00:00+00) already exists.
2026-10-04T17:31:33.0424291Z  2026-10-04 17:30:08.045 UTC [159] STATEMENT:  insert into "user_analytics" ("id", "user_id", "period", "date", "post_views", "profile_views", "engagement_likes", "engagement_replies", "engagement_reposts", "engagement_quotes", "engagement_bookmarks", "reach_impressions", "reach_unique_viewers", "demographics_countries", "demographics_languages", "peak_activity_hour", "peak_activity_count", "created_at", "updated_at") values ($1, $2, $3, $4, default, default, default, default, default, default, default, default, default, default, default, default, default, default, default)
2026-10-04T17:31:33.0425512Z  2026-10-04 17:30:08.051 UTC [159] ERROR:  new row for relation "user_analytics" violates check constraint "user_analytics_peak_activity_hour_check"
2026-10-04T17:31:33.0426206Z  2026-10-04 17:30:08.051 UTC [159] DETAIL:  Failing row contains (01a107f7-4533-7b63-9d7d-d6249e4e426c, 01a107f7-4532-7bf1-8810-6fe2fffa4443, daily, 2026-07-02 00:00:00+00, 0, 0, 0, 0, 0, 0, 0, 0, 0, {}, {}, 24, 0, 2026-10-04 17:30:08.051+00, 2026-10-04 17:30:08.051+00).
2026-10-04T17:31:33.0427428Z  2026-10-04 17:30:08.051 UTC [159] STATEMENT:  insert into "user_analytics" ("id", "user_id", "period", "date", "post_views", "profile_views", "engagement_likes", "engagement_replies", "engagement_reposts", "engagement_quotes", "engagement_bookmarks", "reach_impressions", "reach_unique_viewers", "demographics_countries", "demographics_languages", "peak_activity_hour", "peak_activity_count", "created_at", "updated_at") values ($1, $2, $3, $4, default, default, default, default, default, default, default, default, default, default, default, $5, default, default, default)
2026-10-04T17:31:33.0428553Z  2026-10-04 17:30:21.745 UTC [179] ERROR:  new row for relation "inference_deployments" violates check constraint "inference_deployments_approval_requires_legal_review"
2026-10-04T17:31:33.0429530Z  2026-10-04 17:30:21.745 UTC [179] DETAIL:  Failing row contains (01a107f7-7ab0-7265-81e1-d1aad5263143, 01a107f7-7aac-789c-a2b7-3a507012b8bb, prvf81597a16a, {us-west-2}, f, 0, f, t, null, null, public_payg, public_resale_approved, approved, null, null, null, not_started, null, null, null, active, f, 01a107f7-7aae-7ecd-89ea-10551a4e7ae2, dep_proposed_bc107f689d, null, null, null, null, 2026-10-04 17:30:21.744+00, 2026-10-04 17:30:21.745+00, null, null, null, null).
2026-10-04T17:31:33.0430608Z  2026-10-04 17:30:21.745 UTC [179] STATEMENT:  update "inference_deployments" set "permission_state" = $1, "updated_at" = $2 where "inference_deployments"."id" = $3
2026-10-04T17:31:33.0431100Z  2026-10-04 17:30:21.868 UTC [179] ERROR:  duplicate key value violates unique constraint "inference_deployments_approved_internal_route_id_key"
2026-10-04T17:31:33.0431505Z  2026-10-04 17:30:21.868 UTC [179] DETAIL:  Key (internal_route_id)=(dep_proposed_09ecb31c93) already exists.
2026-10-04T17:31:33.0431933Z  2026-10-04 17:30:21.868 UTC [179] STATEMENT:  update "inference_deployments" set "permission_state" = $1, "updated_at" = $2 where "inference_deployments"."id" = $3
2026-10-04T17:31:33.0432420Z  2026-10-04 17:30:21.899 UTC [179] ERROR:  duplicate key value violates unique constraint "inference_deployments_approved_internal_route_id_key"
2026-10-04T17:31:33.0432822Z  2026-10-04 17:30:21.899 UTC [179] DETAIL:  Key (internal_route_id)=(dep_proposed_5e00db842c) already exists.
2026-10-04T17:31:33.0433578Z  2026-10-04 17:30:21.899 UTC [179] STATEMENT:  update "inference_deployments" set "permission_state" = $1, "permission_state_changed_at" = $2, "permission_state_changed_by_user_id" = $3, "permission_state_note" = $4, "updated_at" = $5 where ("inference_deployments"."id" = $6 and "inference_deployments"."permission_state" = $7) returning "id", "permission_state", "legal_review_status"
2026-10-04T17:31:33.0434399Z  2026-10-04 17:30:21.920 UTC [179] ERROR:  null value in column "id" of relation "inference_deployment_routing_score_events" violates not-null constraint
2026-10-04T17:31:33.0435590Z  2026-10-04 17:30:21.920 UTC [179] DETAIL:  Failing row contains (null, dep_proposed_3fb0dc1f15, 90, provider_contract, scorecard/price, 01a107f7-7b57-761c-ae84-e4651004a031, 80, kaana_measurement, scorecard/latency, 2026-10-04 16:30:21.914+00, 2026-10-04 17:00:21.914+00, 2026-10-05 17:30:21.914+00, 70, kaana_measurement, scorecard/throughput, 2026-10-04 16:30:21.914+00, 2026-10-04 17:00:21.914+00, 2026-10-05 17:30:21.914+00, 80, reviewed_scorecard, scorecard/balanced, scorecard/formula-v1, 2026-10-05 17:30:21.914+00, Reviewed routing evidence, 01a107f7-7b51-75b2-9855-5f39bc35de0d, 2026-10-04 17:30:21.919+00, null, null, null, null, null, null, null).
2026-10-04T17:31:33.0436695Z  2026-10-04 17:30:21.920 UTC [179] STATEMENT:  
2026-10-04T17:31:33.0436897Z  	        insert into inference_deployment_routing_score_events (
2026-10-04T17:31:33.0437087Z  	          deployment_id,
2026-10-04T17:31:33.0437353Z  	          price_score, price_source, price_evidence_ref, price_version_id,
2026-10-04T17:31:33.0437594Z  	          latency_score, latency_source, latency_evidence_ref,
2026-10-04T17:31:33.0437865Z  	          latency_measurement_window_start, latency_measurement_window_end, latency_valid_until,
2026-10-04T17:31:33.0438159Z  	          throughput_score, throughput_source, throughput_evidence_ref,
2026-10-04T17:31:33.0438427Z  	          throughput_measurement_window_start, throughput_measurement_window_end,
2026-10-04T17:31:33.0438647Z  	          throughput_valid_until,
2026-10-04T17:31:33.0438864Z  	          balanced_score, balanced_source, balanced_evidence_ref, balanced_formula_ref,
2026-10-04T17:31:33.0439116Z  	          balanced_valid_until, reason, changed_by_user_id
2026-10-04T17:31:33.0439284Z  	        )
2026-10-04T17:31:33.0439391Z  	        select
2026-10-04T17:31:33.0439505Z  	          deployment_id,
2026-10-04T17:31:33.0439684Z  	          price_score, price_source, price_evidence_ref, price_version_id,
2026-10-04T17:31:33.0439920Z  	          latency_score, latency_source, latency_evidence_ref,
2026-10-04T17:31:33.0440184Z  	          latency_measurement_window_start, latency_measurement_window_end, latency_valid_until,
2026-10-04T17:31:33.0440590Z  	          throughput_score, throughput_source, throughput_evidence_ref,
2026-10-04T17:31:33.0440924Z  	          throughput_measurement_window_start, throughput_measurement_window_end,
2026-10-04T17:31:33.0441146Z  	          throughput_valid_until,
2026-10-04T17:31:33.0441361Z  	          balanced_score, balanced_source, balanced_evidence_ref, balanced_formula_ref,
2026-10-04T17:31:33.0441610Z  	          balanced_valid_until, reason, changed_by_user_id
2026-10-04T17:31:33.0441800Z  	        from inference_deployment_routing_scores
2026-10-04T17:31:33.0441970Z  	        where deployment_id = $1
2026-10-04T17:31:33.0442104Z  	      
2026-10-04T17:31:33.0442414Z  2026-10-04 17:30:21.941 UTC [180] ERROR:  inference_deployment_routing_score_events is append-only: a routing score change is recorded by a new event, never by update
2026-10-04T17:31:33.0442880Z  2026-10-04 17:30:21.941 UTC [180] CONTEXT:  PL/pgSQL function inference_routing_score_event_immutable() line 3 at RAISE
2026-10-04T17:31:33.0443360Z  2026-10-04 17:30:21.941 UTC [180] STATEMENT:  update "inference_deployment_routing_score_events" set "reason" = $1 where "inference_deployment_routing_score_events"."id" = $2
2026-10-04T17:31:33.0443851Z  2026-10-04 17:30:23.402 UTC [183] ERROR:  new row for relation "applications" violates check constraint "applications_type_check"
2026-10-04T17:31:33.0444519Z  2026-10-04 17:30:23.402 UTC [183] DETAIL:  Failing row contains (ac3d1672-680c-49a1-ba45-fd1434fa3ff5, Bad type, null, null, null, null, null, partner, active, f, f, {}, {}, {}, null, null, null, 01a107f7-8128-799a-94d8-a1b006034d94, null, null, 2026-10-04 17:30:23.402+00, 2026-10-04 17:30:23.402+00, {}).
2026-10-04T17:31:33.0445050Z  2026-10-04 17:30:23.402 UTC [183] STATEMENT:  
2026-10-04T17:31:33.0445257Z  	        insert into applications (id, name, owner_account_id, type)
2026-10-04T17:31:33.0445461Z  	        values ($1, 'Bad type', $2, 'partner')
2026-10-04T17:31:33.0445612Z  	      
2026-10-04T17:31:33.0445857Z  2026-10-04 17:30:23.403 UTC [183] ERROR:  new row for relation "applications" violates check constraint "applications_status_check"
2026-10-04T17:31:33.0446622Z  2026-10-04 17:30:23.403 UTC [183] DETAIL:  Failing row contains (421070b0-2e3c-452c-8a75-50649f0ac437, Bad status, null, null, null, null, null, third_party, archived, f, f, {}, {}, {}, null, null, null, 01a107f7-8128-799a-94d8-a1b006034d94, null, null, 2026-10-04 17:30:23.403+00, 2026-10-04 17:30:23.403+00, {}).
2026-10-04T17:31:33.0447158Z  2026-10-04 17:30:23.403 UTC [183] STATEMENT:  
2026-10-04T17:31:33.0447364Z  	        insert into applications (id, name, owner_account_id, status)
2026-10-04T17:31:33.0447569Z  	        values ($1, 'Bad status', $2, 'archived')
2026-10-04T17:31:33.0447721Z  	      
2026-10-04T17:31:33.0448054Z  2026-10-04 17:30:23.407 UTC [183] ERROR:  new row for relation "applications" violates check constraint "applications_scopes_check"
2026-10-04T17:31:33.0448765Z  2026-10-04 17:30:23.407 UTC [183] DETAIL:  Failing row contains (01a107f7-812f-7dab-be4a-5de34dc7e5cc, Bad scope, null, null, null, null, null, third_party, active, f, f, {}, {}, {files:read,admin:everything}, null, null, null, 01a107f7-812c-76c2-a2c1-3c5906cfe760, null, null, 2026-10-04 17:30:23.407+00, 2026-10-04 17:30:23.407+00, {}).
2026-10-04T17:31:33.0450163Z  2026-10-04 17:30:23.407 UTC [183] STATEMENT:  insert into "applications" ("id", "name", "description", "website_url", "privacy_policy_url", "terms_url", "icon", "type", "status", "is_official", "is_internal", "capabilities", "redirect_uris", "scopes", "chain_namespaces", "webhook_url", "webhook_secret", "dev_webhook_url", "owner_account_id", "created_by_user_id", "last_used_at", "created_at", "updated_at") values ($1, $2, default, default, default, default, default, default, default, default, default, default, default, $3, default, default, default, default, $4, default, default, default, default)
2026-10-04T17:31:33.0451380Z  2026-10-04 17:30:23.411 UTC [183] ERROR:  new row for relation "applications" violates check constraint "applications_scopes_check"
2026-10-04T17:31:33.0452084Z  2026-10-04 17:30:23.411 UTC [183] DETAIL:  Failing row contains (4c6a0866-2679-4693-8e0a-9efc3e852b2b, Retired scope, null, null, null, null, null, third_party, active, f, f, {}, {}, {chat:completions}, null, null, null, 01a107f7-8131-72f8-8ef6-07508172141b, null, null, 2026-10-04 17:30:23.41+00, 2026-10-04 17:30:23.41+00, {}).
2026-10-04T17:31:33.0452652Z  2026-10-04 17:30:23.411 UTC [183] STATEMENT:  
2026-10-04T17:31:33.0452861Z  	          insert into applications (id, name, owner_account_id, scopes)
2026-10-04T17:31:33.0453071Z  	          values ($1, 'Retired scope', $2,
2026-10-04T17:31:33.0453227Z  	                  array[$3]::text[])
2026-10-04T17:31:33.0453369Z  	        
2026-10-04T17:31:33.0453620Z  2026-10-04 17:30:23.415 UTC [183] ERROR:  new row for relation "applications" violates check constraint "applications_scopes_check"
2026-10-04T17:31:33.0454315Z  2026-10-04 17:30:23.415 UTC [183] DETAIL:  Failing row contains (d3b5a6ea-a8d7-41ad-98d4-c228ae4f2644, Retired scope, null, null, null, null, null, third_party, active, f, f, {}, {}, {models:read}, null, null, null, 01a107f7-8131-72f8-8ef6-07508172141b, null, null, 2026-10-04 17:30:23.414+00, 2026-10-04 17:30:23.414+00, {}).
2026-10-04T17:31:33.0454876Z  2026-10-04 17:30:23.415 UTC [183] STATEMENT:  
2026-10-04T17:31:33.0455081Z  	          insert into applications (id, name, owner_account_id, scopes)
2026-10-04T17:31:33.0455281Z  	          values ($1, 'Retired scope', $2,
2026-10-04T17:31:33.0455436Z  	                  array[$3]::text[])
2026-10-04T17:31:33.0455573Z  	        
2026-10-04T17:31:33.0455870Z  2026-10-04 17:30:23.479 UTC [183] ERROR:  insert or update on table "applications" violates foreign key constraint "applications_owner_account_id_users_id_fk"
2026-10-04T17:31:33.0456369Z  2026-10-04 17:30:23.479 UTC [183] DETAIL:  Key (owner_account_id)=(missing-1510b197-6daf-42ba-bd00-7077d9af056b) is not present in table "users".
2026-10-04T17:31:33.0457489Z  2026-10-04 17:30:23.479 UTC [183] STATEMENT:  insert into "applications" ("id", "name", "description", "website_url", "privacy_policy_url", "terms_url", "icon", "type", "status", "is_official", "is_internal", "capabilities", "redirect_uris", "scopes", "chain_namespaces", "webhook_url", "webhook_secret", "dev_webhook_url", "owner_account_id", "created_by_user_id", "last_used_at", "created_at", "updated_at") values ($1, $2, default, default, default, default, default, default, default, default, default, default, default, default, default, default, default, default, $3, default, default, default, default)
2026-10-04T17:31:33.0458708Z  2026-10-04 17:30:23.485 UTC [185] ERROR:  new row for relation "application_credentials" violates check constraint "application_credentials_scopes_check"
2026-10-04T17:31:33.0459585Z  2026-10-04 17:30:23.485 UTC [185] DETAIL:  Failing row contains (25802aaf-9792-4c26-b450-9f49dea6f26d, 01a107f7-817a-74d9-bb1b-d01e62c530ad, Retired, oxy_dk_f9cd3879-c0af-4cc0-9bdd-753958be4d62, null, confidential, production, {chat:completions}, active, null, null, null, null, 2026-10-04 17:30:23.484+00, 2026-10-04 17:30:23.484+00, null, null, null).
2026-10-04T17:31:33.0460219Z  2026-10-04 17:30:23.485 UTC [185] STATEMENT:  
2026-10-04T17:31:33.0460390Z  	        insert into application_credentials
2026-10-04T17:31:33.0460743Z  	          (id, application_id, name, public_key, type, environment, scopes)
2026-10-04T17:31:33.0460948Z  	        values ($1, $2, 'Retired', $3,
2026-10-04T17:31:33.0461153Z  	                'confidential', 'production', array['chat:completions']::text[])
2026-10-04T17:31:33.0461351Z  	      
2026-10-04T17:31:33.0461659Z  2026-10-04 17:30:23.499 UTC [184] ERROR:  new row for relation "application_credentials" violates check constraint "application_credentials_rotated_from_not_self_check"
2026-10-04T17:31:33.0462478Z  2026-10-04 17:30:23.499 UTC [184] DETAIL:  Failing row contains (3817cab1-5791-49b7-960c-e94f6456cb2e, 01a107f7-818a-7fd0-a6bf-d7bec66489a8, Self, d9f0998f-a450-4160-9bf5-90808e476677, null, service, production, {}, active, null, null, 3817cab1-5791-49b7-960c-e94f6456cb2e, null, 2026-10-04 17:30:23.499+00, 2026-10-04 17:30:23.499+00, null, null, null).
2026-10-04T17:31:33.0463110Z  2026-10-04 17:30:23.499 UTC [184] STATEMENT:  
2026-10-04T17:31:33.0463280Z  	        insert into application_credentials
2026-10-04T17:31:33.0463521Z  	          (id, application_id, name, public_key, type, environment, rotated_from_credential_id)
2026-10-04T17:31:33.0463785Z  	        values ($1, $2, 'Self', $3, 'service', 'production', $4)
2026-10-04T17:31:33.0463962Z  	      
2026-10-04T17:31:33.0464204Z  2026-10-04 17:30:23.504 UTC [184] ERROR:  duplicate key value violates unique constraint "application_credentials_public_key_key"
2026-10-04T17:31:33.0464617Z  2026-10-04 17:30:23.504 UTC [184] DETAIL:  Key (public_key)=(oxy_dk_6e938263-dfc0-49c2-bbab-e8c7243a133bA) already exists.
2026-10-04T17:31:33.0465524Z  2026-10-04 17:30:23.504 UTC [184] STATEMENT:  insert into "application_credentials" ("id", "application_id", "name", "public_key", "secret_hash", "token_prefix", "token_hash", "type", "environment", "scopes", "status", "last_used_at", "expires_at", "rotated_from_credential_id", "created_by_user_id", "workload_identity_id", "created_at", "updated_at") values ($1, $2, $3, $4, default, default, default, $5, $6, default, default, default, default, default, default, default, default, default)
2026-10-04T17:31:33.0466448Z  2026-10-04 17:30:23.512 UTC [183] ERROR:  duplicate key value violates unique constraint "app_endorsement_edges_idempotency_key"
2026-10-04T17:31:33.0467025Z  2026-10-04 17:30:23.512 UTC [183] DETAIL:  Key (application_id, owner_id, member_id, source_id)=(01a107f7-8193-7934-954d-aa1a7fc143c5, 01a107f7-8194-7948-89f8-5e160b4d44dc, 01a107f7-8195-75f5-b10a-a54f25c94225, null) already exists.
2026-10-04T17:31:33.0467745Z  2026-10-04 17:30:23.512 UTC [183] STATEMENT:  insert into "app_endorsement_edges" ("id", "application_id", "owner_id", "member_id", "source_id", "weight", "created_at", "updated_at") values ($1, $2, $3, $4, default, $5, default, default)
2026-10-04T17:31:33.0468434Z  2026-10-04 17:30:23.524 UTC [185] ERROR:  new row for relation "app_endorsement_edges" violates check constraint "app_endorsement_edges_source_id_check"
2026-10-04T17:31:33.0469119Z  2026-10-04 17:30:23.524 UTC [185] DETAIL:  Failing row contains (01a107f7-81a4-7bac-893b-a07a752a1a26, 01a107f7-81a1-7543-ab4a-e740b6ab0d63, 01a107f7-81a1-7149-9c35-00f7b456d986, 01a107f7-81a3-72a3-ba40-8912577ecf14, , 1, 2026-10-04 17:30:23.524+00, 2026-10-04 17:30:23.524+00).
2026-10-04T17:31:33.0469887Z  2026-10-04 17:30:23.524 UTC [185] STATEMENT:  insert into "app_endorsement_edges" ("id", "application_id", "owner_id", "member_id", "source_id", "weight", "created_at", "updated_at") values ($1, $2, $3, $4, $5, $6, default, default)
2026-10-04T17:31:33.0470650Z  2026-10-04 17:30:23.529 UTC [185] ERROR:  new row for relation "app_endorsement_edges" violates check constraint "app_endorsement_edges_not_self_check"
2026-10-04T17:31:33.0471337Z  2026-10-04 17:30:23.529 UTC [185] DETAIL:  Failing row contains (01a107f7-81a9-769a-8dda-3dbecad6e4cf, 01a107f7-81a8-713a-8d8a-cd219308044b, 01a107f7-81a5-76e4-8229-1a8cf680b971, 01a107f7-81a5-76e4-8229-1a8cf680b971, null, 1, 2026-10-04 17:30:23.529+00, 2026-10-04 17:30:23.529+00).
2026-10-04T17:31:33.0472120Z  2026-10-04 17:30:23.529 UTC [185] STATEMENT:  insert into "app_endorsement_edges" ("id", "application_id", "owner_id", "member_id", "source_id", "weight", "created_at", "updated_at") values ($1, $2, $3, $4, default, $5, default, default)
2026-10-04T17:31:33.0472708Z  2026-10-04 17:30:23.534 UTC [185] ERROR:  new row for relation "app_affinity_edges" violates check constraint "app_affinity_edges_not_self_check"
2026-10-04T17:31:33.0473393Z  2026-10-04 17:30:23.534 UTC [185] DETAIL:  Failing row contains (01a107f7-81ae-7cea-b72b-eb245a6a3480, 01a107f7-81ad-7923-8c2a-03feb09a3305, 01a107f7-81aa-789d-a977-03a87780928c, 01a107f7-81aa-789d-a977-03a87780928c, 0, null, 0, 2026-10-04 17:30:23.534+00, 2026-10-04 17:30:23.534+00).
2026-10-04T17:31:33.0474227Z  2026-10-04 17:30:23.534 UTC [185] STATEMENT:  insert into "app_affinity_edges" ("id", "application_id", "from_user_id", "to_user_id", "affinity", "last_event_at", "event_count", "created_at", "updated_at") values ($1, $2, $3, $4, default, default, default, default, default)
2026-10-04T17:31:33.0474825Z  2026-10-04 17:30:23.551 UTC [184] ERROR:  duplicate key value violates unique constraint "app_affinity_edges_directed_edge_key"
2026-10-04T17:31:33.0475390Z  2026-10-04 17:30:23.551 UTC [184] DETAIL:  Key (application_id, from_user_id, to_user_id)=(01a107f7-81b9-7f0e-bb94-cee443c8ec5d, 01a107f7-81bb-7ae5-a80c-2c7c4edd3151, 01a107f7-81bc-7579-adf6-9594f609de54) already exists.
2026-10-04T17:31:33.0476131Z  2026-10-04 17:30:23.551 UTC [184] STATEMENT:  insert into "app_affinity_edges" ("id", "application_id", "from_user_id", "to_user_id", "affinity", "last_event_at", "event_count", "created_at", "updated_at") values ($1, $2, $3, $4, default, default, default, default, default)
2026-10-04T17:31:33.0476760Z  2026-10-04 17:30:23.562 UTC [185] ERROR:  new row for relation "app_user_signals" violates check constraint "app_user_signals_interest_score_check"
2026-10-04T17:31:33.0477381Z  2026-10-04 17:30:23.562 UTC [185] DETAIL:  Failing row contains (01a107f7-81ca-70cf-a98a-7e311b28b051, 01a107f7-81c8-7b92-9c2c-c401c3cb35ab, 01a107f7-81c9-7d03-97e7-9d35499db2a9, 0, 1.5, null, 2026-10-04 17:30:23.562+00, 2026-10-04 17:30:23.562+00).
2026-10-04T17:31:33.0478141Z  2026-10-04 17:30:23.562 UTC [185] STATEMENT:  insert into "app_user_signals" ("id", "application_id", "user_id", "endorsement_score", "interest_score", "last_endorsed_at", "created_at", "updated_at") values ($1, $2, $3, default, $4, default, default, default)
2026-10-04T17:31:33.0478742Z  2026-10-04 17:30:23.575 UTC [183] ERROR:  duplicate key value violates unique constraint "account_members_account_id_member_user_id_key"
2026-10-04T17:31:33.0479228Z  2026-10-04 17:30:23.575 UTC [183] DETAIL:  Key (account_id, member_user_id)=(01a107f7-81d3-795e-9764-3f898690233d, 01a107f7-81d4-7404-879e-d0ff0df0e94c) already exists.
2026-10-04T17:31:33.0480071Z  2026-10-04 17:30:23.575 UTC [183] STATEMENT:  insert into "account_members" ("id", "account_id", "member_user_id", "role", "permission_grants", "permission_revokes", "inherit", "status", "invited_by_user_id", "joined_at", "created_at", "updated_at") values ($1, $2, $3, $4, default, default, default, default, default, default, default, default)
2026-10-04T17:31:33.0480970Z  2026-10-04 17:30:23.606 UTC [186] ERROR:  new row for relation "api_key_usage_events" violates check constraint "api_key_usage_events_status_code_check"
2026-10-04T17:31:33.0481649Z  2026-10-04 17:30:23.606 UTC [186] DETAIL:  Failing row contains (01a107f7-81f5-76a4-b9ee-032b21794850, 01a107f7-81f4-7d93-bfd0-02fd1eed3472, null, /v1/chat, POST, 42, 0, 0, null, null, api_key, null, 2026-10-04 17:30:23.605+00).
2026-10-04T17:31:33.0482508Z  2026-10-04 17:30:23.606 UTC [186] STATEMENT:  insert into "api_key_usage_events" ("id", "user_id", "application_id", "endpoint", "method", "status_code", "tokens_used", "credits_used", "response_time", "user_agent", "auth_type", "service_app", "created_at") values ($1, $2, default, $3, $4, $5, default, default, default, default, default, default, default)
2026-10-04T17:31:33.0483266Z  2026-10-04 17:30:23.607 UTC [185] ERROR:  new row for relation "api_key_usage_events" violates check constraint "api_key_usage_events_consumption_check"
2026-10-04T17:31:33.0483860Z  2026-10-04 17:30:23.607 UTC [185] DETAIL:  Failing row contains (01a107f7-81f6-73a4-b165-92431bcf6d44, 01a107f7-81f4-7d93-bfd0-02fd1eed3472, null, /v1/chat, POST, 200, 0, -1, null, null, api_key, null, 2026-10-04 17:30:23.606+00).
2026-10-04T17:31:33.0484705Z  2026-10-04 17:30:23.607 UTC [185] STATEMENT:  insert into "api_key_usage_events" ("id", "user_id", "application_id", "endpoint", "method", "status_code", "tokens_used", "credits_used", "response_time", "user_agent", "auth_type", "service_app", "created_at") values ($1, $2, default, $3, $4, $5, default, $6, default, default, default, default, default)
2026-10-04T17:31:33.0485439Z  2026-10-04 17:30:23.626 UTC [185] ERROR:  duplicate key value violates unique constraint "application_moderation_trust_application_id_key"
2026-10-04T17:31:33.0485855Z  2026-10-04 17:30:23.626 UTC [185] DETAIL:  Key (application_id)=(01a107f7-8208-79e9-9a36-697d805a5431) already exists.
2026-10-04T17:31:33.0486736Z  2026-10-04 17:30:23.626 UTC [185] STATEMENT:  insert into "application_moderation_trust" ("id", "application_id", "standing", "evidence_integrity", "identity_binding_reliability", "decision_overturn_rate", "policy_quality", "global_reputation_effects_allowed", "reviewed_by_user_id", "reviewed_at", "review_note", "created_at", "updated_at") values ($1, $2, default, default, default, default, default, default, default, default, default, default, default)
2026-10-04T17:31:33.0487688Z  2026-10-04 17:30:23.629 UTC [186] ERROR:  new row for relation "application_moderation_trust" violates check constraint "application_moderation_trust_scores_check"
2026-10-04T17:31:33.0488315Z  2026-10-04 17:30:23.629 UTC [186] DETAIL:  Failing row contains (01a107f7-820d-70b7-9154-28eec50b07de, 01a107f7-820c-7e3b-82e8-c38a5063f34b, sandbox, 1.2, 0, 0, 0, f, null, null, null, 2026-10-04 17:30:23.629+00, 2026-10-04 17:30:23.629+00).
2026-10-04T17:31:33.0489342Z  2026-10-04 17:30:23.629 UTC [186] STATEMENT:  insert into "application_moderation_trust" ("id", "application_id", "standing", "evidence_integrity", "identity_binding_reliability", "decision_overturn_rate", "policy_quality", "global_reputation_effects_allowed", "reviewed_by_user_id", "reviewed_at", "review_note", "created_at", "updated_at") values ($1, $2, default, $3, default, default, default, default, default, default, default, default, default)
2026-10-04T17:31:33.0490225Z  2026-10-04 17:30:23.635 UTC [185] ERROR:  duplicate key value violates unique constraint "app_grants_user_id_application_id_key"
2026-10-04T17:31:33.0490840Z  2026-10-04 17:30:23.635 UTC [185] DETAIL:  Key (user_id, application_id)=(01a107f7-820e-7354-8d89-a20dcc5ca007, 01a107f7-8210-725e-b8fa-2ff83ab9f64e) already exists.
2026-10-04T17:31:33.0491550Z  2026-10-04 17:30:23.635 UTC [185] STATEMENT:  insert into "app_grants" ("id", "user_id", "application_id", "scopes", "first_granted_at", "last_used_at", "created_at", "updated_at") values ($1, $2, $3, default, default, default, default, default)
2026-10-04T17:31:33.0492026Z  2026-10-04 17:30:31.931 UTC [206] ERROR:  synthetic second-write failure
2026-10-04T17:31:33.0492314Z  2026-10-04 17:30:31.931 UTC [206] CONTEXT:  PL/pgSQL function i05_test_fail_binding() line 1 at RAISE
2026-10-04T17:31:33.0492887Z  2026-10-04 17:30:31.931 UTC [206] STATEMENT:  update "application_workload_identities" set "scopes" = $1, "updated_at" = $2 where ("application_workload_identities"."id" = $3 and xmin::text = $4) returning "id"
2026-10-04T17:31:33.0493345Z  2026-10-04 17:30:32.559 UTC [70] LOG:  checkpoint starting: immediate force wait
2026-10-04T17:31:33.0493921Z  2026-10-04 17:30:32.791 UTC [70] LOG:  checkpoint complete: wrote 4374 buffers (26.7%); 0 WAL file(s) added, 0 removed, 4 recycled; write=0.209 s, sync=0.020 s, total=0.233 s; sync files=1975, longest=0.004 s, average=0.001 s; distance=63033 kB, estimate=63033 kB; lsn=0/7465DC8, redo lsn=0/7465D70
2026-10-04T17:31:33.0494604Z  2026-10-04 17:30:33.770 UTC [211] ERROR:  new row for relation "notifications" violates check constraint "notifications_app_entity_system_only_check"
2026-10-04T17:31:33.0495279Z  2026-10-04 17:30:33.770 UTC [211] DETAIL:  Failing row contains (01a107f7-a9a9-74f7-b790-cd3bb17f56d9, 01a107f7-a9a3-79f6-9e43-078f900f25af, 01a107f7-a9a4-7f91-9cb2-891f0db11c05, like, raw-app, app, f, 2026-10-04 17:30:33.769+00, 2026-10-04 17:30:33.769+00, null, null, null).
2026-10-04T17:31:33.0496112Z  2026-10-04 17:30:33.770 UTC [211] STATEMENT:  insert into "notifications" ("id", "recipient_id", "actor_id", "type", "entity_id", "entity_type", "title", "message", "url", "read", "created_at", "updated_at") values ($1, $2, $3, $4, $5, $6, default, default, default, default, default, default)
2026-10-04T17:31:33.0496745Z  2026-10-04 17:30:33.775 UTC [211] ERROR:  new row for relation "notifications" violates check constraint "notifications_system_text_check"
2026-10-04T17:31:33.0497399Z  2026-10-04 17:30:33.775 UTC [211] DETAIL:  Failing row contains (01a107f7-a9af-756e-80ee-eddc4635c5ab, 01a107f7-a9ab-782b-b0a0-13b39c52b59a, 01a107f7-a9ab-782b-b0a0-13b39c52b59a, system, raw-1, profile, f, 2026-10-04 17:30:33.775+00, 2026-10-04 17:30:33.775+00, null, null, null).
2026-10-04T17:31:33.0498227Z  2026-10-04 17:30:33.775 UTC [211] STATEMENT:  insert into "notifications" ("id", "recipient_id", "actor_id", "type", "entity_id", "entity_type", "title", "message", "url", "read", "created_at", "updated_at") values ($1, $2, $3, $4, $5, $6, default, default, default, default, default, default)
2026-10-04T17:31:33.0498849Z  2026-10-04 17:30:33.776 UTC [210] ERROR:  new row for relation "notifications" violates check constraint "notifications_system_text_check"
2026-10-04T17:31:33.0499493Z  2026-10-04 17:30:33.776 UTC [210] DETAIL:  Failing row contains (01a107f7-a9b0-7360-93f2-ac4285e582e0, 01a107f7-a9ab-782b-b0a0-13b39c52b59a, 01a107f7-a9ac-7020-9c2a-7a91a4444193, follow, raw-2, profile, f, 2026-10-04 17:30:33.776+00, 2026-10-04 17:30:33.776+00, x, y, null).
2026-10-04T17:31:33.0500294Z  2026-10-04 17:30:33.776 UTC [210] STATEMENT:  insert into "notifications" ("id", "recipient_id", "actor_id", "type", "entity_id", "entity_type", "title", "message", "url", "read", "created_at", "updated_at") values ($1, $2, $3, $4, $5, $6, $7, $8, default, default, default, default)
2026-10-04T17:31:33.0501012Z  2026-10-04 17:30:33.818 UTC [211] ERROR:  insert or update on table "notifications" violates foreign key constraint "notifications_recipient_id_users_id_fk"
2026-10-04T17:31:33.0501482Z  2026-10-04 17:30:33.818 UTC [211] DETAIL:  Key (recipient_id)=(fc64693e-cf92-4df7-8087-62aba51ad067) is not present in table "users".
2026-10-04T17:31:33.0502405Z  2026-10-04 17:30:33.818 UTC [211] STATEMENT:  insert into "notifications" ("id", "recipient_id", "actor_id", "type", "entity_id", "entity_type", "title", "message", "url", "read", "created_at", "updated_at") values ($1, $2, $3, $4, $5, $6, default, default, default, default, default, default) on conflict ("recipient_id","actor_id","type","entity_id") do nothing returning "id", "recipient_id", "actor_id", "type", "entity_id", "entity_type", "title", "message", "url", "read", "created_at", "updated_at"
2026-10-04T17:31:33.0503324Z  2026-10-04 17:30:40.582 UTC [246] ERROR:  unsupported Unicode escape sequence
2026-10-04T17:31:33.0503581Z  2026-10-04 17:30:40.582 UTC [246] DETAIL:  \u0000 cannot be converted to text.
2026-10-04T17:31:33.0503930Z  2026-10-04 17:30:40.582 UTC [246] CONTEXT:  JSON data, line 1: {"record":{"nul":"a\u0000...
2026-10-04T17:31:33.0504162Z  	unnamed portal parameter $3 = '...'
2026-10-04T17:31:33.0504330Z  2026-10-04 17:30:40.582 UTC [246] STATEMENT:  
2026-10-04T17:31:33.0504572Z  	        insert into signed_records (id, subject_did, user_id, type, envelope, public_key)
2026-10-04T17:31:33.0504835Z  	        values ($1, 'did:web:oxy.so:u:x', $2, 'identity',
2026-10-04T17:31:33.0505010Z  	                $3::jsonb, 'pk')
2026-10-04T17:31:33.0505149Z  	      
2026-10-04T17:31:33.0505382Z  2026-10-04 17:30:40.586 UTC [246] ERROR:  duplicate key value violates unique constraint "signed_records_user_id_seq_key"
2026-10-04T17:31:33.0505766Z  2026-10-04 17:30:40.586 UTC [246] DETAIL:  Key (user_id, seq)=(01a107f7-c447-7b1e-9fbe-742222c367b4, 0) already exists.
2026-10-04T17:31:33.0506354Z  2026-10-04 17:30:40.586 UTC [246] STATEMENT:  insert into "signed_records" ("id", "subject_did", "user_id", "type", "envelope", "public_key", "verified", "seq", "prev", "record_id", "nsid", "rkey", "created_at") values ($1, $2, $3, $4, $5, $6, default, $7, $8, $9, $10, $11, default)
2026-10-04T17:31:33.0506945Z  2026-10-04 17:30:40.596 UTC [247] ERROR:  duplicate key value violates unique constraint "signed_records_user_id_seq_key"
2026-10-04T17:31:33.0507327Z  2026-10-04 17:30:40.596 UTC [247] DETAIL:  Key (user_id, seq)=(01a107f7-c44b-7d00-819e-e4c686c86b30, 7) already exists.
2026-10-04T17:31:33.0507898Z  2026-10-04 17:30:40.596 UTC [247] STATEMENT:  insert into "signed_records" ("id", "subject_did", "user_id", "type", "envelope", "public_key", "verified", "seq", "prev", "record_id", "nsid", "rkey", "created_at") values ($1, $2, $3, $4, $5, $6, default, $7, $8, $9, $10, $11, default)
2026-10-04T17:31:33.0508523Z  2026-10-04 17:30:40.603 UTC [247] ERROR:  new row for relation "signed_records" violates check constraint "signed_records_chain_completeness_check"
2026-10-04T17:31:33.0509275Z  2026-10-04 17:30:40.603 UTC [247] DETAIL:  Failing row contains (01a107f7-c45a-7a5b-84d0-3fe08f3b332f, did:web:oxy.so:u:01a107f7-c459-70f2-af72-7577f18177e8, 01a107f7-c459-70f2-af72-7577f18177e8, identity, {"alg": "ES256K-DER-SHA256", "type": "identity", "issuer": "did:..., pk, f, 3, null, null, null, null, 2026-10-04 17:30:40.602+00).
2026-10-04T17:31:33.0510192Z  2026-10-04 17:30:40.603 UTC [247] STATEMENT:  insert into "signed_records" ("id", "subject_did", "user_id", "type", "envelope", "public_key", "verified", "seq", "prev", "record_id", "nsid", "rkey", "created_at") values ($1, $2, $3, $4, $5, $6, default, $7, default, default, default, default, default)
2026-10-04T17:31:33.0510943Z  2026-10-04 17:30:40.606 UTC [247] ERROR:  insert or update on table "signed_records" violates foreign key constraint "signed_records_prev_signed_records_record_id_fk"
2026-10-04T17:31:33.0511455Z  2026-10-04 17:30:40.606 UTC [247] DETAIL:  Key (prev)=(never-stored-852e9722-62d9-4130-a557-f164e92adbc3) is not present in table "signed_records".
2026-10-04T17:31:33.0512087Z  2026-10-04 17:30:40.606 UTC [247] STATEMENT:  insert into "signed_records" ("id", "subject_did", "user_id", "type", "envelope", "public_key", "verified", "seq", "prev", "record_id", "nsid", "rkey", "created_at") values ($1, $2, $3, $4, $5, $6, default, $7, $8, $9, $10, $11, default)
2026-10-04T17:31:33.0512774Z  2026-10-04 17:30:40.608 UTC [247] ERROR:  new row for relation "signed_records" violates check constraint "signed_records_type_check"
2026-10-04T17:31:33.0513369Z  2026-10-04 17:30:40.608 UTC [247] DETAIL:  Failing row contains (59b95e48-992a-491a-9c36-72e3b566493b, did:web:oxy.so:u:x, 01a107f7-c45e-75d8-b6a2-898331fa55ef, app.syra.listen, {}, pk, f, null, null, null, null, null, 2026-10-04 17:30:40.608+00).
2026-10-04T17:31:33.0513831Z  2026-10-04 17:30:40.608 UTC [247] STATEMENT:  
2026-10-04T17:31:33.0514067Z  	        insert into signed_records (id, subject_did, user_id, type, envelope, public_key)
2026-10-04T17:31:33.0514356Z  	        values ($1, 'did:web:oxy.so:u:x', $2, 'app.syra.listen', '{}'::jsonb, 'pk')
2026-10-04T17:31:33.0514555Z  	      
2026-10-04T17:31:33.0514940Z  2026-10-04 17:30:40.611 UTC [247] ERROR:  insert or update on table "repo_heads" violates foreign key constraint "repo_heads_head_record_id_signed_records_record_id_fk"
2026-10-04T17:31:33.0515458Z  2026-10-04 17:30:40.611 UTC [247] DETAIL:  Key (head_record_id)=(ghost-78d0af82-5083-453e-a643-37160c5e566b) is not present in table "signed_records".
2026-10-04T17:31:33.0516036Z  2026-10-04 17:30:40.611 UTC [247] STATEMENT:  insert into "repo_heads" ("id", "user_id", "subject_did", "seq", "head_record_id", "record_count", "created_at", "updated_at") values ($1, $2, $3, $4, $5, $6, default, default)
2026-10-04T17:31:33.0516546Z  2026-10-04 17:30:40.617 UTC [247] ERROR:  duplicate key value violates unique constraint "repo_heads_userId_unique"
2026-10-04T17:31:33.0516907Z  2026-10-04 17:30:40.617 UTC [247] DETAIL:  Key (user_id)=(01a107f7-c464-763b-86d8-7337a33e593f) already exists.
2026-10-04T17:31:33.0517403Z  2026-10-04 17:30:40.617 UTC [247] STATEMENT:  insert into "repo_heads" ("id", "user_id", "subject_did", "seq", "head_record_id", "record_count", "created_at", "updated_at") values ($1, $2, $3, $4, $5, $6, default, default)
2026-10-04T17:31:33.0517896Z  2026-10-04 17:30:43.348 UTC [256] ERROR:  credit grant identity is immutable and consumption/refund monotone
2026-10-04T17:31:33.0518242Z  2026-10-04 17:30:43.348 UTC [256] CONTEXT:  PL/pgSQL function billing_credit_grant_guard() line 8 at RAISE
2026-10-04T17:31:33.0518599Z  2026-10-04 17:30:43.348 UTC [256] STATEMENT:  update billing_credit_grants set invoice_id = 'forged' where id = $1
2026-10-04T17:31:33.0518937Z  2026-10-04 17:30:43.350 UTC [258] ERROR:  credit ledger provenance cannot be rewritten or deleted
2026-10-04T17:31:33.0519272Z  2026-10-04 17:30:43.350 UTC [258] CONTEXT:  PL/pgSQL function billing_credit_immutable_history() line 3 at RAISE
2026-10-04T17:31:33.0519617Z  2026-10-04 17:30:43.350 UTC [258] STATEMENT:  delete from billing_credit_consumptions where grant_id = $1
2026-10-04T17:31:33.0519959Z  2026-10-04 17:30:43.351 UTC [254] ERROR:  credit grant identity is immutable and consumption/refund monotone
2026-10-04T17:31:33.0520301Z  2026-10-04 17:30:43.351 UTC [254] CONTEXT:  PL/pgSQL function billing_credit_grant_guard() line 8 at RAISE
2026-10-04T17:31:33.0520715Z  2026-10-04 17:30:43.351 UTC [254] STATEMENT:  update billing_credit_grants set consumed = 0 where id = $1
2026-10-04T17:31:33.0521188Z  2026-10-04 17:30:43.476 UTC [255] ERROR:  update or delete on table "users" violates foreign key constraint "billing_credit_invoices_user_id_users_id_fk" on table "billing_credit_invoices"
2026-10-04T17:31:33.0521731Z  2026-10-04 17:30:43.476 UTC [255] DETAIL:  Key (id)=(01a107f7-cf5e-7d6c-9a50-f91b596d19b3) is still referenced from table "billing_credit_invoices".
2026-10-04T17:31:33.0522113Z  2026-10-04 17:30:43.476 UTC [255] STATEMENT:  delete from "users" where "users"."id" = $1
2026-10-04T17:31:33.0522457Z  2026-10-04 17:30:43.532 UTC [255] ERROR:  duplicate key value violates unique constraint "billing_credit_grants_trial_key"
2026-10-04T17:31:33.0522922Z  2026-10-04 17:30:43.532 UTC [255] DETAIL:  Key (user_id, once_per_account_promotion_id)=(01a107f7-cfb5-7dc4-8d24-17afef11f948, synthetic-trial@v1) already exists.
2026-10-04T17:31:33.0523789Z  2026-10-04 17:30:43.532 UTC [255] STATEMENT:  insert into "billing_credit_grants" ("id", "user_id", "transaction_id", "provider_account_ref", "invoice_id", "subscription_id", "source_type", "period_start", "period_end", "currency", "amount_paid", "granted", "consumed", "clawed", "promotion_id", "once_per_account_promotion_id", "created_at") values ($1, $2, $3, $4, $5, $6, $7, $8, $9, $10, $11, $12, $13, $14, $15, $16, default)
2026-10-04T17:31:33.0524588Z  2026-10-04 17:30:44.242 UTC [259] ERROR:  synthetic audit unavailable
2026-10-04T17:31:33.0524872Z  2026-10-04 17:30:44.242 UTC [259] CONTEXT:  PL/pgSQL function commissioning_audit_fault() line 3 at RAISE
2026-10-04T17:31:33.0525552Z  2026-10-04 17:30:44.242 UTC [259] STATEMENT:  insert into "security_activities" ("id", "user_id", "event_type", "event_description", "metadata", "user_agent", "device_id", "occurred_at", "severity", "created_at", "updated_at") values ($1, $2, $3, $4, $5, default, default, default, $6, default, default)
2026-10-04T17:31:33.0526088Z  2026-10-04 17:30:46.058 UTC [266] ERROR:  fixture rollback
2026-10-04T17:31:33.0526364Z  2026-10-04 17:30:46.058 UTC [266] CONTEXT:  PL/pgSQL function retirement_fixture_failure() line 1 at RAISE
2026-10-04T17:31:33.0526729Z  2026-10-04 17:30:46.058 UTC [266] STATEMENT:  update auth_sessions set status = 'expired', expires_at = clock_timestamp()
2026-10-04T17:31:33.0527023Z  	        where id = $1 and xmin::text = $2 returning id
2026-10-04T17:31:33.0527247Z  2026-10-04 17:30:46.428 UTC [70] LOG:  checkpoint starting: immediate force wait
2026-10-04T17:31:33.0527809Z  2026-10-04 17:30:46.471 UTC [70] LOG:  checkpoint complete: wrote 498 buffers (3.0%); 0 WAL file(s) added, 0 removed, 1 recycled; write=0.039 s, sync=0.003 s, total=0.043 s; sync files=264, longest=0.001 s, average=0.001 s; distance=27289 kB, estimate=59459 kB; lsn=0/8F0C538, redo lsn=0/8F0C4E0
2026-10-04T17:31:33.0528517Z  2026-10-04 17:31:01.266 UTC [292] ERROR:  new row for relation "inference_provider_cost_attempts" violates check constraint "inference_provider_cost_attempts_unmeasured_check"
2026-10-04T17:31:33.0529476Z  2026-10-04 17:31:01.266 UTC [292] DETAIL:  Failing row contains (4c2875a6-6db9-47e9-a5d7-53f59b669427, 0, synthetic, key-1, platform, kaana-synthetic, pub/model@2026-01-01, rate_card, 0.003060000000, USD, rc-1, t, t, 2026-10-02 10:00:00+00, f, 1020, 0, 0, 0, 0, 0, 0, 0, 0, 0, 0, 0, 0, 0, 0, succeeded, null, 120, kaf_4c2875a6-6db9-47e9-a5d7-53f59b669427_0, 5fdb5ea0a50739e7f9c200fda4de10c6893c5caad9d70efd72ecce44be88cd04, 2026-10-04 17:31:01.255+00).
2026-10-04T17:31:33.0530400Z  2026-10-04 17:31:01.266 UTC [292] STATEMENT:  update "inference_provider_cost_attempts" set "units_measured" = $1 where "inference_provider_cost_attempts"."request_id" = $2
2026-10-04T17:31:33.0531040Z  2026-10-04 17:31:06.463 UTC [303] ERROR:  new row for relation "follow_target_kinds" violates check constraint "follow_target_kinds_namespace_prefix_check"
2026-10-04T17:31:33.0531661Z  2026-10-04 17:31:06.463 UTC [303] DETAIL:  Failing row contains (01a107f8-295e-7a17-a488-b17f39560b73, syra.artist, mercaria2, 01a107f8-295c-7b1f-a77f-3c39ca3f7148, null, null, 2026-10-04 17:31:06.463+00, 2026-10-04 17:31:06.463+00).
2026-10-04T17:31:33.0532398Z  2026-10-04 17:31:06.463 UTC [303] STATEMENT:  insert into "follow_target_kinds" ("id", "kind", "namespace", "application_id", "label", "capabilities", "created_at", "updated_at") values ($1, $2, $3, $4, default, default, default, default) returning "kind"
2026-10-04T17:31:33.0533011Z  2026-10-04 17:31:06.468 UTC [303] ERROR:  new row for relation "follow_namespaces" violates check constraint "follow_namespaces_shape_check"
2026-10-04T17:31:33.0533536Z  2026-10-04 17:31:06.468 UTC [303] DETAIL:  Failing row contains (01a107f8-2963-789c-9ae8-910890badff2, mercaria.shop, 01a107f8-2962-7ce2-a186-63df86f47850, 2026-10-04 17:31:06.468+00).
2026-10-04T17:31:33.0534121Z  2026-10-04 17:31:06.468 UTC [303] STATEMENT:  insert into "follow_namespaces" ("id", "namespace", "application_id", "created_at") values ($1, $2, $3, default) on conflict ("namespace") do nothing
2026-10-04T17:31:33.0534722Z  2026-10-04 17:31:06.469 UTC [303] ERROR:  new row for relation "follow_namespaces" violates check constraint "follow_namespaces_shape_check"
2026-10-04T17:31:33.0535217Z  2026-10-04 17:31:06.469 UTC [303] DETAIL:  Failing row contains (01a107f8-2964-7c5c-8e2b-6d2d2538e811, , 01a107f8-2962-7ce2-a186-63df86f47850, 2026-10-04 17:31:06.469+00).
2026-10-04T17:31:33.0535770Z  2026-10-04 17:31:06.469 UTC [303] STATEMENT:  insert into "follow_namespaces" ("id", "namespace", "application_id", "created_at") values ($1, $2, $3, default) on conflict ("namespace") do nothing
2026-10-04T17:31:33.0536404Z  2026-10-04 17:31:06.474 UTC [303] ERROR:  insert or update on table "follow_targets" violates foreign key constraint "follow_targets_kind_follow_target_kinds_kind_fk"
2026-10-04T17:31:33.0536870Z  2026-10-04 17:31:06.474 UTC [303] DETAIL:  Key (kind)=(nobody.registered_this) is not present in table "follow_target_kinds".
2026-10-04T17:31:33.0537572Z  2026-10-04 17:31:06.474 UTC [303] STATEMENT:  insert into "follow_targets" ("id", "canonical_uri", "kind", "provider_application_id", "provider_reference", "local_user_id", "metadata_snapshot", "capabilities", "created_at", "updated_at") values ($1, $2, $3, default, default, default, default, default, default, default) returning "id"
2026-10-04T17:31:33.0538287Z  2026-10-04 17:31:06.482 UTC [303] ERROR:  duplicate key value violates unique constraint "follow_relationships_follower_target_key"
2026-10-04T17:31:33.0538780Z  2026-10-04 17:31:06.482 UTC [303] DETAIL:  Key (follower_user_id, follow_target_id)=(01a107f8-296b-7ebf-916a-e8645ca3d667, 01a107f8-296f-7228-aa6a-b6cc73a0b614) already exists.
2026-10-04T17:31:33.0539549Z  2026-10-04 17:31:06.482 UTC [303] STATEMENT:  insert into "follow_relationships" ("id", "follower_user_id", "follow_target_id", "state", "origin_application_id", "created_by_grant_id", "source", "expires_at", "created_at", "updated_at") values ($1, $2, $3, default, default, default, default, default, default, default) returning "id"
2026-10-04T17:31:33.0540281Z  2026-10-04 17:31:06.517 UTC [303] ERROR:  duplicate key value violates unique constraint "follow_application_overrides_relationship_application_key"
2026-10-04T17:31:33.0540881Z  2026-10-04 17:31:06.517 UTC [303] DETAIL:  Key (relationship_id, application_id)=(01a107f8-2994-7e70-8c50-1cb558a4ecd5, 01a107f8-2990-789f-9a7f-a21e3ebf0867) already exists.
2026-10-04T17:31:33.0541476Z  2026-10-04 17:31:06.517 UTC [303] STATEMENT:  insert into "follow_application_overrides" ("id", "relationship_id", "application_id", "mode", "created_at", "updated_at") values ($1, $2, $3, $4, default, default)
2026-10-04T17:31:33.0542005Z  2026-10-04 17:31:06.525 UTC [303] ERROR:  new row for relation "follow_events" violates check constraint "follow_events_type_check"
2026-10-04T17:31:33.0542765Z  2026-10-04 17:31:06.525 UTC [303] DETAIL:  Failing row contains (01a107f8-299d-71df-bd57-de221aa0fa6b, event-14, follow.create, user_action, 01a107f8-2996-7649-83b0-c49fc82db45a, 01a107f8-299c-753e-94e3-299c09cbbaa8, https://x.example/t13, enumns12.thing, null, null, null, null, null, 2026-10-04 17:31:06.525+00, null, null, 0, null, null).
2026-10-04T17:31:33.0543981Z  2026-10-04 17:31:06.525 UTC [303] STATEMENT:  insert into "follow_events" ("id", "event_id", "type", "cause", "actor_user_id", "relationship_id", "target_uri", "target_kind", "origin_application_id", "grant_id", "context_application_id", "payload", "processed_at", "claimed_at", "claimed_by", "attempts", "failed_at", "last_error", "created_at") values ($1, $2, $3, $4, $5, $6, $7, $8, default, default, default, default, default, default, default, default, default, default, default)
2026-10-04T17:31:33.0544875Z  2026-10-04 17:31:06.532 UTC [303] ERROR:  new row for relation "follow_events" violates check constraint "follow_events_cause_check"
2026-10-04T17:31:33.0545604Z  2026-10-04 17:31:06.532 UTC [303] DETAIL:  Failing row contains (01a107f8-29a3-7588-8298-866d7d4a06cf, event-17, follow.removed, expiry, 01a107f8-299e-71d1-80e2-d04ea116a3a5, 01a107f8-29a2-7030-8dfe-9beac3098b94, https://x.example/t16, enumns15.thing, null, null, null, null, null, 2026-10-04 17:31:06.532+00, null, null, 0, null, null).
2026-10-04T17:31:33.0546875Z  2026-10-04 17:31:06.532 UTC [303] STATEMENT:  insert into "follow_events" ("id", "event_id", "type", "cause", "actor_user_id", "relationship_id", "target_uri", "target_kind", "origin_application_id", "grant_id", "context_application_id", "payload", "processed_at", "claimed_at", "claimed_by", "attempts", "failed_at", "last_error", "created_at") values ($1, $2, $3, $4, $5, $6, $7, $8, default, default, default, default, default, default, default, default, default, default, default)
2026-10-04T17:31:33.0547869Z  2026-10-04 17:31:06.537 UTC [303] ERROR:  new row for relation "follow_relationships" violates check constraint "follow_relationships_state_check"
2026-10-04T17:31:33.0548520Z  2026-10-04 17:31:06.537 UTC [303] DETAIL:  Failing row contains (01a107f8-29a9-73c9-9f55-d80fe53b075d, 01a107f8-29a4-70a2-ad25-054963fcc9c4, 01a107f8-29a8-72eb-8b8b-61726c6f3895, pending, null, null, app, null, 2026-10-04 17:31:06.537+00, 2026-10-04 17:31:06.537+00).
2026-10-04T17:31:33.0549411Z  2026-10-04 17:31:06.537 UTC [303] STATEMENT:  insert into "follow_relationships" ("id", "follower_user_id", "follow_target_id", "state", "origin_application_id", "created_by_grant_id", "source", "expires_at", "created_at", "updated_at") values ($1, $2, $3, $4, default, default, default, default, default, default) returning "id"
2026-10-04T17:31:33.0550129Z  2026-10-04 17:31:06.544 UTC [303] ERROR:  new row for relation "follow_relationships" violates check constraint "follow_relationships_source_check"
2026-10-04T17:31:33.0550840Z  2026-10-04 17:31:06.544 UTC [303] DETAIL:  Failing row contains (01a107f8-29b0-7b8e-9312-0bf7447d18db, 01a107f8-29aa-754e-8d41-8a6a50c5163b, 01a107f8-29af-72f1-9a76-43748e8f01a3, active, null, null, import, null, 2026-10-04 17:31:06.544+00, 2026-10-04 17:31:06.544+00).
2026-10-04T17:31:33.0551730Z  2026-10-04 17:31:06.544 UTC [303] STATEMENT:  insert into "follow_relationships" ("id", "follower_user_id", "follow_target_id", "state", "origin_application_id", "created_by_grant_id", "source", "expires_at", "created_at", "updated_at") values ($1, $2, $3, default, default, default, $4, default, default, default) returning "id"
2026-10-04T17:31:33.0552468Z  2026-10-04 17:31:06.551 UTC [303] ERROR:  new row for relation "follow_application_overrides" violates check constraint "follow_application_overrides_mode_check"
2026-10-04T17:31:33.0553111Z  2026-10-04 17:31:06.551 UTC [303] DETAIL:  Failing row contains (01a107f8-29b6-7949-8b71-5fd9d345598f, 01a107f8-29b5-706a-bbc2-9d10680851ea, 01a107f8-29b2-754d-b542-aee14b9bb32b, inherit, 2026-10-04 17:31:06.55+00, 2026-10-04 17:31:06.55+00).
2026-10-04T17:31:33.0553813Z  2026-10-04 17:31:06.551 UTC [303] STATEMENT:  insert into "follow_application_overrides" ("id", "relationship_id", "application_id", "mode", "created_at", "updated_at") values ($1, $2, $3, $4, default, default)
2026-10-04T17:31:33.0554323Z  2026-10-04 17:31:06.566 UTC [303] ERROR:  duplicate key value violates unique constraint "follow_events_event_id_key"
2026-10-04T17:31:33.0554650Z  2026-10-04 17:31:06.566 UTC [303] DETAIL:  Key (event_id)=(event-29) already exists.
2026-10-04T17:31:33.0555466Z  2026-10-04 17:31:06.566 UTC [303] STATEMENT:  insert into "follow_events" ("id", "event_id", "type", "cause", "actor_user_id", "relationship_id", "target_uri", "target_kind", "origin_application_id", "grant_id", "context_application_id", "payload", "processed_at", "claimed_at", "claimed_by", "attempts", "failed_at", "last_error", "created_at") values ($1, $2, $3, $4, $5, $6, $7, $8, default, default, default, default, default, default, default, default, default, default, default)
2026-10-04T17:31:33.0556408Z  2026-10-04 17:31:08.972 UTC [321] ERROR:  new row for relation "inference_routing_profiles" violates check constraint "inference_routing_profiles_power_level_check"
2026-10-04T17:31:33.0556991Z  2026-10-04 17:31:08.972 UTC [321] DETAIL:  Failing row contains (01a107f8-332b-76e9-84fc-5471481c73a6, custom-instant, x, null, price, f, 2026-10-04 17:31:08.972+00, 2026-10-04 17:31:08.972+00, instant, null).
2026-10-04T17:31:33.0557832Z  2026-10-04 17:31:08.972 UTC [321] STATEMENT:  insert into "inference_routing_profiles" ("id", "slug", "display_name", "description", "optimise_for", "is_product_preset", "power_level", "reasoning_effort", "created_at", "updated_at") values ($1, $2, $3, default, $4, $5, $6, default, default, default)
2026-10-04T17:31:33.0558493Z  2026-10-04 17:31:08.974 UTC [321] ERROR:  duplicate key value violates unique constraint "inference_routing_profiles_power_level_key"
2026-10-04T17:31:33.0558960Z  2026-10-04 17:31:08.974 UTC [321] DETAIL:  Key (power_level)=(instant) already exists.
2026-10-04T17:31:33.0559542Z  2026-10-04 17:31:08.974 UTC [321] STATEMENT:  insert into "inference_routing_profiles" ("id", "slug", "display_name", "description", "optimise_for", "is_product_preset", "power_level", "reasoning_effort", "created_at", "updated_at") values ($1, $2, $3, default, $4, $5, $6, default, default, default)
2026-10-04T17:31:33.0560254Z  2026-10-04 17:31:08.975 UTC [321] ERROR:  new row for relation "inference_model_power_classes" violates check constraint "inference_model_power_classes_evidence_check"
2026-10-04T17:31:33.0560888Z  2026-10-04 17:31:08.975 UTC [321] DETAIL:  Failing row contains (nobody/nothing, pro, x, http://example.test, x, 2026-10-04 17:31:08.974+00, x, 2026-10-04 17:31:08.975+00, 2026-10-04 17:31:08.975+00).
2026-10-04T17:31:33.0561612Z  2026-10-04 17:31:08.975 UTC [321] STATEMENT:  insert into "inference_model_power_classes" ("model_id", "power_class", "evidence_source", "evidence_url", "evidence_summary", "reviewed_at", "reviewed_by", "created_at", "updated_at") values ($1, $2, $3, $4, $5, $6, $7, default, default)
2026-10-04T17:31:33.0562312Z  2026-10-04 17:31:14.206 UTC [340] ERROR:  insert or update on table "app_affinity_edges" violates foreign key constraint "app_affinity_edges_from_user_id_users_id_fk"
2026-10-04T17:31:33.0562755Z  2026-10-04 17:31:14.206 UTC [340] DETAIL:  Key (from_user_id)=(no-such-user) is not present in table "users".
2026-10-04T17:31:33.0563591Z  2026-10-04 17:31:14.206 UTC [340] STATEMENT:  insert into "app_affinity_edges" ("id", "application_id", "from_user_id", "to_user_id", "affinity", "last_event_at", "event_count", "created_at", "updated_at") values ($1, $2, $3, $4, $5, $6, $7, default, default) on conflict ("application_id","from_user_id","to_user_id") do update set "affinity" = $8, "last_event_at" = $9, "event_count" = "app_affinity_edges"."event_count" + 1, "updated_at" = $10 returning xmax = 0
2026-10-04T17:31:33.0564486Z  2026-10-04 17:31:19.474 UTC [364] ERROR:  new row for relation "agency_limit_test" violates check constraint "delegation_limits_scalar_value_check"
2026-10-04T17:31:33.0565037Z  2026-10-04 17:31:19.474 UTC [364] DETAIL:  Failing row contains (7e7e62ec-d12f-47b0-a7fb-8e6da575888e, grant-test, limit, "PRIVATE_PROMPT_MARKER", 2026-10-04 17:31:19.472757+00, searchEmails).
2026-10-04T17:31:33.0565473Z  2026-10-04 17:31:19.474 UTC [364] STATEMENT:  insert into agency_limit_test
2026-10-04T17:31:33.0565692Z  	      (id, grant_id, tool, key, value, created_at)
2026-10-04T17:31:33.0565907Z  	      values ($1, 'grant-test', 'searchEmails', 'limit', $2::jsonb, now())
2026-10-04T17:31:33.0566270Z  2026-10-04 17:31:19.477 UTC [364] ERROR:  new row for relation "agency_limit_test" violates check constraint "delegation_limits_scalar_value_check"
2026-10-04T17:31:33.0566814Z  2026-10-04 17:31:19.477 UTC [364] DETAIL:  Failing row contains (dced1bf0-40c9-413f-90e3-6144417f2371, grant-test, limit, ["private@example.test"], 2026-10-04 17:31:19.475788+00, searchEmails).
2026-10-04T17:31:33.0567239Z  2026-10-04 17:31:19.477 UTC [364] STATEMENT:  insert into agency_limit_test
2026-10-04T17:31:33.0567454Z  	      (id, grant_id, tool, key, value, created_at)
2026-10-04T17:31:33.0567662Z  	      values ($1, 'grant-test', 'searchEmails', 'limit', $2::jsonb, now())
2026-10-04T17:31:33.0568147Z  2026-10-04 17:31:19.487 UTC [364] ERROR:  new row for relation "agency_authorization_test" violates check constraint "capability_execution_authorizations_limits_check"
2026-10-04T17:31:33.0569144Z  2026-10-04 17:31:19.487 UTC [364] DETAIL:  Failing row contains (e799307d-48b2-40af-a825-49d2b7401bca, direct_request, requester-test, owner-test, app-test, credential-test, alia, null, inbox, account-test, mailbox, mailbox-test, searchEmails, run-test, null, null, execute_on_request, [{"key": "q", "tool": "searchEmails", "value": "PRIVATE_PROMPT_M..., 2026-10-04 17:36:19.484402+00, null, 2026-10-04 17:31:19.484402+00, 2026-10-04 17:31:19.484402+00, null, null, null, null, null, null).
2026-10-04T17:31:33.0570082Z  2026-10-04 17:31:19.487 UTC [364] STATEMENT:  insert into agency_authorization_test (
2026-10-04T17:31:33.0570364Z  	      id, kind, requester_account_id, owner_account_id, coordinator_application_id,
2026-10-04T17:31:33.0570779Z  	      coordinator_credential_id, actor_type, resource_app, effective_account_id,
2026-10-04T17:31:33.0571053Z  	      resource_type, resource_key, tool, run_id, maximum_autonomy, limits,
2026-10-04T17:31:33.0571268Z  	      expires_at, created_at, updated_at
2026-10-04T17:31:33.0571416Z  	    ) values (
2026-10-04T17:31:33.0571580Z  	      $1, 'direct_request', 'requester-test', 'owner-test', 'app-test',
2026-10-04T17:31:33.0571839Z  	      'credential-test', 'alia', 'inbox', 'account-test', 'mailbox', 'mailbox-test',
2026-10-04T17:31:33.0572094Z  	      'searchEmails', 'run-test', 'execute_on_request', $2::jsonb,
2026-10-04T17:31:33.0572296Z  	      now() + interval '5 minutes', now(), now()
2026-10-04T17:31:33.0572454Z  	    )
2026-10-04T17:31:33.0572765Z  2026-10-04 17:31:19.491 UTC [364] ERROR:  new row for relation "agency_authorization_test" violates check constraint "capability_execution_authorizations_limits_check"
2026-10-04T17:31:33.0573761Z  2026-10-04 17:31:19.491 UTC [364] DETAIL:  Failing row contains (24d3b846-5585-464e-810e-2266589bb4cf, direct_request, requester-test, owner-test, app-test, credential-test, alia, null, inbox, account-test, mailbox, mailbox-test, searchEmails, run-test, null, null, execute_on_request, [{"key": "limit", "tool": "searchEmails", "value": 25, "prompt":..., 2026-10-04 17:36:19.488548+00, null, 2026-10-04 17:31:19.488548+00, 2026-10-04 17:31:19.488548+00, null, null, null, null, null, null).
2026-10-04T17:31:33.0574610Z  2026-10-04 17:31:19.491 UTC [364] STATEMENT:  insert into agency_authorization_test (
2026-10-04T17:31:33.0574890Z  	      id, kind, requester_account_id, owner_account_id, coordinator_application_id,
2026-10-04T17:31:33.0575172Z  	      coordinator_credential_id, actor_type, resource_app, effective_account_id,
2026-10-04T17:31:33.0575441Z  	      resource_type, resource_key, tool, run_id, maximum_autonomy, limits,
2026-10-04T17:31:33.0575651Z  	      expires_at, created_at, updated_at
2026-10-04T17:31:33.0575797Z  	    ) values (
2026-10-04T17:31:33.0575959Z  	      $1, 'direct_request', 'requester-test', 'owner-test', 'app-test',
2026-10-04T17:31:33.0576218Z  	      'credential-test', 'alia', 'inbox', 'account-test', 'mailbox', 'mailbox-test',
2026-10-04T17:31:33.0576469Z  	      'searchEmails', 'run-test', 'execute_on_request', $2::jsonb,
2026-10-04T17:31:33.0576669Z  	      now() + interval '5 minutes', now(), now()
2026-10-04T17:31:33.0576824Z  	    )
2026-10-04T17:31:33.0577128Z  2026-10-04 17:31:19.495 UTC [364] ERROR:  new row for relation "agency_authorization_test" violates check constraint "capability_execution_authorizations_limits_check"
2026-10-04T17:31:33.0578034Z  2026-10-04 17:31:19.495 UTC [364] DETAIL:  Failing row contains (05047d45-d1c3-4345-91ff-0e34b3ee220e, direct_request, requester-test, owner-test, app-test, credential-test, alia, null, inbox, account-test, mailbox, mailbox-test, searchEmails, run-test, null, null, execute_on_request, [1], 2026-10-04 17:36:19.49255+00, null, 2026-10-04 17:31:19.49255+00, 2026-10-04 17:31:19.49255+00, null, null, null, null, null, null).
2026-10-04T17:31:33.0578884Z  2026-10-04 17:31:19.495 UTC [364] STATEMENT:  insert into agency_authorization_test (
2026-10-04T17:31:33.0579162Z  	      id, kind, requester_account_id, owner_account_id, coordinator_application_id,
2026-10-04T17:31:33.0579443Z  	      coordinator_credential_id, actor_type, resource_app, effective_account_id,
2026-10-04T17:31:33.0579707Z  	      resource_type, resource_key, tool, run_id, maximum_autonomy, limits,
2026-10-04T17:31:33.0579915Z  	      expires_at, created_at, updated_at
2026-10-04T17:31:33.0580061Z  	    ) values (
2026-10-04T17:31:33.0580217Z  	      $1, 'direct_request', 'requester-test', 'owner-test', 'app-test',
2026-10-04T17:31:33.0580645Z  	      'credential-test', 'alia', 'inbox', 'account-test', 'mailbox', 'mailbox-test',
2026-10-04T17:31:33.0580896Z  	      'searchEmails', 'run-test', 'execute_on_request', $2::jsonb,
2026-10-04T17:31:33.0581101Z  	      now() + interval '5 minutes', now(), now()
2026-10-04T17:31:33.0581252Z  	    )
2026-10-04T17:31:33.0581375Z  creating subdirectories ... ok
2026-10-04T17:31:33.0581553Z  selecting dynamic shared memory implementation ... posix
2026-10-04T17:31:33.0581745Z  selecting default "max_connections" ... 100
2026-10-04T17:31:33.0581916Z  selecting default "shared_buffers" ... 128MB
2026-10-04T17:31:33.0582080Z  selecting default time zone ... Etc/UTC
2026-10-04T17:31:33.0582239Z  creating configuration files ... ok
2026-10-04T17:31:33.0582393Z  running bootstrap script ... ok
2026-10-04T17:31:33.0582558Z  performing post-bootstrap initialization ... ok
2026-10-04T17:31:33.0582727Z  syncing data to disk ... ok
2026-10-04T17:31:33.0582861Z  
2026-10-04T17:31:33.0582958Z  
2026-10-04T17:31:33.0583088Z  Success. You can now start the database server using:
2026-10-04T17:31:33.0583258Z  
2026-10-04T17:31:33.0583389Z      pg_ctl -D /var/lib/postgresql/data -l logfile start
2026-10-04T17:31:33.0583556Z  
2026-10-04T17:31:33.0583905Z  waiting for server to start....2026-10-04 17:28:37.884 UTC [48] LOG:  starting PostgreSQL 17.5 (Debian 17.5-1.pgdg110+1) on x86_64-pc-linux-gnu, compiled by gcc (Debian 10.2.1-6) 10.2.1 20210110, 64-bit
2026-10-04T17:31:33.0584383Z  2026-10-04 17:28:37.885 UTC [48] LOG:  listening on Unix socket "/var/run/postgresql/.s.PGSQL.5432"
2026-10-04T17:31:33.0584698Z  2026-10-04 17:28:37.887 UTC [51] LOG:  database system was shut down at 2026-10-04 17:28:37 UTC
2026-10-04T17:31:33.0584977Z  2026-10-04 17:28:37.889 UTC [48] LOG:  database system is ready to accept connections
2026-10-04T17:31:33.0585177Z   done
2026-10-04T17:31:33.0585282Z  server started
2026-10-04T17:31:33.0585394Z  CREATE DATABASE
2026-10-04T17:31:33.0585501Z  
2026-10-04T17:31:33.0585597Z  
2026-10-04T17:31:33.0585792Z  /usr/local/bin/docker-entrypoint.sh: sourcing /docker-entrypoint-initdb.d/10_postgis.sh
2026-10-04T17:31:33.0586032Z  CREATE DATABASE
2026-10-04T17:31:33.0586168Z  Loading PostGIS extensions into template_postgis
2026-10-04T17:31:33.0586333Z  CREATE EXTENSION
2026-10-04T17:31:33.0586444Z  CREATE EXTENSION
2026-10-04T17:31:33.0586610Z  You are now connected to database "template_postgis" as user "oxy".
2026-10-04T17:31:33.0586799Z  DO
2026-10-04T17:31:33.0586913Z  Loading PostGIS extensions into oxy_test
2026-10-04T17:31:33.0587064Z  CREATE EXTENSION
2026-10-04T17:31:33.0587176Z  CREATE EXTENSION
2026-10-04T17:31:33.0587327Z  You are now connected to database "oxy_test" as user "oxy".
2026-10-04T17:31:33.0587499Z  DO
2026-10-04T17:31:33.0587594Z  
2026-10-04T17:31:33.0587737Z  2026-10-04 17:28:39.016 UTC [48] LOG:  received fast shutdown request
2026-10-04T17:31:33.0588031Z  waiting for server to shut down....2026-10-04 17:28:39.016 UTC [48] LOG:  aborting any active transactions
2026-10-04T17:31:33.0588510Z  2026-10-04 17:31:19.503 UTC [364] ERROR:  new row for relation "agency_audit_test" violates check constraint "capability_audit_events_bounded_event_check"
2026-10-04T17:31:33.0589191Z  2026-10-04 17:31:19.503 UTC [364] DETAIL:  Failing row contains (4a1ce639-0443-4104-8225-cd4dd1cbb6a2, 2c10dfbb-af29-47d8-aefb-9c9b0ecd767f, account-test, null, run-test, {"result": {"status": "failed", "message": "PRIVATE_PROMPT_MARKE..., 2026-10-04 17:31:19.500983+00).
2026-10-04T17:31:33.0589831Z  2026-10-04 17:31:19.503 UTC [364] STATEMENT:  insert into agency_audit_test
2026-10-04T17:31:33.0590078Z  	      (id, event_key, effective_account_key, run_key, event, created_at)
2026-10-04T17:31:33.0590319Z  	      values ($1, $2, 'account-test', 'run-test', $3::jsonb, now())
2026-10-04T17:31:33.0590760Z  2026-10-04 17:31:19.506 UTC [364] ERROR:  new row for relation "agency_audit_test" violates check constraint "capability_audit_events_bounded_event_check"
2026-10-04T17:31:33.0591509Z  2026-10-04 17:31:19.506 UTC [364] DETAIL:  Failing row contains (af31897a-53c6-480b-9bb2-623852a46f66, 3c57d0a3-c64a-4169-b1ac-a8d837cf87d1, account-test, null, run-test, {"result": {"status": "failed"}, "correlation": {"runId": "run-t..., 2026-10-04 17:31:19.504227+00).
2026-10-04T17:31:33.0592044Z  2026-10-04 17:31:19.506 UTC [364] STATEMENT:  insert into agency_audit_test
2026-10-04T17:31:33.0592290Z  	      (id, event_key, effective_account_key, run_key, event, created_at)
2026-10-04T17:31:33.0592523Z  	      values ($1, $2, 'account-test', 'run-test', $3::jsonb, now())
2026-10-04T17:31:33.0592885Z  2026-10-04 17:31:19.509 UTC [364] ERROR:  new row for relation "agency_audit_test" violates check constraint "capability_audit_events_bounded_event_check"
2026-10-04T17:31:33.0593552Z  2026-10-04 17:31:19.509 UTC [364] DETAIL:  Failing row contains (10a9b87d-555a-4d8c-bb6a-540c88e7ca28, 714cd088-8428-40a4-88ec-05b999ccd5b5, account-test, null, run-test, {"result": {"status": "failed"}, "resource": {"prompt": "PRIVATE..., 2026-10-04 17:31:19.507308+00).
2026-10-04T17:31:33.0594087Z  2026-10-04 17:31:19.509 UTC [364] STATEMENT:  insert into agency_audit_test
2026-10-04T17:31:33.0594328Z  	      (id, event_key, effective_account_key, run_key, event, created_at)
2026-10-04T17:31:33.0594557Z  	      values ($1, $2, 'account-test', 'run-test', $3::jsonb, now())
2026-10-04T17:31:33.0594800Z  2026-10-04 17:31:32.121 UTC [70] LOG:  checkpoint starting: immediate force wait
2026-10-04T17:31:33.0595355Z  2026-10-04 17:31:32.132 UTC [70] LOG:  checkpoint complete: wrote 98 buffers (0.6%); 0 WAL file(s) added, 0 removed, 1 recycled; write=0.002 s, sync=0.007 s, total=0.011 s; sync files=17, longest=0.007 s, average=0.001 s; distance=5129 kB, estimate=54026 kB; lsn=0/940EAB8, redo lsn=0/940EA60
2026-10-04T17:31:33.0595972Z  2026-10-04 17:28:39.018 UTC [48] LOG:  background worker "logical replication launcher" (PID 54) exited with exit code 1
2026-10-04T17:31:33.0596261Z  2026-10-04 17:28:39.019 UTC [49] LOG:  shutting down
2026-10-04T17:31:33.0596484Z  2026-10-04 17:28:39.019 UTC [49] LOG:  checkpoint starting: shutdown immediate
2026-10-04T17:31:33.0597035Z  2026-10-04 17:28:39.348 UTC [49] LOG:  checkpoint complete: wrote 4453 buffers (27.2%); 0 WAL file(s) added, 0 removed, 2 recycled; write=0.217 s, sync=0.112 s, total=0.330 s; sync files=963, longest=0.056 s, average=0.001 s; distance=34775 kB, estimate=34775 kB; lsn=0/36D7588, redo lsn=0/36D7588
2026-10-04T17:31:33.0597567Z  2026-10-04 17:28:39.360 UTC [48] LOG:  database system is shut down
2026-10-04T17:31:33.0597747Z   done
2026-10-04T17:31:33.0597851Z  server stopped
2026-10-04T17:31:33.0597960Z  
2026-10-04T17:31:33.0598091Z  PostgreSQL init process complete; ready for start up.
2026-10-04T17:31:33.0598259Z  
2026-10-04T17:31:33.0603233Z Stop and remove container: 0ef918998ac44be3bffda647741fa99b_postgispostgis1735_10c7a0
2026-10-04T17:31:33.0606864Z ##[command]/usr/bin/docker rm --force 25888a27972b75c906bdd69069bc244bba97d7260bdc4c7e5a3326a019bfeaa6
2026-10-04T17:31:33.5798523Z 25888a27972b75c906bdd69069bc244bba97d7260bdc4c7e5a3326a019bfeaa6
2026-10-04T17:31:33.5821697Z Remove container network: github_network_caa2f6358b0241439f8d05f5a6e9bb53
2026-10-04T17:31:33.5824155Z ##[command]/usr/bin/docker network rm github_network_caa2f6358b0241439f8d05f5a6e9bb53
2026-10-04T17:31:33.6608860Z github_network_caa2f6358b0241439f8d05f5a6e9bb53
2026-10-04T17:31:33.6660139Z Cleaning up orphan processes
