2026-10-03T03:13:11.6980100Z Current runner version: '2.337.0'
2026-10-03T03:13:11.6998231Z ##[group]Runner Image Provisioner
2026-10-03T03:13:11.6998953Z Hosted Compute Agent
2026-10-03T03:13:11.6999550Z Version: 20260901.588
2026-10-03T03:13:11.7000072Z Commit: f88ec8081b781fac6c440065ac7ff9e710ce3d0b
2026-10-03T03:13:11.7000693Z Build Date: 2026-09-01T19:56:44Z
2026-10-03T03:13:11.7001301Z Worker ID: {98b80ee5-e6bb-4e28-9a4e-62c480e716e7}
2026-10-03T03:13:11.7001881Z Azure Region: centralus
2026-10-03T03:13:11.7002689Z ##[endgroup]
2026-10-03T03:13:11.7003818Z ##[group]Operating System
2026-10-03T03:13:11.7004340Z Ubuntu
2026-10-03T03:13:11.7004822Z 24.04.5
2026-10-03T03:13:11.7005278Z LTS
2026-10-03T03:13:11.7005776Z ##[endgroup]
2026-10-03T03:13:11.7006234Z ##[group]Runner Image
2026-10-03T03:13:11.7006757Z Image: ubuntu-24.04
2026-10-03T03:13:11.7007238Z Version: 20260927.320.1
2026-10-03T03:13:11.7008232Z Included Software: https://github.com/actions/runner-images/blob/ubuntu24/20260927.320/images/ubuntu/Ubuntu2404-Readme.md
2026-10-03T03:13:11.7009502Z Image Release: https://github.com/actions/runner-images/releases/tag/ubuntu24%2F20260927.320
2026-10-03T03:13:11.7010316Z ##[endgroup]
2026-10-03T03:13:11.7011222Z ##[group]GITHUB_TOKEN Permissions
2026-10-03T03:13:11.7013037Z Contents: read
2026-10-03T03:13:11.7013527Z Metadata: read
2026-10-03T03:13:11.7013982Z ##[endgroup]
2026-10-03T03:13:11.7015611Z Secret source: Actions
2026-10-03T03:13:11.7016404Z Cache mode: write
2026-10-03T03:13:11.7017055Z Prepare workflow directory
2026-10-03T03:13:11.7355128Z Prepare all required actions
2026-10-03T03:13:11.7395603Z Getting action download info
2026-10-03T03:13:12.0379793Z Download action repository 'actions/checkout@v7' (SHA:3d3c42e5aac5ba805825da76410c181273ba90b1)
2026-10-03T03:13:12.1236173Z Download action repository 'oven-sh/setup-bun@v2' (SHA:0c5077e51419868618aeaa5fe8019c62421857d6)
2026-10-03T03:13:12.5381814Z Download action repository 'actions/setup-node@v7' (SHA:820762786026740c76f36085b0efc47a31fe5020)
2026-10-03T03:13:12.6866572Z Download action repository 'actions/cache@55cc8345863c7cc4c66a329aec7e433d2d1c52a9' (SHA:55cc8345863c7cc4c66a329aec7e433d2d1c52a9)
2026-10-03T03:13:12.9035054Z Download action repository 'actions/upload-artifact@v7' (SHA:043fb46d1a93c77aae656e7c1c64a875d1fc6a0a)
2026-10-03T03:13:13.1105334Z Complete job name: API Tests (2/6)
2026-10-03T03:13:13.1535786Z ##[group]Checking docker version
2026-10-03T03:13:13.1547058Z ##[command]/usr/bin/docker version --format '{{.Server.APIVersion}}'
2026-10-03T03:13:13.2360440Z '1.48'
2026-10-03T03:13:13.2369093Z Docker daemon API version: '1.48'
2026-10-03T03:13:13.2370123Z ##[command]/usr/bin/docker version --format '{{.Client.APIVersion}}'
2026-10-03T03:13:13.2518823Z '1.48'
2026-10-03T03:13:13.2526618Z Docker client API version: '1.48'
2026-10-03T03:13:13.2531249Z ##[endgroup]
2026-10-03T03:13:13.2533827Z ##[group]Clean up resources from previous jobs
2026-10-03T03:13:13.2538068Z ##[command]/usr/bin/docker ps --all --quiet --no-trunc --filter "label=055c10"
2026-10-03T03:13:13.2662910Z ##[command]/usr/bin/docker network prune --force --filter "label=055c10"
2026-10-03T03:13:13.2774865Z ##[endgroup]
2026-10-03T03:13:13.2775494Z ##[group]Create local container network
2026-10-03T03:13:13.2784301Z ##[command]/usr/bin/docker network create --label 055c10 github_network_d69845bd81db40da94701b807fd582be
2026-10-03T03:13:13.3270150Z b06ba3c478da3c72d46a42de80b756c827b16dafdf38fb0be6c1f33dce0e4389
2026-10-03T03:13:13.3284001Z ##[endgroup]
2026-10-03T03:13:13.3306726Z ##[group]Starting postgres service container
2026-10-03T03:13:13.3325363Z ##[command]/usr/bin/docker pull postgis/postgis:17-3.5
2026-10-03T03:13:13.8472693Z 17-3.5: Pulling from postgis/postgis
2026-10-03T03:13:13.9826677Z ccaf924377f9: Pulling fs layer
2026-10-03T03:13:13.9827746Z a0a48bd22597: Pulling fs layer
2026-10-03T03:13:13.9828706Z 953b3faade64: Pulling fs layer
2026-10-03T03:13:13.9829910Z 4c5e3cb23b1e: Pulling fs layer
2026-10-03T03:13:13.9831598Z b032a4e70c86: Pulling fs layer
2026-10-03T03:13:13.9833130Z 84e2e0dafa9e: Pulling fs layer
2026-10-03T03:13:13.9833795Z 9388a07819e8: Pulling fs layer
2026-10-03T03:13:13.9834517Z 9b3173aa38c2: Pulling fs layer
2026-10-03T03:13:13.9835242Z 2f600d70ef01: Pulling fs layer
2026-10-03T03:13:13.9835995Z 26a029cc5101: Pulling fs layer
2026-10-03T03:13:13.9836767Z 87746d0d7566: Pulling fs layer
2026-10-03T03:13:13.9837475Z 5756942faa50: Pulling fs layer
2026-10-03T03:13:13.9838227Z dc61d0df75b4: Pulling fs layer
2026-10-03T03:13:13.9838951Z 0c9580cd8863: Pulling fs layer
2026-10-03T03:13:13.9839745Z 26502799a66b: Pulling fs layer
2026-10-03T03:13:13.9840469Z 4f4fb700ef54: Pulling fs layer
2026-10-03T03:13:13.9841186Z ee293c60aa50: Pulling fs layer
2026-10-03T03:13:13.9842203Z ea025e641e62: Pulling fs layer
2026-10-03T03:13:13.9843122Z 4c5e3cb23b1e: Waiting
2026-10-03T03:13:13.9843972Z 87746d0d7566: Waiting
2026-10-03T03:13:13.9844847Z b032a4e70c86: Waiting
2026-10-03T03:13:13.9845702Z 84e2e0dafa9e: Waiting
2026-10-03T03:13:13.9846589Z 9388a07819e8: Waiting
2026-10-03T03:13:13.9847464Z 9b3173aa38c2: Waiting
2026-10-03T03:13:13.9848351Z 5756942faa50: Waiting
2026-10-03T03:13:13.9849231Z dc61d0df75b4: Waiting
2026-10-03T03:13:13.9850092Z 2f600d70ef01: Waiting
2026-10-03T03:13:13.9850938Z 0c9580cd8863: Waiting
2026-10-03T03:13:13.9851800Z 26a029cc5101: Waiting
2026-10-03T03:13:13.9852945Z 26502799a66b: Waiting
2026-10-03T03:13:13.9853825Z 4f4fb700ef54: Waiting
2026-10-03T03:13:13.9854672Z ea025e641e62: Waiting
2026-10-03T03:13:13.9855523Z ee293c60aa50: Waiting
2026-10-03T03:13:14.1209096Z a0a48bd22597: Download complete
2026-10-03T03:13:14.2163196Z 953b3faade64: Verifying Checksum
2026-10-03T03:13:14.2165296Z 953b3faade64: Download complete
2026-10-03T03:13:14.2842636Z ccaf924377f9: Verifying Checksum
2026-10-03T03:13:14.2844784Z ccaf924377f9: Download complete
2026-10-03T03:13:14.3220580Z 4c5e3cb23b1e: Download complete
2026-10-03T03:13:14.4538377Z 9388a07819e8: Verifying Checksum
2026-10-03T03:13:14.4539965Z 9388a07819e8: Download complete
2026-10-03T03:13:14.4601527Z b032a4e70c86: Verifying Checksum
2026-10-03T03:13:14.4608075Z b032a4e70c86: Download complete
2026-10-03T03:13:14.4626670Z 84e2e0dafa9e: Verifying Checksum
2026-10-03T03:13:14.4632483Z 84e2e0dafa9e: Download complete
2026-10-03T03:13:14.5699133Z 9b3173aa38c2: Verifying Checksum
2026-10-03T03:13:14.5701057Z 9b3173aa38c2: Download complete
2026-10-03T03:13:14.5835169Z 26a029cc5101: Download complete
2026-10-03T03:13:14.7283581Z 5756942faa50: Verifying Checksum
2026-10-03T03:13:14.7285806Z 5756942faa50: Download complete
2026-10-03T03:13:14.7292906Z 87746d0d7566: Verifying Checksum
2026-10-03T03:13:14.7293783Z 87746d0d7566: Download complete
2026-10-03T03:13:14.8561239Z 0c9580cd8863: Verifying Checksum
2026-10-03T03:13:14.8561812Z 0c9580cd8863: Download complete
2026-10-03T03:13:14.8703158Z dc61d0df75b4: Verifying Checksum
2026-10-03T03:13:14.8703665Z dc61d0df75b4: Download complete
2026-10-03T03:13:15.0088704Z 4f4fb700ef54: Verifying Checksum
2026-10-03T03:13:15.0089538Z 4f4fb700ef54: Download complete
2026-10-03T03:13:15.0461614Z 2f600d70ef01: Verifying Checksum
2026-10-03T03:13:15.0462762Z 2f600d70ef01: Download complete
2026-10-03T03:13:15.1455824Z ee293c60aa50: Verifying Checksum
2026-10-03T03:13:15.1456493Z ee293c60aa50: Download complete
2026-10-03T03:13:15.1662717Z ea025e641e62: Verifying Checksum
2026-10-03T03:13:15.1663425Z ea025e641e62: Download complete
2026-10-03T03:13:15.3152036Z 26502799a66b: Verifying Checksum
2026-10-03T03:13:15.3152681Z 26502799a66b: Download complete
2026-10-03T03:13:15.3228139Z ccaf924377f9: Pull complete
2026-10-03T03:13:16.9230451Z a0a48bd22597: Pull complete
2026-10-03T03:13:17.0705295Z 953b3faade64: Pull complete
2026-10-03T03:13:17.1273246Z 4c5e3cb23b1e: Pull complete
2026-10-03T03:13:17.5020378Z b032a4e70c86: Pull complete
2026-10-03T03:13:17.5598140Z 84e2e0dafa9e: Pull complete
2026-10-03T03:13:17.5689994Z 9388a07819e8: Pull complete
2026-10-03T03:13:17.5772436Z 9b3173aa38c2: Pull complete
2026-10-03T03:13:21.1425877Z 2f600d70ef01: Pull complete
2026-10-03T03:13:21.1545408Z 26a029cc5101: Pull complete
2026-10-03T03:13:21.1617886Z 87746d0d7566: Pull complete
2026-10-03T03:13:21.1707891Z 5756942faa50: Pull complete
2026-10-03T03:13:21.1800663Z dc61d0df75b4: Pull complete
2026-10-03T03:13:21.1902336Z 0c9580cd8863: Pull complete
2026-10-03T03:13:23.2559731Z 26502799a66b: Pull complete
2026-10-03T03:13:23.2643126Z 4f4fb700ef54: Pull complete
2026-10-03T03:13:23.2726029Z ee293c60aa50: Pull complete
2026-10-03T03:13:23.2803696Z ea025e641e62: Pull complete
2026-10-03T03:13:23.2850137Z Digest: sha256:01a6a70e41e6c4467c8f55f6063555ed72db2d6662cd0d571040d42eadaeb6f6
2026-10-03T03:13:23.2863768Z Status: Downloaded newer image for postgis/postgis:17-3.5
2026-10-03T03:13:23.2874255Z docker.io/postgis/postgis:17-3.5
2026-10-03T03:13:23.2925038Z ##[command]/usr/bin/docker create --name a6d1e1d022984d9e81aaa7d3f08a554f_postgispostgis1735_25fbd6 --label 055c10 --network github_network_d69845bd81db40da94701b807fd582be --network-alias postgres -p 5432:5432 --health-cmd "pg_isready -U oxy -d oxy_test" --health-interval 10s --health-timeout 5s --health-retries 5 -e "POSTGRES_USER=oxy" -e "POSTGRES_PASSWORD=oxy" -e "POSTGRES_DB=oxy_test" -e GITHUB_ACTIONS=true -e CI=true postgis/postgis:17-3.5
2026-10-03T03:13:23.3137836Z 13f3859a834d586f8cdb91bcb8c0193f94a66f9805fb29ad0e6dfa1aa066ea4d
2026-10-03T03:13:23.3152431Z ##[command]/usr/bin/docker start 13f3859a834d586f8cdb91bcb8c0193f94a66f9805fb29ad0e6dfa1aa066ea4d
2026-10-03T03:13:23.4724238Z 13f3859a834d586f8cdb91bcb8c0193f94a66f9805fb29ad0e6dfa1aa066ea4d
2026-10-03T03:13:23.4759116Z ##[command]/usr/bin/docker ps --all --filter id=13f3859a834d586f8cdb91bcb8c0193f94a66f9805fb29ad0e6dfa1aa066ea4d --filter status=running --no-trunc --format "{{.ID}} {{.Status}}"
2026-10-03T03:13:23.4880582Z 13f3859a834d586f8cdb91bcb8c0193f94a66f9805fb29ad0e6dfa1aa066ea4d Up Less than a second (health: starting)
2026-10-03T03:13:23.4895378Z ##[command]/usr/bin/docker port 13f3859a834d586f8cdb91bcb8c0193f94a66f9805fb29ad0e6dfa1aa066ea4d
2026-10-03T03:13:23.5017578Z 5432/tcp -> 0.0.0.0:5432
2026-10-03T03:13:23.5018116Z 5432/tcp -> [::]:5432
2026-10-03T03:13:23.5049737Z ##[endgroup]
2026-10-03T03:13:23.5057608Z ##[group]Waiting for all services to be ready
2026-10-03T03:13:23.5069185Z ##[command]/usr/bin/docker inspect --format="{{if .Config.Healthcheck}}{{print .State.Health.Status}}{{end}}" 13f3859a834d586f8cdb91bcb8c0193f94a66f9805fb29ad0e6dfa1aa066ea4d
2026-10-03T03:13:23.5186839Z starting
2026-10-03T03:13:23.5201545Z postgres service is starting, waiting 2 seconds before checking again.
2026-10-03T03:13:25.5207631Z ##[command]/usr/bin/docker inspect --format="{{if .Config.Healthcheck}}{{print .State.Health.Status}}{{end}}" 13f3859a834d586f8cdb91bcb8c0193f94a66f9805fb29ad0e6dfa1aa066ea4d
2026-10-03T03:13:25.5325011Z starting
2026-10-03T03:13:25.5332862Z postgres service is starting, waiting 4 seconds before checking again.
2026-10-03T03:13:29.6528053Z ##[command]/usr/bin/docker inspect --format="{{if .Config.Healthcheck}}{{print .State.Health.Status}}{{end}}" 13f3859a834d586f8cdb91bcb8c0193f94a66f9805fb29ad0e6dfa1aa066ea4d
2026-10-03T03:13:29.6670422Z starting
2026-10-03T03:13:29.6684628Z postgres service is starting, waiting 8 seconds before checking again.
2026-10-03T03:13:38.0374079Z ##[command]/usr/bin/docker inspect --format="{{if .Config.Healthcheck}}{{print .State.Health.Status}}{{end}}" 13f3859a834d586f8cdb91bcb8c0193f94a66f9805fb29ad0e6dfa1aa066ea4d
2026-10-03T03:13:38.0493659Z healthy
2026-10-03T03:13:38.0505126Z postgres service is healthy.
2026-10-03T03:13:38.0505974Z ##[endgroup]
2026-10-03T03:13:38.0751754Z ##[group]Run actions/checkout@v7
2026-10-03T03:13:38.0752389Z with:
2026-10-03T03:13:38.0752722Z   repository: OxyHQ/oxy
2026-10-03T03:13:38.0754677Z   token: ***
2026-10-03T03:13:38.0754938Z   ssh-strict: true
2026-10-03T03:13:38.0755509Z   ssh-user: git
2026-10-03T03:13:38.0755783Z   persist-credentials: true
2026-10-03T03:13:38.0756056Z   clean: true
2026-10-03T03:13:38.0756382Z   sparse-checkout-cone-mode: true
2026-10-03T03:13:38.0756695Z   fetch-depth: 1
2026-10-03T03:13:38.0757113Z   fetch-tags: false
2026-10-03T03:13:38.0757372Z   show-progress: true
2026-10-03T03:13:38.0757622Z   lfs: false
2026-10-03T03:13:38.0757892Z   submodules: false
2026-10-03T03:13:38.0758176Z   set-safe-directory: true
2026-10-03T03:13:38.0758466Z   allow-unsafe-pr-checkout: false
2026-10-03T03:13:38.0758875Z ##[endgroup]
2026-10-03T03:13:38.1598672Z Syncing repository: OxyHQ/oxy
2026-10-03T03:13:38.1600396Z ##[group]Getting Git version info
2026-10-03T03:13:38.1601120Z Working directory is '/home/runner/work/oxy/oxy'
2026-10-03T03:13:38.1602164Z [command]/usr/bin/git version
2026-10-03T03:13:38.1671441Z git version 2.55.0
2026-10-03T03:13:38.1686713Z ##[endgroup]
2026-10-03T03:13:38.1694849Z Temporarily overriding HOME='/home/runner/work/_temp/280e4ecb-180f-43be-a179-1a134d694d3d' before making global git config changes
2026-10-03T03:13:38.1696752Z Adding repository directory to the temporary git global config as a safe directory
2026-10-03T03:13:38.1699163Z [command]/usr/bin/git config --global --add safe.directory /home/runner/work/oxy/oxy
2026-10-03T03:13:38.1737547Z Deleting the contents of '/home/runner/work/oxy/oxy'
2026-10-03T03:13:38.1740569Z ##[group]Determining repository object format
2026-10-03T03:13:38.1741578Z ##[endgroup]
2026-10-03T03:13:38.1742566Z ##[group]Initializing the repository
2026-10-03T03:13:38.1746107Z [command]/usr/bin/git init /home/runner/work/oxy/oxy
2026-10-03T03:13:38.1836568Z hint: Using 'master' as the name for the initial branch. This default branch name
2026-10-03T03:13:38.1837622Z hint: will change to "main" in Git 3.0. To configure the initial branch name
2026-10-03T03:13:38.1838455Z hint: to use in all of your new repositories, which will suppress this warning,
2026-10-03T03:13:38.1839093Z hint: call:
2026-10-03T03:13:38.1839716Z hint:
2026-10-03T03:13:38.1840324Z hint: 	git config --global init.defaultBranch <name>
2026-10-03T03:13:38.1840972Z hint:
2026-10-03T03:13:38.1841535Z hint: Names commonly chosen instead of 'master' are 'main', 'trunk' and
2026-10-03T03:13:38.1842499Z hint: 'development'. The just-created branch can be renamed via this command:
2026-10-03T03:13:38.1843160Z hint:
2026-10-03T03:13:38.1843602Z hint: 	git branch -m <name>
2026-10-03T03:13:38.1844018Z hint:
2026-10-03T03:13:38.1844556Z hint: Disable this message with "git config set advice.defaultBranchName false"
2026-10-03T03:13:38.1845509Z Initialized empty Git repository in /home/runner/work/oxy/oxy/.git/
2026-10-03T03:13:38.1848719Z [command]/usr/bin/git remote add origin https://github.com/OxyHQ/oxy
2026-10-03T03:13:38.1894106Z ##[endgroup]
2026-10-03T03:13:38.1894945Z ##[group]Disabling automatic garbage collection
2026-10-03T03:13:38.1896757Z [command]/usr/bin/git config --local gc.auto 0
2026-10-03T03:13:38.1925385Z ##[endgroup]
2026-10-03T03:13:38.1926218Z ##[group]Setting up auth
2026-10-03T03:13:38.1926858Z Removing SSH command configuration
2026-10-03T03:13:38.1934584Z [command]/usr/bin/git config --local --name-only --get-regexp core\.sshCommand
2026-10-03T03:13:38.1964434Z [command]/usr/bin/git submodule foreach --recursive sh -c "git config --local --name-only --get-regexp 'core\.sshCommand' && git config --local --unset-all 'core.sshCommand' || :"
2026-10-03T03:13:38.2234545Z Removing HTTP extra header
2026-10-03T03:13:38.2239420Z [command]/usr/bin/git config --local --name-only --get-regexp http\.https\:\/\/github\.com\/\.extraheader
2026-10-03T03:13:38.2263890Z [command]/usr/bin/git submodule foreach --recursive sh -c "git config --local --name-only --get-regexp 'http\.https\:\/\/github\.com\/\.extraheader' && git config --local --unset-all 'http.https://github.com/.extraheader' || :"
2026-10-03T03:13:38.2423124Z Removing includeIf entries pointing to credentials config files
2026-10-03T03:13:38.2426656Z [command]/usr/bin/git config --local --name-only --get-regexp ^includeIf\.gitdir:
2026-10-03T03:13:38.2454542Z [command]/usr/bin/git submodule foreach --recursive git config --local --show-origin --name-only --get-regexp remote.origin.url
2026-10-03T03:13:38.2608554Z [command]/usr/bin/git config --file /home/runner/work/_temp/git-credentials-a101282f-244d-4b5f-97cf-a7939fb3d051.config http.https://github.com/.extraheader AUTHORIZATION: basic ***
2026-10-03T03:13:38.2635905Z [command]/usr/bin/git config --local includeIf.gitdir:/home/runner/work/oxy/oxy/.git.path /home/runner/work/_temp/git-credentials-a101282f-244d-4b5f-97cf-a7939fb3d051.config
2026-10-03T03:13:38.2659662Z [command]/usr/bin/git config --local includeIf.gitdir:/home/runner/work/oxy/oxy/.git/worktrees/*.path /home/runner/work/_temp/git-credentials-a101282f-244d-4b5f-97cf-a7939fb3d051.config
2026-10-03T03:13:38.2688995Z [command]/usr/bin/git config --local includeIf.gitdir:/github/workspace/.git.path /github/runner_temp/git-credentials-a101282f-244d-4b5f-97cf-a7939fb3d051.config
2026-10-03T03:13:38.2714942Z [command]/usr/bin/git config --local includeIf.gitdir:/github/workspace/.git/worktrees/*.path /github/runner_temp/git-credentials-a101282f-244d-4b5f-97cf-a7939fb3d051.config
2026-10-03T03:13:38.2736043Z ##[endgroup]
2026-10-03T03:13:38.2736479Z ##[group]Fetching the repository
2026-10-03T03:13:38.2741518Z [command]/usr/bin/git -c protocol.version=2 fetch --no-tags --prune --no-recurse-submodules --depth=1 origin +ae227ca54db3f3ed86f68eaad099aa33736c6d81:refs/remotes/pull/1557/merge
2026-10-03T03:13:40.9465948Z From https://github.com/OxyHQ/oxy
2026-10-03T03:13:40.9466833Z  * [new ref]         ae227ca54db3f3ed86f68eaad099aa33736c6d81 -> pull/1557/merge
2026-10-03T03:13:40.9471576Z ##[endgroup]
2026-10-03T03:13:40.9472637Z ##[group]Determining the checkout info
2026-10-03T03:13:40.9473339Z ##[endgroup]
2026-10-03T03:13:40.9476418Z [command]/usr/bin/git sparse-checkout disable
2026-10-03T03:13:40.9521348Z [command]/usr/bin/git config --local --unset-all extensions.worktreeConfig
2026-10-03T03:13:40.9547136Z ##[group]Checking out the ref
2026-10-03T03:13:40.9551040Z [command]/usr/bin/git checkout --progress --force refs/remotes/pull/1557/merge
2026-10-03T03:13:41.2781621Z Note: switching to 'refs/remotes/pull/1557/merge'.
2026-10-03T03:13:41.2782538Z 
2026-10-03T03:13:41.2783109Z You are in 'detached HEAD' state. You can look around, make experimental
2026-10-03T03:13:41.2783775Z changes and commit them, and you can discard any commits you make in this
2026-10-03T03:13:41.2784249Z state without impacting any branches by switching back to a branch.
2026-10-03T03:13:41.2784579Z 
2026-10-03T03:13:41.2784773Z If you want to create a new branch to retain commits you create, you may
2026-10-03T03:13:41.2785278Z do so (now or later) by using -c with the switch command. Example:
2026-10-03T03:13:41.2785506Z 
2026-10-03T03:13:41.2785684Z   git switch -c <new-branch-name>
2026-10-03T03:13:41.2785856Z 
2026-10-03T03:13:41.2786005Z Or undo this operation with:
2026-10-03T03:13:41.2786172Z 
2026-10-03T03:13:41.2786301Z   git switch -
2026-10-03T03:13:41.2786480Z 
2026-10-03T03:13:41.2786676Z Turn off this advice by setting config variable advice.detachedHead to false
2026-10-03T03:13:41.2786965Z 
2026-10-03T03:13:41.2787258Z HEAD is now at ae227ca Merge 26cf80a5e74459de28e8477b98a8e1fa8b2690b0 into 4b145040afca38be93ad4096241d4c60e12e1c82
2026-10-03T03:13:41.2808226Z ##[endgroup]
2026-10-03T03:13:41.2846978Z [command]/usr/bin/git log -1 --format=%H
2026-10-03T03:13:41.2868458Z ae227ca54db3f3ed86f68eaad099aa33736c6d81
2026-10-03T03:13:41.3075618Z ##[group]Run oven-sh/setup-bun@v2
2026-10-03T03:13:41.3075960Z with:
2026-10-03T03:13:41.3076224Z   bun-version-file: package.json
2026-10-03T03:13:41.3076507Z   no-cache: false
2026-10-03T03:13:41.3078370Z   token: ***
2026-10-03T03:13:41.3078645Z ##[endgroup]
2026-10-03T03:13:41.4344636Z Obtained version 1.4.2 from package.json
2026-10-03T03:13:41.5811312Z Cache hit for: bun-gmoqYqdUbaYsI0KujeXt7Zg/p0I=
2026-10-03T03:13:42.3514815Z Received 35684133 of 35684133 (100.0%), 53.0 MBs/sec
2026-10-03T03:13:42.3515306Z Cache Size: ~34 MB (35684133 B)
2026-10-03T03:13:42.3540829Z [command]/usr/bin/tar -xf /home/runner/work/_temp/68c59756-cba4-431e-b320-d99d799c0c8a/cache.tzst -P -C /home/runner/work/oxy/oxy --use-compress-program unzstd
2026-10-03T03:13:42.4660413Z Cache restored successfully
2026-10-03T03:13:42.4678013Z [command]/home/runner/.bun/bin/bun --revision
2026-10-03T03:13:42.4706520Z 1.4.2+744846f84
2026-10-03T03:13:42.4711483Z Using a cached version of Bun: 1.4.2+744846f84
2026-10-03T03:13:42.4819390Z ##[group]Run actions/setup-node@v7
2026-10-03T03:13:42.4819703Z with:
2026-10-03T03:13:42.4819996Z   node-version: 24.x
2026-10-03T03:13:42.4820249Z   check-latest: false
2026-10-03T03:13:42.4822340Z   token: ***
2026-10-03T03:13:42.4822640Z   package-manager-cache: true
2026-10-03T03:13:42.4822947Z ##[endgroup]
2026-10-03T03:13:42.5902816Z Found in cache @ /opt/hostedtoolcache/node/24.21.0/x64
2026-10-03T03:13:42.5905527Z ##[group]Environment details
2026-10-03T03:13:42.9648708Z node: v24.21.0
2026-10-03T03:13:42.9649257Z npm: 11.19.0
2026-10-03T03:13:42.9649650Z yarn: 1.22.22
2026-10-03T03:13:42.9650527Z ##[endgroup]
2026-10-03T03:13:42.9748552Z ##[group]Run set -eu
2026-10-03T03:13:42.9749066Z [36;1mset -eu[0m
2026-10-03T03:13:42.9749559Z [36;1mapt_opts='-o Acquire::Retries=3 -o Acquire::http::Timeout=15 -o Acquire::https::Timeout=15'[0m
2026-10-03T03:13:42.9750010Z [36;1mfor attempt in 1 2; do[0m
2026-10-03T03:13:42.9750374Z [36;1m  if sudo timeout -k 15s 420s bash -c \[0m
2026-10-03T03:13:42.9750903Z [36;1m    "apt-get update $apt_opts && apt-get install -y --no-install-recommends $apt_opts -o DPkg::Lock::Timeout=120 ffmpeg"; then[0m
2026-10-03T03:13:42.9751444Z [36;1m    break[0m
2026-10-03T03:13:42.9751751Z [36;1m  fi[0m
2026-10-03T03:13:42.9752241Z [36;1m  if [ "$attempt" = 2 ]; then[0m
2026-10-03T03:13:42.9752628Z [36;1m    echo "::error::apt-get could not install ffmpeg after 2 attempts"[0m
2026-10-03T03:13:42.9752988Z [36;1m    exit 1[0m
2026-10-03T03:13:42.9753332Z [36;1m  fi[0m
2026-10-03T03:13:42.9753673Z [36;1m  # Names the lock holder in the log, so the next failure of this step[0m
2026-10-03T03:13:42.9754237Z [36;1m  # says whether it was our own attempt or something the runner boots.[0m
2026-10-03T03:13:42.9754783Z [36;1m  echo "apt-get attempt $attempt failed or timed out; retrying once. apt/dpkg processes still alive:"[0m
2026-10-03T03:13:42.9755436Z [36;1m  ps -eo pid,user,etimes,stat,args | grep -E '[a]pt-get|[d]pkg|[u]nattended' || echo "  (none)"[0m
2026-10-03T03:13:42.9755857Z [36;1m  sleep 30[0m
2026-10-03T03:13:42.9756303Z [36;1m  sudo timeout -k 15s 120s dpkg --configure -a || echo "dpkg --configure -a did not finish; the retry will say why"[0m
2026-10-03T03:13:42.9756781Z [36;1mdone[0m
2026-10-03T03:13:42.9757064Z [36;1mffmpeg -version | head -1[0m
2026-10-03T03:13:42.9757417Z [36;1mffprobe -version | head -1[0m
2026-10-03T03:13:42.9757798Z [36;1m# The positive control, and the reason the two lines above are not one:[0m
2026-10-03T03:13:42.9758289Z [36;1m# without `pipefail` a pipeline reports `head`'s status, so `ffmpeg[0m
2026-10-03T03:13:42.9758747Z [36;1m# -version | head -1` exits 0 even when the binary is missing entirely —[0m
2026-10-03T03:13:42.9759190Z [36;1m# this step could go green having installed nothing. Encoding one frame[0m
2026-10-03T03:13:42.9759678Z [36;1m# the way the fixture builder does (`-f lavfi testsrc`, `-c:v libx264`)[0m
2026-10-03T03:13:42.9760159Z [36;1m# is the cheapest assertion that what apt installed can do the one thing[0m
2026-10-03T03:13:42.9760601Z [36;1m# the suite needs, and it fails loudly if it cannot.[0m
2026-10-03T03:13:42.9760941Z [36;1mprobe_dir=$(mktemp -d)[0m
2026-10-03T03:13:42.9761333Z [36;1mffmpeg -hide_banner -loglevel error -f lavfi \[0m
2026-10-03T03:13:42.9761729Z [36;1m  -i testsrc=size=64x64:rate=10:duration=1 \[0m
2026-10-03T03:13:42.9762254Z [36;1m  -c:v libx264 -pix_fmt yuv420p -movflags +faststart -y "$probe_dir/probe.mp4"[0m
2026-10-03T03:13:42.9762854Z [36;1mcodec=$(ffprobe -v error -select_streams v:0 -show_entries stream=codec_name -of csv=p=0 "$probe_dir/probe.mp4")[0m
2026-10-03T03:13:42.9763374Z [36;1mrm -rf "$probe_dir"[0m
2026-10-03T03:13:42.9763689Z [36;1mif [ "$codec" != h264 ]; then[0m
2026-10-03T03:13:42.9764296Z [36;1m  echo "::error::ffmpeg is on PATH but encoded '$codec', not h264 — the video variant fixture cannot be built"[0m
2026-10-03T03:13:42.9764756Z [36;1m  exit 1[0m
2026-10-03T03:13:42.9765025Z [36;1mfi[0m
2026-10-03T03:13:42.9765379Z [36;1mecho "ffmpeg encodes h264 via lavfi: the video variant fixture can be built"[0m
2026-10-03T03:13:42.9907310Z shell: /usr/bin/bash -e {0}
2026-10-03T03:13:42.9907706Z ##[endgroup]
2026-10-03T03:13:43.0598022Z Get:1 file:/etc/apt/apt-mirrors.txt Mirrorlist [144 B]
2026-10-03T03:13:43.0948475Z Hit:2 http://azure.archive.ubuntu.com/ubuntu noble InRelease
2026-10-03T03:13:43.0997709Z Get:6 https://packages.microsoft.com/ubuntu/24.04/prod noble InRelease [3600 B]
2026-10-03T03:13:43.1020059Z Get:3 http://azure.archive.ubuntu.com/ubuntu noble-updates InRelease [126 kB]
2026-10-03T03:13:43.1041771Z Get:4 http://azure.archive.ubuntu.com/ubuntu noble-backports InRelease [126 kB]
2026-10-03T03:13:43.1067303Z Get:5 http://azure.archive.ubuntu.com/ubuntu noble-security InRelease [126 kB]
2026-10-03T03:13:43.1999781Z Get:7 https://packages.microsoft.com/ubuntu/24.04/prod noble/main arm64 Packages [458 kB]
2026-10-03T03:13:43.2123245Z Get:8 https://packages.microsoft.com/ubuntu/24.04/prod noble/main armhf Packages [12.6 kB]
2026-10-03T03:13:43.2180023Z Get:9 https://packages.microsoft.com/ubuntu/24.04/prod noble/main amd64 Packages [511 kB]
2026-10-03T03:13:43.2194394Z Get:10 http://azure.archive.ubuntu.com/ubuntu noble-updates/main amd64 Packages [1364 kB]
2026-10-03T03:13:43.2269901Z Get:11 http://azure.archive.ubuntu.com/ubuntu noble-updates/main Translation-en [304 kB]
2026-10-03T03:13:43.2288543Z Get:12 http://azure.archive.ubuntu.com/ubuntu noble-updates/main amd64 Components [180 kB]
2026-10-03T03:13:43.2305555Z Get:13 http://azure.archive.ubuntu.com/ubuntu noble-updates/universe amd64 Packages [1699 kB]
2026-10-03T03:13:43.2386998Z Get:14 http://azure.archive.ubuntu.com/ubuntu noble-updates/universe Translation-en [341 kB]
2026-10-03T03:13:43.2406157Z Get:15 http://azure.archive.ubuntu.com/ubuntu noble-updates/universe amd64 Components [388 kB]
2026-10-03T03:13:43.2431300Z Get:16 http://azure.archive.ubuntu.com/ubuntu noble-updates/restricted amd64 Packages [1720 kB]
2026-10-03T03:13:43.2509839Z Get:17 http://azure.archive.ubuntu.com/ubuntu noble-updates/restricted Translation-en [394 kB]
2026-10-03T03:13:43.2535245Z Get:18 http://azure.archive.ubuntu.com/ubuntu noble-updates/multiverse amd64 Components [940 B]
2026-10-03T03:13:43.2651334Z Get:19 http://azure.archive.ubuntu.com/ubuntu noble-backports/main amd64 Components [5764 B]
2026-10-03T03:13:43.3068953Z Get:20 http://azure.archive.ubuntu.com/ubuntu noble-backports/universe amd64 Components [12.6 kB]
2026-10-03T03:13:43.3084051Z Get:21 http://azure.archive.ubuntu.com/ubuntu noble-security/main amd64 Packages [1069 kB]
2026-10-03T03:13:43.3125928Z Get:22 http://azure.archive.ubuntu.com/ubuntu noble-security/main Translation-en [221 kB]
2026-10-03T03:13:43.3138730Z Get:23 http://azure.archive.ubuntu.com/ubuntu noble-security/main amd64 Components [46.3 kB]
2026-10-03T03:13:43.3145945Z Get:24 http://azure.archive.ubuntu.com/ubuntu noble-security/universe amd64 Packages [1216 kB]
2026-10-03T03:13:43.3193664Z Get:25 http://azure.archive.ubuntu.com/ubuntu noble-security/universe Translation-en [244 kB]
2026-10-03T03:13:43.3205144Z Get:26 http://azure.archive.ubuntu.com/ubuntu noble-security/universe amd64 Components [76.3 kB]
2026-10-03T03:13:43.3214338Z Get:27 http://azure.archive.ubuntu.com/ubuntu noble-security/restricted amd64 Packages [1566 kB]
2026-10-03T03:13:43.3273124Z Get:28 http://azure.archive.ubuntu.com/ubuntu noble-security/restricted Translation-en [361 kB]
2026-10-03T03:13:50.1779998Z Fetched 12.6 MB in 1s (10.2 MB/s)
2026-10-03T03:13:50.8547799Z Reading package lists...
2026-10-03T03:13:50.8753902Z Reading package lists...
2026-10-03T03:13:50.9963729Z Building dependency tree...
2026-10-03T03:13:50.9969427Z Reading state information...
2026-10-03T03:13:51.1350420Z The following additional packages will be installed:
2026-10-03T03:13:51.1351500Z   libass9 libasyncns0 libavc1394-0 libavcodec60 libavdevice60 libavfilter9
2026-10-03T03:13:51.1353062Z   libavformat60 libavutil58 libblas3 libbluray2 libbs2b0 libcaca0
2026-10-03T03:13:51.1354034Z   libcdio-cdda2t64 libcdio-paranoia2t64 libcdio19t64 libchromaprint1 libcjson1
2026-10-03T03:13:51.1355430Z   libcodec2-1.2 libdav1d7 libdc1394-25 libdecor-0-0 libflac12t64 libflite1
2026-10-03T03:13:51.1356409Z   libgme0 libgsm1 libhwy1t64 libiec61883-0 libjack-jackd2-0 libjxl0.7
2026-10-03T03:13:51.1357430Z   liblapack3 liblilv-0-0 libmbedcrypto7t64 libmp3lame0 libmpg123-0t64
2026-10-03T03:13:51.1358501Z   libmysofa1 libopenal-data libopenal1 libopenmpt0t64 libopus0 libplacebo338
2026-10-03T03:13:51.1359505Z   libpocketsphinx3 libpostproc57 libpulse0 librav1e0 libraw1394-11 librist4
2026-10-03T03:13:51.1361000Z   librsvg2-2 librubberband2 libsamplerate0 libsdl2-2.0-0 libserd-0-0 libshine3
2026-10-03T03:13:51.1363719Z   libsndfile1 libsndio7.0 libsord-0-0 libsoxr0 libspeex1 libsphinxbase3t64
2026-10-03T03:13:51.1364388Z   libsratom-0-0 libsrt1.5-gnutls libssh-gcrypt-4 libsvtav1enc1d1
2026-10-03T03:13:51.1364892Z   libswresample4 libswscale7 libtheora0 libtwolame0 libudfread0 libunibreak5
2026-10-03T03:13:51.1365465Z   libva-drm2 libva-x11-2 libva2 libvdpau1 libvidstab1.1 libvorbisenc2 libvpl2
2026-10-03T03:13:51.1366101Z   libvpx9 libx264-164 libx265-199 libxcb-shape0 libxv1 libxvidcore4 libzimg2
2026-10-03T03:13:51.1366570Z   libzix-0-0 libzvbi-common libzvbi0t64 ocl-icd-libopencl1
2026-10-03T03:13:51.1366994Z Suggested packages:
2026-10-03T03:13:51.1367431Z   ffmpeg-doc libcuda1 libnvcuvid1 libnvidia-encode1 libbluray-bdj jackd2
2026-10-03T03:13:51.1368028Z   libportaudio2 opus-tools pulseaudio libraw1394-doc librsvg2-bin serdi sndiod
2026-10-03T03:13:51.1368469Z   sordi speex opencl-icd
2026-10-03T03:13:51.1368824Z Recommended packages:
2026-10-03T03:13:51.1369222Z   libaacs0 default-libdecor-0-plugin-1 | libdecor-0-plugin-1
2026-10-03T03:13:51.1369688Z   pocketsphinx-en-us librsvg2-common va-driver-all | va-driver
2026-10-03T03:13:51.1370124Z   vdpau-driver-all | vdpau-driver
2026-10-03T03:13:51.1717594Z The following NEW packages will be installed:
2026-10-03T03:13:51.1723489Z   ffmpeg libass9 libasyncns0 libavc1394-0 libavcodec60 libavdevice60
2026-10-03T03:13:51.1724536Z   libavfilter9 libavformat60 libavutil58 libblas3 libbluray2 libbs2b0 libcaca0
2026-10-03T03:13:51.1725487Z   libcdio-cdda2t64 libcdio-paranoia2t64 libcdio19t64 libchromaprint1 libcjson1
2026-10-03T03:13:51.1726464Z   libcodec2-1.2 libdav1d7 libdc1394-25 libdecor-0-0 libflac12t64 libflite1
2026-10-03T03:13:51.1727332Z   libgme0 libgsm1 libhwy1t64 libiec61883-0 libjack-jackd2-0 libjxl0.7
2026-10-03T03:13:51.1728339Z   liblapack3 liblilv-0-0 libmbedcrypto7t64 libmp3lame0 libmpg123-0t64
2026-10-03T03:13:51.1729276Z   libmysofa1 libopenal-data libopenal1 libopenmpt0t64 libopus0 libplacebo338
2026-10-03T03:13:51.1730163Z   libpocketsphinx3 libpostproc57 libpulse0 librav1e0 libraw1394-11 librist4
2026-10-03T03:13:51.1731189Z   librsvg2-2 librubberband2 libsamplerate0 libsdl2-2.0-0 libserd-0-0 libshine3
2026-10-03T03:13:51.1732248Z   libsndfile1 libsndio7.0 libsord-0-0 libsoxr0 libspeex1 libsphinxbase3t64
2026-10-03T03:13:51.1733225Z   libsratom-0-0 libsrt1.5-gnutls libssh-gcrypt-4 libsvtav1enc1d1
2026-10-03T03:13:51.1734027Z   libswresample4 libswscale7 libtheora0 libtwolame0 libudfread0 libunibreak5
2026-10-03T03:13:51.1734945Z   libva-drm2 libva-x11-2 libva2 libvdpau1 libvidstab1.1 libvorbisenc2 libvpl2
2026-10-03T03:13:51.1735862Z   libvpx9 libx264-164 libx265-199 libxcb-shape0 libxv1 libxvidcore4 libzimg2
2026-10-03T03:13:51.1736673Z   libzix-0-0 libzvbi-common libzvbi0t64 ocl-icd-libopencl1
2026-10-03T03:13:51.1877985Z 0 upgraded, 87 newly installed, 0 to remove and 25 not upgraded.
2026-10-03T03:13:51.1878662Z Need to get 62.8 MB of archives.
2026-10-03T03:13:51.1879287Z After this operation, 173 MB of additional disk space will be used.
2026-10-03T03:13:51.1879938Z Get:1 file:/etc/apt/apt-mirrors.txt Mirrorlist [144 B]
2026-10-03T03:13:51.2483212Z Get:2 http://azure.archive.ubuntu.com/ubuntu noble-updates/universe amd64 libva2 amd64 2.20.0-2ubuntu0.2 [66.4 kB]
2026-10-03T03:13:51.2772525Z Get:3 http://azure.archive.ubuntu.com/ubuntu noble-updates/universe amd64 libva-drm2 amd64 2.20.0-2ubuntu0.2 [7124 B]
2026-10-03T03:13:51.3049590Z Get:4 http://azure.archive.ubuntu.com/ubuntu noble-updates/universe amd64 libva-x11-2 amd64 2.20.0-2ubuntu0.2 [12.0 kB]
2026-10-03T03:13:51.3326556Z Get:5 http://azure.archive.ubuntu.com/ubuntu noble/main amd64 libvdpau1 amd64 1.5-2build1 [27.8 kB]
2026-10-03T03:13:51.3605335Z Get:6 http://azure.archive.ubuntu.com/ubuntu noble/universe amd64 libvpl2 amd64 2023.3.0-1build1 [99.8 kB]
2026-10-03T03:13:51.3887651Z Get:7 http://azure.archive.ubuntu.com/ubuntu noble/universe amd64 ocl-icd-libopencl1 amd64 2.3.2-1build1 [38.5 kB]
2026-10-03T03:13:51.4165870Z Get:8 http://azure.archive.ubuntu.com/ubuntu noble/universe amd64 libavutil58 amd64 7:6.1.1-3ubuntu5 [401 kB]
2026-10-03T03:13:51.4469646Z Get:9 http://azure.archive.ubuntu.com/ubuntu noble/universe amd64 libcodec2-1.2 amd64 1.2.0-2build1 [8998 kB]
2026-10-03T03:13:51.5522964Z Get:10 http://azure.archive.ubuntu.com/ubuntu noble/universe amd64 libdav1d7 amd64 1.4.1-1build1 [604 kB]
2026-10-03T03:13:51.5850362Z Get:11 http://azure.archive.ubuntu.com/ubuntu noble/universe amd64 libgsm1 amd64 1.0.22-1build1 [27.8 kB]
2026-10-03T03:13:51.6129959Z Get:12 http://azure.archive.ubuntu.com/ubuntu noble/universe amd64 libhwy1t64 amd64 1.0.7-8.1build1 [584 kB]
2026-10-03T03:13:51.6450133Z Get:13 http://azure.archive.ubuntu.com/ubuntu noble-updates/universe amd64 libjxl0.7 amd64 0.7.0-10.2ubuntu6.1 [1001 kB]
2026-10-03T03:13:51.6807179Z Get:14 http://azure.archive.ubuntu.com/ubuntu noble/main amd64 libmp3lame0 amd64 3.100-6build1 [142 kB]
2026-10-03T03:13:51.7093020Z Get:15 http://azure.archive.ubuntu.com/ubuntu noble/main amd64 libopus0 amd64 1.4-1build1 [208 kB]
2026-10-03T03:13:51.7385316Z Get:16 http://azure.archive.ubuntu.com/ubuntu noble/universe amd64 librav1e0 amd64 0.7.1-2 [1022 kB]
2026-10-03T03:13:51.7745435Z Get:17 http://azure.archive.ubuntu.com/ubuntu noble/main amd64 librsvg2-2 amd64 2.58.0+dfsg-1build1 [2135 kB]
2026-10-03T03:13:51.8278569Z Get:18 http://azure.archive.ubuntu.com/ubuntu noble/universe amd64 libshine3 amd64 3.1.1-2build1 [23.2 kB]
2026-10-03T03:13:51.8575006Z Get:19 http://azure.archive.ubuntu.com/ubuntu noble-updates/main amd64 libspeex1 amd64 1.2.1-2ubuntu2.24.04.1 [59.6 kB]
2026-10-03T03:13:51.9284287Z Get:20 http://azure.archive.ubuntu.com/ubuntu noble/universe amd64 libsvtav1enc1d1 amd64 1.7.0+dfsg-2build1 [2425 kB]
2026-10-03T03:13:51.9763020Z Get:21 http://azure.archive.ubuntu.com/ubuntu noble/universe amd64 libsoxr0 amd64 0.1.3-4build3 [80.0 kB]
2026-10-03T03:13:52.0040412Z Get:22 http://azure.archive.ubuntu.com/ubuntu noble/universe amd64 libswresample4 amd64 7:6.1.1-3ubuntu5 [63.8 kB]
2026-10-03T03:13:52.0317222Z Get:23 http://azure.archive.ubuntu.com/ubuntu noble/main amd64 libtheora0 amd64 1.1.1+dfsg.1-16.1build3 [211 kB]
2026-10-03T03:13:52.0603497Z Get:24 http://azure.archive.ubuntu.com/ubuntu noble/main amd64 libtwolame0 amd64 0.4.0-2build3 [52.3 kB]
2026-10-03T03:13:52.0882341Z Get:25 http://azure.archive.ubuntu.com/ubuntu noble/main amd64 libvorbisenc2 amd64 1.3.7-1build3 [80.8 kB]
2026-10-03T03:13:52.1163671Z Get:26 http://azure.archive.ubuntu.com/ubuntu noble-updates/main amd64 libvpx9 amd64 1.14.0-1ubuntu2.3 [1143 kB]
2026-10-03T03:13:52.1529516Z Get:27 http://azure.archive.ubuntu.com/ubuntu noble/universe amd64 libx264-164 amd64 2:0.164.3108+git31e19f9-1 [604 kB]
2026-10-03T03:13:52.1849269Z Get:28 http://azure.archive.ubuntu.com/ubuntu noble/universe amd64 libx265-199 amd64 3.5-2build1 [1226 kB]
2026-10-03T03:13:52.2223995Z Get:29 http://azure.archive.ubuntu.com/ubuntu noble/universe amd64 libxvidcore4 amd64 2:1.3.7-1build1 [219 kB]
2026-10-03T03:13:52.2510087Z Get:30 http://azure.archive.ubuntu.com/ubuntu noble/universe amd64 libzvbi-common all 0.2.42-2 [42.4 kB]
2026-10-03T03:13:52.2787633Z Get:31 http://azure.archive.ubuntu.com/ubuntu noble/universe amd64 libzvbi0t64 amd64 0.2.42-2 [261 kB]
2026-10-03T03:13:52.3080625Z Get:32 http://azure.archive.ubuntu.com/ubuntu noble/universe amd64 libavcodec60 amd64 7:6.1.1-3ubuntu5 [5851 kB]
2026-10-03T03:13:52.3855257Z Get:33 http://azure.archive.ubuntu.com/ubuntu noble/main amd64 libraw1394-11 amd64 2.1.2-2build3 [26.2 kB]
2026-10-03T03:13:52.4133350Z Get:34 http://azure.archive.ubuntu.com/ubuntu noble/main amd64 libavc1394-0 amd64 0.5.4-5build3 [15.4 kB]
2026-10-03T03:13:52.4409127Z Get:35 http://azure.archive.ubuntu.com/ubuntu noble/universe amd64 libunibreak5 amd64 5.1-2build1 [25.0 kB]
2026-10-03T03:13:52.4686528Z Get:36 http://azure.archive.ubuntu.com/ubuntu noble/universe amd64 libass9 amd64 1:0.17.1-2build1 [104 kB]
2026-10-03T03:13:52.4967164Z Get:37 http://azure.archive.ubuntu.com/ubuntu noble/universe amd64 libudfread0 amd64 1.1.2-1build1 [19.0 kB]
2026-10-03T03:13:52.5244817Z Get:38 http://azure.archive.ubuntu.com/ubuntu noble/universe amd64 libbluray2 amd64 1:1.3.4-1build1 [159 kB]
2026-10-03T03:13:52.5956743Z Get:39 http://azure.archive.ubuntu.com/ubuntu noble/universe amd64 libchromaprint1 amd64 1.5.1-5 [30.5 kB]
2026-10-03T03:13:52.6232959Z Get:40 http://azure.archive.ubuntu.com/ubuntu noble/universe amd64 libgme0 amd64 0.6.3-7build1 [134 kB]
2026-10-03T03:13:52.6513914Z Get:41 http://azure.archive.ubuntu.com/ubuntu noble-updates/main amd64 libmpg123-0t64 amd64 1.32.5-1ubuntu1.1 [169 kB]
2026-10-03T03:13:52.6817291Z Get:42 http://azure.archive.ubuntu.com/ubuntu noble/universe amd64 libopenmpt0t64 amd64 0.7.3-1.1build3 [647 kB]
2026-10-03T03:13:52.7121063Z Get:43 http://azure.archive.ubuntu.com/ubuntu noble/universe amd64 libcjson1 amd64 1.7.17-1 [24.8 kB]
2026-10-03T03:13:52.7396308Z Get:44 http://azure.archive.ubuntu.com/ubuntu noble/universe amd64 libmbedcrypto7t64 amd64 2.28.8-1 [209 kB]
2026-10-03T03:13:52.7685300Z Get:45 http://azure.archive.ubuntu.com/ubuntu noble/universe amd64 librist4 amd64 0.2.10+dfsg-2 [74.9 kB]
2026-10-03T03:13:52.7965031Z Get:46 http://azure.archive.ubuntu.com/ubuntu noble/universe amd64 libsrt1.5-gnutls amd64 1.5.3-1build2 [316 kB]
2026-10-03T03:13:52.8260316Z Get:47 http://azure.archive.ubuntu.com/ubuntu noble-updates/main amd64 libssh-gcrypt-4 amd64 0.10.6-2ubuntu0.5 [226 kB]
2026-10-03T03:13:52.8548030Z Get:48 http://azure.archive.ubuntu.com/ubuntu noble/universe amd64 libavformat60 amd64 7:6.1.1-3ubuntu5 [1153 kB]
2026-10-03T03:13:52.8981015Z Get:49 http://azure.archive.ubuntu.com/ubuntu noble/universe amd64 libbs2b0 amd64 3.1.0+dfsg-7build1 [10.6 kB]
2026-10-03T03:13:52.9323166Z Get:50 http://azure.archive.ubuntu.com/ubuntu noble/universe amd64 libflite1 amd64 2.2-6build3 [13.6 MB]
2026-10-03T03:13:53.1651724Z Get:51 http://azure.archive.ubuntu.com/ubuntu noble/universe amd64 libserd-0-0 amd64 0.32.2-1 [43.6 kB]
2026-10-03T03:13:53.1929069Z Get:52 http://azure.archive.ubuntu.com/ubuntu noble/universe amd64 libzix-0-0 amd64 0.4.2-2build1 [23.6 kB]
2026-10-03T03:13:53.2207301Z Get:53 http://azure.archive.ubuntu.com/ubuntu noble/universe amd64 libsord-0-0 amd64 0.16.16-2build1 [15.8 kB]
2026-10-03T03:13:53.2484072Z Get:54 http://azure.archive.ubuntu.com/ubuntu noble/universe amd64 libsratom-0-0 amd64 0.6.16-1build1 [17.3 kB]
2026-10-03T03:13:53.2763984Z Get:55 http://azure.archive.ubuntu.com/ubuntu noble/universe amd64 liblilv-0-0 amd64 0.24.22-1build1 [41.0 kB]
2026-10-03T03:13:53.3044360Z Get:56 http://azure.archive.ubuntu.com/ubuntu noble/universe amd64 libmysofa1 amd64 1.3.2+dfsg-2ubuntu2 [1158 kB]
2026-10-03T03:13:53.3384952Z Get:57 http://azure.archive.ubuntu.com/ubuntu noble/universe amd64 libplacebo338 amd64 6.338.2-2build1 [2654 kB]
2026-10-03T03:13:53.4233047Z Get:58 http://azure.archive.ubuntu.com/ubuntu noble-updates/main amd64 libblas3 amd64 3.12.0-3build1.1 [238 kB]
2026-10-03T03:13:53.4642463Z Get:59 http://azure.archive.ubuntu.com/ubuntu noble-updates/main amd64 liblapack3 amd64 3.12.0-3build1.1 [2646 kB]
2026-10-03T03:13:53.5809346Z Get:60 http://azure.archive.ubuntu.com/ubuntu noble/main amd64 libasyncns0 amd64 0.8-6build4 [11.3 kB]
2026-10-03T03:13:53.6084696Z Get:61 http://azure.archive.ubuntu.com/ubuntu noble/main amd64 libflac12t64 amd64 1.4.3+ds-2.1ubuntu2 [197 kB]
2026-10-03T03:13:53.6371474Z Get:62 http://azure.archive.ubuntu.com/ubuntu noble-updates/main amd64 libsndfile1 amd64 1.2.2-1ubuntu5.24.04.1 [209 kB]
2026-10-03T03:13:53.6659128Z Get:63 http://azure.archive.ubuntu.com/ubuntu noble-updates/main amd64 libpulse0 amd64 1:16.1+dfsg1-2ubuntu10.1 [292 kB]
2026-10-03T03:13:53.6950021Z Get:64 http://azure.archive.ubuntu.com/ubuntu noble/universe amd64 libsphinxbase3t64 amd64 0.8+5prealpha+1-17build2 [126 kB]
2026-10-03T03:13:53.7232628Z Get:65 http://azure.archive.ubuntu.com/ubuntu noble/universe amd64 libpocketsphinx3 amd64 0.8.0+real5prealpha+1-15ubuntu5 [133 kB]
2026-10-03T03:13:53.7516668Z Get:66 http://azure.archive.ubuntu.com/ubuntu noble/universe amd64 libpostproc57 amd64 7:6.1.1-3ubuntu5 [49.9 kB]
2026-10-03T03:13:53.7794554Z Get:67 http://azure.archive.ubuntu.com/ubuntu noble/main amd64 libsamplerate0 amd64 0.2.2-4build1 [1344 kB]
2026-10-03T03:13:53.8167305Z Get:68 http://azure.archive.ubuntu.com/ubuntu noble/universe amd64 librubberband2 amd64 3.3.0+dfsg-2build1 [130 kB]
2026-10-03T03:13:53.8452994Z Get:69 http://azure.archive.ubuntu.com/ubuntu noble/universe amd64 libswscale7 amd64 7:6.1.1-3ubuntu5 [193 kB]
2026-10-03T03:13:53.8739074Z Get:70 http://azure.archive.ubuntu.com/ubuntu noble/universe amd64 libvidstab1.1 amd64 1.1.0-2build1 [38.5 kB]
2026-10-03T03:13:53.9034227Z Get:71 http://azure.archive.ubuntu.com/ubuntu noble/universe amd64 libzimg2 amd64 3.0.5+ds1-1build1 [254 kB]
2026-10-03T03:13:53.9320119Z Get:72 http://azure.archive.ubuntu.com/ubuntu noble/universe amd64 libavfilter9 amd64 7:6.1.1-3ubuntu5 [4235 kB]
2026-10-03T03:13:53.9938172Z Get:73 http://azure.archive.ubuntu.com/ubuntu noble-updates/main amd64 libcaca0 amd64 0.99.beta20-4ubuntu0.2 [209 kB]
2026-10-03T03:13:54.0235818Z Get:74 http://azure.archive.ubuntu.com/ubuntu noble-updates/main amd64 libcdio19t64 amd64 2.1.0-4.1ubuntu1.2 [62.4 kB]
2026-10-03T03:13:54.0516630Z Get:75 http://azure.archive.ubuntu.com/ubuntu noble/main amd64 libcdio-cdda2t64 amd64 10.2+2.0.1-1.1build2 [16.5 kB]
2026-10-03T03:13:54.1243823Z Get:76 http://azure.archive.ubuntu.com/ubuntu noble/main amd64 libcdio-paranoia2t64 amd64 10.2+2.0.1-1.1build2 [16.6 kB]
2026-10-03T03:13:54.1521455Z Get:77 http://azure.archive.ubuntu.com/ubuntu noble/universe amd64 libdc1394-25 amd64 2.2.6-4build1 [90.1 kB]
2026-10-03T03:13:54.1804816Z Get:78 http://azure.archive.ubuntu.com/ubuntu noble/main amd64 libiec61883-0 amd64 1.2.0-6build1 [24.5 kB]
2026-10-03T03:13:54.2094551Z Get:79 http://azure.archive.ubuntu.com/ubuntu noble/main amd64 libjack-jackd2-0 amd64 1.9.21~dfsg-3ubuntu3 [289 kB]
2026-10-03T03:13:54.2385106Z Get:80 http://azure.archive.ubuntu.com/ubuntu noble/universe amd64 libopenal-data all 1:1.23.1-4build1 [161 kB]
2026-10-03T03:13:54.2675159Z Get:81 http://azure.archive.ubuntu.com/ubuntu noble/universe amd64 libsndio7.0 amd64 1.9.0-0.3build3 [29.6 kB]
2026-10-03T03:13:54.2956765Z Get:82 http://azure.archive.ubuntu.com/ubuntu noble/universe amd64 libopenal1 amd64 1:1.23.1-4build1 [540 kB]
2026-10-03T03:13:54.3294537Z Get:83 http://azure.archive.ubuntu.com/ubuntu noble/main amd64 libdecor-0-0 amd64 0.2.2-1build2 [16.5 kB]
2026-10-03T03:13:54.3574317Z Get:84 http://azure.archive.ubuntu.com/ubuntu noble-updates/main amd64 libsdl2-2.0-0 amd64 2.30.0+dfsg-1ubuntu3.1 [686 kB]
2026-10-03T03:13:54.3905698Z Get:85 http://azure.archive.ubuntu.com/ubuntu noble/main amd64 libxcb-shape0 amd64 1.15-1ubuntu2 [6100 B]
2026-10-03T03:13:54.4185939Z Get:86 http://azure.archive.ubuntu.com/ubuntu noble/main amd64 libxv1 amd64 2:1.0.11-1.1build1 [10.7 kB]
2026-10-03T03:13:54.4505136Z Get:87 http://azure.archive.ubuntu.com/ubuntu noble/universe amd64 libavdevice60 amd64 7:6.1.1-3ubuntu5 [82.3 kB]
2026-10-03T03:13:54.4826032Z Get:88 http://azure.archive.ubuntu.com/ubuntu noble/universe amd64 ffmpeg amd64 7:6.1.1-3ubuntu5 [1879 kB]
2026-10-03T03:13:54.7536738Z Fetched 62.8 MB in 3s (18.9 MB/s)
2026-10-03T03:13:54.7718149Z Selecting previously unselected package libva2:amd64.
2026-10-03T03:13:54.7905261Z (Reading database ... 
2026-10-03T03:13:54.7905950Z (Reading database ... 5%
2026-10-03T03:13:54.7906459Z (Reading database ... 10%
2026-10-03T03:13:54.7906957Z (Reading database ... 15%
2026-10-03T03:13:54.7908231Z (Reading database ... 20%
2026-10-03T03:13:54.7908786Z (Reading database ... 25%
2026-10-03T03:13:54.7909138Z (Reading database ... 30%
2026-10-03T03:13:54.7909473Z (Reading database ... 35%
2026-10-03T03:13:54.7909935Z (Reading database ... 40%
2026-10-03T03:13:54.7910636Z (Reading database ... 45%
2026-10-03T03:13:54.7911374Z (Reading database ... 50%
2026-10-03T03:13:54.7943933Z (Reading database ... 55%
2026-10-03T03:13:54.9301573Z (Reading database ... 60%
2026-10-03T03:13:55.1212723Z (Reading database ... 65%
2026-10-03T03:13:55.3278656Z (Reading database ... 70%
2026-10-03T03:13:55.5316062Z (Reading database ... 75%
2026-10-03T03:13:55.6730425Z (Reading database ... 80%
2026-10-03T03:13:55.8788634Z (Reading database ... 85%
2026-10-03T03:13:56.0743674Z (Reading database ... 90%
2026-10-03T03:13:56.2804182Z (Reading database ... 95%
2026-10-03T03:13:56.2804849Z (Reading database ... 100%
2026-10-03T03:13:56.2805588Z (Reading database ... 202296 files and directories currently installed.)
2026-10-03T03:13:56.2842351Z Preparing to unpack .../00-libva2_2.20.0-2ubuntu0.2_amd64.deb ...
2026-10-03T03:13:56.2867814Z Unpacking libva2:amd64 (2.20.0-2ubuntu0.2) ...
2026-10-03T03:13:56.3034665Z Selecting previously unselected package libva-drm2:amd64.
2026-10-03T03:13:56.3129869Z Preparing to unpack .../01-libva-drm2_2.20.0-2ubuntu0.2_amd64.deb ...
2026-10-03T03:13:56.3137774Z Unpacking libva-drm2:amd64 (2.20.0-2ubuntu0.2) ...
2026-10-03T03:13:56.3284511Z Selecting previously unselected package libva-x11-2:amd64.
2026-10-03T03:13:56.3377585Z Preparing to unpack .../02-libva-x11-2_2.20.0-2ubuntu0.2_amd64.deb ...
2026-10-03T03:13:56.3386504Z Unpacking libva-x11-2:amd64 (2.20.0-2ubuntu0.2) ...
2026-10-03T03:13:56.3525666Z Selecting previously unselected package libvdpau1:amd64.
2026-10-03T03:13:56.3613514Z Preparing to unpack .../03-libvdpau1_1.5-2build1_amd64.deb ...
2026-10-03T03:13:56.3620238Z Unpacking libvdpau1:amd64 (1.5-2build1) ...
2026-10-03T03:13:56.3762575Z Selecting previously unselected package libvpl2.
2026-10-03T03:13:56.3849663Z Preparing to unpack .../04-libvpl2_2023.3.0-1build1_amd64.deb ...
2026-10-03T03:13:56.3856263Z Unpacking libvpl2 (2023.3.0-1build1) ...
2026-10-03T03:13:56.4011341Z Selecting previously unselected package ocl-icd-libopencl1:amd64.
2026-10-03T03:13:56.4097587Z Preparing to unpack .../05-ocl-icd-libopencl1_2.3.2-1build1_amd64.deb ...
2026-10-03T03:13:56.4103622Z Unpacking ocl-icd-libopencl1:amd64 (2.3.2-1build1) ...
2026-10-03T03:13:56.4361119Z Selecting previously unselected package libavutil58:amd64.
2026-10-03T03:13:56.4446330Z Preparing to unpack .../06-libavutil58_7%3a6.1.1-3ubuntu5_amd64.deb ...
2026-10-03T03:13:56.4452526Z Unpacking libavutil58:amd64 (7:6.1.1-3ubuntu5) ...
2026-10-03T03:13:56.4623977Z Selecting previously unselected package libcodec2-1.2:amd64.
2026-10-03T03:13:56.4713488Z Preparing to unpack .../07-libcodec2-1.2_1.2.0-2build1_amd64.deb ...
2026-10-03T03:13:56.4723258Z Unpacking libcodec2-1.2:amd64 (1.2.0-2build1) ...
2026-10-03T03:13:56.5920389Z Selecting previously unselected package libdav1d7:amd64.
2026-10-03T03:13:56.6006993Z Preparing to unpack .../08-libdav1d7_1.4.1-1build1_amd64.deb ...
2026-10-03T03:13:56.6015104Z Unpacking libdav1d7:amd64 (1.4.1-1build1) ...
2026-10-03T03:13:56.6202968Z Selecting previously unselected package libgsm1:amd64.
2026-10-03T03:13:56.6289232Z Preparing to unpack .../09-libgsm1_1.0.22-1build1_amd64.deb ...
2026-10-03T03:13:56.6298032Z Unpacking libgsm1:amd64 (1.0.22-1build1) ...
2026-10-03T03:13:56.6434528Z Selecting previously unselected package libhwy1t64:amd64.
2026-10-03T03:13:56.6520295Z Preparing to unpack .../10-libhwy1t64_1.0.7-8.1build1_amd64.deb ...
2026-10-03T03:13:56.6526847Z Unpacking libhwy1t64:amd64 (1.0.7-8.1build1) ...
2026-10-03T03:13:56.6818528Z Selecting previously unselected package libjxl0.7:amd64.
2026-10-03T03:13:56.6904512Z Preparing to unpack .../11-libjxl0.7_0.7.0-10.2ubuntu6.1_amd64.deb ...
2026-10-03T03:13:56.6910585Z Unpacking libjxl0.7:amd64 (0.7.0-10.2ubuntu6.1) ...
2026-10-03T03:13:56.7313526Z Selecting previously unselected package libmp3lame0:amd64.
2026-10-03T03:13:56.7400857Z Preparing to unpack .../12-libmp3lame0_3.100-6build1_amd64.deb ...
2026-10-03T03:13:56.7407286Z Unpacking libmp3lame0:amd64 (3.100-6build1) ...
2026-10-03T03:13:56.7557297Z Selecting previously unselected package libopus0:amd64.
2026-10-03T03:13:56.7643207Z Preparing to unpack .../13-libopus0_1.4-1build1_amd64.deb ...
2026-10-03T03:13:56.7649829Z Unpacking libopus0:amd64 (1.4-1build1) ...
2026-10-03T03:13:56.7912205Z Selecting previously unselected package librav1e0:amd64.
2026-10-03T03:13:56.7999667Z Preparing to unpack .../14-librav1e0_0.7.1-2_amd64.deb ...
2026-10-03T03:13:56.8005825Z Unpacking librav1e0:amd64 (0.7.1-2) ...
2026-10-03T03:13:56.8317129Z Selecting previously unselected package librsvg2-2:amd64.
2026-10-03T03:13:56.8403237Z Preparing to unpack .../15-librsvg2-2_2.58.0+dfsg-1build1_amd64.deb ...
2026-10-03T03:13:56.8409883Z Unpacking librsvg2-2:amd64 (2.58.0+dfsg-1build1) ...
2026-10-03T03:13:56.9018364Z Selecting previously unselected package libshine3:amd64.
2026-10-03T03:13:56.9103760Z Preparing to unpack .../16-libshine3_3.1.1-2build1_amd64.deb ...
2026-10-03T03:13:56.9110387Z Unpacking libshine3:amd64 (3.1.1-2build1) ...
2026-10-03T03:13:56.9241284Z Selecting previously unselected package libspeex1:amd64.
2026-10-03T03:13:56.9326855Z Preparing to unpack .../17-libspeex1_1.2.1-2ubuntu2.24.04.1_amd64.deb ...
2026-10-03T03:13:56.9333771Z Unpacking libspeex1:amd64 (1.2.1-2ubuntu2.24.04.1) ...
2026-10-03T03:13:56.9467484Z Selecting previously unselected package libsvtav1enc1d1:amd64.
2026-10-03T03:13:56.9552567Z Preparing to unpack .../18-libsvtav1enc1d1_1.7.0+dfsg-2build1_amd64.deb ...
2026-10-03T03:13:56.9559946Z Unpacking libsvtav1enc1d1:amd64 (1.7.0+dfsg-2build1) ...
2026-10-03T03:13:57.0221069Z Selecting previously unselected package libsoxr0:amd64.
2026-10-03T03:13:57.0306827Z Preparing to unpack .../19-libsoxr0_0.1.3-4build3_amd64.deb ...
2026-10-03T03:13:57.0313700Z Unpacking libsoxr0:amd64 (0.1.3-4build3) ...
2026-10-03T03:13:57.0456962Z Selecting previously unselected package libswresample4:amd64.
2026-10-03T03:13:57.0542175Z Preparing to unpack .../20-libswresample4_7%3a6.1.1-3ubuntu5_amd64.deb ...
2026-10-03T03:13:57.0548399Z Unpacking libswresample4:amd64 (7:6.1.1-3ubuntu5) ...
2026-10-03T03:13:57.0693870Z Selecting previously unselected package libtheora0:amd64.
2026-10-03T03:13:57.0779251Z Preparing to unpack .../21-libtheora0_1.1.1+dfsg.1-16.1build3_amd64.deb ...
2026-10-03T03:13:57.0786292Z Unpacking libtheora0:amd64 (1.1.1+dfsg.1-16.1build3) ...
2026-10-03T03:13:57.0948287Z Selecting previously unselected package libtwolame0:amd64.
2026-10-03T03:13:57.1035759Z Preparing to unpack .../22-libtwolame0_0.4.0-2build3_amd64.deb ...
2026-10-03T03:13:57.1043145Z Unpacking libtwolame0:amd64 (0.4.0-2build3) ...
2026-10-03T03:13:57.1190754Z Selecting previously unselected package libvorbisenc2:amd64.
2026-10-03T03:13:57.1276007Z Preparing to unpack .../23-libvorbisenc2_1.3.7-1build3_amd64.deb ...
2026-10-03T03:13:57.1282149Z Unpacking libvorbisenc2:amd64 (1.3.7-1build3) ...
2026-10-03T03:13:57.1434083Z Selecting previously unselected package libvpx9:amd64.
2026-10-03T03:13:57.1519275Z Preparing to unpack .../24-libvpx9_1.14.0-1ubuntu2.3_amd64.deb ...
2026-10-03T03:13:57.1525383Z Unpacking libvpx9:amd64 (1.14.0-1ubuntu2.3) ...
2026-10-03T03:13:57.1820275Z Selecting previously unselected package libx264-164:amd64.
2026-10-03T03:13:57.1906364Z Preparing to unpack .../25-libx264-164_2%3a0.164.3108+git31e19f9-1_amd64.deb ...
2026-10-03T03:13:57.1912846Z Unpacking libx264-164:amd64 (2:0.164.3108+git31e19f9-1) ...
2026-10-03T03:13:57.2105963Z Selecting previously unselected package libx265-199:amd64.
2026-10-03T03:13:57.2190824Z Preparing to unpack .../26-libx265-199_3.5-2build1_amd64.deb ...
2026-10-03T03:13:57.2196881Z Unpacking libx265-199:amd64 (3.5-2build1) ...
2026-10-03T03:13:57.3717737Z Selecting previously unselected package libxvidcore4:amd64.
2026-10-03T03:13:57.3804839Z Preparing to unpack .../27-libxvidcore4_2%3a1.3.7-1build1_amd64.deb ...
2026-10-03T03:13:57.3812307Z Unpacking libxvidcore4:amd64 (2:1.3.7-1build1) ...
2026-10-03T03:13:57.3961916Z Selecting previously unselected package libzvbi-common.
2026-10-03T03:13:57.4049094Z Preparing to unpack .../28-libzvbi-common_0.2.42-2_all.deb ...
2026-10-03T03:13:57.4055773Z Unpacking libzvbi-common (0.2.42-2) ...
2026-10-03T03:13:57.4623426Z Selecting previously unselected package libzvbi0t64:amd64.
2026-10-03T03:13:57.4709348Z Preparing to unpack .../29-libzvbi0t64_0.2.42-2_amd64.deb ...
2026-10-03T03:13:57.4717499Z Unpacking libzvbi0t64:amd64 (0.2.42-2) ...
2026-10-03T03:13:57.4883100Z Selecting previously unselected package libavcodec60:amd64.
2026-10-03T03:13:57.4970757Z Preparing to unpack .../30-libavcodec60_7%3a6.1.1-3ubuntu5_amd64.deb ...
2026-10-03T03:13:57.4977210Z Unpacking libavcodec60:amd64 (7:6.1.1-3ubuntu5) ...
2026-10-03T03:13:57.6412737Z Selecting previously unselected package libraw1394-11:amd64.
2026-10-03T03:13:57.6517208Z Preparing to unpack .../31-libraw1394-11_2.1.2-2build3_amd64.deb ...
2026-10-03T03:13:57.6527727Z Unpacking libraw1394-11:amd64 (2.1.2-2build3) ...
2026-10-03T03:13:57.6673021Z Selecting previously unselected package libavc1394-0:amd64.
2026-10-03T03:13:57.6777291Z Preparing to unpack .../32-libavc1394-0_0.5.4-5build3_amd64.deb ...
2026-10-03T03:13:57.6786197Z Unpacking libavc1394-0:amd64 (0.5.4-5build3) ...
2026-10-03T03:13:57.6936481Z Selecting previously unselected package libunibreak5:amd64.
2026-10-03T03:13:57.7039610Z Preparing to unpack .../33-libunibreak5_5.1-2build1_amd64.deb ...
2026-10-03T03:13:57.7045652Z Unpacking libunibreak5:amd64 (5.1-2build1) ...
2026-10-03T03:13:57.7192292Z Selecting previously unselected package libass9:amd64.
2026-10-03T03:13:57.7290769Z Preparing to unpack .../34-libass9_1%3a0.17.1-2build1_amd64.deb ...
2026-10-03T03:13:57.7297292Z Unpacking libass9:amd64 (1:0.17.1-2build1) ...
2026-10-03T03:13:57.7463228Z Selecting previously unselected package libudfread0:amd64.
2026-10-03T03:13:57.7554012Z Preparing to unpack .../35-libudfread0_1.1.2-1build1_amd64.deb ...
2026-10-03T03:13:57.7560804Z Unpacking libudfread0:amd64 (1.1.2-1build1) ...
2026-10-03T03:13:57.7698818Z Selecting previously unselected package libbluray2:amd64.
2026-10-03T03:13:57.7787181Z Preparing to unpack .../36-libbluray2_1%3a1.3.4-1build1_amd64.deb ...
2026-10-03T03:13:57.7793626Z Unpacking libbluray2:amd64 (1:1.3.4-1build1) ...
2026-10-03T03:13:57.7943589Z Selecting previously unselected package libchromaprint1:amd64.
2026-10-03T03:13:57.8030841Z Preparing to unpack .../37-libchromaprint1_1.5.1-5_amd64.deb ...
2026-10-03T03:13:57.8037739Z Unpacking libchromaprint1:amd64 (1.5.1-5) ...
2026-10-03T03:13:57.8173227Z Selecting previously unselected package libgme0:amd64.
2026-10-03T03:13:57.8260355Z Preparing to unpack .../38-libgme0_0.6.3-7build1_amd64.deb ...
2026-10-03T03:13:57.8266308Z Unpacking libgme0:amd64 (0.6.3-7build1) ...
2026-10-03T03:13:57.8412609Z Selecting previously unselected package libmpg123-0t64:amd64.
2026-10-03T03:13:57.8500051Z Preparing to unpack .../39-libmpg123-0t64_1.32.5-1ubuntu1.1_amd64.deb ...
2026-10-03T03:13:57.8505909Z Unpacking libmpg123-0t64:amd64 (1.32.5-1ubuntu1.1) ...
2026-10-03T03:13:57.8654873Z Selecting previously unselected package libopenmpt0t64:amd64.
2026-10-03T03:13:57.8741662Z Preparing to unpack .../40-libopenmpt0t64_0.7.3-1.1build3_amd64.deb ...
2026-10-03T03:13:57.8795338Z Unpacking libopenmpt0t64:amd64 (0.7.3-1.1build3) ...
2026-10-03T03:13:57.8987408Z Selecting previously unselected package libcjson1:amd64.
2026-10-03T03:13:57.9076569Z Preparing to unpack .../41-libcjson1_1.7.17-1_amd64.deb ...
2026-10-03T03:13:57.9082917Z Unpacking libcjson1:amd64 (1.7.17-1) ...
2026-10-03T03:13:57.9219034Z Selecting previously unselected package libmbedcrypto7t64:amd64.
2026-10-03T03:13:57.9305762Z Preparing to unpack .../42-libmbedcrypto7t64_2.28.8-1_amd64.deb ...
2026-10-03T03:13:57.9311555Z Unpacking libmbedcrypto7t64:amd64 (2.28.8-1) ...
2026-10-03T03:13:57.9468675Z Selecting previously unselected package librist4:amd64.
2026-10-03T03:13:57.9556047Z Preparing to unpack .../43-librist4_0.2.10+dfsg-2_amd64.deb ...
2026-10-03T03:13:57.9562281Z Unpacking librist4:amd64 (0.2.10+dfsg-2) ...
2026-10-03T03:13:57.9701288Z Selecting previously unselected package libsrt1.5-gnutls:amd64.
2026-10-03T03:13:57.9789658Z Preparing to unpack .../44-libsrt1.5-gnutls_1.5.3-1build2_amd64.deb ...
2026-10-03T03:13:57.9797279Z Unpacking libsrt1.5-gnutls:amd64 (1.5.3-1build2) ...
2026-10-03T03:13:57.9964766Z Selecting previously unselected package libssh-gcrypt-4:amd64.
2026-10-03T03:13:58.0051190Z Preparing to unpack .../45-libssh-gcrypt-4_0.10.6-2ubuntu0.5_amd64.deb ...
2026-10-03T03:13:58.0057740Z Unpacking libssh-gcrypt-4:amd64 (0.10.6-2ubuntu0.5) ...
2026-10-03T03:13:58.0211470Z Selecting previously unselected package libavformat60:amd64.
2026-10-03T03:13:58.0297095Z Preparing to unpack .../46-libavformat60_7%3a6.1.1-3ubuntu5_amd64.deb ...
2026-10-03T03:13:58.0304011Z Unpacking libavformat60:amd64 (7:6.1.1-3ubuntu5) ...
2026-10-03T03:13:58.0599274Z Selecting previously unselected package libbs2b0:amd64.
2026-10-03T03:13:58.0686766Z Preparing to unpack .../47-libbs2b0_3.1.0+dfsg-7build1_amd64.deb ...
2026-10-03T03:13:58.0693296Z Unpacking libbs2b0:amd64 (3.1.0+dfsg-7build1) ...
2026-10-03T03:13:58.0844183Z Selecting previously unselected package libflite1:amd64.
2026-10-03T03:13:58.0930950Z Preparing to unpack .../48-libflite1_2.2-6build3_amd64.deb ...
2026-10-03T03:13:58.0937899Z Unpacking libflite1:amd64 (2.2-6build3) ...
2026-10-03T03:13:58.2398103Z Selecting previously unselected package libserd-0-0:amd64.
2026-10-03T03:13:58.2500618Z Preparing to unpack .../49-libserd-0-0_0.32.2-1_amd64.deb ...
2026-10-03T03:13:58.2509690Z Unpacking libserd-0-0:amd64 (0.32.2-1) ...
2026-10-03T03:13:58.2656555Z Selecting previously unselected package libzix-0-0:amd64.
2026-10-03T03:13:58.2758765Z Preparing to unpack .../50-libzix-0-0_0.4.2-2build1_amd64.deb ...
2026-10-03T03:13:58.2767776Z Unpacking libzix-0-0:amd64 (0.4.2-2build1) ...
2026-10-03T03:13:58.2909192Z Selecting previously unselected package libsord-0-0:amd64.
2026-10-03T03:13:58.2996992Z Preparing to unpack .../51-libsord-0-0_0.16.16-2build1_amd64.deb ...
2026-10-03T03:13:58.3003952Z Unpacking libsord-0-0:amd64 (0.16.16-2build1) ...
2026-10-03T03:13:58.3140864Z Selecting previously unselected package libsratom-0-0:amd64.
2026-10-03T03:13:58.3227877Z Preparing to unpack .../52-libsratom-0-0_0.6.16-1build1_amd64.deb ...
2026-10-03T03:13:58.3234121Z Unpacking libsratom-0-0:amd64 (0.6.16-1build1) ...
2026-10-03T03:13:58.3371416Z Selecting previously unselected package liblilv-0-0:amd64.
2026-10-03T03:13:58.3458350Z Preparing to unpack .../53-liblilv-0-0_0.24.22-1build1_amd64.deb ...
2026-10-03T03:13:58.3465058Z Unpacking liblilv-0-0:amd64 (0.24.22-1build1) ...
2026-10-03T03:13:58.3605874Z Selecting previously unselected package libmysofa1:amd64.
2026-10-03T03:13:58.3692217Z Preparing to unpack .../54-libmysofa1_1.3.2+dfsg-2ubuntu2_amd64.deb ...
2026-10-03T03:13:58.3698377Z Unpacking libmysofa1:amd64 (1.3.2+dfsg-2ubuntu2) ...
2026-10-03T03:13:58.3875308Z Selecting previously unselected package libplacebo338:amd64.
2026-10-03T03:13:58.3961614Z Preparing to unpack .../55-libplacebo338_6.338.2-2build1_amd64.deb ...
2026-10-03T03:13:58.3998791Z Unpacking libplacebo338:amd64 (6.338.2-2build1) ...
2026-10-03T03:13:58.4713678Z Selecting previously unselected package libblas3:amd64.
2026-10-03T03:13:58.4800235Z Preparing to unpack .../56-libblas3_3.12.0-3build1.1_amd64.deb ...
2026-10-03T03:13:58.4821889Z Unpacking libblas3:amd64 (3.12.0-3build1.1) ...
2026-10-03T03:13:58.4991088Z Selecting previously unselected package liblapack3:amd64.
2026-10-03T03:13:58.5078465Z Preparing to unpack .../57-liblapack3_3.12.0-3build1.1_amd64.deb ...
2026-10-03T03:13:58.5099532Z Unpacking liblapack3:amd64 (3.12.0-3build1.1) ...
2026-10-03T03:13:58.5764716Z Selecting previously unselected package libasyncns0:amd64.
2026-10-03T03:13:58.5851685Z Preparing to unpack .../58-libasyncns0_0.8-6build4_amd64.deb ...
2026-10-03T03:13:58.5858423Z Unpacking libasyncns0:amd64 (0.8-6build4) ...
2026-10-03T03:13:58.6017846Z Selecting previously unselected package libflac12t64:amd64.
2026-10-03T03:13:58.6105223Z Preparing to unpack .../59-libflac12t64_1.4.3+ds-2.1ubuntu2_amd64.deb ...
2026-10-03T03:13:58.6111449Z Unpacking libflac12t64:amd64 (1.4.3+ds-2.1ubuntu2) ...
2026-10-03T03:13:58.6268174Z Selecting previously unselected package libsndfile1:amd64.
2026-10-03T03:13:58.6354102Z Preparing to unpack .../60-libsndfile1_1.2.2-1ubuntu5.24.04.1_amd64.deb ...
2026-10-03T03:13:58.6360736Z Unpacking libsndfile1:amd64 (1.2.2-1ubuntu5.24.04.1) ...
2026-10-03T03:13:58.6532843Z Selecting previously unselected package libpulse0:amd64.
2026-10-03T03:13:58.6619530Z Preparing to unpack .../61-libpulse0_1%3a16.1+dfsg1-2ubuntu10.1_amd64.deb ...
2026-10-03T03:13:58.6667607Z Unpacking libpulse0:amd64 (1:16.1+dfsg1-2ubuntu10.1) ...
2026-10-03T03:13:58.6841804Z Selecting previously unselected package libsphinxbase3t64:amd64.
2026-10-03T03:13:58.6928627Z Preparing to unpack .../62-libsphinxbase3t64_0.8+5prealpha+1-17build2_amd64.deb ...
2026-10-03T03:13:58.6935729Z Unpacking libsphinxbase3t64:amd64 (0.8+5prealpha+1-17build2) ...
2026-10-03T03:13:58.7085260Z Selecting previously unselected package libpocketsphinx3:amd64.
2026-10-03T03:13:58.7172307Z Preparing to unpack .../63-libpocketsphinx3_0.8.0+real5prealpha+1-15ubuntu5_amd64.deb ...
2026-10-03T03:13:58.7179589Z Unpacking libpocketsphinx3:amd64 (0.8.0+real5prealpha+1-15ubuntu5) ...
2026-10-03T03:13:58.7329144Z Selecting previously unselected package libpostproc57:amd64.
2026-10-03T03:13:58.7416427Z Preparing to unpack .../64-libpostproc57_7%3a6.1.1-3ubuntu5_amd64.deb ...
2026-10-03T03:13:58.7423481Z Unpacking libpostproc57:amd64 (7:6.1.1-3ubuntu5) ...
2026-10-03T03:13:58.7566448Z Selecting previously unselected package libsamplerate0:amd64.
2026-10-03T03:13:58.7652357Z Preparing to unpack .../65-libsamplerate0_0.2.2-4build1_amd64.deb ...
2026-10-03T03:13:58.7659358Z Unpacking libsamplerate0:amd64 (0.2.2-4build1) ...
2026-10-03T03:13:58.7842515Z Selecting previously unselected package librubberband2:amd64.
2026-10-03T03:13:58.7927763Z Preparing to unpack .../66-librubberband2_3.3.0+dfsg-2build1_amd64.deb ...
2026-10-03T03:13:58.7935601Z Unpacking librubberband2:amd64 (3.3.0+dfsg-2build1) ...
2026-10-03T03:13:58.8759548Z Selecting previously unselected package libswscale7:amd64.
2026-10-03T03:13:58.8845386Z Preparing to unpack .../67-libswscale7_7%3a6.1.1-3ubuntu5_amd64.deb ...
2026-10-03T03:13:58.8852390Z Unpacking libswscale7:amd64 (7:6.1.1-3ubuntu5) ...
2026-10-03T03:13:58.9007880Z Selecting previously unselected package libvidstab1.1:amd64.
2026-10-03T03:13:58.9094727Z Preparing to unpack .../68-libvidstab1.1_1.1.0-2build1_amd64.deb ...
2026-10-03T03:13:58.9250033Z Unpacking libvidstab1.1:amd64 (1.1.0-2build1) ...
2026-10-03T03:13:58.9385661Z Selecting previously unselected package libzimg2:amd64.
2026-10-03T03:13:58.9471629Z Preparing to unpack .../69-libzimg2_3.0.5+ds1-1build1_amd64.deb ...
2026-10-03T03:13:58.9478275Z Unpacking libzimg2:amd64 (3.0.5+ds1-1build1) ...
2026-10-03T03:13:58.9637254Z Selecting previously unselected package libavfilter9:amd64.
2026-10-03T03:13:58.9722995Z Preparing to unpack .../70-libavfilter9_7%3a6.1.1-3ubuntu5_amd64.deb ...
2026-10-03T03:13:58.9729100Z Unpacking libavfilter9:amd64 (7:6.1.1-3ubuntu5) ...
2026-10-03T03:13:59.0941147Z Selecting previously unselected package libcaca0:amd64.
2026-10-03T03:13:59.1038641Z Preparing to unpack .../71-libcaca0_0.99.beta20-4ubuntu0.2_amd64.deb ...
2026-10-03T03:13:59.1046659Z Unpacking libcaca0:amd64 (0.99.beta20-4ubuntu0.2) ...
2026-10-03T03:13:59.1212847Z Selecting previously unselected package libcdio19t64:amd64.
2026-10-03T03:13:59.1309437Z Preparing to unpack .../72-libcdio19t64_2.1.0-4.1ubuntu1.2_amd64.deb ...
2026-10-03T03:13:59.1318401Z Unpacking libcdio19t64:amd64 (2.1.0-4.1ubuntu1.2) ...
2026-10-03T03:13:59.1457663Z Selecting previously unselected package libcdio-cdda2t64:amd64.
2026-10-03T03:13:59.1544619Z Preparing to unpack .../73-libcdio-cdda2t64_10.2+2.0.1-1.1build2_amd64.deb ...
2026-10-03T03:13:59.1551353Z Unpacking libcdio-cdda2t64:amd64 (10.2+2.0.1-1.1build2) ...
2026-10-03T03:13:59.1685428Z Selecting previously unselected package libcdio-paranoia2t64:amd64.
2026-10-03T03:13:59.1771489Z Preparing to unpack .../74-libcdio-paranoia2t64_10.2+2.0.1-1.1build2_amd64.deb ...
2026-10-03T03:13:59.1778433Z Unpacking libcdio-paranoia2t64:amd64 (10.2+2.0.1-1.1build2) ...
2026-10-03T03:13:59.1911275Z Selecting previously unselected package libdc1394-25:amd64.
2026-10-03T03:13:59.1998702Z Preparing to unpack .../75-libdc1394-25_2.2.6-4build1_amd64.deb ...
2026-10-03T03:13:59.2005047Z Unpacking libdc1394-25:amd64 (2.2.6-4build1) ...
2026-10-03T03:13:59.2147542Z Selecting previously unselected package libiec61883-0:amd64.
2026-10-03T03:13:59.2233429Z Preparing to unpack .../76-libiec61883-0_1.2.0-6build1_amd64.deb ...
2026-10-03T03:13:59.2239642Z Unpacking libiec61883-0:amd64 (1.2.0-6build1) ...
2026-10-03T03:13:59.2376817Z Selecting previously unselected package libjack-jackd2-0:amd64.
2026-10-03T03:13:59.2463477Z Preparing to unpack .../77-libjack-jackd2-0_1.9.21~dfsg-3ubuntu3_amd64.deb ...
2026-10-03T03:13:59.2470054Z Unpacking libjack-jackd2-0:amd64 (1.9.21~dfsg-3ubuntu3) ...
2026-10-03T03:13:59.2646365Z Selecting previously unselected package libopenal-data.
2026-10-03T03:13:59.2732929Z Preparing to unpack .../78-libopenal-data_1%3a1.23.1-4build1_all.deb ...
2026-10-03T03:13:59.2758503Z Unpacking libopenal-data (1:1.23.1-4build1) ...
2026-10-03T03:13:59.2907070Z Selecting previously unselected package libsndio7.0:amd64.
2026-10-03T03:13:59.2994060Z Preparing to unpack .../79-libsndio7.0_1.9.0-0.3build3_amd64.deb ...
2026-10-03T03:13:59.3000010Z Unpacking libsndio7.0:amd64 (1.9.0-0.3build3) ...
2026-10-03T03:13:59.3173729Z Selecting previously unselected package libopenal1:amd64.
2026-10-03T03:13:59.3260226Z Preparing to unpack .../80-libopenal1_1%3a1.23.1-4build1_amd64.deb ...
2026-10-03T03:13:59.3268008Z Unpacking libopenal1:amd64 (1:1.23.1-4build1) ...
2026-10-03T03:13:59.3451152Z Selecting previously unselected package libdecor-0-0:amd64.
2026-10-03T03:13:59.3538285Z Preparing to unpack .../81-libdecor-0-0_0.2.2-1build2_amd64.deb ...
2026-10-03T03:13:59.3545399Z Unpacking libdecor-0-0:amd64 (0.2.2-1build2) ...
2026-10-03T03:13:59.3685447Z Selecting previously unselected package libsdl2-2.0-0:amd64.
2026-10-03T03:13:59.3772553Z Preparing to unpack .../82-libsdl2-2.0-0_2.30.0+dfsg-1ubuntu3.1_amd64.deb ...
2026-10-03T03:13:59.3780029Z Unpacking libsdl2-2.0-0:amd64 (2.30.0+dfsg-1ubuntu3.1) ...
2026-10-03T03:13:59.4473382Z Selecting previously unselected package libxcb-shape0:amd64.
2026-10-03T03:13:59.4561151Z Preparing to unpack .../83-libxcb-shape0_1.15-1ubuntu2_amd64.deb ...
2026-10-03T03:13:59.4568421Z Unpacking libxcb-shape0:amd64 (1.15-1ubuntu2) ...
2026-10-03T03:13:59.4709150Z Selecting previously unselected package libxv1:amd64.
2026-10-03T03:13:59.4797345Z Preparing to unpack .../84-libxv1_2%3a1.0.11-1.1build1_amd64.deb ...
2026-10-03T03:13:59.4806691Z Unpacking libxv1:amd64 (2:1.0.11-1.1build1) ...
2026-10-03T03:13:59.4951389Z Selecting previously unselected package libavdevice60:amd64.
2026-10-03T03:13:59.5038651Z Preparing to unpack .../85-libavdevice60_7%3a6.1.1-3ubuntu5_amd64.deb ...
2026-10-03T03:13:59.5045534Z Unpacking libavdevice60:amd64 (7:6.1.1-3ubuntu5) ...
2026-10-03T03:13:59.5190354Z Selecting previously unselected package ffmpeg.
2026-10-03T03:13:59.5277250Z Preparing to unpack .../86-ffmpeg_7%3a6.1.1-3ubuntu5_amd64.deb ...
2026-10-03T03:13:59.5283395Z Unpacking ffmpeg (7:6.1.1-3ubuntu5) ...
2026-10-03T03:13:59.5852374Z Setting up libgme0:amd64 (0.6.3-7build1) ...
2026-10-03T03:13:59.5875739Z Setting up libchromaprint1:amd64 (1.5.1-5) ...
2026-10-03T03:13:59.5897126Z Setting up libssh-gcrypt-4:amd64 (0.10.6-2ubuntu0.5) ...
2026-10-03T03:13:59.5913627Z Setting up libhwy1t64:amd64 (1.0.7-8.1build1) ...
2026-10-03T03:13:59.5929704Z Setting up libudfread0:amd64 (1.1.2-1build1) ...
2026-10-03T03:13:59.5946234Z Setting up libraw1394-11:amd64 (2.1.2-2build3) ...
2026-10-03T03:13:59.5969696Z Setting up libspeex1:amd64 (1.2.1-2ubuntu2.24.04.1) ...
2026-10-03T03:13:59.5985372Z Setting up libshine3:amd64 (3.1.1-2build1) ...
2026-10-03T03:13:59.6003044Z Setting up libcaca0:amd64 (0.99.beta20-4ubuntu0.2) ...
2026-10-03T03:13:59.6023732Z Setting up libvpl2 (2023.3.0-1build1) ...
2026-10-03T03:13:59.6040604Z Setting up libx264-164:amd64 (2:0.164.3108+git31e19f9-1) ...
2026-10-03T03:13:59.6059293Z Setting up libtwolame0:amd64 (0.4.0-2build3) ...
2026-10-03T03:13:59.6075834Z Setting up libmbedcrypto7t64:amd64 (2.28.8-1) ...
2026-10-03T03:13:59.6092430Z Setting up libgsm1:amd64 (1.0.22-1build1) ...
2026-10-03T03:13:59.6110930Z Setting up libsoxr0:amd64 (0.1.3-4build3) ...
2026-10-03T03:13:59.6126720Z Setting up libzix-0-0:amd64 (0.4.2-2build1) ...
2026-10-03T03:13:59.6145455Z Setting up libcodec2-1.2:amd64 (1.2.0-2build1) ...
2026-10-03T03:13:59.6162502Z Setting up libmysofa1:amd64 (1.3.2+dfsg-2ubuntu2) ...
2026-10-03T03:13:59.6179061Z Setting up libxcb-shape0:amd64 (1.15-1ubuntu2) ...
2026-10-03T03:13:59.6197472Z Setting up libcdio19t64:amd64 (2.1.0-4.1ubuntu1.2) ...
2026-10-03T03:13:59.6213204Z Setting up libsvtav1enc1d1:amd64 (1.7.0+dfsg-2build1) ...
2026-10-03T03:13:59.6231225Z Setting up libmpg123-0t64:amd64 (1.32.5-1ubuntu1.1) ...
2026-10-03T03:13:59.6247352Z Setting up libcjson1:amd64 (1.7.17-1) ...
2026-10-03T03:13:59.6263791Z Setting up libxvidcore4:amd64 (2:1.3.7-1build1) ...
2026-10-03T03:13:59.6282392Z Setting up librav1e0:amd64 (0.7.1-2) ...
2026-10-03T03:13:59.6298324Z Setting up libcdio-cdda2t64:amd64 (10.2+2.0.1-1.1build2) ...
2026-10-03T03:13:59.6313497Z Setting up librist4:amd64 (0.2.10+dfsg-2) ...
2026-10-03T03:13:59.6336038Z Setting up librsvg2-2:amd64 (2.58.0+dfsg-1build1) ...
2026-10-03T03:13:59.6351783Z Setting up libblas3:amd64 (3.12.0-3build1.1) ...
2026-10-03T03:13:59.6395826Z update-alternatives: using /usr/lib/x86_64-linux-gnu/blas/libblas.so.3 to provide /usr/lib/x86_64-linux-gnu/libblas.so.3 (libblas.so.3-x86_64-linux-gnu) in auto mode
2026-10-03T03:13:59.6568762Z Setting up libplacebo338:amd64 (6.338.2-2build1) ...
2026-10-03T03:13:59.6585437Z Setting up libva2:amd64 (2.20.0-2ubuntu0.2) ...
2026-10-03T03:13:59.6604938Z Setting up libopus0:amd64 (1.4-1build1) ...
2026-10-03T03:13:59.6622036Z Setting up libcdio-paranoia2t64:amd64 (10.2+2.0.1-1.1build2) ...
2026-10-03T03:13:59.6656695Z Setting up libdc1394-25:amd64 (2.2.6-4build1) ...
2026-10-03T03:13:59.6676674Z Setting up libxv1:amd64 (2:1.0.11-1.1build1) ...
2026-10-03T03:13:59.6693417Z Setting up libunibreak5:amd64 (5.1-2build1) ...
2026-10-03T03:13:59.6712638Z Setting up libjxl0.7:amd64 (0.7.0-10.2ubuntu6.1) ...
2026-10-03T03:13:59.6728905Z Setting up libx265-199:amd64 (3.5-2build1) ...
2026-10-03T03:13:59.6744444Z Setting up libsndio7.0:amd64 (1.9.0-0.3build3) ...
2026-10-03T03:13:59.6763720Z Setting up libvidstab1.1:amd64 (1.1.0-2build1) ...
2026-10-03T03:13:59.6779885Z Setting up libvpx9:amd64 (1.14.0-1ubuntu2.3) ...
2026-10-03T03:13:59.6797775Z Setting up libsrt1.5-gnutls:amd64 (1.5.3-1build2) ...
2026-10-03T03:13:59.6813877Z Setting up libflite1:amd64 (2.2-6build3) ...
2026-10-03T03:13:59.6830336Z Setting up libdav1d7:amd64 (1.4.1-1build1) ...
2026-10-03T03:13:59.6848576Z Setting up libva-drm2:amd64 (2.20.0-2ubuntu0.2) ...
2026-10-03T03:13:59.6865110Z Setting up ocl-icd-libopencl1:amd64 (2.3.2-1build1) ...
2026-10-03T03:13:59.6883402Z Setting up libasyncns0:amd64 (0.8-6build4) ...
2026-10-03T03:13:59.6897880Z Setting up libvdpau1:amd64 (1.5-2build1) ...
2026-10-03T03:13:59.6918981Z Setting up libbs2b0:amd64 (3.1.0+dfsg-7build1) ...
2026-10-03T03:13:59.6938524Z Setting up libtheora0:amd64 (1.1.1+dfsg.1-16.1build3) ...
2026-10-03T03:13:59.6953448Z Setting up libdecor-0-0:amd64 (0.2.2-1build2) ...
2026-10-03T03:13:59.6970947Z Setting up libzimg2:amd64 (3.0.5+ds1-1build1) ...
2026-10-03T03:13:59.6985686Z Setting up libopenal-data (1:1.23.1-4build1) ...
2026-10-03T03:13:59.7008616Z Setting up libflac12t64:amd64 (1.4.3+ds-2.1ubuntu2) ...
2026-10-03T03:13:59.7023415Z Setting up libbluray2:amd64 (1:1.3.4-1build1) ...
2026-10-03T03:13:59.7038398Z Setting up libsamplerate0:amd64 (0.2.2-4build1) ...
2026-10-03T03:13:59.7056207Z Setting up libva-x11-2:amd64 (2.20.0-2ubuntu0.2) ...
2026-10-03T03:13:59.7071087Z Setting up libopenmpt0t64:amd64 (0.7.3-1.1build3) ...
2026-10-03T03:13:59.7088635Z Setting up libzvbi-common (0.2.42-2) ...
2026-10-03T03:13:59.7103700Z Setting up libmp3lame0:amd64 (3.100-6build1) ...
2026-10-03T03:13:59.7119919Z Setting up libvorbisenc2:amd64 (1.3.7-1build3) ...
2026-10-03T03:13:59.7139350Z Setting up libiec61883-0:amd64 (1.2.0-6build1) ...
2026-10-03T03:13:59.7155243Z Setting up libserd-0-0:amd64 (0.32.2-1) ...
2026-10-03T03:13:59.7184866Z Setting up libavc1394-0:amd64 (0.5.4-5build3) ...
2026-10-03T03:13:59.7201194Z Setting up liblapack3:amd64 (3.12.0-3build1.1) ...
2026-10-03T03:13:59.7244860Z update-alternatives: using /usr/lib/x86_64-linux-gnu/lapack/liblapack.so.3 to provide /usr/lib/x86_64-linux-gnu/liblapack.so.3 (liblapack.so.3-x86_64-linux-gnu) in auto mode
2026-10-03T03:13:59.7259169Z Setting up libzvbi0t64:amd64 (0.2.42-2) ...
2026-10-03T03:13:59.7277312Z Setting up libavutil58:amd64 (7:6.1.1-3ubuntu5) ...
2026-10-03T03:13:59.7294204Z Setting up libopenal1:amd64 (1:1.23.1-4build1) ...
2026-10-03T03:13:59.7313925Z Setting up libass9:amd64 (1:0.17.1-2build1) ...
2026-10-03T03:13:59.7330656Z Setting up libswresample4:amd64 (7:6.1.1-3ubuntu5) ...
2026-10-03T03:13:59.7348912Z Setting up libavcodec60:amd64 (7:6.1.1-3ubuntu5) ...
2026-10-03T03:13:59.7369609Z Setting up librubberband2:amd64 (3.3.0+dfsg-2build1) ...
2026-10-03T03:13:59.7388002Z Setting up libjack-jackd2-0:amd64 (1.9.21~dfsg-3ubuntu3) ...
2026-10-03T03:13:59.7406306Z Setting up libsord-0-0:amd64 (0.16.16-2build1) ...
2026-10-03T03:13:59.7422022Z Setting up libpostproc57:amd64 (7:6.1.1-3ubuntu5) ...
2026-10-03T03:13:59.7438013Z Setting up libsratom-0-0:amd64 (0.6.16-1build1) ...
2026-10-03T03:13:59.7457032Z Setting up libsndfile1:amd64 (1.2.2-1ubuntu5.24.04.1) ...
2026-10-03T03:13:59.7473499Z Setting up liblilv-0-0:amd64 (0.24.22-1build1) ...
2026-10-03T03:13:59.7490889Z Setting up libswscale7:amd64 (7:6.1.1-3ubuntu5) ...
2026-10-03T03:13:59.7509964Z Setting up libpulse0:amd64 (1:16.1+dfsg1-2ubuntu10.1) ...
2026-10-03T03:13:59.7563099Z Setting up libavformat60:amd64 (7:6.1.1-3ubuntu5) ...
2026-10-03T03:13:59.7582318Z Setting up libsphinxbase3t64:amd64 (0.8+5prealpha+1-17build2) ...
2026-10-03T03:13:59.7600173Z Setting up libsdl2-2.0-0:amd64 (2.30.0+dfsg-1ubuntu3.1) ...
2026-10-03T03:13:59.7957765Z Setting up libpocketsphinx3:amd64 (0.8.0+real5prealpha+1-15ubuntu5) ...
2026-10-03T03:13:59.7975122Z Setting up libavfilter9:amd64 (7:6.1.1-3ubuntu5) ...
2026-10-03T03:13:59.7994741Z Setting up libavdevice60:amd64 (7:6.1.1-3ubuntu5) ...
2026-10-03T03:13:59.8011671Z Setting up ffmpeg (7:6.1.1-3ubuntu5) ...
2026-10-03T03:13:59.8034505Z Processing triggers for man-db (2.12.0-4build2) ...
2026-10-03T03:13:59.8052740Z Not building database; man-db/auto-update is not 'true'.
2026-10-03T03:13:59.8063007Z Processing triggers for libc-bin (2.39-0ubuntu8.9) ...
2026-10-03T03:14:02.3372373Z 
2026-10-03T03:14:02.3373253Z Running kernel seems to be up-to-date.
2026-10-03T03:14:02.3373763Z 
2026-10-03T03:14:02.3373994Z No services need to be restarted.
2026-10-03T03:14:02.3374279Z 
2026-10-03T03:14:02.3374516Z No containers need to be restarted.
2026-10-03T03:14:02.3374758Z 
2026-10-03T03:14:02.3375051Z No user sessions are running outdated binaries.
2026-10-03T03:14:02.3375430Z 
2026-10-03T03:14:02.3375788Z No VM guests are running outdated hypervisor (qemu) binaries on this host.
2026-10-03T03:14:03.1574291Z ffmpeg version 6.1.1-3ubuntu5 Copyright (c) 2000-2023 the FFmpeg developers
2026-10-03T03:14:03.1968502Z ffprobe version 6.1.1-3ubuntu5 Copyright (c) 2007-2023 the FFmpeg developers
2026-10-03T03:14:03.2937146Z ffmpeg encodes h264 via lavfi: the video variant fixture can be built
2026-10-03T03:14:03.2975539Z ##[group]Run bun install --frozen-lockfile --minimum-release-age=0
2026-10-03T03:14:03.2976034Z [36;1mbun install --frozen-lockfile --minimum-release-age=0[0m
2026-10-03T03:14:03.3010890Z shell: /usr/bin/bash -e {0}
2026-10-03T03:14:03.3011305Z ##[endgroup]
2026-10-03T03:14:03.3084091Z bun install v1.4.2 (744846f84)
2026-10-03T03:14:03.3233077Z Resolving dependencies
2026-10-03T03:14:03.3243497Z Resolved, downloaded and extracted [1]
2026-10-03T03:14:20.2061118Z 
2026-10-03T03:14:20.2062695Z + @types/express@4.17.25
2026-10-03T03:14:20.2063220Z + @types/jest@30.0.0
2026-10-03T03:14:20.2063519Z + drizzle-orm@0.45.2
2026-10-03T03:14:20.2063802Z + expo@57.0.21
2026-10-03T03:14:20.2064146Z + expo-constants@57.0.17
2026-10-03T03:14:20.2064449Z + expo-document-picker@57.0.1
2026-10-03T03:14:20.2064831Z + expo-haptics@57.0.2
2026-10-03T03:14:20.2065184Z + expo-image-manipulator@57.0.16
2026-10-03T03:14:20.2065520Z + expo-linear-gradient@57.0.1
2026-10-03T03:14:20.2065956Z + expo-modules-core@57.0.17
2026-10-03T03:14:20.2066271Z + expo-notifications@57.0.17
2026-10-03T03:14:20.2066601Z + expo-web-browser@57.0.2
2026-10-03T03:14:20.2066926Z + jest-environment-jsdom@30.5.1
2026-10-03T03:14:20.2067307Z + react-native-keyboard-controller@1.21.13
2026-10-03T03:14:20.2067660Z + react-native-web@0.21.2
2026-10-03T03:14:20.2068010Z + ts-jest@29.4.12
2026-10-03T03:14:20.2068282Z + turbo@2.10.12
2026-10-03T03:14:20.2068622Z + typescript@5.9.3
2026-10-03T03:14:20.2068886Z + vite@7.3.1
2026-10-03T03:14:20.2069149Z + @expo/metro-runtime@57.0.15
2026-10-03T03:14:20.2069473Z + @oxy.so/bloom@6.2.0
2026-10-03T03:14:20.2069792Z + expo-contacts@57.0.4
2026-10-03T03:14:20.2070121Z + expo-image-picker@57.0.16
2026-10-03T03:14:20.2070426Z + expo-splash-screen@57.0.8
2026-10-03T03:14:20.2070760Z + is-arrayish@0.3.4
2026-10-03T03:14:20.2071071Z + react-native-worklets@0.10.0
2026-10-03T03:14:20.2071269Z 
2026-10-03T03:14:20.2071415Z 2265 packages installed [16.90s]
2026-10-03T03:14:20.2184574Z ##[group]Run actions/cache/restore@55cc8345863c7cc4c66a329aec7e433d2d1c52a9
2026-10-03T03:14:20.2184987Z with:
2026-10-03T03:14:20.2185284Z   path: .turbo/cache
2026-10-03T03:14:20.2185696Z   key: turbo-build-Linux-X64-ae227ca54db3f3ed86f68eaad099aa33736c6d81
2026-10-03T03:14:20.2186361Z   restore-keys: turbo-build-Linux-X64-
2026-10-03T03:14:20.2186685Z   enableCrossOsArchive: false
2026-10-03T03:14:20.2186997Z   fail-on-cache-miss: false
2026-10-03T03:14:20.2187310Z   lookup-only: false
2026-10-03T03:14:20.2187600Z ##[endgroup]
2026-10-03T03:14:20.4437997Z Cache hit for restore-key: turbo-build-Linux-X64-4b145040afca38be93ad4096241d4c60e12e1c82
2026-10-03T03:14:21.6152318Z Received 6611073 of 10805377 (61.2%), 6.3 MBs/sec
2026-10-03T03:14:21.9292515Z Received 10805377 of 10805377 (100.0%), 7.8 MBs/sec
2026-10-03T03:14:21.9293267Z Cache Size: ~10 MB (10805377 B)
2026-10-03T03:14:21.9318401Z [command]/usr/bin/tar -xf /home/runner/work/_temp/4d45dceb-2a31-4ed3-a263-a8b712d25f5c/cache.tzst -P -C /home/runner/work/oxy/oxy --use-compress-program unzstd
2026-10-03T03:14:21.9476537Z Cache restored successfully
2026-10-03T03:14:21.9541534Z Cache restored from key: turbo-build-Linux-X64-4b145040afca38be93ad4096241d4c60e12e1c82
2026-10-03T03:14:21.9739393Z ##[group]Run bunx turbo run build --filter=@oxy.so/contracts --filter=@oxy.so/protocol --filter=@oxy.so/core --filter=@oxy.so/federation --filter=@oxy.so/mcp --filter=@oxy.so/db
2026-10-03T03:14:21.9740251Z [36;1mbunx turbo run build --filter=@oxy.so/contracts --filter=@oxy.so/protocol --filter=@oxy.so/core --filter=@oxy.so/federation --filter=@oxy.so/mcp --filter=@oxy.so/db[0m
2026-10-03T03:14:21.9776416Z shell: /usr/bin/bash -e {0}
2026-10-03T03:14:21.9776659Z ##[endgroup]
2026-10-03T03:14:22.0239722Z 
2026-10-03T03:14:22.0239945Z Attention:
2026-10-03T03:14:22.0240634Z Turborepo now collects completely anonymous telemetry regarding usage.
2026-10-03T03:14:22.0241203Z This information is used to shape the Turborepo roadmap and prioritize features.
2026-10-03T03:14:22.0242134Z You can learn more, including how to opt-out if you'd not like to participate in this anonymous program, by visiting the following URL:
2026-10-03T03:14:22.0242712Z https://turborepo.dev/docs/telemetry
2026-10-03T03:14:22.0242954Z 
2026-10-03T03:14:22.1181242Z 
2026-10-03T03:14:22.1182811Z    • Packages in scope: @oxy.so/contracts, @oxy.so/core, @oxy.so/db, @oxy.so/federation, @oxy.so/mcp, @oxy.so/protocol
2026-10-03T03:14:22.1184084Z    • Running build in 6 packages
2026-10-03T03:14:22.1184762Z    • Remote caching disabled
2026-10-03T03:14:22.1185156Z 
2026-10-03T03:14:28.4831562Z ##[group]@oxy.so/telemetry:build
2026-10-03T03:14:28.4832480Z cache miss, executing 06fcb736969983f1
2026-10-03T03:14:28.4833216Z $ bun run clean && bun run build:cjs && bun run build:esm && bun run build:types
2026-10-03T03:14:28.4833747Z $ rm -rf dist
2026-10-03T03:14:28.4834200Z $ tsc -p tsconfig.cjs.json && node scripts/mark-cjs.mjs
2026-10-03T03:14:28.4834629Z $ tsc -p tsconfig.esm.json
2026-10-03T03:14:28.4834995Z $ tsc -p tsconfig.types.json
2026-10-03T03:14:28.4836082Z ##[endgroup]
2026-10-03T03:14:30.5614110Z ##[group]@oxy.so/db:build
2026-10-03T03:14:30.5614755Z cache miss, executing 2741ecedaf2d04b6
2026-10-03T03:14:30.5615476Z $ bun run build:cjs && bun run build:esm && bun run build:types
2026-10-03T03:14:30.5616046Z $ tsc -p tsconfig.cjs.json
2026-10-03T03:14:30.5616622Z $ tsc -p tsconfig.esm.json && node scripts/fix-esm-imports.mjs
2026-10-03T03:14:30.5617113Z ESM imports fixed
2026-10-03T03:14:30.5617463Z $ tsc -p tsconfig.types.json
2026-10-03T03:14:30.5618205Z ##[endgroup]
2026-10-03T03:14:38.2030303Z ##[group]@oxy.so/contracts:build
2026-10-03T03:14:38.2031049Z cache miss, executing a32e2a440b62e0e3
2026-10-03T03:14:38.2031589Z $ bun run build:cjs && bun run build:esm && bun run build:types
2026-10-03T03:14:38.2032202Z $ tsc -p tsconfig.cjs.json
2026-10-03T03:14:38.2032696Z $ tsc -p tsconfig.esm.json && node scripts/fix-esm-imports.mjs
2026-10-03T03:14:38.2033082Z ESM imports fixed
2026-10-03T03:14:38.2033327Z $ tsc -p tsconfig.types.json
2026-10-03T03:14:38.2033816Z ##[endgroup]
2026-10-03T03:14:44.3675174Z ##[group]@oxy.so/protocol:build
2026-10-03T03:14:44.3682750Z cache miss, executing 4a550da7d65dc64e
2026-10-03T03:14:44.3683160Z $ bun run build:cjs && bun run build:esm && bun run build:types
2026-10-03T03:14:44.3683494Z $ tsc -p tsconfig.cjs.json
2026-10-03T03:14:44.3683834Z $ tsc -p tsconfig.esm.json && node scripts/fix-esm-imports.mjs
2026-10-03T03:14:44.3684137Z ESM imports fixed
2026-10-03T03:14:44.3684358Z $ tsc -p tsconfig.types.json
2026-10-03T03:14:44.3684825Z ##[endgroup]
2026-10-03T03:14:45.2295252Z ##[group]@oxy.so/mcp:build
2026-10-03T03:14:45.2296059Z cache miss, executing ecf97a6512bdd0e4
2026-10-03T03:14:45.2296819Z $ bun run build:cjs && bun run build:esm && bun run build:types
2026-10-03T03:14:45.2297515Z $ tsc -p tsconfig.cjs.json
2026-10-03T03:14:45.2298126Z $ tsc -p tsconfig.esm.json && node scripts/fix-esm-imports.mjs
2026-10-03T03:14:45.2298695Z $ tsc -p tsconfig.types.json
2026-10-03T03:14:45.2299233Z ##[endgroup]
2026-10-03T03:14:55.6234003Z ##[group]@oxy.so/core:build
2026-10-03T03:14:55.6234450Z cache miss, executing 90d8920173b74634
2026-10-03T03:14:55.6236904Z $ node scripts/build-workspace-deps.mjs @oxy.so/telemetry && bun run build:cjs && bun run build:esm && bun run build:types && node scripts/mark-module-formats.mjs
2026-10-03T03:14:55.6237757Z $ tsc -p tsconfig.cjs.json
2026-10-03T03:14:55.6238231Z $ tsc -p tsconfig.esm.json && node scripts/fix-esm-imports.mjs
2026-10-03T03:14:55.6238672Z ESM imports fixed
2026-10-03T03:14:55.6238981Z $ tsc -p tsconfig.types.json
2026-10-03T03:14:55.6239471Z ##[endgroup]
2026-10-03T03:14:59.6834240Z ##[group]@oxy.so/federation:build
2026-10-03T03:14:59.6834778Z cache miss, executing eee288f2a781e56d
2026-10-03T03:14:59.6835548Z $ node ../core/scripts/build-workspace-deps.mjs @oxy.so/contracts @oxy.so/protocol @oxy.so/core && bun run build:cjs && bun run build:esm && bun run build:types
2026-10-03T03:14:59.6836413Z $ tsc -p tsconfig.cjs.json
2026-10-03T03:14:59.6836780Z $ tsc -p tsconfig.esm.json && node scripts/fix-esm-imports.mjs
2026-10-03T03:14:59.6837177Z ESM imports fixed
2026-10-03T03:14:59.6837446Z $ tsc -p tsconfig.types.json
2026-10-03T03:14:59.6837859Z ##[endgroup]
2026-10-03T03:14:59.6839215Z 
2026-10-03T03:14:59.6839405Z  Tasks:    7 successful, 7 total
2026-10-03T03:14:59.6839793Z Cached:    0 cached, 7 total
2026-10-03T03:14:59.6840130Z   Time:    37.652s 
2026-10-03T03:14:59.6840464Z 
2026-10-03T03:14:59.6981388Z ##[group]Run node -e "const os=require('node:os');console.log('cpus=%d totalmem=%s GiB maxWorkers=%d',os.cpus().length,(os.totalmem()/1073741824).toFixed(1),require('./jest.config.js').maxWorkers)"
2026-10-03T03:14:59.6982763Z [36;1mnode -e "const os=require('node:os');console.log('cpus=%d totalmem=%s GiB maxWorkers=%d',os.cpus().length,(os.totalmem()/1073741824).toFixed(1),require('./jest.config.js').maxWorkers)"[0m
2026-10-03T03:14:59.7018416Z shell: /usr/bin/bash -e {0}
2026-10-03T03:14:59.7018686Z ##[endgroup]
2026-10-03T03:14:59.7289162Z cpus=4 totalmem=15.6 GiB maxWorkers=1
2026-10-03T03:14:59.7348681Z ##[group]Run echo "Running API coverage shard ${SHARD_INDEX}/${SHARD_TOTAL}"
2026-10-03T03:14:59.7349125Z [36;1mecho "Running API coverage shard ${SHARD_INDEX}/${SHARD_TOTAL}"[0m
2026-10-03T03:14:59.7349448Z [36;1mbun run test:coverage -- \[0m
2026-10-03T03:14:59.7349724Z [36;1m  --shard="${SHARD_INDEX}/${SHARD_TOTAL}" \[0m
2026-10-03T03:14:59.7350083Z [36;1m  --json --outputFile="coverage/shard-${SHARD_INDEX}/jest-results.json" \[0m
2026-10-03T03:14:59.7350476Z [36;1m  --coverageDirectory="coverage/shard-${SHARD_INDEX}" \[0m
2026-10-03T03:14:59.7350773Z [36;1m  --coverageReporters=json \[0m
2026-10-03T03:14:59.7351028Z [36;1m  --coverageReporters=lcovonly \[0m
2026-10-03T03:14:59.7351298Z [36;1m  --coverageReporters=text-summary[0m
2026-10-03T03:14:59.7378749Z shell: /usr/bin/bash -e {0}
2026-10-03T03:14:59.7378997Z env:
2026-10-03T03:14:59.7379183Z   SHARD_INDEX: 2
2026-10-03T03:14:59.7379373Z   SHARD_TOTAL: 6
2026-10-03T03:14:59.7380036Z   DATABASE_URL: ***127.0.0.1:5432/oxy_test
2026-10-03T03:14:59.7380355Z   ACCESS_TOKEN_SECRET: test_access_token_secret_minimum_32_characters
2026-10-03T03:14:59.7380735Z   REFRESH_TOKEN_SECRET: test_refresh_token_secret_minimum_32_characters
2026-10-03T03:14:59.7381037Z   AWS_REGION: us-east-1
2026-10-03T03:14:59.7381258Z   AWS_ACCESS_KEY_ID: test_aws_access_key
2026-10-03T03:14:59.7381515Z   AWS_SECRET_ACCESS_KEY: test_aws_secret_key
2026-10-03T03:14:59.7381762Z   AWS_S3_BUCKET: test-bucket
2026-10-03T03:14:59.7382243Z   NODE_ENV: test
2026-10-03T03:14:59.7382437Z ##[endgroup]
2026-10-03T03:14:59.7426288Z Running API coverage shard 2/6
2026-10-03T03:14:59.7444158Z $ jest --coverage "--shard=2/6" --json "--outputFile=coverage/shard-2/jest-results.json" "--coverageDirectory=coverage/shard-2" "--coverageReporters=json" "--coverageReporters=lcovonly" "--coverageReporters=text-summary"
2026-10-03T03:15:08.3701490Z [BABEL] Note: The code generator has deoptimised the styling of /home/runner/work/oxy/oxy/packages/api/src/services/inferenceEdge.service.ts as it exceeds the max of 500KB.
2026-10-03T03:15:18.3453343Z PASS src/routes/__tests__/inferenceEdge.test.ts (16.232 s)
2026-10-03T03:15:18.6462530Z {"level":30,"time":1790997318545,"pid":4401,"hostname":"runnervm8df0l","maxPoolSize":8,"msg":"Connected to PostgreSQL successfully"}
2026-10-03T03:15:19.6996859Z PASS src/services/__tests__/inferenceRoutingConstraints.test.ts
2026-10-03T03:15:23.1088519Z PASS src/routes/__tests__/inferenceEdgeInternalMetered.test.ts
2026-10-03T03:15:26.1662993Z PASS src/routes/__tests__/machineCredentials.test.ts
2026-10-03T03:15:31.2478211Z PASS src/routes/__tests__/inferenceCatalogueRoute.test.ts
2026-10-03T03:15:31.5366890Z {"level":30,"time":1790997331437,"pid":4401,"hostname":"runnervm8df0l","maxPoolSize":8,"msg":"Connected to PostgreSQL successfully"}
2026-10-03T03:15:32.2162336Z PASS src/services/__tests__/inferenceProviderConnection.service.test.ts
2026-10-03T03:15:32.5300080Z {"level":30,"time":1790997332430,"pid":4401,"hostname":"runnervm8df0l","maxPoolSize":8,"msg":"Connected to PostgreSQL successfully"}
2026-10-03T03:15:32.7692729Z PASS src/db/schema/__tests__/authSession.test.ts
2026-10-03T03:15:33.0342923Z {"level":30,"time":1790997332931,"pid":4401,"hostname":"runnervm8df0l","maxPoolSize":8,"msg":"Connected to PostgreSQL successfully"}
2026-10-03T03:15:33.1657266Z PASS src/db/schema/__tests__/inferenceRoutingPolicy.test.ts
2026-10-03T03:15:33.8634175Z {"level":30,"time":1790997333764,"pid":4401,"hostname":"runnervm8df0l","maxPoolSize":8,"msg":"Connected to PostgreSQL successfully"}
2026-10-03T03:15:33.9935827Z {"level":50,"time":1790997333893,"pid":4401,"hostname":"runnervm8df0l","msg":"ApiError [400] BAD_REQUEST: Validation failed"}
2026-10-03T03:15:34.2516596Z PASS src/routes/__tests__/keyRotation.test.ts
2026-10-03T03:15:34.7585504Z {"level":30,"time":1790997334658,"pid":4401,"hostname":"runnervm8df0l","maxPoolSize":8,"msg":"Connected to PostgreSQL successfully"}
2026-10-03T03:15:35.0189527Z {"level":40,"time":1790997334918,"pid":4401,"hostname":"runnervm8df0l","component":"nodeSync","msg":"Node ingest counter-signing skipped: OXY_PRIVATE_KEY/OXY_PUBLIC_KEY not configured"}
2026-10-03T03:15:35.0191383Z {"level":40,"time":1790997334933,"pid":4401,"hostname":"runnervm8df0l","component":"nodeSync","userId":"01a0ffc2-8b8b-7b6c-8de9-a2ef0544d9b4","reason":"public_key_not_a_current_verification_method","msg":"Node ingest rejected a record"}
2026-10-03T03:15:35.0193491Z {"level":40,"time":1790997334955,"pid":4401,"hostname":"runnervm8df0l","component":"nodeSync","userId":"01a0ffc2-8b9a-731d-817b-3df3db9ec06a","reason":"bad_signature","msg":"Node ingest rejected a record"}
2026-10-03T03:15:35.0195020Z {"level":40,"time":1790997334968,"pid":4401,"hostname":"runnervm8df0l","component":"nodeSync","userId":"01a0ffc2-8bb1-7100-a4cb-ee8a42a2d0c7","reason":"subject_mismatch","msg":"Node ingest rejected a record"}
2026-10-03T03:15:35.0196538Z {"level":40,"time":1790997334977,"pid":4401,"hostname":"runnervm8df0l","component":"nodeSync","userId":"01a0ffc2-8bbd-7cdf-a21d-b430818d5393","msg":"Node ingest rejected a malformed envelope"}
2026-10-03T03:15:35.0198150Z {"level":40,"time":1790997335003,"pid":4401,"hostname":"runnervm8df0l","component":"nodeSync","userId":"01a0ffc2-8bc6-70e4-8a81-ba13e869acc5","reason":"public_key_not_a_current_verification_method","msg":"Node ingest rejected a record"}
2026-10-03T03:15:35.1351727Z {"level":40,"time":1790997335034,"pid":4401,"hostname":"runnervm8df0l","component":"nodeSync","userId":"01a0ffc2-8be0-7179-a9a6-0e64db13d7ad","reason":"chain_fork","recordId":"522306d9ecfc4c33a2d50c32f1ff629e15451ea239e96ebd05d0023ac2c92162","msg":"Node ingest detected a chain fork; preserved both branches"}
2026-10-03T03:15:35.1354293Z {"level":40,"time":1790997335067,"pid":4401,"hostname":"runnervm8df0l","component":"nodeSync","userId":"01a0ffc2-8bfe-75cf-ae27-f9a89cc68bfc","reason":"chain_fork","recordId":"0083c3a5e13eb63321190c2c59528d0a09d9d9139a574925133022133f2a5683","msg":"Node ingest detected a chain fork; preserved both branches"}
2026-10-03T03:15:35.2023186Z PASS src/services/__tests__/nodeSync.test.ts
2026-10-03T03:15:35.5118750Z {"level":30,"time":1790997335411,"pid":4401,"hostname":"runnervm8df0l","maxPoolSize":8,"msg":"Connected to PostgreSQL successfully"}
2026-10-03T03:15:35.8871147Z PASS src/services/__tests__/locationQueryService.test.ts
2026-10-03T03:15:36.1287720Z {"level":30,"time":1790997336028,"pid":4401,"hostname":"runnervm8df0l","maxPoolSize":8,"msg":"Connected to PostgreSQL successfully"}
2026-10-03T03:15:36.2344173Z PASS src/db/schema/__tests__/appUpdates.test.ts
2026-10-03T03:15:36.9075941Z {"level":30,"time":1790997336806,"pid":4401,"hostname":"runnervm8df0l","maxPoolSize":8,"msg":"Connected to PostgreSQL successfully"}
2026-10-03T03:15:37.4608280Z PASS src/routes/__tests__/mcpOAuth.routes.test.ts
2026-10-03T03:15:39.2967234Z {"level":30,"time":1790997339196,"pid":4401,"hostname":"runnervm8df0l","maxPoolSize":8,"msg":"Connected to PostgreSQL successfully"}
2026-10-03T03:15:39.7249942Z PASS src/db/schema/__tests__/workloadAttributionCredential.test.ts
2026-10-03T03:15:40.0014632Z {"level":30,"time":1790997339901,"pid":4401,"hostname":"runnervm8df0l","maxPoolSize":8,"msg":"Connected to PostgreSQL successfully"}
2026-10-03T03:15:40.0026820Z {"level":50,"time":1790997339905,"pid":4401,"hostname":"runnervm8df0l","component":"tokenAnomaly","expected":"a number greater than 1, e.g. 3","err":{"type":"Object","message":"INFERENCE_TOKEN_ANOMALY_MULTIPLE is not a number above 1; the default multiple applies","stack":"Error: INFERENCE_TOKEN_ANOMALY_MULTIPLE is not a number above 1; the default multiple applies\n    at reportUnreadableMultiple (/home/runner/work/oxy/oxy/packages/api/src/services/tokenAnomaly.service.ts:159:5)\n    at reportUnreadableMultiple (/home/runner/work/oxy/oxy/packages/api/src/services/tokenAnomaly.service.ts:145:5)\n    at /home/runner/work/oxy/oxy/packages/api/src/services/__tests__/tokenAnomaly.service.test.ts:230:41\n    at Object.<anonymous> (/home/runner/work/oxy/oxy/node_modules/.bun/jest-each@30.5.1/node_modules/jest-each/build/index.js:80:140)\n    at Promise.finally.completed (/home/runner/work/oxy/oxy/node_modules/.bun/jest-circus@30.5.1/node_modules/jest-circus/build/jestAdapterInit.js:1834:28)\n    at new Promise (<anonymous>)\n    at callAsyncCircusFn (/home/runner/work/oxy/oxy/node_modules/.bun/jest-circus@30.5.1/node_modules/jest-circus/build/jestAdapterInit.js:1774:10)\n    at _callCircusTest (/home/runner/work/oxy/oxy/node_modules/.bun/jest-circus@30.5.1/node_modules/jest-circus/build/jestAdapterInit.js:1167:40)\n    at processTicksAndRejections (node:internal/process/task_queues:104:5)\n    at _runTestInContext (/home/runner/work/oxy/oxy/node_modules/.bun/jest-circus@30.5.1/node_modules/jest-circus/build/jestAdapterInit.js:1103:3)\n    at runTestWithContext (/home/runner/work/oxy/oxy/node_modules/.bun/jest-circus@30.5.1/node_modules/jest-circus/build/jestAdapterInit.js:996:5)\n    at _runTestsForDescribeBlockOnce (/home/runner/work/oxy/oxy/node_modules/.bun/jest-circus@30.5.1/node_modules/jest-circus/build/jestAdapterInit.js:1008:11)\n    at _runTestsForDescribeBlock (/home/runner/work/oxy/oxy/node_modules/.bun/jest-circus@30.5.1/node_modules/jest-circus/build/jestAdapterInit.js:824:5)\n    at _runTestsForDescribeBlockOnce (/home/runner/work/oxy/oxy/node_modules/.bun/jest-circus@30.5.1/node_modules/jest-circus/build/jestAdapterInit.js:1003:11)\n    at _runTestsForDescribeBlock (/home/runner/work/oxy/oxy/node_modules/.bun/jest-circus@30.5.1/node_modules/jest-circus/build/jestAdapterInit.js:824:5)\n    at run (/home/runner/work/oxy/oxy/node_modules/.bun/jest-circus@30.5.1/node_modules/jest-circus/build/jestAdapterInit.js:789:3)\n    at runAndTransformResultsToJestFormat (/home/runner/work/oxy/oxy/node_modules/.bun/jest-circus@30.5.1/node_modules/jest-circus/build/jestAdapterInit.js:2300:21)\n    at jestAdapter (/home/runner/work/oxy/oxy/node_modules/.bun/jest-circus@30.5.1/node_modules/jest-circus/build/runner.js:111:19)\n    at runTestInternal (/home/runner/work/oxy/oxy/node_modules/.bun/jest-runner@30.5.1/node_modules/jest-runner/build/index.js:247:16)\n    at runTest (/home/runner/work/oxy/oxy/node_modules/.bun/jest-runner@30.5.1/node_modules/jest-runner/build/index.js:315:7)","name":"Error"},"msg":"inference.tokens.anomaly_multiple_unreadable"}
2026-10-03T03:15:40.0047962Z {"level":50,"time":1790997339906,"pid":4401,"hostname":"runnervm8df0l","component":"tokenAnomaly","expected":"a number greater than 1, e.g. 3","err":{"type":"Object","message":"INFERENCE_TOKEN_ANOMALY_MULTIPLE is not a number above 1; the default multiple applies","stack":"Error: INFERENCE_TOKEN_ANOMALY_MULTIPLE is not a number above 1; the default multiple applies\n    at reportUnreadableMultiple (/home/runner/work/oxy/oxy/packages/api/src/services/tokenAnomaly.service.ts:159:5)\n    at reportUnreadableMultiple (/home/runner/work/oxy/oxy/packages/api/src/services/tokenAnomaly.service.ts:145:5)\n    at /home/runner/work/oxy/oxy/packages/api/src/services/__tests__/tokenAnomaly.service.test.ts:230:41\n    at Object.<anonymous> (/home/runner/work/oxy/oxy/node_modules/.bun/jest-each@30.5.1/node_modules/jest-each/build/index.js:80:140)\n    at Promise.finally.completed (/home/runner/work/oxy/oxy/node_modules/.bun/jest-circus@30.5.1/node_modules/jest-circus/build/jestAdapterInit.js:1834:28)\n    at new Promise (<anonymous>)\n    at callAsyncCircusFn (/home/runner/work/oxy/oxy/node_modules/.bun/jest-circus@30.5.1/node_modules/jest-circus/build/jestAdapterInit.js:1774:10)\n    at _callCircusTest (/home/runner/work/oxy/oxy/node_modules/.bun/jest-circus@30.5.1/node_modules/jest-circus/build/jestAdapterInit.js:1167:40)\n    at processTicksAndRejections (node:internal/process/task_queues:104:5)\n    at _runTestInContext (/home/runner/work/oxy/oxy/node_modules/.bun/jest-circus@30.5.1/node_modules/jest-circus/build/jestAdapterInit.js:1103:3)\n    at runTestWithContext (/home/runner/work/oxy/oxy/node_modules/.bun/jest-circus@30.5.1/node_modules/jest-circus/build/jestAdapterInit.js:996:5)\n    at _runTestsForDescribeBlockOnce (/home/runner/work/oxy/oxy/node_modules/.bun/jest-circus@30.5.1/node_modules/jest-circus/build/jestAdapterInit.js:1008:11)\n    at _runTestsForDescribeBlock (/home/runner/work/oxy/oxy/node_modules/.bun/jest-circus@30.5.1/node_modules/jest-circus/build/jestAdapterInit.js:824:5)\n    at _runTestsForDescribeBlockOnce (/home/runner/work/oxy/oxy/node_modules/.bun/jest-circus@30.5.1/node_modules/jest-circus/build/jestAdapterInit.js:1003:11)\n    at _runTestsForDescribeBlock (/home/runner/work/oxy/oxy/node_modules/.bun/jest-circus@30.5.1/node_modules/jest-circus/build/jestAdapterInit.js:824:5)\n    at run (/home/runner/work/oxy/oxy/node_modules/.bun/jest-circus@30.5.1/node_modules/jest-circus/build/jestAdapterInit.js:789:3)\n    at runAndTransformResultsToJestFormat (/home/runner/work/oxy/oxy/node_modules/.bun/jest-circus@30.5.1/node_modules/jest-circus/build/jestAdapterInit.js:2300:21)\n    at jestAdapter (/home/runner/work/oxy/oxy/node_modules/.bun/jest-circus@30.5.1/node_modules/jest-circus/build/runner.js:111:19)\n    at runTestInternal (/home/runner/work/oxy/oxy/node_modules/.bun/jest-runner@30.5.1/node_modules/jest-runner/build/index.js:247:16)\n    at runTest (/home/runner/work/oxy/oxy/node_modules/.bun/jest-runner@30.5.1/node_modules/jest-runner/build/index.js:315:7)","name":"Error"},"msg":"inference.tokens.anomaly_multiple_unreadable"}
2026-10-03T03:15:40.0065790Z {"level":50,"time":1790997339907,"pid":4401,"hostname":"runnervm8df0l","component":"tokenAnomaly","expected":"a number greater than 1, e.g. 3","err":{"type":"Object","message":"INFERENCE_TOKEN_ANOMALY_MULTIPLE is not a number above 1; the default multiple applies","stack":"Error: INFERENCE_TOKEN_ANOMALY_MULTIPLE is not a number above 1; the default multiple applies\n    at reportUnreadableMultiple (/home/runner/work/oxy/oxy/packages/api/src/services/tokenAnomaly.service.ts:159:5)\n    at reportUnreadableMultiple (/home/runner/work/oxy/oxy/packages/api/src/services/tokenAnomaly.service.ts:145:5)\n    at /home/runner/work/oxy/oxy/packages/api/src/services/__tests__/tokenAnomaly.service.test.ts:230:41\n    at Object.<anonymous> (/home/runner/work/oxy/oxy/node_modules/.bun/jest-each@30.5.1/node_modules/jest-each/build/index.js:80:140)\n    at Promise.finally.completed (/home/runner/work/oxy/oxy/node_modules/.bun/jest-circus@30.5.1/node_modules/jest-circus/build/jestAdapterInit.js:1834:28)\n    at new Promise (<anonymous>)\n    at callAsyncCircusFn (/home/runner/work/oxy/oxy/node_modules/.bun/jest-circus@30.5.1/node_modules/jest-circus/build/jestAdapterInit.js:1774:10)\n    at _callCircusTest (/home/runner/work/oxy/oxy/node_modules/.bun/jest-circus@30.5.1/node_modules/jest-circus/build/jestAdapterInit.js:1167:40)\n    at processTicksAndRejections (node:internal/process/task_queues:104:5)\n    at _runTestInContext (/home/runner/work/oxy/oxy/node_modules/.bun/jest-circus@30.5.1/node_modules/jest-circus/build/jestAdapterInit.js:1103:3)\n    at runTestWithContext (/home/runner/work/oxy/oxy/node_modules/.bun/jest-circus@30.5.1/node_modules/jest-circus/build/jestAdapterInit.js:996:5)\n    at _runTestsForDescribeBlockOnce (/home/runner/work/oxy/oxy/node_modules/.bun/jest-circus@30.5.1/node_modules/jest-circus/build/jestAdapterInit.js:1008:11)\n    at _runTestsForDescribeBlock (/home/runner/work/oxy/oxy/node_modules/.bun/jest-circus@30.5.1/node_modules/jest-circus/build/jestAdapterInit.js:824:5)\n    at _runTestsForDescribeBlockOnce (/home/runner/work/oxy/oxy/node_modules/.bun/jest-circus@30.5.1/node_modules/jest-circus/build/jestAdapterInit.js:1003:11)\n    at _runTestsForDescribeBlock (/home/runner/work/oxy/oxy/node_modules/.bun/jest-circus@30.5.1/node_modules/jest-circus/build/jestAdapterInit.js:824:5)\n    at run (/home/runner/work/oxy/oxy/node_modules/.bun/jest-circus@30.5.1/node_modules/jest-circus/build/jestAdapterInit.js:789:3)\n    at runAndTransformResultsToJestFormat (/home/runner/work/oxy/oxy/node_modules/.bun/jest-circus@30.5.1/node_modules/jest-circus/build/jestAdapterInit.js:2300:21)\n    at jestAdapter (/home/runner/work/oxy/oxy/node_modules/.bun/jest-circus@30.5.1/node_modules/jest-circus/build/runner.js:111:19)\n    at runTestInternal (/home/runner/work/oxy/oxy/node_modules/.bun/jest-runner@30.5.1/node_modules/jest-runner/build/index.js:247:16)\n    at runTest (/home/runner/work/oxy/oxy/node_modules/.bun/jest-runner@30.5.1/node_modules/jest-runner/build/index.js:315:7)","name":"Error"},"msg":"inference.tokens.anomaly_multiple_unreadable"}
2026-10-03T03:15:40.0083546Z {"level":50,"time":1790997339908,"pid":4401,"hostname":"runnervm8df0l","component":"tokenAnomaly","expected":"a number greater than 1, e.g. 3","err":{"type":"Object","message":"INFERENCE_TOKEN_ANOMALY_MULTIPLE is not a number above 1; the default multiple applies","stack":"Error: INFERENCE_TOKEN_ANOMALY_MULTIPLE is not a number above 1; the default multiple applies\n    at reportUnreadableMultiple (/home/runner/work/oxy/oxy/packages/api/src/services/tokenAnomaly.service.ts:159:5)\n    at reportUnreadableMultiple (/home/runner/work/oxy/oxy/packages/api/src/services/tokenAnomaly.service.ts:145:5)\n    at /home/runner/work/oxy/oxy/packages/api/src/services/__tests__/tokenAnomaly.service.test.ts:230:41\n    at Object.<anonymous> (/home/runner/work/oxy/oxy/node_modules/.bun/jest-each@30.5.1/node_modules/jest-each/build/index.js:80:140)\n    at Promise.finally.completed (/home/runner/work/oxy/oxy/node_modules/.bun/jest-circus@30.5.1/node_modules/jest-circus/build/jestAdapterInit.js:1834:28)\n    at new Promise (<anonymous>)\n    at callAsyncCircusFn (/home/runner/work/oxy/oxy/node_modules/.bun/jest-circus@30.5.1/node_modules/jest-circus/build/jestAdapterInit.js:1774:10)\n    at _callCircusTest (/home/runner/work/oxy/oxy/node_modules/.bun/jest-circus@30.5.1/node_modules/jest-circus/build/jestAdapterInit.js:1167:40)\n    at processTicksAndRejections (node:internal/process/task_queues:104:5)\n    at _runTestInContext (/home/runner/work/oxy/oxy/node_modules/.bun/jest-circus@30.5.1/node_modules/jest-circus/build/jestAdapterInit.js:1103:3)\n    at runTestWithContext (/home/runner/work/oxy/oxy/node_modules/.bun/jest-circus@30.5.1/node_modules/jest-circus/build/jestAdapterInit.js:996:5)\n    at _runTestsForDescribeBlockOnce (/home/runner/work/oxy/oxy/node_modules/.bun/jest-circus@30.5.1/node_modules/jest-circus/build/jestAdapterInit.js:1008:11)\n    at _runTestsForDescribeBlock (/home/runner/work/oxy/oxy/node_modules/.bun/jest-circus@30.5.1/node_modules/jest-circus/build/jestAdapterInit.js:824:5)\n    at _runTestsForDescribeBlockOnce (/home/runner/work/oxy/oxy/node_modules/.bun/jest-circus@30.5.1/node_modules/jest-circus/build/jestAdapterInit.js:1003:11)\n    at _runTestsForDescribeBlock (/home/runner/work/oxy/oxy/node_modules/.bun/jest-circus@30.5.1/node_modules/jest-circus/build/jestAdapterInit.js:824:5)\n    at run (/home/runner/work/oxy/oxy/node_modules/.bun/jest-circus@30.5.1/node_modules/jest-circus/build/jestAdapterInit.js:789:3)\n    at runAndTransformResultsToJestFormat (/home/runner/work/oxy/oxy/node_modules/.bun/jest-circus@30.5.1/node_modules/jest-circus/build/jestAdapterInit.js:2300:21)\n    at jestAdapter (/home/runner/work/oxy/oxy/node_modules/.bun/jest-circus@30.5.1/node_modules/jest-circus/build/runner.js:111:19)\n    at runTestInternal (/home/runner/work/oxy/oxy/node_modules/.bun/jest-runner@30.5.1/node_modules/jest-runner/build/index.js:247:16)\n    at runTest (/home/runner/work/oxy/oxy/node_modules/.bun/jest-runner@30.5.1/node_modules/jest-runner/build/index.js:315:7)","name":"Error"},"msg":"inference.tokens.anomaly_multiple_unreadable"}
2026-10-03T03:15:40.0101130Z {"level":50,"time":1790997339908,"pid":4401,"hostname":"runnervm8df0l","component":"tokenAnomaly","expected":"a number greater than 1, e.g. 3","err":{"type":"Object","message":"INFERENCE_TOKEN_ANOMALY_MULTIPLE is not a number above 1; the default multiple applies","stack":"Error: INFERENCE_TOKEN_ANOMALY_MULTIPLE is not a number above 1; the default multiple applies\n    at reportUnreadableMultiple (/home/runner/work/oxy/oxy/packages/api/src/services/tokenAnomaly.service.ts:159:5)\n    at reportUnreadableMultiple (/home/runner/work/oxy/oxy/packages/api/src/services/tokenAnomaly.service.ts:145:5)\n    at /home/runner/work/oxy/oxy/packages/api/src/services/__tests__/tokenAnomaly.service.test.ts:230:41\n    at Object.<anonymous> (/home/runner/work/oxy/oxy/node_modules/.bun/jest-each@30.5.1/node_modules/jest-each/build/index.js:80:140)\n    at Promise.finally.completed (/home/runner/work/oxy/oxy/node_modules/.bun/jest-circus@30.5.1/node_modules/jest-circus/build/jestAdapterInit.js:1834:28)\n    at new Promise (<anonymous>)\n    at callAsyncCircusFn (/home/runner/work/oxy/oxy/node_modules/.bun/jest-circus@30.5.1/node_modules/jest-circus/build/jestAdapterInit.js:1774:10)\n    at _callCircusTest (/home/runner/work/oxy/oxy/node_modules/.bun/jest-circus@30.5.1/node_modules/jest-circus/build/jestAdapterInit.js:1167:40)\n    at processTicksAndRejections (node:internal/process/task_queues:104:5)\n    at _runTestInContext (/home/runner/work/oxy/oxy/node_modules/.bun/jest-circus@30.5.1/node_modules/jest-circus/build/jestAdapterInit.js:1103:3)\n    at runTestWithContext (/home/runner/work/oxy/oxy/node_modules/.bun/jest-circus@30.5.1/node_modules/jest-circus/build/jestAdapterInit.js:996:5)\n    at _runTestsForDescribeBlockOnce (/home/runner/work/oxy/oxy/node_modules/.bun/jest-circus@30.5.1/node_modules/jest-circus/build/jestAdapterInit.js:1008:11)\n    at _runTestsForDescribeBlock (/home/runner/work/oxy/oxy/node_modules/.bun/jest-circus@30.5.1/node_modules/jest-circus/build/jestAdapterInit.js:824:5)\n    at _runTestsForDescribeBlockOnce (/home/runner/work/oxy/oxy/node_modules/.bun/jest-circus@30.5.1/node_modules/jest-circus/build/jestAdapterInit.js:1003:11)\n    at _runTestsForDescribeBlock (/home/runner/work/oxy/oxy/node_modules/.bun/jest-circus@30.5.1/node_modules/jest-circus/build/jestAdapterInit.js:824:5)\n    at run (/home/runner/work/oxy/oxy/node_modules/.bun/jest-circus@30.5.1/node_modules/jest-circus/build/jestAdapterInit.js:789:3)\n    at runAndTransformResultsToJestFormat (/home/runner/work/oxy/oxy/node_modules/.bun/jest-circus@30.5.1/node_modules/jest-circus/build/jestAdapterInit.js:2300:21)\n    at jestAdapter (/home/runner/work/oxy/oxy/node_modules/.bun/jest-circus@30.5.1/node_modules/jest-circus/build/runner.js:111:19)\n    at runTestInternal (/home/runner/work/oxy/oxy/node_modules/.bun/jest-runner@30.5.1/node_modules/jest-runner/build/index.js:247:16)\n    at runTest (/home/runner/work/oxy/oxy/node_modules/.bun/jest-runner@30.5.1/node_modules/jest-runner/build/index.js:315:7)","name":"Error"},"msg":"inference.tokens.anomaly_multiple_unreadable"}
2026-10-03T03:15:40.2090582Z {"level":40,"time":1790997340082,"pid":4401,"hostname":"runnervm8df0l","component":"tokenAnomaly","accountId":"01a0ffc2-9f07-7299-acb2-e3b8425ad7e0","detectedForHour":"2026-10-03T02:00:00.000Z","hourTokens":10000,"baselineMedianTokens":1000,"thresholdMultiple":3,"observedDays":8,"msg":"inference.tokens.anomaly"}
2026-10-03T03:15:40.2092771Z PASS src/services/__tests__/tokenAnomaly.service.test.ts
2026-10-03T03:15:40.2094814Z {"level":40,"time":1790997340083,"pid":4401,"hostname":"runnervm8df0l","component":"tokenAnomaly","accountId":"01a0ffc2-9f35-7233-9c21-7c371ca4b825","detectedForHour":"2026-10-03T02:00:00.000Z","hourTokens":4000,"baselineMedianTokens":1000,"thresholdMultiple":3,"observedDays":8,"msg":"inference.tokens.anomaly"}
2026-10-03T03:15:40.2097687Z {"level":40,"time":1790997340084,"pid":4401,"hostname":"runnervm8df0l","component":"tokenAnomaly","accountId":"01a0ffc2-9f49-7f86-b5b4-ed93d4063527","detectedForHour":"2026-10-03T02:00:00.000Z","hourTokens":50000,"baselineMedianTokens":1000,"thresholdMultiple":3,"observedDays":7,"msg":"inference.tokens.anomaly"}
2026-10-03T03:15:40.2100465Z {"level":40,"time":1790997340085,"pid":4401,"hostname":"runnervm8df0l","component":"tokenAnomaly","accountId":"01a0ffc2-9f6d-77ad-93d0-b12e26b7022d","detectedForHour":"2026-10-03T02:00:00.000Z","hourTokens":50000,"baselineMedianTokens":1000,"thresholdMultiple":3,"observedDays":8,"msg":"inference.tokens.anomaly"}
2026-10-03T03:15:40.2103445Z {"level":40,"time":1790997340086,"pid":4401,"hostname":"runnervm8df0l","component":"tokenAnomaly","accountId":"01a0ffc2-9f8e-766f-9e1a-9fec819a3159","detectedForHour":"2026-10-03T02:00:00.000Z","hourTokens":10000,"baselineMedianTokens":1000,"thresholdMultiple":3,"observedDays":8,"msg":"inference.tokens.anomaly"}
2026-10-03T03:15:40.2106156Z {"level":40,"time":1790997340088,"pid":4401,"hostname":"runnervm8df0l","component":"tokenAnomaly","accountId":"01a0ffc2-9fa0-7924-ae06-a276fca01f49","detectedForHour":"2026-10-03T02:00:00.000Z","hourTokens":10000,"baselineMedianTokens":1000,"thresholdMultiple":3,"observedDays":8,"msg":"inference.tokens.anomaly"}
2026-10-03T03:15:40.2108846Z {"level":40,"time":1790997340149,"pid":4401,"hostname":"runnervm8df0l","component":"tokenAnomaly","accountId":"01a0ffc2-9fd9-7025-98f8-7b6c779d5726","detectedForHour":"2026-10-03T02:00:00.000Z","hourTokens":4000,"baselineMedianTokens":1000,"thresholdMultiple":3,"observedDays":8,"msg":"inference.tokens.anomaly"}
2026-10-03T03:15:40.2111536Z {"level":40,"time":1790997340174,"pid":4401,"hostname":"runnervm8df0l","component":"tokenAnomaly","accountId":"01a0ffc2-9ff7-71d8-afbc-e3607397fe0a","detectedForHour":"2026-10-03T02:00:00.000Z","hourTokens":10000,"baselineMedianTokens":1000,"thresholdMultiple":3,"observedDays":8,"msg":"inference.tokens.anomaly"}
2026-10-03T03:15:40.4707053Z {"level":30,"time":1790997340370,"pid":4401,"hostname":"runnervm8df0l","maxPoolSize":8,"msg":"Connected to PostgreSQL successfully"}
2026-10-03T03:15:40.6239485Z {"level":40,"time":1790997340523,"pid":4401,"hostname":"runnervm8df0l","component":"identityBinding","applicationId":"01a0ffc2-a163-7352-b90e-8154fb6611fa","bindingId":"01a0ffc2-a167-71c0-81ec-be646316e914","msg":"Identity binding rebound to a different Oxy user"}
2026-10-03T03:15:40.6241085Z {"level":40,"time":1790997340541,"pid":4401,"hostname":"runnervm8df0l","component":"identityBinding","applicationId":"01a0ffc2-a171-7838-8c09-6a78314e9e93","bindingId":"01a0ffc2-a178-76fb-b179-2f400457fe3b","msg":"Identity binding rebound to a different Oxy user"}
2026-10-03T03:15:40.7270623Z PASS src/services/__tests__/identityBinding.service.test.ts
2026-10-03T03:15:41.1570479Z PASS src/controllers/__tests__/analytics.controller.test.ts
2026-10-03T03:15:42.2908471Z PASS src/routes/__tests__/sessionDeliver.test.ts
2026-10-03T03:15:42.3396924Z PASS src/utils/__tests__/accountRoles.test.ts
2026-10-03T03:15:42.6757556Z {"level":30,"time":1790997342575,"pid":4401,"hostname":"runnervm8df0l","maxPoolSize":8,"msg":"Connected to PostgreSQL successfully"}
2026-10-03T03:15:42.8000909Z {"level":30,"time":1790997342698,"pid":4401,"hostname":"runnervm8df0l","count":0,"userId":"01a0ffc2-a971-702c-9336-7aeba6d83a68","msg":"[SessionService] Deactivated sessions for user"}
2026-10-03T03:15:42.8002287Z {"level":50,"time":1790997342781,"pid":4401,"hostname":"runnervm8df0l","msg":"ApiError [400] BAD_REQUEST: Validation failed"}
2026-10-03T03:15:42.9485319Z {"level":50,"time":1790997342848,"pid":4401,"hostname":"runnervm8df0l","msg":"ApiError [403] SIGNIN_ORIGIN_NOT_ALLOWED: Only official Oxy apps can do this here."}
2026-10-03T03:15:42.9486980Z {"level":30,"time":1790997342914,"pid":4401,"hostname":"runnervm8df0l","count":0,"userId":"01a0ffc2-aa9d-7bb4-aaf5-7726797c4059","msg":"[SessionService] Deactivated sessions for user"}
2026-10-03T03:15:43.0594334Z {"level":30,"time":1790997342959,"pid":4401,"hostname":"runnervm8df0l","count":0,"userId":"01a0ffc2-aac4-7345-b2d7-898b662cc11a","msg":"[SessionService] Deactivated sessions for user"}
2026-10-03T03:15:43.4083881Z {"level":30,"time":1790997343200,"pid":4401,"hostname":"runnervm8df0l","count":0,"userId":"01a0ffc2-ab08-7282-95ec-2f83a5aff8b3","msg":"[SessionService] Deactivated sessions for user"}
2026-10-03T03:15:43.4085829Z {"level":40,"time":1790997343277,"pid":4401,"hostname":"runnervm8df0l","applicationId":"01a0ffc2-ac27-781c-a6b1-f90572cdb941","path":"/5ec87f1bbe084667640f3d80f0f3df6e/complete","msg":"device.lane.third_party_refused"}
2026-10-03T03:15:43.4087531Z PASS src/routes/__tests__/identityLink.test.ts
2026-10-03T03:15:45.5079827Z PASS src/routes/__tests__/profilesUsername.test.ts
2026-10-03T03:15:46.0328088Z PASS src/routes/__tests__/did.test.ts
2026-10-03T03:15:46.2792397Z {"level":30,"time":1790997346172,"pid":4401,"hostname":"runnervm8df0l","maxPoolSize":8,"msg":"Connected to PostgreSQL successfully"}
2026-10-03T03:15:48.2819197Z PASS src/services/__tests__/aiLabeling.service.test.ts
2026-10-03T03:15:48.4655675Z PASS src/capabilities/__tests__/inbox.tools.test.ts
2026-10-03T03:15:48.9693737Z PASS src/routes/__tests__/publicIdentifierNotASecret.test.ts
2026-10-03T03:15:49.1574135Z PASS src/__tests__/scheduledSweeps.test.ts
2026-10-03T03:15:50.3394236Z PASS src/routes/__tests__/cdnVideoImageVariant.test.ts
2026-10-03T03:15:50.9010612Z PASS src/routes/__tests__/accountsCreateAsOperatedAccount.test.ts
2026-10-03T03:15:51.7406335Z PASS src/routes/__tests__/profilesSimilar.test.ts
2026-10-03T03:15:52.2105509Z {"level":30,"time":1790997352110,"pid":4401,"hostname":"runnervm8df0l","maxPoolSize":8,"msg":"Connected to PostgreSQL successfully"}
2026-10-03T03:16:02.2976106Z FAIL src/routes/__tests__/capabilitiesSettings.routes.test.ts (10.467 s)
2026-10-03T03:16:02.2977326Z   ● asks authority of the person operating a managed account, not of the account
2026-10-03T03:16:02.2977745Z 
2026-10-03T03:16:02.2977976Z     thrown: "Exceeded timeout of 10000 ms for a test.
2026-10-03T03:16:02.2978942Z     Add a timeout value to this test to increase the timeout, if this is a long-running test. See https://jestjs.io/docs/api#testname-fn-timeout."
2026-10-03T03:16:02.2979551Z 
2026-10-03T03:16:02.2980046Z       at _getError (../../node_modules/.bun/jest-circus@30.5.1/node_modules/jest-circus/build/jestAdapterInit.js:1985:12)
2026-10-03T03:16:02.2980714Z           at Array.map (<anonymous>)
2026-10-03T03:16:02.2980948Z 
2026-10-03T03:16:02.2981081Z     Cause:
2026-10-03T03:16:02.2981424Z         thrown: "Exceeded timeout of 10000 ms for a test.
2026-10-03T03:16:02.2982581Z         Add a timeout value to this test to increase the timeout, if this is a long-running test. See https://jestjs.io/docs/api#testname-fn-timeout."
2026-10-03T03:16:02.2983222Z 
2026-10-03T03:16:02.2983510Z         [0m [90m 344 |[39m })[33m;[39m
2026-10-03T03:16:02.2983914Z          [90m 345 |[39m
2026-10-03T03:16:02.2984920Z         [31m[1m>[22m[39m[90m 346 |[39m it([32m'asks authority of the person operating a managed account, not of the account'[39m[33m,[39m [36masync[39m () [33m=>[39m {
2026-10-03T03:16:02.2985847Z          [90m     |[39m [31m[1m^[22m[39m
2026-10-03T03:16:02.2986582Z          [90m 347 |[39m   [90m// Switched into an organization: the bearer's subject is the org, which is[39m
2026-10-03T03:16:02.2987570Z          [90m 348 |[39m   [90m// never its own member. The person behind the session is who operates it.[39m
2026-10-03T03:16:02.2988754Z          [90m 349 |[39m   mockManagedSubject [33m=[39m [33mORG_ID[39m[33m;[39m[0m
2026-10-03T03:16:02.2989130Z 
2026-10-03T03:16:02.2989524Z           at Object.<anonymous> (src/routes/__tests__/capabilitiesSettings.routes.test.ts:346:1)
2026-10-03T03:16:02.2989947Z 
2026-10-03T03:16:02.2990386Z   ● asks authority of the person operating a managed account, not of the account
2026-10-03T03:16:02.2990758Z 
2026-10-03T03:16:02.2990952Z     ApiError: Live approving session required
2026-10-03T03:16:02.2991207Z 
2026-10-03T03:16:02.2992343Z     [0m [90m 28 |[39m [36mexport[39m [36masync[39m [36mfunction[39m readSessionAgentBinding(sessionId[33m:[39m string [33m|[39m undefined[33m,[39m actorId[33m:[39m string[33m,[39m
2026-10-03T03:16:02.2994016Z      [90m 29 |[39m   db[33m:[39m [33mDatabaseOrTransaction[39m [33m=[39m getDb())[33m:[39m [33mPromise[39m[33m<[39m[33mAgentKeyBinding[39m [33m|[39m undefined[33m>[39m {
2026-10-03T03:16:02.2995846Z     [31m[1m>[22m[39m[90m 30 |[39m   [36mif[39m ([33m![39msessionId) [36mthrow[39m [36mnew[39m [33mApiError[39m([35m401[39m[33m,[39m [32m'Live approving session required'[39m[33m,[39m [32m'INVALID_SESSION'[39m)[33m;[39m
2026-10-03T03:16:02.2997225Z      [90m    |[39m                         [31m[1m^[22m[39m
2026-10-03T03:16:02.2998534Z      [90m 31 |[39m   [36mconst[39m [session] [33m=[39m [36mawait[39m db[33m.[39mselect({ userId[33m:[39m sessions[33m.[39muserId[33m,[39m operatorId[33m:[39m sessions[33m.[39moperatedByUserId[33m,[39m
2026-10-03T03:16:02.3000063Z      [90m 32 |[39m     methodId[33m:[39m sessions[33m.[39mauthMethodId[33m,[39m ownerId[33m:[39m sessions[33m.[39mauthMethodOwnerId[33m,[39m
2026-10-03T03:16:02.3001653Z      [90m 33 |[39m   })[33m.[39m[36mfrom[39m(sessions)[33m.[39mwhere(and(eq(sessions[33m.[39msessionId[33m,[39m sessionId)[33m,[39m eq(sessions[33m.[39misActive[33m,[39m [36mtrue[39m)[33m,[39m[0m
2026-10-03T03:16:02.3002618Z 
2026-10-03T03:16:02.3002870Z       at src/services/agentKeyAuthority.service.ts:30:25
2026-10-03T03:16:02.3003406Z       at src/services/agentKeyAuthority.service.ts:2007:40
2026-10-03T03:16:02.3004003Z       at __awaiter (src/services/agentKeyAuthority.service.ts:1956:10)
2026-10-03T03:16:02.3004701Z       at readSessionAgentBinding (src/services/agentKeyAuthority.service.ts:2096:10)
2026-10-03T03:16:02.3005297Z       at src/routes/capabilities.ts:615:60
2026-10-03T03:16:02.3005757Z       at fulfilled (src/routes/capabilities.ts:14261:24)
2026-10-03T03:16:02.3006045Z 
2026-10-03T03:16:02.9902387Z [BABEL] Note: The code generator has deoptimised the styling of /home/runner/work/oxy/oxy/packages/api/src/services/email.service.ts as it exceeds the max of 500KB.
2026-10-03T03:16:03.8154230Z {"level":30,"time":1790997363714,"pid":4401,"hostname":"runnervm8df0l","maxPoolSize":8,"msg":"Connected to PostgreSQL successfully"}
2026-10-03T03:16:04.0160568Z PASS src/services/__tests__/emailService.subscriptions.test.ts
2026-10-03T03:16:04.3063105Z {"level":30,"time":1790997364205,"pid":4401,"hostname":"runnervm8df0l","maxPoolSize":8,"msg":"Connected to PostgreSQL successfully"}
2026-10-03T03:16:04.6019220Z PASS src/services/__tests__/store.writes.test.ts
2026-10-03T03:16:04.9009795Z {"level":30,"time":1790997364793,"pid":4401,"hostname":"runnervm8df0l","maxPoolSize":8,"msg":"Connected to PostgreSQL successfully"}
2026-10-03T03:16:05.1173709Z PASS src/services/__tests__/emailService.searchMessages.test.ts
2026-10-03T03:16:05.3967571Z {"level":30,"time":1790997365259,"pid":4401,"hostname":"runnervm8df0l","maxPoolSize":8,"msg":"Connected to PostgreSQL successfully"}
2026-10-03T03:16:06.7449863Z PASS src/services/__tests__/cardExtraction.service.test.ts
2026-10-03T03:16:07.2113629Z PASS src/routes/__tests__/sessionDeny.test.ts
2026-10-03T03:16:07.4931876Z {"level":30,"time":1790997367393,"pid":4401,"hostname":"runnervm8df0l","maxPoolSize":8,"msg":"Connected to PostgreSQL successfully"}
2026-10-03T03:16:07.4933967Z {"level":30,"time":1790997367415,"pid":4401,"hostname":"runnervm8df0l","accountId":"01a0ffc3-0a6f-7cfd-9519-26915b560c88","parentAccountId":"01a0ffc3-0a62-7d20-b08b-aa266a646853","kind":"project","createdBy":"01a0ffc3-0a62-7d20-b08b-aa266a646853","msg":"Account created"}
2026-10-03T03:16:07.4935456Z {"level":30,"time":1790997367438,"pid":4401,"hostname":"runnervm8df0l","accountId":"01a0ffc3-0a88-76b9-8a56-36e3c3926d58","parentAccountId":"01a0ffc3-0a7e-7b34-b2fa-06ea6c0fab54","kind":"project","createdBy":"01a0ffc3-0a7e-7b34-b2fa-06ea6c0fab54","msg":"Account created"}
2026-10-03T03:16:07.4936908Z {"level":30,"time":1790997367459,"pid":4401,"hostname":"runnervm8df0l","accountId":"01a0ffc3-0a9d-7d26-b49d-f8154759073a","parentAccountId":"01a0ffc3-0a95-734b-8385-33b3e1e1ddb0","kind":"project","createdBy":"01a0ffc3-0a95-734b-8385-33b3e1e1ddb0","msg":"Account created"}
2026-10-03T03:16:07.5971456Z {"level":30,"time":1790997367496,"pid":4401,"hostname":"runnervm8df0l","accountId":"01a0ffc3-0ac1-7a0c-a366-e3367b743f48","parentAccountId":"01a0ffc3-0aa9-749b-b857-09a064330063","kind":"project","createdBy":"01a0ffc3-0aa9-749b-b857-09a064330063","msg":"Account created"}
2026-10-03T03:16:07.5974419Z {"level":30,"time":1790997367507,"pid":4401,"hostname":"runnervm8df0l","accountId":"01a0ffc3-0acd-7577-b22b-d950b9503201","parentAccountId":"01a0ffc3-0aa9-749b-b857-09a064330063","kind":"project","createdBy":"01a0ffc3-0aa9-749b-b857-09a064330063","msg":"Account created"}
2026-10-03T03:16:07.5975902Z {"level":30,"time":1790997367526,"pid":4401,"hostname":"runnervm8df0l","accountId":"01a0ffc3-0adf-77d5-9864-a70211cf6956","parentAccountId":"01a0ffc3-0ad8-725b-b972-470452a4ac08","kind":"project","createdBy":"01a0ffc3-0ad8-725b-b972-470452a4ac08","msg":"Account created"}
2026-10-03T03:16:07.5977030Z {"level":30,"time":1790997367534,"pid":4401,"hostname":"runnervm8df0l","accountId":"01a0ffc3-0adf-77d5-9864-a70211cf6956","msg":"Account updated"}
2026-10-03T03:16:07.5978342Z {"level":30,"time":1790997367561,"pid":4401,"hostname":"runnervm8df0l","accountId":"01a0ffc3-0b03-71be-a181-3602d2d44052","parentAccountId":"01a0ffc3-0aef-72e1-96d8-2c5888af171f","kind":"project","createdBy":"01a0ffc3-0aef-72e1-96d8-2c5888af171f","msg":"Account created"}
2026-10-03T03:16:07.7065078Z PASS src/services/__tests__/accountUsernameCollision.test.ts
2026-10-03T03:16:07.8169011Z {"level":30,"time":1790997367633,"pid":4401,"hostname":"runnervm8df0l","accountId":"01a0ffc3-0b40-7143-af8e-544b09ef6079","parentAccountId":"01a0ffc3-0b2b-7bdb-9b3d-e4c681e983c9","kind":"project","createdBy":"01a0ffc3-0b2b-7bdb-9b3d-e4c681e983c9","msg":"Account created"}
2026-10-03T03:16:07.9414628Z {"level":30,"time":1790997367840,"pid":4401,"hostname":"runnervm8df0l","maxPoolSize":8,"msg":"Connected to PostgreSQL successfully"}
2026-10-03T03:16:08.0437707Z PASS src/services/__tests__/inferenceTelemetry.service.test.ts
2026-10-03T03:16:08.5366002Z PASS src/routes/__tests__/updatesAdminAuth.test.ts
2026-10-03T03:16:08.6256537Z PASS src/scripts/__tests__/registerCommonsClientsPlan.test.ts
2026-10-03T03:16:08.8803482Z {"level":30,"time":1790997368779,"pid":4401,"hostname":"runnervm8df0l","maxPoolSize":8,"msg":"Connected to PostgreSQL successfully"}
2026-10-03T03:16:08.9754665Z PASS src/services/__tests__/civic.graphExclusion.test.ts
2026-10-03T03:16:09.0884777Z PASS src/db/__tests__/migrationPhases.test.ts
2026-10-03T03:16:09.3949264Z {"level":30,"time":1790997369294,"pid":4401,"hostname":"runnervm8df0l","maxPoolSize":8,"msg":"Connected to PostgreSQL successfully"}
2026-10-03T03:16:09.6958049Z {"level":30,"time":1790997369595,"pid":4401,"hostname":"runnervm8df0l","userId":"01a0ffc3-129f-7a72-9c24-1074f97c371d","username":"del2cd1f2efd157","accountEventId":"01a0ffc3-12df-7250-8cda-60aa9d689430","accountEventRecipients":26,"storageDeletionFiles":0,"storageDeletionTargets":0,"msg":"Account deleted"}
2026-10-03T03:16:09.6960107Z {"level":30,"time":1790997369668,"pid":4401,"hostname":"runnervm8df0l","userId":"01a0ffc3-1300-76e0-ae1a-12c320b084bf","username":"delf3da12648d70","accountEventId":"01a0ffc3-1336-7911-9c3b-63363cbf5707","accountEventRecipients":26,"storageDeletionFiles":0,"storageDeletionTargets":0,"msg":"Account deleted"}
2026-10-03T03:16:09.8394736Z PASS src/scripts/__tests__/deleteAccounts.test.ts
2026-10-03T03:16:10.2714933Z {"level":30,"time":1790997369747,"pid":4401,"hostname":"runnervm8df0l","userId":"01a0ffc3-1346-78b5-9504-f027ae46c776","username":"del3d205a5b474c","accountEventId":"01a0ffc3-1387-7f88-85e0-442c6b09665d","accountEventRecipients":26,"storageDeletionFiles":0,"storageDeletionTargets":0,"msg":"Account deleted"}
2026-10-03T03:16:10.2716723Z {"level":30,"time":1790997369782,"pid":4401,"hostname":"runnervm8df0l","userId":"01a0ffc3-1349-750d-b7c5-0142bf0b97a9","username":"dela65080dfacf2","accountEventId":"01a0ffc3-13aa-7d6c-8d5e-ed0845253701","accountEventRecipients":26,"storageDeletionFiles":0,"storageDeletionTargets":0,"msg":"Account deleted"}
2026-10-03T03:16:10.5921516Z PASS src/routes/__tests__/usersDeleteAccountEvent.test.ts
2026-10-03T03:16:10.8329503Z {"level":30,"time":1790997370732,"pid":4401,"hostname":"runnervm8df0l","maxPoolSize":8,"msg":"Connected to PostgreSQL successfully"}
2026-10-03T03:16:10.9225712Z PASS src/db/schema/__tests__/appStore.test.ts
2026-10-03T03:16:11.6542434Z PASS src/routes/__tests__/oauthTokenSharedDevice.test.ts
2026-10-03T03:16:13.0560850Z PASS src/routes/__tests__/staffCapabilityGates.test.ts
2026-10-03T03:16:14.2325877Z PASS src/routes/__tests__/email.send.attachments.test.ts
2026-10-03T03:16:14.7217104Z {"level":30,"time":1790997374507,"pid":4401,"hostname":"runnervm8df0l","maxPoolSize":8,"msg":"Connected to PostgreSQL successfully"}
2026-10-03T03:16:14.7219054Z {"level":40,"time":1790997374567,"pid":4401,"hostname":"runnervm8df0l","kid":"dev-ephemeral-5f0fad505dfe","msg":"[ServiceToken] no signing key configured; minting with a per-process ephemeral Ed25519 key"}
2026-10-03T03:16:14.7220161Z PASS src/middleware/__tests__/publicIdentifierNotABearer.test.ts
2026-10-03T03:16:15.1021016Z PASS src/routes/__tests__/contactsDiscover.test.ts
2026-10-03T03:16:15.5631732Z PASS src/services/__tests__/inferenceEdgeModalityCeilings.test.ts
2026-10-03T03:16:15.8627699Z {"level":30,"time":1790997375761,"pid":4401,"hostname":"runnervm8df0l","maxPoolSize":8,"msg":"Connected to PostgreSQL successfully"}
2026-10-03T03:16:15.8628988Z {"level":30,"time":1790997375778,"pid":4401,"hostname":"runnervm8df0l","fileId":"01a0ffc3-2b20-7d3f-a2dc-a67f25d0cb7e","mime":"image/png","msg":"Queueing variant generation"}
2026-10-03T03:16:15.8630741Z {"level":30,"time":1790997375779,"pid":4401,"hostname":"runnervm8df0l","fileId":"01a0ffc3-2b20-7d3f-a2dc-a67f25d0cb7e","sha256":"f7b44d2c9f8d97fa3638f141245e85c4f69fdbff47795b08bd3bb31cec7ecec1","size":90,"originalName":"federated-avatar.png","msg":"File uploaded directly"}
2026-10-03T03:16:15.8632107Z {"level":30,"time":1790997375791,"pid":4401,"hostname":"runnervm8df0l","fileId":"01a0ffc3-2b20-7d3f-a2dc-a67f25d0cb7e","mime":"image/png","msg":"Queueing variant generation"}
2026-10-03T03:16:15.8633553Z {"level":30,"time":1790997375791,"pid":4401,"hostname":"runnervm8df0l","fileId":"01a0ffc3-2b20-7d3f-a2dc-a67f25d0cb7e","storageKey":"public/content/2026/10/f7/f7b44d2c9f8d97fa3638f141245e85c4f69fdbff47795b08bd3bb31cec7ecec1.png","mime":"image/png","size":90,"msg":"Repaired missing federation asset storage from remote URL"}
2026-10-03T03:16:15.8634855Z {"level":30,"time":1790997375805,"pid":4401,"hostname":"runnervm8df0l","fileId":"01a0ffc3-2b3b-79e7-8c9a-d6b3a029e7ee","mime":"image/png","msg":"Queueing variant generation"}
2026-10-03T03:16:15.8636333Z {"level":30,"time":1790997375805,"pid":4401,"hostname":"runnervm8df0l","fileId":"01a0ffc3-2b3b-79e7-8c9a-d6b3a029e7ee","sha256":"41ec68a36e9196dde462f6562b3cea37f7690805ed688344744cf114164f1b36","size":90,"originalName":"federated-avatar.png","msg":"File uploaded directly"}
2026-10-03T03:16:15.8638619Z {"level":40,"time":1790997375808,"pid":4401,"hostname":"runnervm8df0l","fileId":"01a0ffc3-2b3b-79e7-8c9a-d6b3a029e7ee","expectedSha256":"41ec68a36e9196dde462f6562b3cea37f7690805ed688344744cf114164f1b36","downloadedSha256":"f75f08273814893332d7030c2fafb15427e49ac1bfffaedf49077831cc3a6e38","remoteHost":"remote.example","size":90,"msg":"Federation repair refused: remote bytes do not match the stored digest"}
2026-10-03T03:16:15.8640404Z {"level":30,"time":1790997375829,"pid":4401,"hostname":"runnervm8df0l","fileId":"01a0ffc3-2b4a-703e-adc7-015b2ea978ef","mime":"image/png","msg":"Queueing variant generation"}
2026-10-03T03:16:15.8641678Z {"level":30,"time":1790997375829,"pid":4401,"hostname":"runnervm8df0l","fileId":"01a0ffc3-2b4a-703e-adc7-015b2ea978ef","sha256":"f5953fa2d79a5bc2aac4226abf5394c13c05e927aef5993b20e69b53fd3563db","size":90,"originalName":"federated-avatar.png","msg":"File uploaded directly"}
2026-10-03T03:16:15.8644249Z {"level":40,"time":1790997375830,"pid":4401,"hostname":"runnervm8df0l","fileId":"01a0ffc3-2b4a-703e-adc7-015b2ea978ef","expectedSha256":"f5953fa2d79a5bc2aac4226abf5394c13c05e927aef5993b20e69b53fd3563db","downloadedSha256":"df0cebdf16cb0f70b3f6e5c7eb3442561d0f12253893b3f9e7029fe98137e9ec","remoteHost":"remote.example","size":90,"msg":"Federation repair refused: remote bytes do not match the stored digest"}
2026-10-03T03:16:15.8645884Z {"level":30,"time":1790997375845,"pid":4401,"hostname":"runnervm8df0l","fileId":"01a0ffc3-2b62-7775-b178-d5b9772090d2","mime":"image/png","msg":"Queueing variant generation"}
2026-10-03T03:16:15.8647155Z {"level":30,"time":1790997375845,"pid":4401,"hostname":"runnervm8df0l","fileId":"01a0ffc3-2b62-7775-b178-d5b9772090d2","sha256":"896c98770ddd624b3a4a29829522f1a1c1a87139f89a986a33d3bbd3e08bacb8","size":90,"originalName":"federated-avatar.png","msg":"File uploaded directly"}
2026-10-03T03:16:15.8649062Z {"level":40,"time":1790997375846,"pid":4401,"hostname":"runnervm8df0l","fileId":"01a0ffc3-2b62-7775-b178-d5b9772090d2","expectedSha256":"896c98770ddd624b3a4a29829522f1a1c1a87139f89a986a33d3bbd3e08bacb8","downloadedSha256":"04c450f9018468a74d0d528e0874a52688a9bbeb733134675875e60784aaf707","remoteHost":"remote.example","size":90,"msg":"Federation repair refused: remote bytes do not match the stored digest"}
2026-10-03T03:16:15.8650603Z {"level":30,"time":1790997375850,"pid":4401,"hostname":"runnervm8df0l","fileId":"01a0ffc3-2b62-7775-b178-d5b9772090d2","mime":"image/png","msg":"Queueing variant generation"}
2026-10-03T03:16:15.8652594Z {"level":30,"time":1790997375850,"pid":4401,"hostname":"runnervm8df0l","fileId":"01a0ffc3-2b62-7775-b178-d5b9772090d2","storageKey":"public/content/2026/10/89/896c98770ddd624b3a4a29829522f1a1c1a87139f89a986a33d3bbd3e08bacb8.png","mime":"image/png","size":90,"msg":"Repaired missing federation asset storage from remote URL"}
2026-10-03T03:16:15.8654000Z {"level":30,"time":1790997375859,"pid":4401,"hostname":"runnervm8df0l","fileId":"01a0ffc3-2b71-7a4f-ab61-38ea5787ec8a","mime":"image/png","msg":"Queueing variant generation"}
2026-10-03T03:16:15.8655539Z {"level":30,"time":1790997375859,"pid":4401,"hostname":"runnervm8df0l","fileId":"01a0ffc3-2b71-7a4f-ab61-38ea5787ec8a","sha256":"bd786bf2eda88bd3e7d6158886df2c35880a0e10338a4c07b80ce10b80c7c19f","size":90,"originalName":"federated-avatar.png","msg":"File uploaded directly"}
2026-10-03T03:16:16.0101216Z {"level":30,"time":1790997375863,"pid":4401,"hostname":"runnervm8df0l","fileId":"01a0ffc3-2b71-7a4f-ab61-38ea5787ec8a","mime":"image/png","msg":"Queueing variant generation"}
2026-10-03T03:16:16.0103302Z {"level":30,"time":1790997375863,"pid":4401,"hostname":"runnervm8df0l","fileId":"01a0ffc3-2b71-7a4f-ab61-38ea5787ec8a","storageKey":"public/content/2026/10/bd/bd786bf2eda88bd3e7d6158886df2c35880a0e10338a4c07b80ce10b80c7c19f.png","mime":"image/png","size":90,"msg":"Repaired missing federation asset storage from remote URL"}
2026-10-03T03:16:16.0105114Z {"level":30,"time":1790997375873,"pid":4401,"hostname":"runnervm8df0l","fileId":"01a0ffc3-2b7f-7256-a2ef-a50d4ceb82aa","mime":"image/png","msg":"Queueing variant generation"}
2026-10-03T03:16:16.0106419Z {"level":30,"time":1790997375873,"pid":4401,"hostname":"runnervm8df0l","fileId":"01a0ffc3-2b7f-7256-a2ef-a50d4ceb82aa","sha256":"8dbde74edc16ea37508fff9d42a8eb6af41d9fc59abbf951f4bb52e40840fb5b","size":90,"originalName":"federated-avatar.png","msg":"File uploaded directly"}
2026-10-03T03:16:16.0107905Z {"level":30,"time":1790997375882,"pid":4401,"hostname":"runnervm8df0l","fileId":"01a0ffc3-2b88-7497-9dde-0bd2c9ccd877","mime":"image/png","msg":"Queueing variant generation"}
2026-10-03T03:16:16.0109178Z {"level":30,"time":1790997375882,"pid":4401,"hostname":"runnervm8df0l","fileId":"01a0ffc3-2b88-7497-9dde-0bd2c9ccd877","sha256":"24eadbf4c0c1d2e3b08ad8547fded104b682ce8948bf98e6b416f37590be036a","size":90,"originalName":"federated-avatar.png","msg":"File uploaded directly"}
2026-10-03T03:16:16.0110356Z {"level":30,"time":1790997375907,"pid":4401,"hostname":"runnervm8df0l","fileId":"01a0ffc3-2ba1-7f73-b3c9-42548a751f8d","mime":"image/png","msg":"Queueing variant generation"}
2026-10-03T03:16:16.0111598Z {"level":30,"time":1790997375907,"pid":4401,"hostname":"runnervm8df0l","fileId":"01a0ffc3-2ba1-7f73-b3c9-42548a751f8d","sha256":"f7c4056bef68277a50c59db3e5a2c4d458b8557eeed978970687f3c981728132","size":90,"originalName":"federated-avatar.png","msg":"File uploaded directly"}
2026-10-03T03:16:16.0112904Z {"level":40,"time":1790997375907,"pid":4401,"hostname":"runnervm8df0l","remoteHost":"remote.example","msg":"Federation repair URL rejected: non-https protocol"}
2026-10-03T03:16:16.0113808Z {"level":30,"time":1790997375916,"pid":4401,"hostname":"runnervm8df0l","fileId":"01a0ffc3-2bab-702f-9117-2cc71da394ef","mime":"image/png","msg":"Queueing variant generation"}
2026-10-03T03:16:16.0115051Z {"level":30,"time":1790997375916,"pid":4401,"hostname":"runnervm8df0l","fileId":"01a0ffc3-2bab-702f-9117-2cc71da394ef","sha256":"4bb82bcbd76c0250db88196c324ea7eb016ff714e3a9621ecddc994071f4dd63","size":90,"originalName":"federated-avatar.png","msg":"File uploaded directly"}
2026-10-03T03:16:16.0116228Z {"level":40,"time":1790997375917,"pid":4401,"hostname":"runnervm8df0l","remoteHost":"remote.example","contentType":"text/html","msg":"Federation repair rejected non-image content"}
2026-10-03T03:16:16.0117176Z {"level":30,"time":1790997375926,"pid":4401,"hostname":"runnervm8df0l","fileId":"01a0ffc3-2bb4-7e84-9d32-fc8030b66419","mime":"image/png","msg":"Queueing variant generation"}
2026-10-03T03:16:16.0118429Z {"level":30,"time":1790997375926,"pid":4401,"hostname":"runnervm8df0l","fileId":"01a0ffc3-2bb4-7e84-9d32-fc8030b66419","sha256":"3340fe7ce99ccc1b57730d5c88cd08f13bb98e3b3e53daba29583d49ea29383f","size":90,"originalName":"federated-avatar.png","msg":"File uploaded directly"}
2026-10-03T03:16:16.0119597Z {"level":40,"time":1790997375926,"pid":4401,"hostname":"runnervm8df0l","remoteHost":"remote.example","declaredLength":67108864,"msg":"Federation repair image is too large"}
2026-10-03T03:16:16.0120283Z PASS src/services/__tests__/assetService.federationRepair.test.ts
2026-10-03T03:16:16.0801296Z PASS src/utils/__tests__/sanitize.test.ts
2026-10-03T03:16:16.3552438Z {"level":30,"time":1790997376254,"pid":4401,"hostname":"runnervm8df0l","maxPoolSize":8,"msg":"Connected to PostgreSQL successfully"}
2026-10-03T03:16:16.4818021Z PASS src/services/__tests__/user.service.publicUserRows.test.ts
2026-10-03T03:16:16.7220917Z {"level":30,"time":1790997376621,"pid":4401,"hostname":"runnervm8df0l","maxPoolSize":8,"msg":"Connected to PostgreSQL successfully"}
2026-10-03T03:16:16.7801115Z PASS src/db/schema/__tests__/families.test.ts
2026-10-03T03:16:17.0764491Z PASS src/routes/__tests__/emailInbound.test.ts
2026-10-03T03:16:17.2109511Z PASS src/services/__tests__/civic.attestation.moderation.test.ts
2026-10-03T03:16:17.3728720Z {"level":40,"time":1790997377199,"pid":4401,"hostname":"runnervm8df0l","component":"civic.attestation","msg":"Moderation attestation skipped: OXY_PRIVATE_KEY/OXY_PUBLIC_KEY not configured"}
2026-10-03T03:16:17.3729922Z {"level":40,"time":1790997377200,"pid":4401,"hostname":"runnervm8df0l","component":"civic.attestation","reason":"bad_signature","transactionId":"507f1f77bcf86cd799439012","msg":"Moderation attestation rejected (non-fatal)"}
2026-10-03T03:16:17.5451083Z PASS src/routes/__tests__/accountsCreate.test.ts
2026-10-03T03:16:18.2941025Z PASS src/routes/__tests__/usersMutualIds.test.ts
2026-10-03T03:16:18.4123527Z PASS src/config/__tests__/kaanaInitialInventory.test.ts
2026-10-03T03:16:18.6865709Z PASS src/routes/__tests__/searchProjection.test.ts
2026-10-03T03:16:18.9677543Z {"level":30,"time":1790997378866,"pid":4401,"hostname":"runnervm8df0l","maxPoolSize":8,"msg":"Connected to PostgreSQL successfully"}
2026-10-03T03:16:18.9678595Z {"level":30,"time":1790997378880,"pid":4401,"hostname":"runnervm8df0l","userId":"01a0ffc3-3733-7e72-9279-a085fa67ea91","msg":"Email mailboxes provisioned"}
2026-10-03T03:16:18.9679514Z {"level":30,"time":1790997378889,"pid":4401,"hostname":"runnervm8df0l","userId":"01a0ffc3-3733-7e72-9279-a085fa67ea91","msg":"Welcome email created"}
2026-10-03T03:16:18.9680609Z {"level":30,"time":1790997378903,"pid":4401,"hostname":"runnervm8df0l","userId":"01a0ffc3-3733-7e72-9279-a085fa67ea91","from":"communications@ramp.com","subject":"977687 is your Ramp sign-in code","mailbox":"INBOX","msg":"Incoming email stored"}
2026-10-03T03:16:18.9681631Z {"level":40,"time":1790997378917,"pid":4401,"hostname":"runnervm8df0l","msg":"Inbox socket emit skipped: Socket.IO not initialised"}
2026-10-03T03:16:18.9683016Z {"level":30,"time":1790997378930,"pid":4401,"hostname":"runnervm8df0l","userId":"01a0ffc3-3733-7e72-9279-a085fa67ea91","from":"ada@example.com","subject":"Receipt","mailbox":"INBOX","msg":"Incoming email stored"}
2026-10-03T03:16:18.9683915Z {"level":40,"time":1790997378935,"pid":4401,"hostname":"runnervm8df0l","msg":"Inbox socket emit skipped: Socket.IO not initialised"}
2026-10-03T03:16:19.0841560Z {"level":30,"time":1790997378968,"pid":4401,"hostname":"runnervm8df0l","userId":"01a0ffc3-3733-7e72-9279-a085fa67ea91","msg":"Default bundles seeded"}
2026-10-03T03:16:19.0842623Z PASS src/services/__tests__/emailService.contract.test.ts
2026-10-03T03:16:19.3519460Z PASS src/routes/__tests__/nodesIngest.test.ts
2026-10-03T03:16:19.4510907Z PASS src/services/__tests__/productAccess.test.ts
2026-10-03T03:16:19.5279378Z PASS src/middleware/__tests__/serviceTokenEd25519.test.ts
2026-10-03T03:16:19.5883442Z PASS src/schemas/__tests__/sdkRequestCompatibility.test.ts
2026-10-03T03:16:19.7430224Z {"level":40,"time":1790997379522,"pid":4401,"hostname":"runnervm8df0l","kid":"dev-ephemeral-49f49298621b","msg":"[ServiceToken] no signing key configured; minting with a per-process ephemeral Ed25519 key"}
2026-10-03T03:16:19.8895638Z PASS src/routes/__tests__/usersFollowGraphSort.test.ts
2026-10-03T03:16:20.1588836Z PASS src/routes/__tests__/civicAttestations.test.ts
2026-10-03T03:16:20.7209759Z {"level":30,"time":1790997380373,"pid":4401,"hostname":"runnervm8df0l","binaryPath":"/usr/bin/ffmpeg","msg":"[VariantService] Using system ffmpeg"}
2026-10-03T03:16:20.7211394Z {"level":30,"time":1790997380382,"pid":4401,"hostname":"runnervm8df0l","binaryPath":"/usr/bin/ffprobe","msg":"[VariantService] Using system ffprobe"}
2026-10-03T03:16:20.7213039Z {"level":30,"time":1790997380382,"pid":4401,"hostname":"runnervm8df0l","ffmpegPath":"/usr/bin/ffmpeg","msg":"[VariantService] Resolved FFmpeg path"}
2026-10-03T03:16:20.7214495Z {"level":30,"time":1790997380382,"pid":4401,"hostname":"runnervm8df0l","ffprobePath":"/usr/bin/ffprobe","msg":"[VariantService] Resolved FFprobe path"}
2026-10-03T03:16:20.7216134Z {"level":30,"time":1790997380382,"pid":4401,"hostname":"runnervm8df0l","ffmpegPath":"/usr/bin/ffmpeg","ffprobePath":"/usr/bin/ffprobe","ffmpegExists":true,"ffprobeExists":true,"msg":"FFmpeg/FFprobe paths initialized"}
2026-10-03T03:16:20.7217193Z PASS src/utils/__tests__/userIdentityBase.contract.test.ts
2026-10-03T03:16:21.0278290Z {"level":30,"time":1790997380928,"pid":4401,"hostname":"runnervm8df0l","maxPoolSize":8,"msg":"Connected to PostgreSQL successfully"}
2026-10-03T03:16:21.3847140Z PASS src/services/__tests__/externalIdentityGraph.test.ts
2026-10-03T03:16:21.4543181Z PASS src/db/__tests__/migrationLedger.test.ts
2026-10-03T03:16:21.7696642Z PASS src/services/__tests__/scopedCataloguePublication.test.ts
2026-10-03T03:16:21.8382551Z PASS src/services/__tests__/inboxInference.service.test.ts
2026-10-03T03:16:22.0735712Z {"level":30,"time":1790997381946,"pid":4401,"hostname":"runnervm8df0l","maxPoolSize":8,"msg":"Connected to PostgreSQL successfully"}
2026-10-03T03:16:22.0736493Z PASS src/services/__tests__/inboxDailyBrief.service.test.ts
2026-10-03T03:16:22.6483873Z {"level":30,"time":1790997382493,"pid":4401,"hostname":"runnervm8df0l","binaryPath":"/usr/bin/ffmpeg","msg":"[VariantService] Using system ffmpeg"}
2026-10-03T03:16:22.6484771Z {"level":30,"time":1790997382501,"pid":4401,"hostname":"runnervm8df0l","binaryPath":"/usr/bin/ffprobe","msg":"[VariantService] Using system ffprobe"}
2026-10-03T03:16:22.6485637Z {"level":30,"time":1790997382501,"pid":4401,"hostname":"runnervm8df0l","ffmpegPath":"/usr/bin/ffmpeg","msg":"[VariantService] Resolved FFmpeg path"}
2026-10-03T03:16:22.6486515Z {"level":30,"time":1790997382501,"pid":4401,"hostname":"runnervm8df0l","ffprobePath":"/usr/bin/ffprobe","msg":"[VariantService] Resolved FFprobe path"}
2026-10-03T03:16:22.6487826Z {"level":30,"time":1790997382502,"pid":4401,"hostname":"runnervm8df0l","ffmpegPath":"/usr/bin/ffmpeg","ffprobePath":"/usr/bin/ffprobe","ffmpegExists":true,"ffprobeExists":true,"msg":"FFmpeg/FFprobe paths initialized"}
2026-10-03T03:16:23.0211057Z {"level":30,"time":1790997382672,"pid":4401,"hostname":"runnervm8df0l","maxPoolSize":8,"msg":"Connected to PostgreSQL successfully"}
2026-10-03T03:16:23.0212094Z PASS src/services/__tests__/smtp.inbound.test.ts
2026-10-03T03:16:23.2465966Z PASS src/routes/__tests__/nodes.test.ts
2026-10-03T03:16:23.4057550Z PASS src/config/__tests__/cors.test.ts
2026-10-03T03:16:23.6025099Z PASS src/services/__tests__/variantService.masterPlaylist.test.ts
2026-10-03T03:16:24.6440149Z {"level":30,"time":1790997383537,"pid":4401,"hostname":"runnervm8df0l","binaryPath":"/usr/bin/ffmpeg","msg":"[VariantService] Using system ffmpeg"}
2026-10-03T03:16:24.6441762Z {"level":30,"time":1790997383546,"pid":4401,"hostname":"runnervm8df0l","binaryPath":"/usr/bin/ffprobe","msg":"[VariantService] Using system ffprobe"}
2026-10-03T03:16:24.6443601Z {"level":30,"time":1790997383546,"pid":4401,"hostname":"runnervm8df0l","ffmpegPath":"/usr/bin/ffmpeg","msg":"[VariantService] Resolved FFmpeg path"}
2026-10-03T03:16:24.6445360Z {"level":30,"time":1790997383546,"pid":4401,"hostname":"runnervm8df0l","ffprobePath":"/usr/bin/ffprobe","msg":"[VariantService] Resolved FFprobe path"}
2026-10-03T03:16:24.6447706Z {"level":30,"time":1790997383546,"pid":4401,"hostname":"runnervm8df0l","ffmpegPath":"/usr/bin/ffmpeg","ffprobePath":"/usr/bin/ffprobe","ffmpegExists":true,"ffprobeExists":true,"msg":"FFmpeg/FFprobe paths initialized"}
2026-10-03T03:16:24.6450045Z {"level":50,"time":1790997384639,"pid":4401,"hostname":"runnervm8df0l","msg":"UPDATES_CODE_SIGNING_PRIVATE_KEY did not decode to a PEM private key; code signing disabled"}
2026-10-03T03:16:24.6463125Z PASS src/services/updates/__tests__/signing.service.test.ts
2026-10-03T03:16:24.7061307Z PASS src/__tests__/commercialTreatmentIgnoresAccountKind.test.ts
2026-10-03T03:16:24.9157154Z PASS src/scripts/__tests__/reportAccountsWithoutIdentity.test.ts
2026-10-03T03:16:24.9789299Z PASS src/services/__tests__/subscriptionPeriodPolicy.test.ts
2026-10-03T03:16:24.9790360Z {"level":30,"time":1790997384846,"pid":4401,"hostname":"runnervm8df0l","maxPoolSize":8,"msg":"Connected to PostgreSQL successfully"}
2026-10-03T03:16:25.2176080Z PASS src/scripts/__tests__/repair-reply-row-id-threading.test.ts
2026-10-03T03:16:25.4171542Z {"level":30,"time":1790997385117,"pid":4401,"hostname":"runnervm8df0l","maxPoolSize":8,"msg":"Connected to PostgreSQL successfully"}
2026-10-03T03:16:25.4313786Z PASS src/services/__tests__/capabilityAuthority.policy.test.ts
2026-10-03T03:16:25.4640232Z PASS src/services/__tests__/inferenceInternalPilot.test.ts
2026-10-03T03:16:25.5850322Z PASS src/__tests__/profileInspectionCli.test.ts
2026-10-03T03:16:25.6192950Z PASS src/services/__tests__/platformActivity.schema.test.ts
2026-10-03T03:16:25.7936053Z PASS src/services/__tests__/variantService.binaryResolution.test.ts
2026-10-03T03:16:38.4539657Z 
2026-10-03T03:16:38.4540308Z =============================== Coverage summary ===============================
2026-10-03T03:16:38.4541119Z Statements   : 31.81% ( 14647/46033 )
2026-10-03T03:16:38.4541490Z Branches     : 21.04% ( 7355/34955 )
2026-10-03T03:16:38.4541770Z Functions    : 28.86% ( 2198/7614 )
2026-10-03T03:16:38.4542206Z Lines        : 32.94% ( 14027/42572 )
2026-10-03T03:16:38.4542554Z ================================================================================
2026-10-03T03:16:38.4545896Z 
2026-10-03T03:16:38.4547553Z Summary of all failing tests
2026-10-03T03:16:38.4551297Z FAIL src/routes/__tests__/capabilitiesSettings.routes.test.ts (10.467 s)
2026-10-03T03:16:38.4552528Z   ● asks authority of the person operating a managed account, not of the account
2026-10-03T03:16:38.4552942Z 
2026-10-03T03:16:38.4553355Z     thrown: "Exceeded timeout of 10000 ms for a test.
2026-10-03T03:16:38.4557877Z     Add a timeout value to this test to increase the timeout, if this is a long-running test. See https://jestjs.io/docs/api#testname-fn-timeout."
2026-10-03T03:16:38.4558635Z 
2026-10-03T03:16:38.4559740Z       at _getError (../../node_modules/.bun/jest-circus@30.5.1/node_modules/jest-circus/build/jestAdapterInit.js:1985:12)
2026-10-03T03:16:38.4560646Z           at Array.map (<anonymous>)
2026-10-03T03:16:38.4560931Z 
2026-10-03T03:16:38.4561085Z     Cause:
2026-10-03T03:16:38.4561490Z         thrown: "Exceeded timeout of 10000 ms for a test.
2026-10-03T03:16:38.4564761Z         Add a timeout value to this test to increase the timeout, if this is a long-running test. See https://jestjs.io/docs/api#testname-fn-timeout."
2026-10-03T03:16:38.4565276Z 
2026-10-03T03:16:38.4565799Z         [0m [90m 344 |[39m })[33m;[39m
2026-10-03T03:16:38.4566360Z          [90m 345 |[39m
2026-10-03T03:16:38.4571633Z         [31m[1m>[22m[39m[90m 346 |[39m it([32m'asks authority of the person operating a managed account, not of the account'[39m[33m,[39m [36masync[39m () [33m=>[39m {
2026-10-03T03:16:38.4573008Z          [90m     |[39m [31m[1m^[22m[39m
2026-10-03T03:16:38.4574002Z          [90m 347 |[39m   [90m// Switched into an organization: the bearer's subject is the org, which is[39m
2026-10-03T03:16:38.4576021Z          [90m 348 |[39m   [90m// never its own member. The person behind the session is who operates it.[39m
2026-10-03T03:16:38.4577233Z          [90m 349 |[39m   mockManagedSubject [33m=[39m [33mORG_ID[39m[33m;[39m[0m
2026-10-03T03:16:38.4577730Z 
2026-10-03T03:16:38.4579474Z           at Object.<anonymous> (src/routes/__tests__/capabilitiesSettings.routes.test.ts:346:1)
2026-10-03T03:16:38.4579956Z 
2026-10-03T03:16:38.4580911Z   ● asks authority of the person operating a managed account, not of the account
2026-10-03T03:16:38.4581414Z 
2026-10-03T03:16:38.4581730Z     ApiError: Live approving session required
2026-10-03T03:16:38.4582288Z 
2026-10-03T03:16:38.4586842Z     [0m [90m 28 |[39m [36mexport[39m [36masync[39m [36mfunction[39m readSessionAgentBinding(sessionId[33m:[39m string [33m|[39m undefined[33m,[39m actorId[33m:[39m string[33m,[39m
2026-10-03T03:16:38.4590616Z      [90m 29 |[39m   db[33m:[39m [33mDatabaseOrTransaction[39m [33m=[39m getDb())[33m:[39m [33mPromise[39m[33m<[39m[33mAgentKeyBinding[39m [33m|[39m undefined[33m>[39m {
2026-10-03T03:16:38.4598582Z     [31m[1m>[22m[39m[90m 30 |[39m   [36mif[39m ([33m![39msessionId) [36mthrow[39m [36mnew[39m [33mApiError[39m([35m401[39m[33m,[39m [32m'Live approving session required'[39m[33m,[39m [32m'INVALID_SESSION'[39m)[33m;[39m
2026-10-03T03:16:38.4600074Z      [90m    |[39m                         [31m[1m^[22m[39m
2026-10-03T03:16:38.4602740Z      [90m 31 |[39m   [36mconst[39m [session] [33m=[39m [36mawait[39m db[33m.[39mselect({ userId[33m:[39m sessions[33m.[39muserId[33m,[39m operatorId[33m:[39m sessions[33m.[39moperatedByUserId[33m,[39m
2026-10-03T03:16:38.4605159Z      [90m 32 |[39m     methodId[33m:[39m sessions[33m.[39mauthMethodId[33m,[39m ownerId[33m:[39m sessions[33m.[39mauthMethodOwnerId[33m,[39m
2026-10-03T03:16:38.4608071Z      [90m 33 |[39m   })[33m.[39m[36mfrom[39m(sessions)[33m.[39mwhere(and(eq(sessions[33m.[39msessionId[33m,[39m sessionId)[33m,[39m eq(sessions[33m.[39misActive[33m,[39m [36mtrue[39m)[33m,[39m[0m
2026-10-03T03:16:38.4608948Z 
2026-10-03T03:16:38.4609219Z       at src/services/agentKeyAuthority.service.ts:30:25
2026-10-03T03:16:38.4609803Z       at src/services/agentKeyAuthority.service.ts:2007:40
2026-10-03T03:16:38.4610680Z       at __awaiter (src/services/agentKeyAuthority.service.ts:1956:10)
2026-10-03T03:16:38.4612585Z       at readSessionAgentBinding (src/services/agentKeyAuthority.service.ts:2096:10)
2026-10-03T03:16:38.4644972Z       at src/routes/capabilities.ts:615:60
2026-10-03T03:16:38.4646111Z       at fulfilled (src/routes/capabilities.ts:14261:24)
2026-10-03T03:16:38.4646798Z 
2026-10-03T03:16:38.4646914Z 
2026-10-03T03:16:38.4647224Z Test Suites: 1 failed, 86 passed, 87 total
2026-10-03T03:16:38.4647667Z Tests:       1 failed, 1307 passed, 1308 total
2026-10-03T03:16:38.4648241Z Snapshots:   0 total
2026-10-03T03:16:38.4648525Z Time:        96.59 s
2026-10-03T03:16:38.4648802Z Ran all test suites.
2026-10-03T03:16:38.8290994Z Test results written to: coverage/shard-2/jest-results.json
2026-10-03T03:16:39.8311045Z Jest did not exit one second after the test run has completed.
2026-10-03T03:16:39.8311430Z 
2026-10-03T03:16:39.8312298Z 'This usually means that there are asynchronous operations that weren't stopped in your tests. Consider running Jest with `--detectOpenHandles` to troubleshoot this issue.
2026-10-03T03:30:12.2407659Z ##[error]The action 'Run tests with coverage' has timed out after 15 minutes.
2026-10-03T03:30:12.2507380Z Post job cleanup.
2026-10-03T03:30:12.3396037Z [command]/usr/bin/git version
2026-10-03T03:30:12.3396568Z git version 2.55.0
2026-10-03T03:30:12.3400375Z Temporarily overriding HOME='/home/runner/work/_temp/1d0ace80-e701-477b-93e7-d8da57a45dc4' before making global git config changes
2026-10-03T03:30:12.3401185Z Adding repository directory to the temporary git global config as a safe directory
2026-10-03T03:30:12.3402108Z [command]/usr/bin/git config --global --add safe.directory /home/runner/work/oxy/oxy
2026-10-03T03:30:12.3403081Z Removing SSH command configuration
2026-10-03T03:30:12.3403665Z [command]/usr/bin/git config --local --name-only --get-regexp core\.sshCommand
2026-10-03T03:30:12.3405347Z [command]/usr/bin/git submodule foreach --recursive sh -c "git config --local --name-only --get-regexp 'core\.sshCommand' && git config --local --unset-all 'core.sshCommand' || :"
2026-10-03T03:30:12.3566877Z Removing HTTP extra header
2026-10-03T03:30:12.3569135Z [command]/usr/bin/git config --local --name-only --get-regexp http\.https\:\/\/github\.com\/\.extraheader
2026-10-03T03:30:12.3593360Z [command]/usr/bin/git submodule foreach --recursive sh -c "git config --local --name-only --get-regexp 'http\.https\:\/\/github\.com\/\.extraheader' && git config --local --unset-all 'http.https://github.com/.extraheader' || :"
2026-10-03T03:30:12.3779916Z Removing includeIf entries pointing to credentials config files
2026-10-03T03:30:12.3785399Z [command]/usr/bin/git config --local --name-only --get-regexp ^includeIf\.gitdir:
2026-10-03T03:30:12.3808320Z includeif.gitdir:/home/runner/work/oxy/oxy/.git.path
2026-10-03T03:30:12.3809026Z includeif.gitdir:/home/runner/work/oxy/oxy/.git/worktrees/*.path
2026-10-03T03:30:12.3809603Z includeif.gitdir:/github/workspace/.git.path
2026-10-03T03:30:12.3810189Z includeif.gitdir:/github/workspace/.git/worktrees/*.path
2026-10-03T03:30:12.3816811Z [command]/usr/bin/git config --local --get-all includeif.gitdir:/home/runner/work/oxy/oxy/.git.path
2026-10-03T03:30:12.3833979Z /home/runner/work/_temp/git-credentials-a101282f-244d-4b5f-97cf-a7939fb3d051.config
2026-10-03T03:30:12.3844028Z [command]/usr/bin/git config --local --unset includeif.gitdir:/home/runner/work/oxy/oxy/.git.path \/home\/runner\/work\/_temp\/git\-credentials\-a101282f\-244d\-4b5f\-97cf\-a7939fb3d051\.config
2026-10-03T03:30:12.3872083Z [command]/usr/bin/git config --local --get-all includeif.gitdir:/home/runner/work/oxy/oxy/.git/worktrees/*.path
2026-10-03T03:30:12.3890134Z /home/runner/work/_temp/git-credentials-a101282f-244d-4b5f-97cf-a7939fb3d051.config
2026-10-03T03:30:12.3904059Z [command]/usr/bin/git config --local --unset includeif.gitdir:/home/runner/work/oxy/oxy/.git/worktrees/*.path \/home\/runner\/work\/_temp\/git\-credentials\-a101282f\-244d\-4b5f\-97cf\-a7939fb3d051\.config
2026-10-03T03:30:12.3933896Z [command]/usr/bin/git config --local --get-all includeif.gitdir:/github/workspace/.git.path
2026-10-03T03:30:12.3952238Z /github/runner_temp/git-credentials-a101282f-244d-4b5f-97cf-a7939fb3d051.config
2026-10-03T03:30:12.3958103Z [command]/usr/bin/git config --local --unset includeif.gitdir:/github/workspace/.git.path \/github\/runner_temp\/git\-credentials\-a101282f\-244d\-4b5f\-97cf\-a7939fb3d051\.config
2026-10-03T03:30:12.3984898Z [command]/usr/bin/git config --local --get-all includeif.gitdir:/github/workspace/.git/worktrees/*.path
2026-10-03T03:30:12.4027022Z /github/runner_temp/git-credentials-a101282f-244d-4b5f-97cf-a7939fb3d051.config
2026-10-03T03:30:12.4033863Z [command]/usr/bin/git config --local --unset includeif.gitdir:/github/workspace/.git/worktrees/*.path \/github\/runner_temp\/git\-credentials\-a101282f\-244d\-4b5f\-97cf\-a7939fb3d051\.config
2026-10-03T03:30:12.4082318Z [command]/usr/bin/git submodule foreach --recursive git config --local --show-origin --name-only --get-regexp remote.origin.url
2026-10-03T03:30:12.4278085Z Removing credentials config '/home/runner/work/_temp/git-credentials-a101282f-244d-4b5f-97cf-a7939fb3d051.config'
2026-10-03T03:30:12.4365057Z Print service container logs: a6d1e1d022984d9e81aaa7d3f08a554f_postgispostgis1735_25fbd6
2026-10-03T03:30:12.4368821Z ##[command]/usr/bin/docker logs --details 13f3859a834d586f8cdb91bcb8c0193f94a66f9805fb29ad0e6dfa1aa066ea4d
2026-10-03T03:30:12.4483968Z  The files belonging to this database system will be owned by user "postgres".
2026-10-03T03:30:12.4486966Z  This user must also own the server process.
2026-10-03T03:30:12.4487566Z  
2026-10-03T03:30:12.4491698Z  initdb: warning: enabling "trust" authentication for local connections
2026-10-03T03:30:12.4492580Z  The database cluster will be initialized with locale "en_US.utf8".
2026-10-03T03:30:12.4495570Z  initdb: hint: You can change this by editing pg_hba.conf or using the option -A, or --auth-local and --auth-host, the next time you run initdb.
2026-10-03T03:30:12.4497853Z  The default database encoding has accordingly been set to "UTF8".
2026-10-03T03:30:12.4499119Z  2026-10-03 03:13:25.916 UTC [1] LOG:  starting PostgreSQL 17.5 (Debian 17.5-1.pgdg110+1) on x86_64-pc-linux-gnu, compiled by gcc (Debian 10.2.1-6) 10.2.1 20210110, 64-bit
2026-10-03T03:30:12.4500020Z  The default text search configuration will be set to "english".
2026-10-03T03:30:12.4500907Z  2026-10-03 03:13:25.916 UTC [1] LOG:  listening on IPv4 address "0.0.0.0", port 5432
2026-10-03T03:30:12.4501380Z  
2026-10-03T03:30:12.4502236Z  2026-10-03 03:13:25.916 UTC [1] LOG:  listening on IPv6 address "::", port 5432
2026-10-03T03:30:12.4502725Z  Data page checksums are disabled.
2026-10-03T03:30:12.4503405Z  2026-10-03 03:13:25.917 UTC [1] LOG:  listening on Unix socket "/var/run/postgresql/.s.PGSQL.5432"
2026-10-03T03:30:12.4503920Z  
2026-10-03T03:30:12.4504559Z  2026-10-03 03:13:25.919 UTC [71] LOG:  database system was shut down at 2026-10-03 03:13:25 UTC
2026-10-03T03:30:12.4505217Z  fixing permissions on existing directory /var/lib/postgresql/data ... ok
2026-10-03T03:30:12.4505999Z  2026-10-03 03:13:25.922 UTC [1] LOG:  database system is ready to accept connections
2026-10-03T03:30:12.4506516Z  creating subdirectories ... ok
2026-10-03T03:30:12.4507204Z  2026-10-03 03:15:20.663 UTC [181] ERROR:  synthetic terminal metering write failure
2026-10-03T03:30:12.4508027Z  selecting dynamic shared memory implementation ... posix
2026-10-03T03:30:12.4508823Z  2026-10-03 03:15:20.663 UTC [181] CONTEXT:  PL/pgSQL function metering_failure_b0d0a235b7() line 2 at RAISE
2026-10-03T03:30:12.4509453Z  selecting default "max_connections" ... 100
2026-10-03T03:30:12.4513030Z  2026-10-03 03:15:20.663 UTC [181] STATEMENT:  update "inference_metered_usage" set "status" = $1, "outcome" = $2, "usage_source" = $3, "input_tokens" = $4, "cached_input_tokens" = $5, "output_tokens" = $6, "reasoning_tokens" = $7, "requests" = $8, "images" = $9, "audio_input_milliseconds" = $10, "audio_output_milliseconds" = $11, "video_milliseconds" = $12, "characters" = $13, "embeddings" = $14, "audio_input_tokens" = $15, "cached_audio_input_tokens" = $16, "audio_output_tokens" = $17, "session_milliseconds" = $18, "resolved_model_reference" = $19, "serving_provider" = $20, "generation_id" = $21, "settled_price_version_id" = $22, "tariff_status" = $23, "tariff_amount" = $24, "tariff_currency" = $25, "usage_receipt_id" = $26, "settled_at" = $27 where ("inference_metered_usage"."id" = $28 and "inference_metered_usage"."status" = $29) returning "id"
2026-10-03T03:30:12.4516211Z  selecting default "shared_buffers" ... 128MB
2026-10-03T03:30:12.4517100Z  2026-10-03 03:15:32.457 UTC [202] ERROR:  duplicate key value violates unique constraint "auth_sessions_authorize_code_key"
2026-10-03T03:30:12.4517772Z  selecting default time zone ... Etc/UTC
2026-10-03T03:30:12.4518638Z  2026-10-03 03:15:32.457 UTC [202] DETAIL:  Key (authorize_code)=(code-5cdc9a28-a8f2-4b19-959b-d5b74f76e66a) already exists.
2026-10-03T03:30:12.4519323Z  creating configuration files ... ok
2026-10-03T03:30:12.4523020Z  2026-10-03 03:15:32.457 UTC [202] STATEMENT:  insert into "auth_sessions" ("id", "session_token", "authorize_code", "bound_origin", "origin_verified", "requester_label", "challenge_nonce", "application_id", "device_id", "status", "purpose", "oauth_redirect_uri", "oauth_code_challenge", "oauth_code_challenge_method", "oauth_scopes", "oauth_subject_account_id", "finalized_auth_code_id", "denied_reason", "authorized_by", "authorized_user_id", "authorized_session_id", "approved_by_session_id", "push_sent_at", "opened_at", "consumed_at", "expires_at", "created_at", "updated_at") values ($1, $2, $3, default, default, default, default, $4, default, default, default, default, default, default, default, default, default, default, default, default, default, default, default, default, default, $5, default, default) returning "id"
2026-10-03T03:30:12.4526315Z  running bootstrap script ... ok
2026-10-03T03:30:12.4527247Z  2026-10-03 03:15:32.469 UTC [202] ERROR:  duplicate key value violates unique constraint "auth_sessions_authorize_code_key"
2026-10-03T03:30:12.4527953Z  performing post-bootstrap initialization ... ok
2026-10-03T03:30:12.4528644Z  2026-10-03 03:15:32.469 UTC [202] DETAIL:  Key (authorize_code)=() already exists.
2026-10-03T03:30:12.4529136Z  syncing data to disk ... ok
2026-10-03T03:30:12.4532709Z  2026-10-03 03:15:32.469 UTC [202] STATEMENT:  insert into "auth_sessions" ("id", "session_token", "authorize_code", "bound_origin", "origin_verified", "requester_label", "challenge_nonce", "application_id", "device_id", "status", "purpose", "oauth_redirect_uri", "oauth_code_challenge", "oauth_code_challenge_method", "oauth_scopes", "oauth_subject_account_id", "finalized_auth_code_id", "denied_reason", "authorized_by", "authorized_user_id", "authorized_session_id", "approved_by_session_id", "push_sent_at", "opened_at", "consumed_at", "expires_at", "created_at", "updated_at") values ($1, $2, $3, default, default, default, default, $4, default, default, default, default, default, default, default, default, default, default, default, default, default, default, default, default, default, $5, default, default) returning "id"
2026-10-03T03:30:12.4535887Z  
2026-10-03T03:30:12.4536773Z  2026-10-03 03:15:32.493 UTC [202] ERROR:  new row for relation "auth_sessions" violates check constraint "auth_sessions_oauth_binding_check"
2026-10-03T03:30:12.4537641Z  
2026-10-03T03:30:12.4539583Z  2026-10-03 03:15:32.493 UTC [202] DETAIL:  Failing row contains (01a0ffc2-820c-75f1-a7f3-146d713c4e72, st-3a5adeb6-bc7a-4100-a23b-83b666379a07, null, null, f, null, null, 01a0ffc2-820b-7ce3-a320-db17f2d46c35, null, pending, oauth_authorization, https://rp.example/cb, challenge, S256, null, null, null, null, null, null, null, null, null, null, 2026-10-03 04:15:32.492+00, 2026-10-03 03:15:32.493+00, 2026-10-03 03:15:32.493+00, null).
2026-10-03T03:30:12.4541505Z  Success. You can now start the database server using:
2026-10-03T03:30:12.4545100Z  2026-10-03 03:15:32.493 UTC [202] STATEMENT:  insert into "auth_sessions" ("id", "session_token", "authorize_code", "bound_origin", "origin_verified", "requester_label", "challenge_nonce", "application_id", "device_id", "status", "purpose", "oauth_redirect_uri", "oauth_code_challenge", "oauth_code_challenge_method", "oauth_scopes", "oauth_subject_account_id", "finalized_auth_code_id", "denied_reason", "authorized_by", "authorized_user_id", "authorized_session_id", "approved_by_session_id", "push_sent_at", "opened_at", "consumed_at", "expires_at", "created_at", "updated_at") values ($1, $2, default, default, default, default, default, $3, default, default, $4, $5, $6, $7, default, default, default, default, default, default, default, default, default, default, default, $8, default, default) returning "id"
2026-10-03T03:30:12.4548423Z  
2026-10-03T03:30:12.4549281Z  2026-10-03 03:15:32.498 UTC [202] ERROR:  new row for relation "auth_sessions" violates check constraint "auth_sessions_oauth_purpose_check"
2026-10-03T03:30:12.4550071Z      pg_ctl -D /var/lib/postgresql/data -l logfile start
2026-10-03T03:30:12.4552258Z  2026-10-03 03:15:32.498 UTC [202] DETAIL:  Failing row contains (01a0ffc2-8211-70bf-9349-878b53376a69, st-aa6585dd-db15-4b25-99c7-449a1068de59, null, null, f, null, null, 01a0ffc2-8210-7b6f-b133-e72714726146, null, pending, device_sign_in, https://rp.example/cb, challenge, S256, {read}, null, null, null, null, null, null, null, null, null, 2026-10-03 04:15:32.497+00, 2026-10-03 03:15:32.498+00, 2026-10-03 03:15:32.498+00, null).
2026-10-03T03:30:12.4554011Z  
2026-10-03T03:30:12.4557234Z  2026-10-03 03:15:32.498 UTC [202] STATEMENT:  insert into "auth_sessions" ("id", "session_token", "authorize_code", "bound_origin", "origin_verified", "requester_label", "challenge_nonce", "application_id", "device_id", "status", "purpose", "oauth_redirect_uri", "oauth_code_challenge", "oauth_code_challenge_method", "oauth_scopes", "oauth_subject_account_id", "finalized_auth_code_id", "denied_reason", "authorized_by", "authorized_user_id", "authorized_session_id", "approved_by_session_id", "push_sent_at", "opened_at", "consumed_at", "expires_at", "created_at", "updated_at") values ($1, $2, default, default, default, default, default, $3, default, default, $4, $5, $6, $7, $8, default, default, default, default, default, default, default, default, default, default, $9, default, default) returning "id"
2026-10-03T03:30:12.4560992Z  waiting for server to start....2026-10-03 03:13:24.215 UTC [47] LOG:  starting PostgreSQL 17.5 (Debian 17.5-1.pgdg110+1) on x86_64-pc-linux-gnu, compiled by gcc (Debian 10.2.1-6) 10.2.1 20210110, 64-bit
2026-10-03T03:30:12.4562501Z  2026-10-03 03:15:32.503 UTC [202] ERROR:  new row for relation "auth_sessions" violates check constraint "auth_sessions_oauth_purpose_check"
2026-10-03T03:30:12.4563428Z  2026-10-03 03:13:24.215 UTC [47] LOG:  listening on Unix socket "/var/run/postgresql/.s.PGSQL.5432"
2026-10-03T03:30:12.4565564Z  2026-10-03 03:15:32.503 UTC [202] DETAIL:  Failing row contains (01a0ffc2-8216-7030-a7f3-6372577ea715, st-deefda40-c6d3-4747-862a-310fc312c387, null, null, f, null, null, 01a0ffc2-8215-76ba-818f-94f72220088b, null, pending, oauth_authorization, null, null, null, null, null, null, null, null, null, null, null, null, null, 2026-10-03 04:15:32.502+00, 2026-10-03 03:15:32.503+00, 2026-10-03 03:15:32.503+00, null).
2026-10-03T03:30:12.4567545Z  2026-10-03 03:13:24.217 UTC [50] LOG:  database system was shut down at 2026-10-03 03:13:23 UTC
2026-10-03T03:30:12.4571149Z  2026-10-03 03:15:32.503 UTC [202] STATEMENT:  insert into "auth_sessions" ("id", "session_token", "authorize_code", "bound_origin", "origin_verified", "requester_label", "challenge_nonce", "application_id", "device_id", "status", "purpose", "oauth_redirect_uri", "oauth_code_challenge", "oauth_code_challenge_method", "oauth_scopes", "oauth_subject_account_id", "finalized_auth_code_id", "denied_reason", "authorized_by", "authorized_user_id", "authorized_session_id", "approved_by_session_id", "push_sent_at", "opened_at", "consumed_at", "expires_at", "created_at", "updated_at") values ($1, $2, default, default, default, default, default, $3, default, default, $4, default, default, default, default, default, default, default, default, default, default, default, default, default, default, $5, default, default) returning "id"
2026-10-03T03:30:12.4574629Z  2026-10-03 03:13:24.220 UTC [47] LOG:  database system is ready to accept connections
2026-10-03T03:30:12.4575938Z  2026-10-03 03:15:32.509 UTC [202] ERROR:  new row for relation "auth_sessions" violates check constraint "auth_sessions_oauth_subject_requires_binding_check"
2026-10-03T03:30:12.4576703Z   done
2026-10-03T03:30:12.4578621Z  2026-10-03 03:15:32.509 UTC [202] DETAIL:  Failing row contains (01a0ffc2-821d-7f39-a858-21cf1ffd72ab, st-c11b5efe-ce45-4463-bdef-02a034f8196c, null, null, f, null, null, 01a0ffc2-821c-78f6-b3ab-ff2abb517400, null, pending, device_sign_in, null, null, null, null, 01a0ffc2-8218-732c-ae40-4b4a3fe50c81, null, null, null, null, null, null, null, null, 2026-10-03 04:15:32.509+00, 2026-10-03 03:15:32.509+00, 2026-10-03 03:15:32.509+00, null).
2026-10-03T03:30:12.4580431Z  server started
2026-10-03T03:30:12.4584034Z  2026-10-03 03:15:32.509 UTC [202] STATEMENT:  insert into "auth_sessions" ("id", "session_token", "authorize_code", "bound_origin", "origin_verified", "requester_label", "challenge_nonce", "application_id", "device_id", "status", "purpose", "oauth_redirect_uri", "oauth_code_challenge", "oauth_code_challenge_method", "oauth_scopes", "oauth_subject_account_id", "finalized_auth_code_id", "denied_reason", "authorized_by", "authorized_user_id", "authorized_session_id", "approved_by_session_id", "push_sent_at", "opened_at", "consumed_at", "expires_at", "created_at", "updated_at") values ($1, $2, default, default, default, default, default, $3, default, default, default, default, default, default, default, $4, default, default, default, default, default, default, default, default, default, $5, default, default) returning "id"
2026-10-03T03:30:12.4587297Z  CREATE DATABASE
2026-10-03T03:30:12.4588083Z  2026-10-03 03:15:32.514 UTC [202] ERROR:  new row for relation "auth_sessions" violates check constraint "auth_sessions_requester_label_length_check"
2026-10-03T03:30:12.4590373Z  2026-10-03 03:15:32.514 UTC [202] DETAIL:  Failing row contains (01a0ffc2-8222-7e32-a7e5-4acc3189068f, st-a03d4f3f-4215-47bc-9ba0-6b777ebda292, null, null, f, Mozilla/5.0 (Windows NT 10.0; Win64; x64) AppleWebKit/537.36 (KH..., null, 01a0ffc2-8220-7dce-8e86-aab02babbeec, null, pending, device_sign_in, null, null, null, null, null, null, null, null, null, null, null, null, null, 2026-10-03 04:15:32.513+00, 2026-10-03 03:15:32.514+00, 2026-10-03 03:15:32.514+00, null).
2026-10-03T03:30:12.4595241Z  2026-10-03 03:15:32.514 UTC [202] STATEMENT:  insert into "auth_sessions" ("id", "session_token", "authorize_code", "bound_origin", "origin_verified", "requester_label", "challenge_nonce", "application_id", "device_id", "status", "purpose", "oauth_redirect_uri", "oauth_code_challenge", "oauth_code_challenge_method", "oauth_scopes", "oauth_subject_account_id", "finalized_auth_code_id", "denied_reason", "authorized_by", "authorized_user_id", "authorized_session_id", "approved_by_session_id", "push_sent_at", "opened_at", "consumed_at", "expires_at", "created_at", "updated_at") values ($1, $2, default, default, default, $3, default, $4, default, default, default, default, default, default, default, default, default, default, default, default, default, default, default, default, default, $5, default, default) returning "id"
2026-10-03T03:30:12.4599221Z  2026-10-03 03:15:32.568 UTC [202] ERROR:  insert or update on table "device_session_accounts" violates foreign key constraint "device_session_accounts_device_session_id_device_sessions_id_fk"
2026-10-03T03:30:12.4600601Z  2026-10-03 03:15:32.568 UTC [202] DETAIL:  Key (device_session_id)=(ghost-08c7324f-ae9b-48c2-9337-220e6a2ba327) is not present in table "device_sessions".
2026-10-03T03:30:12.4610548Z  2026-10-03 03:15:32.568 UTC [202] STATEMENT:  insert into "device_session_accounts" ("id", "device_session_id", "account_id", "session_id", "authuser", "added_at", "operated_by_user_id") values ($1, $2, $3, $4, $5, default, default)
2026-10-03T03:30:12.4612355Z  2026-10-03 03:15:32.570 UTC [202] ERROR:  insert or update on table "device_session_accounts" violates foreign key constraint "device_session_accounts_account_id_users_id_fk"
2026-10-03T03:30:12.4613632Z  2026-10-03 03:15:32.570 UTC [202] DETAIL:  Key (account_id)=(ghost-6ffb0a4b-2583-49ca-ac4d-7674816a70f1) is not present in table "users".
2026-10-03T03:30:12.4614952Z  2026-10-03 03:15:32.570 UTC [202] STATEMENT:  insert into "device_session_accounts" ("id", "device_session_id", "account_id", "session_id", "authuser", "added_at", "operated_by_user_id") values ($1, $2, $3, $4, $5, default, default)
2026-10-03T03:30:12.4616389Z  2026-10-03 03:15:32.574 UTC [202] ERROR:  duplicate key value violates unique constraint "device_session_accounts_device_session_id_account_id_key"
2026-10-03T03:30:12.4617619Z  2026-10-03 03:15:32.574 UTC [202] DETAIL:  Key (device_session_id, account_id)=(01a0ffc2-825c-781a-aea3-5cd1efb6d4ad, 01a0ffc2-825b-72cb-be14-0bef7aef0d63) already exists.
2026-10-03T03:30:12.4619313Z  2026-10-03 03:15:32.574 UTC [202] STATEMENT:  insert into "device_session_accounts" ("id", "device_session_id", "account_id", "session_id", "authuser", "added_at", "operated_by_user_id") values ($1, $2, $3, $4, $5, default, default)
2026-10-03T03:30:12.4620766Z  2026-10-03 03:15:32.579 UTC [202] ERROR:  new row for relation "device_session_accounts" violates check constraint "device_session_accounts_authuser_check"
2026-10-03T03:30:12.4622570Z  2026-10-03 03:15:32.579 UTC [202] DETAIL:  Failing row contains (01a0ffc2-8262-77ca-b5b2-167335a78a8e, 01a0ffc2-825f-7765-aebc-06bd2057dd3f, 01a0ffc2-8260-7eb7-ba9f-ce06ef29ac64, sid-235d3327-f509-48e0-854d-9d3ba4900d94, -1, 2026-10-03 03:15:32.578823+00, null).
2026-10-03T03:30:12.4624519Z  2026-10-03 03:15:32.579 UTC [202] STATEMENT:  insert into "device_session_accounts" ("id", "device_session_id", "account_id", "session_id", "authuser", "added_at", "operated_by_user_id") values ($1, $2, $3, $4, $5, default, default)
2026-10-03T03:30:12.4625764Z  2026-10-03 03:15:32.618 UTC [202] ERROR:  duplicate key value violates unique constraint "sessions_access_token_key"
2026-10-03T03:30:12.4626640Z  2026-10-03 03:15:32.618 UTC [202] DETAIL:  Key (access_token)=(at-04097448-a884-404d-9864-8dee2d14c5df) already exists.
2026-10-03T03:30:12.4629849Z  2026-10-03 03:15:32.618 UTC [202] STATEMENT:  insert into "sessions" ("id", "session_id", "user_id", "device_id", "device_name", "device_type", "platform", "browser", "os", "last_active_at", "user_agent", "device_fingerprint", "access_token", "refresh_token", "previous_refresh_token", "token_rotated_at", "operated_by_user_id", "auth_method_id", "auth_method_owner_id", "application_id", "client_id", "scopes", "device_session_id", "device_context_id", "is_active", "expires_at", "last_refresh", "created_at", "updated_at") values ($1, $2, $3, $4, default, $5, $6, default, default, default, default, default, $7, $8, default, default, default, default, default, default, default, default, default, default, default, $9, default, default, default) returning "id"
2026-10-03T03:30:12.4633098Z  2026-10-03 03:15:32.635 UTC [202] ERROR:  duplicate key value violates unique constraint "sessions_refresh_token_key"
2026-10-03T03:30:12.4634155Z  2026-10-03 03:15:32.635 UTC [202] DETAIL:  Key (refresh_token)=(rt-c33acf35-c294-4661-85fd-a24f5b1e8f27) already exists.
2026-10-03T03:30:12.4637288Z  2026-10-03 03:15:32.635 UTC [202] STATEMENT:  insert into "sessions" ("id", "session_id", "user_id", "device_id", "device_name", "device_type", "platform", "browser", "os", "last_active_at", "user_agent", "device_fingerprint", "access_token", "refresh_token", "previous_refresh_token", "token_rotated_at", "operated_by_user_id", "auth_method_id", "auth_method_owner_id", "application_id", "client_id", "scopes", "device_session_id", "device_context_id", "is_active", "expires_at", "last_refresh", "created_at", "updated_at") values ($1, $2, $3, $4, default, $5, $6, default, default, default, default, default, $7, $8, default, default, default, default, default, default, default, default, default, default, default, $9, default, default, default) returning "id"
2026-10-03T03:30:12.4640659Z  2026-10-03 03:15:32.676 UTC [202] ERROR:  new row for relation "security_activities" violates check constraint "security_activities_event_type_check"
2026-10-03T03:30:12.4642378Z  2026-10-03 03:15:32.676 UTC [202] DETAIL:  Failing row contains (70874174-5265-40a5-8fbe-3a3010fe7917, 01a0ffc2-82c2-7f60-868c-ea7cfccf87fe, password_bruteforced, x, {}, null, null, 2026-10-03 03:15:32.676103+00, low, 2026-10-03 03:15:32.676+00, 2026-10-03 03:15:32.676+00).
2026-10-03T03:30:12.4643572Z  2026-10-03 03:15:32.676 UTC [202] STATEMENT:  
2026-10-03T03:30:12.4644124Z  	        insert into security_activities (id, user_id, event_type, event_description)
2026-10-03T03:30:12.4644690Z  	        values ($1, $2, 'password_bruteforced', 'x')
2026-10-03T03:30:12.4645078Z  	      
2026-10-03T03:30:12.4645613Z  2026-10-03 03:15:32.690 UTC [202] ERROR:  duplicate key value violates unique constraint "identity_backups_user_id_key"
2026-10-03T03:30:12.4646596Z  2026-10-03 03:15:32.690 UTC [202] DETAIL:  Key (user_id)=(01a0ffc2-82cf-7fb0-8733-19070275d028) already exists.
2026-10-03T03:30:12.4648036Z  2026-10-03 03:15:32.690 UTC [202] STATEMENT:  insert into "identity_backups" ("id", "user_id", "lookup_id_hash", "public_key_hint", "ciphertext", "nonce", "algorithm", "kdf_info", "version", "client_created_at", "updated_at") values ($1, $2, $3, $4, $5, $6, $7, $8, $9, $10, default)
2026-10-03T03:30:12.4649643Z  2026-10-03 03:15:32.702 UTC [202] ERROR:  duplicate key value violates unique constraint "identity_bindings_application_id_local_principal_id_active_key"
2026-10-03T03:30:12.4651006Z  2026-10-03 03:15:32.702 UTC [202] DETAIL:  Key (application_id, local_principal_id)=(01a0ffc2-82d4-7927-a1fb-93f7000cd370, principal-231459dc-693d-4ab0-9686-11b18ecfc4a9) already exists.
2026-10-03T03:30:12.4652997Z  2026-10-03 03:15:32.702 UTC [202] STATEMENT:  insert into "identity_bindings" ("id", "application_id", "user_id", "local_principal_id", "binding_type", "status", "verified_at", "credential_id", "revoked_at", "created_at", "updated_at") values ($1, $2, $3, $4, $5, default, default, default, default, default, default)
2026-10-03T03:30:12.4654675Z  2026-10-03 03:15:32.708 UTC [202] ERROR:  new row for relation "identity_bindings" violates check constraint "identity_bindings_revoked_at_check"
2026-10-03T03:30:12.4656668Z  2026-10-03 03:15:32.708 UTC [202] DETAIL:  Failing row contains (01a0ffc2-82e3-7b97-a262-949be59a569f, 01a0ffc2-82e1-76d5-972a-cdea7f40baa0, 01a0ffc2-82e2-7868-b2e7-8c6331c17184, principal-6987b928-3cf8-48e3-863e-b1119050c264, oauth_grant, revoked, 2026-10-03 03:15:32.708062+00, null, null, 2026-10-03 03:15:32.708+00, 2026-10-03 03:15:32.708+00).
2026-10-03T03:30:12.4659127Z  2026-10-03 03:15:32.708 UTC [202] STATEMENT:  insert into "identity_bindings" ("id", "application_id", "user_id", "local_principal_id", "binding_type", "status", "verified_at", "credential_id", "revoked_at", "created_at", "updated_at") values ($1, $2, $3, $4, $5, $6, default, default, default, default, default)
2026-10-03T03:30:12.4660826Z  2026-10-03 03:15:32.709 UTC [202] ERROR:  new row for relation "identity_bindings" violates check constraint "identity_bindings_revoked_at_check"
2026-10-03T03:30:12.4662922Z  2026-10-03 03:15:32.709 UTC [202] DETAIL:  Failing row contains (01a0ffc2-82e4-752e-8ef2-a93b64caed3a, 01a0ffc2-82e1-76d5-972a-cdea7f40baa0, 01a0ffc2-82e2-7868-b2e7-8c6331c17184, principal-6987b928-3cf8-48e3-863e-b1119050c264, oauth_grant, active, 2026-10-03 03:15:32.709251+00, null, 2026-10-03 03:15:32.708+00, 2026-10-03 03:15:32.709+00, 2026-10-03 03:15:32.709+00).
2026-10-03T03:30:12.4665405Z  2026-10-03 03:15:32.709 UTC [202] STATEMENT:  insert into "identity_bindings" ("id", "application_id", "user_id", "local_principal_id", "binding_type", "status", "verified_at", "credential_id", "revoked_at", "created_at", "updated_at") values ($1, $2, $3, $4, $5, default, default, default, $6, default, default)
2026-10-03T03:30:12.4667046Z  2026-10-03 03:15:32.713 UTC [202] ERROR:  duplicate key value violates unique constraint "domain_verifications_user_id_lower_domain_key"
2026-10-03T03:30:12.4668295Z  2026-10-03 03:15:32.713 UTC [202] DETAIL:  Key (user_id, lower(domain))=(01a0ffc2-82e6-7ad4-aafd-1085a11cdbe4, example-c5a349b9-225f-403a-a8ed-7295bf6c5c2e.test) already exists.
2026-10-03T03:30:12.4669649Z  2026-10-03 03:15:32.713 UTC [202] STATEMENT:  insert into "domain_verifications" ("id", "user_id", "domain", "token", "expires_at", "created_at") values ($1, $2, $3, $4, $5, default)
2026-10-03T03:30:12.4670759Z  2026-10-03 03:15:32.720 UTC [202] ERROR:  duplicate key value violates unique constraint "civic_nonces_nonce_hash_key"
2026-10-03T03:30:12.4671671Z  2026-10-03 03:15:32.720 UTC [202] DETAIL:  Key (nonce_hash)=(nonce-fcd9e33c-1ace-4d30-a260-de1fa6459de0) already exists.
2026-10-03T03:30:12.4672927Z  2026-10-03 03:15:32.720 UTC [202] STATEMENT:  insert into "civic_nonces" ("id", "nonce_hash", "purpose", "subject_user_id", "expires_at", "created_at") values ($1, $2, $3, default, $4, default)
2026-10-03T03:30:12.4674146Z  2026-10-03 03:15:32.726 UTC [202] ERROR:  new row for relation "auth_codes" violates check constraint "auth_codes_pkce_pair_check"
2026-10-03T03:30:12.4676038Z  2026-10-03 03:15:32.726 UTC [202] DETAIL:  Failing row contains (01a0ffc2-82f6-7282-90f3-e2c004eb9f7f, h-d74d76e5-52c0-4783-a5af-609a65bbb448, 01a0ffc2-82f0-7228-a753-330899e38ab3, null, 01a0ffc2-82f4-7514-a6d0-35876e88d061, https://rp.example/cb, abc, null, {}, null, null, 2026-10-03 03:16:32.725+00, 2026-10-03 03:15:32.726+00, 2026-10-03 03:15:32.726+00, null, null).
2026-10-03T03:30:12.4678987Z  2026-10-03 03:15:32.726 UTC [202] STATEMENT:  insert into "auth_codes" ("id", "code_hash", "user_id", "operated_by_user_id", "auth_method_id", "auth_method_owner_id", "application_id", "redirect_uri", "code_challenge", "code_challenge_method", "scopes", "device_id", "used_at", "expires_at", "created_at", "updated_at") values ($1, $2, $3, default, default, default, $4, $5, $6, default, default, default, default, $7, default, default)
2026-10-03T03:30:12.4681006Z  2026-10-03 03:15:32.727 UTC [202] ERROR:  new row for relation "auth_codes" violates check constraint "auth_codes_pkce_pair_check"
2026-10-03T03:30:12.4682906Z  2026-10-03 03:15:32.727 UTC [202] DETAIL:  Failing row contains (01a0ffc2-82f7-7606-903f-7444588e5537, h-e5dd660f-2a11-4479-8422-e44ddb452b92, 01a0ffc2-82f0-7228-a753-330899e38ab3, null, 01a0ffc2-82f4-7514-a6d0-35876e88d061, https://rp.example/cb, null, S256, {}, null, null, 2026-10-03 03:16:32.725+00, 2026-10-03 03:15:32.727+00, 2026-10-03 03:15:32.727+00, null, null).
2026-10-03T03:30:12.4685869Z  2026-10-03 03:15:32.727 UTC [202] STATEMENT:  insert into "auth_codes" ("id", "code_hash", "user_id", "operated_by_user_id", "auth_method_id", "auth_method_owner_id", "application_id", "redirect_uri", "code_challenge", "code_challenge_method", "scopes", "device_id", "used_at", "expires_at", "created_at", "updated_at") values ($1, $2, $3, default, default, default, $4, $5, default, $6, default, default, default, $7, default, default)
2026-10-03T03:30:12.4688154Z  2026-10-03 03:15:32.951 UTC [203] ERROR:  new row for relation "inference_routing_policy_versions" violates check constraint "inference_routing_policy_versions_provider_conflict"
2026-10-03T03:30:12.4690207Z  2026-10-03 03:15:32.951 UTC [203] DETAIL:  Failing row contains (01a0ffc2-83d5-776d-890f-11bdc2025271, 01a0ffc2-83d2-7511-a2c4-ff1b521b5dbd, 100, f, null, null, null, null, {bedrock}, {bedrock}, {}, {}, f, f, null, null, balanced, f, {}, f, f, t, disabled, disabled, 01a0ffc2-83cd-7a6c-b6a1-3998977b386c, 2026-10-03 03:15:32.95+00, {}).
2026-10-03T03:30:12.4694974Z  2026-10-03 03:15:32.951 UTC [203] STATEMENT:  insert into "inference_routing_policy_versions" ("id", "routing_policy_id", "version", "is_current", "default_target_kind", "default_model_id", "default_model_revision_id", "default_routing_profile_id", "provider_allowlist", "provider_denylist", "allowed_regions", "denied_regions", "require_zero_data_retention", "prohibit_training_on_customer_data", "price_ceiling_currency", "max_price_per_request_amount", "optimise_for", "oxy_hosted_only", "allowed_license_ids", "require_commercial_use_rights", "fallback_disabled", "same_model_deployment_fallback", "allowed_routing_profile_ids", "byok_preference", "dedicated_capacity", "created_by_user_id", "created_at") values ($1, $2, $3, default, default, default, default, default, $4, $5, $6, $7, $8, $9, default, default, $10, $11, $12, $13, $14, $15, default, $16, $17, $18, default) returning "id"
2026-10-03T03:30:12.4699059Z  2026-10-03 03:15:32.959 UTC [203] ERROR:  new row for relation "inference_routing_policy_versions" violates check constraint "inference_routing_policy_versions_region_conflict"
2026-10-03T03:30:12.4701147Z  2026-10-03 03:15:32.959 UTC [203] DETAIL:  Failing row contains (01a0ffc2-83de-7d84-9ab5-bdbfe50a13c0, 01a0ffc2-83d2-7511-a2c4-ff1b521b5dbd, 110, f, null, null, null, null, {}, {}, {eu-central-1}, {eu-central-1}, f, f, null, null, balanced, f, {}, f, f, t, disabled, disabled, 01a0ffc2-83cd-7a6c-b6a1-3998977b386c, 2026-10-03 03:15:32.959+00, {}).
2026-10-03T03:30:12.4705820Z  2026-10-03 03:15:32.959 UTC [203] STATEMENT:  insert into "inference_routing_policy_versions" ("id", "routing_policy_id", "version", "is_current", "default_target_kind", "default_model_id", "default_model_revision_id", "default_routing_profile_id", "provider_allowlist", "provider_denylist", "allowed_regions", "denied_regions", "require_zero_data_retention", "prohibit_training_on_customer_data", "price_ceiling_currency", "max_price_per_request_amount", "optimise_for", "oxy_hosted_only", "allowed_license_ids", "require_commercial_use_rights", "fallback_disabled", "same_model_deployment_fallback", "allowed_routing_profile_ids", "byok_preference", "dedicated_capacity", "created_by_user_id", "created_at") values ($1, $2, $3, default, default, default, default, default, $4, $5, $6, $7, $8, $9, default, default, $10, $11, $12, $13, $14, $15, default, $16, $17, $18, default) returning "id"
2026-10-03T03:30:12.4709775Z  2026-10-03 03:15:32.961 UTC [203] ERROR:  new row for relation "inference_routing_policy_versions" violates check constraint "inference_routing_policy_versions_fallback_conflict"
2026-10-03T03:30:12.4711669Z  2026-10-03 03:15:32.961 UTC [203] DETAIL:  Failing row contains (01a0ffc2-83e0-7396-b3b3-debecd2cbf5d, 01a0ffc2-83d2-7511-a2c4-ff1b521b5dbd, 120, f, null, null, null, null, {}, {}, {}, {}, f, f, null, null, balanced, f, {}, f, t, t, disabled, disabled, 01a0ffc2-83cd-7a6c-b6a1-3998977b386c, 2026-10-03 03:15:32.961+00, {}).
2026-10-03T03:30:12.4716177Z  2026-10-03 03:15:32.961 UTC [203] STATEMENT:  insert into "inference_routing_policy_versions" ("id", "routing_policy_id", "version", "is_current", "default_target_kind", "default_model_id", "default_model_revision_id", "default_routing_profile_id", "provider_allowlist", "provider_denylist", "allowed_regions", "denied_regions", "require_zero_data_retention", "prohibit_training_on_customer_data", "price_ceiling_currency", "max_price_per_request_amount", "optimise_for", "oxy_hosted_only", "allowed_license_ids", "require_commercial_use_rights", "fallback_disabled", "same_model_deployment_fallback", "allowed_routing_profile_ids", "byok_preference", "dedicated_capacity", "created_by_user_id", "created_at") values ($1, $2, $3, default, default, default, default, default, $4, $5, $6, $7, $8, $9, default, default, $10, $11, $12, $13, $14, $15, default, $16, $17, $18, default) returning "id"
2026-10-03T03:30:12.4720301Z  2026-10-03 03:15:32.963 UTC [203] ERROR:  new row for relation "inference_routing_policy_versions" violates check constraint "inference_routing_policy_versions_hosting_conflict"
2026-10-03T03:30:12.4722221Z  2026-10-03 03:15:32.963 UTC [203] DETAIL:  Failing row contains (01a0ffc2-83e2-70d0-8ff1-d2e7338f4ea4, 01a0ffc2-83d2-7511-a2c4-ff1b521b5dbd, 130, f, null, null, null, null, {}, {}, {}, {}, f, f, null, null, balanced, t, {}, f, f, t, require, disabled, 01a0ffc2-83cd-7a6c-b6a1-3998977b386c, 2026-10-03 03:15:32.963+00, {}).
2026-10-03T03:30:12.4726722Z  2026-10-03 03:15:32.963 UTC [203] STATEMENT:  insert into "inference_routing_policy_versions" ("id", "routing_policy_id", "version", "is_current", "default_target_kind", "default_model_id", "default_model_revision_id", "default_routing_profile_id", "provider_allowlist", "provider_denylist", "allowed_regions", "denied_regions", "require_zero_data_retention", "prohibit_training_on_customer_data", "price_ceiling_currency", "max_price_per_request_amount", "optimise_for", "oxy_hosted_only", "allowed_license_ids", "require_commercial_use_rights", "fallback_disabled", "same_model_deployment_fallback", "allowed_routing_profile_ids", "byok_preference", "dedicated_capacity", "created_by_user_id", "created_at") values ($1, $2, $3, default, default, default, default, default, $4, $5, $6, $7, $8, $9, default, default, $10, $11, $12, $13, $14, $15, default, $16, $17, $18, default) returning "id"
2026-10-03T03:30:12.4730859Z  2026-10-03 03:15:32.969 UTC [203] ERROR:  new row for relation "inference_routing_policy_versions" violates check constraint "inference_routing_policy_versions_request_cap_check"
2026-10-03T03:30:12.4732888Z  2026-10-03 03:15:32.969 UTC [203] DETAIL:  Failing row contains (01a0ffc2-83e8-70ae-bf5d-5ffe1deb6a22, 01a0ffc2-83d2-7511-a2c4-ff1b521b5dbd, 140, f, null, null, null, null, {}, {}, {}, {}, f, f, null, 1.000000000000, balanced, f, {}, f, f, t, disabled, disabled, 01a0ffc2-83cd-7a6c-b6a1-3998977b386c, 2026-10-03 03:15:32.969+00, {}).
2026-10-03T03:30:12.4737311Z  2026-10-03 03:15:32.969 UTC [203] STATEMENT:  insert into "inference_routing_policy_versions" ("id", "routing_policy_id", "version", "is_current", "default_target_kind", "default_model_id", "default_model_revision_id", "default_routing_profile_id", "provider_allowlist", "provider_denylist", "allowed_regions", "denied_regions", "require_zero_data_retention", "prohibit_training_on_customer_data", "price_ceiling_currency", "max_price_per_request_amount", "optimise_for", "oxy_hosted_only", "allowed_license_ids", "require_commercial_use_rights", "fallback_disabled", "same_model_deployment_fallback", "allowed_routing_profile_ids", "byok_preference", "dedicated_capacity", "created_by_user_id", "created_at") values ($1, $2, $3, default, default, default, default, default, $4, $5, $6, $7, $8, $9, default, $10, $11, $12, $13, $14, $15, $16, default, $17, $18, $19, default) returning "id"
2026-10-03T03:30:12.4741256Z  2026-10-03 03:15:32.988 UTC [203] ERROR:  new row for relation "inference_routing_policy_versions" violates check constraint "inference_routing_policy_versions_target_check"
2026-10-03T03:30:12.4743134Z  2026-10-03 03:15:32.988 UTC [203] DETAIL:  Failing row contains (01a0ffc2-83fb-7323-8c50-aaaac364d3ca, 01a0ffc2-83ec-751c-8c77-9c729e412b4d, 210, f, model, null, null, null, {}, {}, {}, {}, f, f, null, null, balanced, f, {}, f, f, t, disabled, disabled, 01a0ffc2-83ea-7ef1-aaa9-710b96af8606, 2026-10-03 03:15:32.988+00, {}).
2026-10-03T03:30:12.4747578Z  2026-10-03 03:15:32.988 UTC [203] STATEMENT:  insert into "inference_routing_policy_versions" ("id", "routing_policy_id", "version", "is_current", "default_target_kind", "default_model_id", "default_model_revision_id", "default_routing_profile_id", "provider_allowlist", "provider_denylist", "allowed_regions", "denied_regions", "require_zero_data_retention", "prohibit_training_on_customer_data", "price_ceiling_currency", "max_price_per_request_amount", "optimise_for", "oxy_hosted_only", "allowed_license_ids", "require_commercial_use_rights", "fallback_disabled", "same_model_deployment_fallback", "allowed_routing_profile_ids", "byok_preference", "dedicated_capacity", "created_by_user_id", "created_at") values ($1, $2, $3, default, $4, default, default, default, $5, $6, $7, $8, $9, $10, default, default, $11, $12, $13, $14, $15, $16, default, $17, $18, $19, default) returning "id"
2026-10-03T03:30:12.4751623Z  2026-10-03 03:15:32.990 UTC [203] ERROR:  new row for relation "inference_routing_policy_versions" violates check constraint "inference_routing_policy_versions_target_check"
2026-10-03T03:30:12.4753269Z  2026-10-03 03:15:32.990 UTC [203] DETAIL:  Failing row contains (01a0ffc2-83fd-72ef-87cd-5587ae9c6870, 01a0ffc2-83ec-751c-8c77-9c729e412b4d, 211, f, model, 01a0ffc2-83ee-79cf-a64d-502119af90c5, 01a0ffc2-83f0-7da1-9228-50d08335cbd8, null, {}, {}, {}, {}, f, f, null, null, balanced, f, {}, f, f, t, disabled, disabled, 01a0ffc2-83ea-7ef1-aaa9-710b96af8606, 2026-10-03 03:15:32.99+00, {}).
2026-10-03T03:30:12.4756087Z  2026-10-03 03:15:32.990 UTC [203] STATEMENT:  insert into "inference_routing_policy_versions" ("id", "routing_policy_id", "version", "is_current", "default_target_kind", "default_model_id", "default_model_revision_id", "default_routing_profile_id", "provider_allowlist", "provider_denylist", "allowed_regions", "denied_regions", "require_zero_data_retention", "prohibit_training_on_customer_data", "price_ceiling_currency", "max_price_per_request_amount", "optimise_for", "oxy_hosted_only", "allowed_license_ids", "require_commercial_use_rights", "fallback_disabled", "same_model_deployment_fallback", "allowed_routing_profile_ids", "byok_preference", "dedicated_capacity", "created_by_user_id", "created_at") values ($1, $2, $3, default, $4, $5, $6, default, $7, $8, $9, $10, $11, $12, default, default, $13, $14, $15, $16, $17, $18, default, $19, $20, $21, default) returning "id"
2026-10-03T03:30:12.4758304Z  2026-10-03 03:15:32.992 UTC [203] ERROR:  new row for relation "inference_routing_policy_versions" violates check constraint "inference_routing_policy_versions_target_check"
2026-10-03T03:30:12.4759465Z  2026-10-03 03:15:32.992 UTC [203] DETAIL:  Failing row contains (01a0ffc2-83ff-700d-b1cc-826d8ced5a6d, 01a0ffc2-83ec-751c-8c77-9c729e412b4d, 212, f, null, 01a0ffc2-83ee-79cf-a64d-502119af90c5, null, null, {}, {}, {}, {}, f, f, null, null, balanced, f, {}, f, f, t, disabled, disabled, 01a0ffc2-83ea-7ef1-aaa9-710b96af8606, 2026-10-03 03:15:32.992+00, {}).
2026-10-03T03:30:12.4762211Z  2026-10-03 03:15:32.992 UTC [203] STATEMENT:  insert into "inference_routing_policy_versions" ("id", "routing_policy_id", "version", "is_current", "default_target_kind", "default_model_id", "default_model_revision_id", "default_routing_profile_id", "provider_allowlist", "provider_denylist", "allowed_regions", "denied_regions", "require_zero_data_retention", "prohibit_training_on_customer_data", "price_ceiling_currency", "max_price_per_request_amount", "optimise_for", "oxy_hosted_only", "allowed_license_ids", "require_commercial_use_rights", "fallback_disabled", "same_model_deployment_fallback", "allowed_routing_profile_ids", "byok_preference", "dedicated_capacity", "created_by_user_id", "created_at") values ($1, $2, $3, default, default, $4, default, default, $5, $6, $7, $8, $9, $10, default, default, $11, $12, $13, $14, $15, $16, default, $17, $18, $19, default) returning "id"
2026-10-03T03:30:12.4764483Z  2026-10-03 03:15:32.994 UTC [203] ERROR:  new row for relation "inference_routing_policy_versions" violates check constraint "inference_routing_policy_versions_target_check"
2026-10-03T03:30:12.4765644Z  2026-10-03 03:15:32.994 UTC [203] DETAIL:  Failing row contains (01a0ffc2-8401-7cae-84bb-6b2f75a46a08, 01a0ffc2-83ec-751c-8c77-9c729e412b4d, 212, f, null, null, 01a0ffc2-83f0-7da1-9228-50d08335cbd8, null, {}, {}, {}, {}, f, f, null, null, balanced, f, {}, f, f, t, disabled, disabled, 01a0ffc2-83ea-7ef1-aaa9-710b96af8606, 2026-10-03 03:15:32.994+00, {}).
2026-10-03T03:30:12.4768319Z  2026-10-03 03:15:32.994 UTC [203] STATEMENT:  insert into "inference_routing_policy_versions" ("id", "routing_policy_id", "version", "is_current", "default_target_kind", "default_model_id", "default_model_revision_id", "default_routing_profile_id", "provider_allowlist", "provider_denylist", "allowed_regions", "denied_regions", "require_zero_data_retention", "prohibit_training_on_customer_data", "price_ceiling_currency", "max_price_per_request_amount", "optimise_for", "oxy_hosted_only", "allowed_license_ids", "require_commercial_use_rights", "fallback_disabled", "same_model_deployment_fallback", "allowed_routing_profile_ids", "byok_preference", "dedicated_capacity", "created_by_user_id", "created_at") values ($1, $2, $3, default, default, default, $4, default, $5, $6, $7, $8, $9, $10, default, default, $11, $12, $13, $14, $15, $16, default, $17, $18, $19, default) returning "id"
2026-10-03T03:30:12.4770562Z  2026-10-03 03:15:32.996 UTC [203] ERROR:  new row for relation "inference_routing_policy_versions" violates check constraint "inference_routing_policy_versions_target_check"
2026-10-03T03:30:12.4771701Z  2026-10-03 03:15:32.996 UTC [203] DETAIL:  Failing row contains (01a0ffc2-8403-7bb1-a058-d9fd844697fe, 01a0ffc2-83ec-751c-8c77-9c729e412b4d, 212, f, null, null, null, 01a0ffc2-83f2-75c5-9de9-6554b05ba8ad, {}, {}, {}, {}, f, f, null, null, balanced, f, {}, f, f, t, disabled, disabled, 01a0ffc2-83ea-7ef1-aaa9-710b96af8606, 2026-10-03 03:15:32.996+00, {}).
2026-10-03T03:30:12.4774440Z  2026-10-03 03:15:32.996 UTC [203] STATEMENT:  insert into "inference_routing_policy_versions" ("id", "routing_policy_id", "version", "is_current", "default_target_kind", "default_model_id", "default_model_revision_id", "default_routing_profile_id", "provider_allowlist", "provider_denylist", "allowed_regions", "denied_regions", "require_zero_data_retention", "prohibit_training_on_customer_data", "price_ceiling_currency", "max_price_per_request_amount", "optimise_for", "oxy_hosted_only", "allowed_license_ids", "require_commercial_use_rights", "fallback_disabled", "same_model_deployment_fallback", "allowed_routing_profile_ids", "byok_preference", "dedicated_capacity", "created_by_user_id", "created_at") values ($1, $2, $3, default, default, default, default, $4, $5, $6, $7, $8, $9, $10, default, default, $11, $12, $13, $14, $15, $16, default, $17, $18, $19, default) returning "id"
2026-10-03T03:30:12.4776718Z  2026-10-03 03:15:33.007 UTC [203] ERROR:  insert or update on table "inference_routing_policy_price_caps" violates foreign key constraint "inference_routing_policy_price_caps_version_fk"
2026-10-03T03:30:12.4777550Z  2026-10-03 03:15:33.007 UTC [203] DETAIL:  Key (version_id, currency)=(01a0ffc2-8409-7fd0-b449-c1dc80ae6c20, EUR) is not present in table "inference_routing_policy_versions".
2026-10-03T03:30:12.4778375Z  2026-10-03 03:15:33.007 UTC [203] STATEMENT:  insert into "inference_routing_policy_price_caps" ("version_id", "unit", "currency", "amount", "per", "created_at") values ($1, $2, $3, $4, $5, default)
2026-10-03T03:30:12.4779210Z  2026-10-03 03:15:33.008 UTC [203] ERROR:  insert or update on table "inference_routing_policy_price_caps" violates foreign key constraint "inference_routing_policy_price_caps_version_fk"
2026-10-03T03:30:12.4780024Z  2026-10-03 03:15:33.008 UTC [203] DETAIL:  Key (version_id, currency)=(01a0ffc2-840b-7ddb-9e4b-3bafee490ece, USD) is not present in table "inference_routing_policy_versions".
2026-10-03T03:30:12.4780840Z  2026-10-03 03:15:33.008 UTC [203] STATEMENT:  insert into "inference_routing_policy_price_caps" ("version_id", "unit", "currency", "amount", "per", "created_at") values ($1, $2, $3, $4, $5, default)
2026-10-03T03:30:12.4781594Z  2026-10-03 03:15:33.010 UTC [203] ERROR:  duplicate key value violates unique constraint "inference_routing_policy_price_caps_version_id_unit_pk"
2026-10-03T03:30:12.4782395Z  2026-10-03 03:15:33.010 UTC [203] DETAIL:  Key (version_id, unit)=(01a0ffc2-8409-7fd0-b449-c1dc80ae6c20, input_tokens) already exists.
2026-10-03T03:30:12.4783118Z  2026-10-03 03:15:33.010 UTC [203] STATEMENT:  insert into "inference_routing_policy_price_caps" ("version_id", "unit", "currency", "amount", "per", "created_at") values ($1, $2, $3, $4, $5, default)
2026-10-03T03:30:12.4783956Z  2026-10-03 03:15:33.023 UTC [203] ERROR:  insert or update on table "inference_routing_policy_fallbacks" violates foreign key constraint "inference_routing_policy_fallbacks_version_fk"
2026-10-03T03:30:12.4784795Z  2026-10-03 03:15:33.023 UTC [203] DETAIL:  Key (version_id, fallback_disabled)=(01a0ffc2-841b-7f30-85b3-dc7867edc412, f) is not present in table "inference_routing_policy_versions".
2026-10-03T03:30:12.4785764Z  2026-10-03 03:15:33.023 UTC [203] STATEMENT:  insert into "inference_routing_policy_fallbacks" ("id", "version_id", "fallback_disabled", "model_id", "model_revision_id", "position", "created_at") values ($1, $2, default, $3, default, $4, default)
2026-10-03T03:30:12.4786708Z  2026-10-03 03:15:33.024 UTC [203] ERROR:  new row for relation "inference_routing_policy_fallbacks" violates check constraint "inference_routing_policy_fallbacks_not_disabled"
2026-10-03T03:30:12.4787624Z  2026-10-03 03:15:33.024 UTC [203] DETAIL:  Failing row contains (01a0ffc2-841f-70b0-96c7-a0f490fc758d, 01a0ffc2-8419-7d91-aed5-af49eb4b92aa, t, 01a0ffc2-8415-7fcb-a2ef-9b8139625e01, null, 9, 2026-10-03 03:15:33.024+00).
2026-10-03T03:30:12.4788635Z  2026-10-03 03:15:33.024 UTC [203] STATEMENT:  insert into "inference_routing_policy_fallbacks" ("id", "version_id", "fallback_disabled", "model_id", "model_revision_id", "position", "created_at") values ($1, $2, $3, $4, default, $5, default)
2026-10-03T03:30:12.4789592Z  2026-10-03 03:15:33.034 UTC [203] ERROR:  new row for relation "inference_routing_policy_fallbacks" violates check constraint "inference_routing_policy_fallbacks_names_one"
2026-10-03T03:30:12.4790948Z  2026-10-03 03:15:33.034 UTC [203] DETAIL:  Failing row contains (01a0ffc2-8421-74a5-8210-454aac111505, 01a0ffc2-8419-7d91-aed5-af49eb4b92aa, f, 01a0ffc2-8415-7fcb-a2ef-9b8139625e01, 01a0ffc2-8417-7a94-9fe2-3c22b86a8cb5, 1, 2026-10-03 03:15:33.025+00).
2026-10-03T03:30:12.4792143Z  2026-10-03 03:15:33.034 UTC [203] STATEMENT:  insert into "inference_routing_policy_fallbacks" ("id", "version_id", "fallback_disabled", "model_id", "model_revision_id", "position", "created_at") values ($1, $2, default, $3, $4, $5, default)
2026-10-03T03:30:12.4793067Z  2026-10-03 03:15:33.035 UTC [203] ERROR:  new row for relation "inference_routing_policy_fallbacks" violates check constraint "inference_routing_policy_fallbacks_names_one"
2026-10-03T03:30:12.4793880Z  2026-10-03 03:15:33.035 UTC [203] DETAIL:  Failing row contains (01a0ffc2-842a-74f7-92e0-b78f59f4d9bc, 01a0ffc2-8419-7d91-aed5-af49eb4b92aa, f, null, null, 2, 2026-10-03 03:15:33.035+00).
2026-10-03T03:30:12.4794857Z  2026-10-03 03:15:33.035 UTC [203] STATEMENT:  insert into "inference_routing_policy_fallbacks" ("id", "version_id", "fallback_disabled", "model_id", "model_revision_id", "position", "created_at") values ($1, $2, default, default, default, $3, default)
2026-10-03T03:30:12.4795698Z  2026-10-03 03:15:33.036 UTC [203] ERROR:  duplicate key value violates unique constraint "inference_routing_policy_fallbacks_model_key"
2026-10-03T03:30:12.4796386Z  2026-10-03 03:15:33.036 UTC [203] DETAIL:  Key (version_id, model_id)=(01a0ffc2-8419-7d91-aed5-af49eb4b92aa, 01a0ffc2-8415-7fcb-a2ef-9b8139625e01) already exists.
2026-10-03T03:30:12.4797277Z  2026-10-03 03:15:33.036 UTC [203] STATEMENT:  insert into "inference_routing_policy_fallbacks" ("id", "version_id", "fallback_disabled", "model_id", "model_revision_id", "position", "created_at") values ($1, $2, default, $3, default, $4, default)
2026-10-03T03:30:12.4798189Z  2026-10-03 03:15:33.056 UTC [203] ERROR:  new row for relation "inference_route_switch_events" violates check constraint "inference_route_switch_events_deployment_shape"
2026-10-03T03:30:12.4799717Z  2026-10-03 03:15:33.056 UTC [203] DETAIL:  Failing row contains (01a0ffc2-843f-7aed-8fce-ba232841bea0, req-842cb91f-cbf0-4a03-8e80-3ef8ac760d42, 0, 01a0ffc2-842d-7945-97c4-f52177dd594f, 01a0ffc2-842f-70cc-8661-999b458bfbdf, production, 01a0ffc2-8439-7d14-9bea-6e133e6c62a7, deployment, deployment_unavailable, pub6a936c20fe/mdlaa9d97b0ad, pub7d64ce14b4/mdlc6a17d65f1, oxy-hosted, null, null, null, 2026-10-03 03:15:33.055+00, 2026-10-03 03:15:33.056+00, null).
2026-10-03T03:30:12.4801825Z  2026-10-03 03:15:33.056 UTC [203] STATEMENT:  insert into "inference_route_switch_events" ("id", "request_id", "sequence", "account_id", "application_id", "environment", "routing_policy_version_id", "routing_profile_id", "scope", "reason", "from_model_reference", "to_model_reference", "to_provider", "to_deployment_id", "requested_model_id", "authorization_id", "occurred_at", "created_at") values ($1, $2, $3, $4, $5, $6, $7, default, $8, $9, $10, $11, $12, default, default, default, $13, default)
2026-10-03T03:30:12.4803281Z  2026-10-03 03:15:33.060 UTC [203] ERROR:  new row for relation "inference_route_switch_events" violates check constraint "inference_route_switch_events_model_shape"
2026-10-03T03:30:12.4804788Z  2026-10-03 03:15:33.060 UTC [203] DETAIL:  Failing row contains (01a0ffc2-8443-73a7-bf06-4953acfb322b, req-659c3866-c44b-4d13-be53-27a62992259c, 0, 01a0ffc2-842d-7945-97c4-f52177dd594f, 01a0ffc2-842f-70cc-8661-999b458bfbdf, production, 01a0ffc2-8439-7d14-9bea-6e133e6c62a7, model, deployment_unavailable, pub6a936c20fe/mdlaa9d97b0ad, pub7d64ce14b4/mdlc6a17d65f1, oxy-hosted, null, pub6a936c20fe/mdlaa9d97b0ad, null, 2026-10-03 03:15:33.059+00, 2026-10-03 03:15:33.059+00, null).
2026-10-03T03:30:12.4806964Z  2026-10-03 03:15:33.060 UTC [203] STATEMENT:  insert into "inference_route_switch_events" ("id", "request_id", "sequence", "account_id", "application_id", "environment", "routing_policy_version_id", "routing_profile_id", "scope", "reason", "from_model_reference", "to_model_reference", "to_provider", "to_deployment_id", "requested_model_id", "authorization_id", "occurred_at", "created_at") values ($1, $2, $3, $4, $5, $6, $7, default, $8, $9, $10, $11, $12, default, $13, default, $14, default)
2026-10-03T03:30:12.4808378Z  2026-10-03 03:15:33.062 UTC [203] ERROR:  insert or update on table "inference_route_switch_events" violates foreign key constraint "inference_route_switch_events_authorization_fk"
2026-10-03T03:30:12.4809347Z  2026-10-03 03:15:33.062 UTC [203] DETAIL:  Key (authorization_id, routing_policy_version_id)=(01a0ffc2-843c-7041-81eb-97a4c817f242, 01a0ffc2-843b-7fdb-8b78-b24dbdbb4e8e) is not present in table "inference_routing_policy_fallbacks".
2026-10-03T03:30:12.4810910Z  2026-10-03 03:15:33.062 UTC [203] STATEMENT:  insert into "inference_route_switch_events" ("id", "request_id", "sequence", "account_id", "application_id", "environment", "routing_policy_version_id", "routing_profile_id", "scope", "reason", "from_model_reference", "to_model_reference", "to_provider", "to_deployment_id", "requested_model_id", "authorization_id", "occurred_at", "created_at") values ($1, $2, $3, $4, $5, $6, $7, default, $8, $9, $10, $11, $12, default, $13, $14, $15, default)
2026-10-03T03:30:12.4812399Z  2026-10-03 03:15:33.063 UTC [203] ERROR:  new row for relation "inference_route_switch_events" violates check constraint "inference_route_switch_events_requested_format"
2026-10-03T03:30:12.4814011Z  2026-10-03 03:15:33.063 UTC [203] DETAIL:  Failing row contains (01a0ffc2-8446-7138-a448-0c50a3649eb3, req-f3cc2de7-deaf-435a-8105-f32ac31dff26, 0, 01a0ffc2-842d-7945-97c4-f52177dd594f, 01a0ffc2-842f-70cc-8661-999b458bfbdf, production, 01a0ffc2-8439-7d14-9bea-6e133e6c62a7, model, deployment_unavailable, pub6a936c20fe/mdlaa9d97b0ad, pub7d64ce14b4/mdlc6a17d65f1, oxy-hosted, null, pub6a936c20fe/mdlaa9d97b0ad@revb0ac72c769, 01a0ffc2-843c-7041-81eb-97a4c817f242, 2026-10-03 03:15:33.062+00, 2026-10-03 03:15:33.063+00, null).
2026-10-03T03:30:12.4816244Z  2026-10-03 03:15:33.063 UTC [203] STATEMENT:  insert into "inference_route_switch_events" ("id", "request_id", "sequence", "account_id", "application_id", "environment", "routing_policy_version_id", "routing_profile_id", "scope", "reason", "from_model_reference", "to_model_reference", "to_provider", "to_deployment_id", "requested_model_id", "authorization_id", "occurred_at", "created_at") values ($1, $2, $3, $4, $5, $6, $7, default, $8, $9, $10, $11, $12, default, $13, $14, $15, default)
2026-10-03T03:30:12.4817660Z  2026-10-03 03:15:33.065 UTC [203] ERROR:  new row for relation "inference_route_switch_events" violates check constraint "inference_route_switch_events_model_shape"
2026-10-03T03:30:12.4819215Z  2026-10-03 03:15:33.065 UTC [203] DETAIL:  Failing row contains (01a0ffc2-8448-7e09-a7c9-e37b2cefb2e3, req-7080e5e6-022d-4675-bddc-d7ee5da997fa, 0, 01a0ffc2-842d-7945-97c4-f52177dd594f, 01a0ffc2-842f-70cc-8661-999b458bfbdf, production, 01a0ffc2-8439-7d14-9bea-6e133e6c62a7, model, deployment_unavailable, pub6a936c20fe/mdlaa9d97b0ad, pub6a936c20fe/mdlaa9d97b0ad, oxy-hosted, null, pub6a936c20fe/mdlaa9d97b0ad, 01a0ffc2-843c-7041-81eb-97a4c817f242, 2026-10-03 03:15:33.064+00, 2026-10-03 03:15:33.064+00, null).
2026-10-03T03:30:12.4821393Z  2026-10-03 03:15:33.065 UTC [203] STATEMENT:  insert into "inference_route_switch_events" ("id", "request_id", "sequence", "account_id", "application_id", "environment", "routing_policy_version_id", "routing_profile_id", "scope", "reason", "from_model_reference", "to_model_reference", "to_provider", "to_deployment_id", "requested_model_id", "authorization_id", "occurred_at", "created_at") values ($1, $2, $3, $4, $5, $6, $7, default, $8, $9, $10, $11, $12, default, $13, $14, $15, default)
2026-10-03T03:30:12.4822965Z  2026-10-03 03:15:33.072 UTC [203] ERROR:  inference_routing_policy_versions.optimise_for is immutable: a request records the exact policy version it executed under, so a change appends a new version
2026-10-03T03:30:12.4823768Z  2026-10-03 03:15:33.072 UTC [203] CONTEXT:  PL/pgSQL function inference_routing_policy_version_immutable() line 11 at RAISE
2026-10-03T03:30:12.4824267Z  2026-10-03 03:15:33.072 UTC [203] STATEMENT:  update inference_routing_policy_versions
2026-10-03T03:30:12.4824617Z  	            set "optimise_for" = 'price'
2026-10-03T03:30:12.4824858Z  	            where id = $1
2026-10-03T03:30:12.4825423Z  2026-10-03 03:15:33.074 UTC [203] ERROR:  inference_routing_policy_versions.oxy_hosted_only is immutable: a request records the exact policy version it executed under, so a change appends a new version
2026-10-03T03:30:12.4826162Z  2026-10-03 03:15:33.074 UTC [203] CONTEXT:  PL/pgSQL function inference_routing_policy_version_immutable() line 11 at RAISE
2026-10-03T03:30:12.4826654Z  2026-10-03 03:15:33.074 UTC [203] STATEMENT:  update inference_routing_policy_versions
2026-10-03T03:30:12.4826995Z  	            set "oxy_hosted_only" = true
2026-10-03T03:30:12.4827243Z  	            where id = $1
2026-10-03T03:30:12.4827829Z  2026-10-03 03:15:33.075 UTC [203] ERROR:  inference_routing_policy_versions.provider_allowlist is immutable: a request records the exact policy version it executed under, so a change appends a new version
2026-10-03T03:30:12.4828596Z  2026-10-03 03:15:33.075 UTC [203] CONTEXT:  PL/pgSQL function inference_routing_policy_version_immutable() line 11 at RAISE
2026-10-03T03:30:12.4829073Z  2026-10-03 03:15:33.075 UTC [203] STATEMENT:  update inference_routing_policy_versions
2026-10-03T03:30:12.4829442Z  	            set "provider_allowlist" = array['bedrock']::text[]
2026-10-03T03:30:12.4829714Z  	            where id = $1
2026-10-03T03:30:12.4830283Z  2026-10-03 03:15:33.076 UTC [203] ERROR:  inference_routing_policy_versions.fallback_disabled is immutable: a request records the exact policy version it executed under, so a change appends a new version
2026-10-03T03:30:12.4831042Z  2026-10-03 03:15:33.076 UTC [203] CONTEXT:  PL/pgSQL function inference_routing_policy_version_immutable() line 11 at RAISE
2026-10-03T03:30:12.4831527Z  2026-10-03 03:15:33.076 UTC [203] STATEMENT:  update inference_routing_policy_versions
2026-10-03T03:30:12.4831914Z  	            set "fallback_disabled" = true
2026-10-03T03:30:12.4832253Z  	            where id = $1
2026-10-03T03:30:12.4832810Z  2026-10-03 03:15:33.078 UTC [203] ERROR:  inference_routing_policy_versions.byok_preference is immutable: a request records the exact policy version it executed under, so a change appends a new version
2026-10-03T03:30:12.4833562Z  2026-10-03 03:15:33.078 UTC [203] CONTEXT:  PL/pgSQL function inference_routing_policy_version_immutable() line 11 at RAISE
2026-10-03T03:30:12.4834074Z  2026-10-03 03:15:33.078 UTC [203] STATEMENT:  update inference_routing_policy_versions
2026-10-03T03:30:12.4834452Z  	            set "byok_preference" = 'prefer'
2026-10-03T03:30:12.4834711Z  	            where id = $1
2026-10-03T03:30:12.4835356Z  2026-10-03 03:15:33.079 UTC [203] ERROR:  inference_routing_policy_versions.version is immutable: a request records the exact policy version it executed under, so a change appends a new version
2026-10-03T03:30:12.4836135Z  2026-10-03 03:15:33.079 UTC [203] CONTEXT:  PL/pgSQL function inference_routing_policy_version_immutable() line 11 at RAISE
2026-10-03T03:30:12.4836647Z  2026-10-03 03:15:33.079 UTC [203] STATEMENT:  update inference_routing_policy_versions
2026-10-03T03:30:12.4836980Z  	            set "version" = 999
2026-10-03T03:30:12.4837220Z  	            where id = $1
2026-10-03T03:30:12.4837795Z  2026-10-03 03:15:33.081 UTC [203] ERROR:  inference_routing_policy_versions.created_at is immutable: a request records the exact policy version it executed under, so a change appends a new version
2026-10-03T03:30:12.4838587Z  2026-10-03 03:15:33.081 UTC [203] CONTEXT:  PL/pgSQL function inference_routing_policy_version_immutable() line 11 at RAISE
2026-10-03T03:30:12.4839145Z  2026-10-03 03:15:33.081 UTC [203] STATEMENT:  update inference_routing_policy_versions
2026-10-03T03:30:12.4839482Z  	            set "created_at" = now()
2026-10-03T03:30:12.4839731Z  	            where id = $1
2026-10-03T03:30:12.4840389Z  2026-10-03 03:15:33.091 UTC [203] ERROR:  inference_routing_policy_price_caps is append-only: it is part of an immutable policy version or a notice already shown to a customer, so a change appends a new version
2026-10-03T03:30:12.4841314Z  2026-10-03 03:15:33.091 UTC [203] CONTEXT:  PL/pgSQL function inference_routing_record_immutable() line 3 at RAISE
2026-10-03T03:30:12.4842249Z  2026-10-03 03:15:33.091 UTC [203] STATEMENT:  update "inference_routing_policy_price_caps" set "amount" = $1 where "inference_routing_policy_price_caps"."version_id" = $2
2026-10-03T03:30:12.4843319Z  2026-10-03 03:15:33.094 UTC [203] ERROR:  inference_routing_policy_fallbacks is append-only: it is part of an immutable policy version or a notice already shown to a customer, so a change appends a new version
2026-10-03T03:30:12.4844143Z  2026-10-03 03:15:33.094 UTC [203] CONTEXT:  PL/pgSQL function inference_routing_record_immutable() line 3 at RAISE
2026-10-03T03:30:12.4844829Z  2026-10-03 03:15:33.094 UTC [203] STATEMENT:  update "inference_routing_policy_fallbacks" set "position" = $1 where "inference_routing_policy_fallbacks"."id" = $2
2026-10-03T03:30:12.4845878Z  2026-10-03 03:15:33.096 UTC [203] ERROR:  inference_route_switch_events is append-only: it is part of an immutable policy version or a notice already shown to a customer, so a change appends a new version
2026-10-03T03:30:12.4846790Z  2026-10-03 03:15:33.096 UTC [203] CONTEXT:  PL/pgSQL function inference_routing_record_immutable() line 3 at RAISE
2026-10-03T03:30:12.4847627Z  2026-10-03 03:15:33.096 UTC [203] STATEMENT:  update "inference_route_switch_events" set "to_provider" = $1 where "inference_route_switch_events"."id" = $2
2026-10-03T03:30:12.4848750Z  2026-10-03 03:15:33.108 UTC [203] ERROR:  update or delete on table "inference_routing_policy_versions" violates foreign key constraint "usage_receipts_routing_policy_version_id_inference_routing_poli" on table "usage_receipts"
2026-10-03T03:30:12.4849855Z  2026-10-03 03:15:33.108 UTC [203] DETAIL:  Key (id)=(01a0ffc2-8470-7a56-a4ab-8b360f5e79e7) is still referenced from table "usage_receipts".
2026-10-03T03:30:12.4850755Z  2026-10-03 03:15:33.108 UTC [203] STATEMENT:  delete from "inference_routing_policy_versions" where "inference_routing_policy_versions"."id" = $1
2026-10-03T03:30:12.4851890Z  2026-10-03 03:15:33.109 UTC [203] ERROR:  update or delete on table "inference_routing_policy_versions" violates foreign key constraint "usage_receipts_routing_policy_version_id_inference_routing_poli" on table "usage_receipts"
2026-10-03T03:30:12.4853032Z  2026-10-03 03:15:33.109 UTC [203] DETAIL:  Key (id)=(01a0ffc2-8470-7a56-a4ab-8b360f5e79e7) is still referenced from table "usage_receipts".
2026-10-03T03:30:12.4853830Z  2026-10-03 03:15:33.109 UTC [203] STATEMENT:  delete from "inference_routing_policies" where "inference_routing_policies"."id" = $1
2026-10-03T03:30:12.4854616Z  2026-10-03 03:15:33.113 UTC [203] ERROR:  duplicate key value violates unique constraint "inference_routing_policies_account_scope_key"
2026-10-03T03:30:12.4855342Z  2026-10-03 03:15:33.113 UTC [203] DETAIL:  Key (account_id)=(01a0ffc2-8476-7a29-8eb5-e6172d4eac55) already exists.
2026-10-03T03:30:12.4856375Z  2026-10-03 03:15:33.113 UTC [203] STATEMENT:  insert into "inference_routing_policies" ("id", "scope_kind", "account_id", "application_id", "status", "created_by_user_id", "created_at", "updated_at") values ($1, $2, $3, default, $4, $5, default, default) returning "id"
2026-10-03T03:30:12.4857513Z  2026-10-03 03:15:33.120 UTC [203] ERROR:  duplicate key value violates unique constraint "inference_routing_policies_application_scope_key"
2026-10-03T03:30:12.4858264Z  2026-10-03 03:15:33.120 UTC [203] DETAIL:  Key (application_id)=(01a0ffc2-847d-782c-8879-43c2e84c7215) already exists.
2026-10-03T03:30:12.4859340Z  2026-10-03 03:15:33.120 UTC [203] STATEMENT:  insert into "inference_routing_policies" ("id", "scope_kind", "account_id", "application_id", "status", "created_by_user_id", "created_at", "updated_at") values ($1, $2, $3, $4, $5, $6, default, default) returning "id"
2026-10-03T03:30:12.4860540Z  2026-10-03 03:15:33.124 UTC [203] ERROR:  new row for relation "inference_routing_policies" violates check constraint "inference_routing_policies_scope_target_check"
2026-10-03T03:30:12.4861769Z  2026-10-03 03:15:33.124 UTC [203] DETAIL:  Failing row contains (01a0ffc2-8484-7116-9620-27e974367a48, application, 01a0ffc2-8481-782a-acf9-8350cccfe58f, null, active, 01a0ffc2-8481-782a-acf9-8350cccfe58f, 2026-10-03 03:15:33.124+00, 2026-10-03 03:15:33.124+00).
2026-10-03T03:30:12.4863279Z  2026-10-03 03:15:33.124 UTC [203] STATEMENT:  insert into "inference_routing_policies" ("id", "scope_kind", "account_id", "application_id", "status", "created_by_user_id", "created_at", "updated_at") values ($1, $2, $3, default, $4, $5, default, default) returning "id"
2026-10-03T03:30:12.4864435Z  2026-10-03 03:15:33.125 UTC [203] ERROR:  new row for relation "inference_routing_policies" violates check constraint "inference_routing_policies_scope_target_check"
2026-10-03T03:30:12.4865701Z  2026-10-03 03:15:33.125 UTC [203] DETAIL:  Failing row contains (01a0ffc2-8485-72a0-9721-cf5c7083e243, account, 01a0ffc2-8481-782a-acf9-8350cccfe58f, 01a0ffc2-8482-73b7-8b56-56b162d044ef, active, 01a0ffc2-8481-782a-acf9-8350cccfe58f, 2026-10-03 03:15:33.125+00, 2026-10-03 03:15:33.125+00).
2026-10-03T03:30:12.4867181Z  2026-10-03 03:15:33.125 UTC [203] STATEMENT:  insert into "inference_routing_policies" ("id", "scope_kind", "account_id", "application_id", "status", "created_by_user_id", "created_at", "updated_at") values ($1, $2, $3, $4, $5, $6, default, default) returning "id"
2026-10-03T03:30:12.4868131Z  2026-10-03 03:15:36.033 UTC [219] ERROR:  cannot insert a non-DEFAULT value into column "s3_key"
2026-10-03T03:30:12.4868642Z  2026-10-03 03:15:36.033 UTC [219] DETAIL:  Column "s3_key" is a generated column.
2026-10-03T03:30:12.4869035Z  2026-10-03 03:15:36.033 UTC [219] STATEMENT:  
2026-10-03T03:30:12.4869431Z  	        insert into update_assets (id, sha256, s3_key, content_type, size)
2026-10-03T03:30:12.4869915Z  	        values ($1, $2, 'public/elsewhere/evil', 'image/png', 1)
2026-10-03T03:30:12.4870240Z  	      
2026-10-03T03:30:12.4870698Z  2026-10-03 03:15:36.035 UTC [219] ERROR:  new row for relation "update_assets" violates check constraint "update_assets_sha256_check"
2026-10-03T03:30:12.4872059Z  2026-10-03 03:15:36.035 UTC [219] DETAIL:  Failing row contains (01a0ffc2-8fe2-717b-9c39-8e62d38b6ee4, 894B20F59DF846658A90530E8786BF86BDDC91B185834A97A444985AB49E5488, public/updates/assets/894B20F59DF846658A90530E8786BF86BDDC91B185..., image/png, 1, pending, 2026-10-03 03:15:36.034+00, 2026-10-03 03:15:36.034+00).
2026-10-03T03:30:12.4873517Z  2026-10-03 03:15:36.035 UTC [219] STATEMENT:  insert into "update_assets" ("id", "sha256", "content_type", "size", "status", "created_at", "updated_at") values ($1, $2, $3, $4, default, default, default)
2026-10-03T03:30:12.4874407Z  2026-10-03 03:15:36.057 UTC [219] ERROR:  new row for relation "app_updates" violates check constraint "app_updates_update_id_check"
2026-10-03T03:30:12.4875972Z  2026-10-03 03:15:36.057 UTC [219] DETAIL:  Failing row contains (01a0ffc2-8ff8-7970-9cba-170e1134c16f, not-a-uuid, 01a0ffc2-8ff4-7b6c-aefb-8049a97cd4ee, 01a0ffc2-8ff6-7afa-9449-270805aae8ee, 1.0.0, ios, published, 99545d148bfc44d49d96a15a0ecf376eb41b4ee77a2d4473a382c1e17971fe5c, bundle, application/javascript, null, {"expoClient": {}}, {}, 100, null, null, null, null, 2026-10-03 03:15:36.056+00, 2026-10-03 03:15:36.056+00).
2026-10-03T03:30:12.4878603Z  2026-10-03 03:15:36.057 UTC [219] STATEMENT:  insert into "app_updates" ("id", "update_id", "application_id", "channel_id", "runtime_version", "platform", "status", "launch_asset_sha256", "launch_asset_key", "launch_asset_content_type", "launch_asset_file_extension", "extra", "metadata", "rollout_percent", "git_commit", "git_branch", "message", "promoted_from_update_id", "created_at", "updated_at") values ($1, $2, $3, $4, $5, $6, default, $7, $8, $9, default, $10, default, default, default, default, default, default, default, default)
2026-10-03T03:30:12.4880434Z  2026-10-03 03:15:36.063 UTC [219] ERROR:  new row for relation "app_updates" violates check constraint "app_updates_extra_expo_client_check"
2026-10-03T03:30:12.4882236Z  2026-10-03 03:15:36.063 UTC [219] DETAIL:  Failing row contains (01a0ffc2-8fff-7280-97a2-d9b555a2133f, 335c132c-a011-494a-809f-b7ecdddd80bd, 01a0ffc2-8ffc-7d2e-ae01-e5d4e59ccf0a, 01a0ffc2-8ffd-7d68-aa77-c6d8d10dae54, 1.0.0, ios, published, 52fd71ce6af14108b7ed94fdba6c50b52413e136583745d1bb6cd4ad8443565e, bundle, application/javascript, null, {"runtimeVersion": "1.0.0"}, {}, 100, null, null, null, null, 2026-10-03 03:15:36.063+00, 2026-10-03 03:15:36.063+00).
2026-10-03T03:30:12.4884932Z  2026-10-03 03:15:36.063 UTC [219] STATEMENT:  insert into "app_updates" ("id", "update_id", "application_id", "channel_id", "runtime_version", "platform", "status", "launch_asset_sha256", "launch_asset_key", "launch_asset_content_type", "launch_asset_file_extension", "extra", "metadata", "rollout_percent", "git_commit", "git_branch", "message", "promoted_from_update_id", "created_at", "updated_at") values ($1, $2, $3, $4, $5, $6, default, $7, $8, $9, default, $10, default, default, default, default, default, default, default, default)
2026-10-03T03:30:12.4886701Z  2026-10-03 03:15:36.065 UTC [219] ERROR:  new row for relation "app_updates" violates check constraint "app_updates_extra_expo_client_check"
2026-10-03T03:30:12.4888378Z  2026-10-03 03:15:36.065 UTC [219] DETAIL:  Failing row contains (01a0ffc2-9000-7176-83f3-3f670a4b921b, d7bc851f-ced1-4504-8fa4-019e4910c33a, 01a0ffc2-8ffc-7d2e-ae01-e5d4e59ccf0a, 01a0ffc2-8ffd-7d68-aa77-c6d8d10dae54, 1.0.0, ios, published, 52fd71ce6af14108b7ed94fdba6c50b52413e136583745d1bb6cd4ad8443565e, bundle, application/javascript, null, {"expoClient": null}, {}, 100, null, null, null, null, 2026-10-03 03:15:36.065+00, 2026-10-03 03:15:36.065+00).
2026-10-03T03:30:12.4891004Z  2026-10-03 03:15:36.065 UTC [219] STATEMENT:  insert into "app_updates" ("id", "update_id", "application_id", "channel_id", "runtime_version", "platform", "status", "launch_asset_sha256", "launch_asset_key", "launch_asset_content_type", "launch_asset_file_extension", "extra", "metadata", "rollout_percent", "git_commit", "git_branch", "message", "promoted_from_update_id", "created_at", "updated_at") values ($1, $2, $3, $4, $5, $6, default, $7, $8, $9, default, $10, default, default, default, default, default, default, default, default)
2026-10-03T03:30:12.4892962Z  2026-10-03 03:15:36.066 UTC [219] ERROR:  new row for relation "app_updates" violates check constraint "app_updates_extra_expo_client_check"
2026-10-03T03:30:12.4894646Z  2026-10-03 03:15:36.066 UTC [219] DETAIL:  Failing row contains (01a0ffc2-9001-728b-a013-2b0b12b9da7b, b12ccbd8-3e62-4b53-91d4-2539646c1873, 01a0ffc2-8ffc-7d2e-ae01-e5d4e59ccf0a, 01a0ffc2-8ffd-7d68-aa77-c6d8d10dae54, 1.0.0, ios, published, 52fd71ce6af14108b7ed94fdba6c50b52413e136583745d1bb6cd4ad8443565e, bundle, application/javascript, null, {"expoClient": "commons"}, {}, 100, null, null, null, null, 2026-10-03 03:15:36.066+00, 2026-10-03 03:15:36.066+00).
2026-10-03T03:30:12.4897286Z  2026-10-03 03:15:36.066 UTC [219] STATEMENT:  insert into "app_updates" ("id", "update_id", "application_id", "channel_id", "runtime_version", "platform", "status", "launch_asset_sha256", "launch_asset_key", "launch_asset_content_type", "launch_asset_file_extension", "extra", "metadata", "rollout_percent", "git_commit", "git_branch", "message", "promoted_from_update_id", "created_at", "updated_at") values ($1, $2, $3, $4, $5, $6, default, $7, $8, $9, default, $10, default, default, default, default, default, default, default, default)
2026-10-03T03:30:12.4899008Z  2026-10-03 03:15:36.075 UTC [219] ERROR:  new row for relation "app_updates" violates check constraint "app_updates_metadata_check"
2026-10-03T03:30:12.4900753Z  2026-10-03 03:15:36.075 UTC [219] DETAIL:  Failing row contains (01a0ffc2-9009-71bd-b258-b242e868217a, e161ee1e-3231-4968-9ad9-b5cb5773003c, 01a0ffc2-9005-7cd1-826e-cb66de844763, 01a0ffc2-9007-77c8-9c96-98e859131442, 1.0.0, ios, published, 11968feb0ad3489dbb61ca5ff324f4b7d07f8d3e57eb4a6f9a2fea479181dab0, bundle, application/javascript, null, {"expoClient": {"name": "Commons", "slug": "commons"}}, [], 100, null, null, null, null, 2026-10-03 03:15:36.073+00, 2026-10-03 03:15:36.073+00).
2026-10-03T03:30:12.4902344Z  2026-10-03 03:15:36.075 UTC [219] STATEMENT:  
2026-10-03T03:30:12.4902719Z  	        update app_updates set metadata = '[]'::jsonb where id = $1
2026-10-03T03:30:12.4903049Z  	      
2026-10-03T03:30:12.4903504Z  2026-10-03 03:15:36.085 UTC [219] ERROR:  new row for relation "app_updates" violates check constraint "app_updates_rollout_percent_check"
2026-10-03T03:30:12.4905157Z  2026-10-03 03:15:36.085 UTC [219] DETAIL:  Failing row contains (01a0ffc2-9013-77cd-aeca-f937a0087c45, 21c32594-7bc9-4296-b8ca-a59d8797a783, 01a0ffc2-900e-7013-b36e-d79b71df37fc, 01a0ffc2-9010-7056-b431-a3708d94d71e, 1.0.0, ios, published, e922d5e0edec4d069fb48a75f8d41966b2ca98fd1ccc417cbb7bed58aca24f80, bundle, application/javascript, null, {"expoClient": {"name": "Commons", "slug": "commons"}}, {}, 101, null, null, null, null, 2026-10-03 03:15:36.083+00, 2026-10-03 03:15:36.084+00).
2026-10-03T03:30:12.4906822Z  2026-10-03 03:15:36.085 UTC [219] STATEMENT:  update "app_updates" set "rollout_percent" = $1, "updated_at" = $2 where "app_updates"."id" = $3
2026-10-03T03:30:12.4907651Z  2026-10-03 03:15:36.091 UTC [219] ERROR:  insert or update on table "app_updates" violates foreign key constraint "app_updates_launch_asset_sha256_update_assets_sha256_fk"
2026-10-03T03:30:12.4908601Z  2026-10-03 03:15:36.091 UTC [219] DETAIL:  Key (launch_asset_sha256)=(2514b6d727e84c32bd6d14c58872ae9d2b5237dae08e4a6c9e2ac918953b6a89) is not present in table "update_assets".
2026-10-03T03:30:12.4910406Z  2026-10-03 03:15:36.091 UTC [219] STATEMENT:  insert into "app_updates" ("id", "update_id", "application_id", "channel_id", "runtime_version", "platform", "status", "launch_asset_sha256", "launch_asset_key", "launch_asset_content_type", "launch_asset_file_extension", "extra", "metadata", "rollout_percent", "git_commit", "git_branch", "message", "promoted_from_update_id", "created_at", "updated_at") values ($1, $2, $3, $4, $5, $6, default, $7, $8, $9, default, $10, default, default, default, default, default, default, default, default)
2026-10-03T03:30:12.4912358Z  2026-10-03 03:15:36.102 UTC [219] ERROR:  insert or update on table "app_updates" violates foreign key constraint "app_updates_promoted_from_update_id_app_updates_update_id_fk"
2026-10-03T03:30:12.4913262Z  2026-10-03 03:15:36.102 UTC [219] DETAIL:  Key (promoted_from_update_id)=(3b94ef92-7a9b-4cf1-b2a2-5afda4fb49ec) is not present in table "app_updates".
2026-10-03T03:30:12.4914973Z  2026-10-03 03:15:36.102 UTC [219] STATEMENT:  insert into "app_updates" ("id", "update_id", "application_id", "channel_id", "runtime_version", "platform", "status", "launch_asset_sha256", "launch_asset_key", "launch_asset_content_type", "launch_asset_file_extension", "extra", "metadata", "rollout_percent", "git_commit", "git_branch", "message", "promoted_from_update_id", "created_at", "updated_at") values ($1, $2, $3, $4, $5, $6, default, $7, $8, $9, default, $10, default, default, default, default, default, $11, default, default)
2026-10-03T03:30:12.4916578Z  2026-10-03 03:15:36.124 UTC [219] ERROR:  duplicate key value violates unique constraint "app_update_assets_pkey"
2026-10-03T03:30:12.4917243Z  2026-10-03 03:15:36.124 UTC [219] DETAIL:  Key (app_update_id, ordinal)=(01a0ffc2-9038-74e1-ae58-8c3b7dded78b, 0) already exists.
2026-10-03T03:30:12.4918072Z  2026-10-03 03:15:36.124 UTC [219] STATEMENT:  insert into "app_update_assets" ("app_update_id", "ordinal", "sha256", "key", "content_type", "file_extension") values ($1, $2, $3, $4, $5, default)
2026-10-03T03:30:12.4918997Z  2026-10-03 03:15:36.132 UTC [219] ERROR:  new row for relation "app_update_assets" violates check constraint "app_update_assets_ordinal_check"
2026-10-03T03:30:12.4919945Z  2026-10-03 03:15:36.132 UTC [219] DETAIL:  Failing row contains (01a0ffc2-9042-7a40-b0bd-350d4ce21a8c, -1, 4d5538863f7f4f069501929fdebf52f414a22029f0a74ef99f618f9b1ed2295f, a, image/png, null).
2026-10-03T03:30:12.4920989Z  2026-10-03 03:15:36.132 UTC [219] STATEMENT:  insert into "app_update_assets" ("app_update_id", "ordinal", "sha256", "key", "content_type", "file_extension") values ($1, $2, $3, $4, $5, default)
2026-10-03T03:30:12.4922071Z  2026-10-03 03:15:36.141 UTC [219] ERROR:  update or delete on table "update_assets" violates foreign key constraint "app_update_assets_sha256_update_assets_sha256_fk" on table "app_update_assets"
2026-10-03T03:30:12.4923135Z  2026-10-03 03:15:36.141 UTC [219] DETAIL:  Key (sha256)=(41362944cb6643b780dcb27e92dd64a7c4b5aa77148b441fbea71761a5faaf35) is still referenced from table "app_update_assets".
2026-10-03T03:30:12.4923921Z  2026-10-03 03:15:36.141 UTC [219] STATEMENT:  delete from "update_assets" where "update_assets"."sha256" = $1
2026-10-03T03:30:12.4924561Z  2026-10-03 03:15:36.156 UTC [219] ERROR:  duplicate key value violates unique constraint "update_channel_rollbacks_pkey"
2026-10-03T03:30:12.4925304Z  2026-10-03 03:15:36.156 UTC [219] DETAIL:  Key (channel_id, runtime_version, platform)=(01a0ffc2-905a-7ba7-9fec-1c1f7de0b651, 1.0.0, ios) already exists.
2026-10-03T03:30:12.4926163Z  2026-10-03 03:15:36.156 UTC [219] STATEMENT:  insert into "update_channel_rollbacks" ("channel_id", "runtime_version", "platform", "commit_time") values ($1, $2, $3, $4)
2026-10-03T03:30:12.4927031Z  2026-10-03 03:15:36.172 UTC [219] ERROR:  new row for relation "update_channel_rollbacks" violates check constraint "update_channel_rollbacks_platform_check"
2026-10-03T03:30:12.4927862Z  2026-10-03 03:15:36.172 UTC [219] DETAIL:  Failing row contains (01a0ffc2-906c-779f-a19b-f0946f68d255, 1.0.0, web, 2026-10-03 03:15:36.172748+00).
2026-10-03T03:30:12.4928413Z  2026-10-03 03:15:36.172 UTC [219] STATEMENT:  
2026-10-03T03:30:12.4928866Z  	        insert into update_channel_rollbacks (channel_id, runtime_version, platform, commit_time)
2026-10-03T03:30:12.4929364Z  	        values ($1, '1.0.0', 'web', now())
2026-10-03T03:30:12.4929644Z  	      
2026-10-03T03:30:12.4930073Z  2026-10-03 03:15:36.184 UTC [219] ERROR:  duplicate key value violates unique constraint "update_channels_application_id_name_key"
2026-10-03T03:30:12.4930942Z  2026-10-03 03:15:36.184 UTC [219] DETAIL:  Key (application_id, name)=(01a0ffc2-9076-73ab-a7e4-a7d97e97974f, production-d087b52b-c3bb-4a87-aded-a26c8eb5c9e0) already exists.
2026-10-03T03:30:12.4931877Z  2026-10-03 03:15:36.184 UTC [219] STATEMENT:  insert into "update_channels" ("id", "application_id", "name", "created_at", "updated_at") values ($1, $2, $3, default, default)
2026-10-03T03:30:12.4932928Z  2026-10-03 03:15:39.245 UTC [228] ERROR:  insert or update on table "usage_reservations" violates foreign key constraint "usage_reservations_application_credential_id_application_creden"
2026-10-03T03:30:12.4933877Z  2026-10-03 03:15:39.245 UTC [228] DETAIL:  Key (application_credential_id)=(wl_893c708deda476199657bb98) is not present in table "application_credentials".
2026-10-03T03:30:12.4936403Z  2026-10-03 03:15:39.245 UTC [228] STATEMENT:  insert into "usage_reservations" ("id", "idempotency_key", "account_id", "application_id", "application_credential_id", "delegated_user_id", "request_id", "environment", "status", "reserved_amount", "currency", "ceiling_price_version_id", "max_output_tokens", "input_tokens", "cached_input_tokens", "output_tokens", "reasoning_tokens", "requests", "images", "audio_input_milliseconds", "audio_output_milliseconds", "video_milliseconds", "characters", "embeddings", "audio_input_tokens", "cached_audio_input_tokens", "audio_output_tokens", "session_milliseconds", "expires_at", "created_at", "updated_at") values ($1, $2, $3, $4, $5, default, $6, $7, default, $8, default, $9, default, $10, $11, $12, $13, $14, $15, $16, $17, $18, $19, $20, $21, $22, $23, $24, $25, default, default)
2026-10-03T03:30:12.4939041Z  2026-10-03 03:15:39.309 UTC [228] ERROR:  update or delete on table "application_credentials" violates foreign key constraint "usage_reservations_application_credential_id_application_creden" on table "usage_reservations"
2026-10-03T03:30:12.4940016Z  2026-10-03 03:15:39.309 UTC [228] DETAIL:  Key (id)=(wl_a5119b308e1a6a8ad1946cb1) is still referenced from table "usage_reservations".
2026-10-03T03:30:12.4940717Z  2026-10-03 03:15:39.309 UTC [228] STATEMENT:  delete from "application_credentials" where "application_credentials"."id" = $1
2026-10-03T03:30:12.4941499Z  2026-10-03 03:15:39.331 UTC [228] ERROR:  new row for relation "application_credentials" violates check constraint "application_credentials_workload_public_key_check"
2026-10-03T03:30:12.4943076Z  2026-10-03 03:15:39.331 UTC [228] DETAIL:  Failing row contains (wl_a1b7a8ff3a03be546b193fc9, 01a0ffc2-9cbe-747e-b6c5-0b6f390efa5c, arn:aws:iam::237343248947:role/oxy-test-62336872, oxy_dk_217557b31c3a4931b77e306e26bbb16d, null, workload, production, {}, active, null, null, null, null, 2026-10-03 03:15:39.331+00, 2026-10-03 03:15:39.331+00, null, null, 01a0ffc2-9cbf-7b6f-b5d1-48be916c9c95).
2026-10-03T03:30:12.4945308Z  2026-10-03 03:15:39.331 UTC [228] STATEMENT:  insert into "application_credentials" ("id", "application_id", "name", "public_key", "secret_hash", "token_prefix", "token_hash", "type", "environment", "scopes", "status", "last_used_at", "expires_at", "rotated_from_credential_id", "created_by_user_id", "workload_identity_id", "created_at", "updated_at") values ($1, $2, $3, $4, default, default, default, $5, $6, default, default, default, default, default, default, $7, default, default)
2026-10-03T03:30:12.4946987Z  2026-10-03 03:15:39.339 UTC [228] ERROR:  new row for relation "application_credentials" violates check constraint "application_credentials_workload_public_key_check"
2026-10-03T03:30:12.4948234Z  2026-10-03 03:15:39.339 UTC [228] DETAIL:  Failing row contains (01a0ffc2-9cca-7edd-a548-f0bf9de529d1, 01a0ffc2-9cc6-7937-94f5-717f2e93319b, secretless service, null, null, service, production, {}, active, null, null, null, null, 2026-10-03 03:15:39.339+00, 2026-10-03 03:15:39.339+00, null, null, null).
2026-10-03T03:30:12.4950407Z  2026-10-03 03:15:39.339 UTC [228] STATEMENT:  insert into "application_credentials" ("id", "application_id", "name", "public_key", "secret_hash", "token_prefix", "token_hash", "type", "environment", "scopes", "status", "last_used_at", "expires_at", "rotated_from_credential_id", "created_by_user_id", "workload_identity_id", "created_at", "updated_at") values ($1, $2, $3, $4, default, default, default, $5, $6, default, default, default, default, default, default, default, default, default)
2026-10-03T03:30:12.4952111Z  2026-10-03 03:15:39.347 UTC [228] ERROR:  new row for relation "application_credentials" violates check constraint "application_credentials_workload_inert_check"
2026-10-03T03:30:12.4953452Z  2026-10-03 03:15:39.347 UTC [228] DETAIL:  Failing row contains (wl_3b449ad3aac0b02e6e323bba, 01a0ffc2-9cce-7ffd-aa1d-a41d4a3f44b2, arn:aws:iam::237343248947:role/oxy-test-2898c4e2, null, aaaaaaaaaaaaaaaaaaaaaaaaaaaaaaaaaaaaaaaaaaaaaaaaaaaaaaaaaaaaaaaa, workload, production, {}, active, null, null, null, null, 2026-10-03 03:15:39.346+00, 2026-10-03 03:15:39.346+00, null, null, 01a0ffc2-9ccf-7752-8728-aca75e3a9ad9).
2026-10-03T03:30:12.4955447Z  2026-10-03 03:15:39.347 UTC [228] STATEMENT:  insert into "application_credentials" ("id", "application_id", "name", "public_key", "secret_hash", "token_prefix", "token_hash", "type", "environment", "scopes", "status", "last_used_at", "expires_at", "rotated_from_credential_id", "created_by_user_id", "workload_identity_id", "created_at", "updated_at") values ($1, $2, $3, $4, $5, default, default, $6, $7, default, default, default, default, default, default, $8, default, default)
2026-10-03T03:30:12.4956848Z  2026-10-03 03:15:39.353 UTC [228] ERROR:  new row for relation "application_credentials" violates check constraint "application_credentials_workload_inert_check"
2026-10-03T03:30:12.4957999Z  2026-10-03 03:15:39.353 UTC [228] DETAIL:  Failing row contains (wl_8ae21ae074ac476716dc1768, 01a0ffc2-9cd5-7461-b79f-e104f57241a8, arn:aws:iam::237343248947:role/oxy-test-76523cb1, null, null, workload, production, {inference:invoke}, active, null, null, null, null, 2026-10-03 03:15:39.353+00, 2026-10-03 03:15:39.353+00, null, null, 01a0ffc2-9cd6-745a-8522-2689deb2ee4d).
2026-10-03T03:30:12.4959791Z  2026-10-03 03:15:39.353 UTC [228] STATEMENT:  insert into "application_credentials" ("id", "application_id", "name", "public_key", "secret_hash", "token_prefix", "token_hash", "type", "environment", "scopes", "status", "last_used_at", "expires_at", "rotated_from_credential_id", "created_by_user_id", "workload_identity_id", "created_at", "updated_at") values ($1, $2, $3, $4, default, default, default, $5, $6, $7, default, default, default, default, default, $8, default, default)
2026-10-03T03:30:12.4961188Z  2026-10-03 03:15:39.360 UTC [228] ERROR:  new row for relation "application_credentials" violates check constraint "application_credentials_workload_handle_id_check"
2026-10-03T03:30:12.4962422Z  2026-10-03 03:15:39.360 UTC [228] DETAIL:  Failing row contains (01a0ffc2-9ce0-7fac-89fc-474b30ad939d, 01a0ffc2-9cdc-73e3-9d64-205dac730cce, arn:aws:iam::237343248947:role/oxy-test-850a342c, null, null, workload, production, {}, active, null, null, null, null, 2026-10-03 03:15:39.36+00, 2026-10-03 03:15:39.36+00, null, null, 01a0ffc2-9cdd-7dc5-a69e-3811d4795d25).
2026-10-03T03:30:12.4964205Z  2026-10-03 03:15:39.360 UTC [228] STATEMENT:  insert into "application_credentials" ("id", "application_id", "name", "public_key", "secret_hash", "token_prefix", "token_hash", "type", "environment", "scopes", "status", "last_used_at", "expires_at", "rotated_from_credential_id", "created_by_user_id", "workload_identity_id", "created_at", "updated_at") values ($1, $2, $3, $4, default, default, default, $5, $6, default, default, default, default, default, default, $7, default, default)
2026-10-03T03:30:12.4965589Z  2026-10-03 03:15:39.368 UTC [228] ERROR:  new row for relation "application_credentials" violates check constraint "application_credentials_workload_handle_id_check"
2026-10-03T03:30:12.4966709Z  2026-10-03 03:15:39.368 UTC [228] DETAIL:  Failing row contains (wl_000000000000000000000000, 01a0ffc2-9ce3-7169-8f9a-26831c36e286, impostor, oxy_dk_53eea86235a64ff9b116974f3a0c6b89, null, service, production, {}, active, null, null, null, null, 2026-10-03 03:15:39.368+00, 2026-10-03 03:15:39.368+00, null, null, null).
2026-10-03T03:30:12.4968397Z  2026-10-03 03:15:39.368 UTC [228] STATEMENT:  insert into "application_credentials" ("id", "application_id", "name", "public_key", "secret_hash", "token_prefix", "token_hash", "type", "environment", "scopes", "status", "last_used_at", "expires_at", "rotated_from_credential_id", "created_by_user_id", "workload_identity_id", "created_at", "updated_at") values ($1, $2, $3, $4, default, default, default, $5, $6, default, default, default, default, default, default, default, default, default)
2026-10-03T03:30:12.4969781Z  2026-10-03 03:15:39.376 UTC [228] ERROR:  new row for relation "application_credentials" violates check constraint "application_credentials_workload_identity_only_check"
2026-10-03T03:30:12.4970976Z  2026-10-03 03:15:39.376 UTC [228] DETAIL:  Failing row contains (01a0ffc2-9cef-70c9-86df-9cd76a91d2b4, 01a0ffc2-9ceb-7f8a-b561-e4f38e5e6410, service with a binding, oxy_dk_c0410543ff684b4ca54778f5472f6a57, null, service, production, {}, active, null, null, null, null, 2026-10-03 03:15:39.375+00, 2026-10-03 03:15:39.375+00, null, null, 01a0ffc2-9cec-7752-8403-ed357ab881f5).
2026-10-03T03:30:12.4972897Z  2026-10-03 03:15:39.376 UTC [228] STATEMENT:  insert into "application_credentials" ("id", "application_id", "name", "public_key", "secret_hash", "token_prefix", "token_hash", "type", "environment", "scopes", "status", "last_used_at", "expires_at", "rotated_from_credential_id", "created_by_user_id", "workload_identity_id", "created_at", "updated_at") values ($1, $2, $3, $4, default, default, default, $5, $6, default, default, default, default, default, default, $7, default, default)
2026-10-03T03:30:12.4974212Z  2026-10-03 03:15:39.385 UTC [228] ERROR:  duplicate key value violates unique constraint "application_credentials_workload_identity_id_key"
2026-10-03T03:30:12.4974810Z  2026-10-03 03:15:39.385 UTC [228] DETAIL:  Key (workload_identity_id)=(01a0ffc2-9cf3-7e3c-bd8f-15421a5bcbe5) already exists.
2026-10-03T03:30:12.4976080Z  2026-10-03 03:15:39.385 UTC [228] STATEMENT:  insert into "application_credentials" ("id", "application_id", "name", "public_key", "secret_hash", "token_prefix", "token_hash", "type", "environment", "scopes", "status", "last_used_at", "expires_at", "rotated_from_credential_id", "created_by_user_id", "workload_identity_id", "created_at", "updated_at") values ($1, $2, $3, $4, default, default, default, $5, $6, default, default, default, default, default, default, $7, default, default)
2026-10-03T03:30:12.4977245Z  2026-10-03 03:15:39.455 UTC [69] LOG:  checkpoint starting: immediate force wait
2026-10-03T03:30:12.4978081Z  2026-10-03 03:15:39.664 UTC [69] LOG:  checkpoint complete: wrote 4566 buffers (27.9%); 0 WAL file(s) added, 0 removed, 4 recycled; write=0.176 s, sync=0.031 s, total=0.209 s; sync files=1977, longest=0.010 s, average=0.001 s; distance=65646 kB, estimate=65646 kB; lsn=0/76F2E40, redo lsn=0/76F2DE8
2026-10-03T03:30:12.4979001Z  2026-10-03 03:16:04.284 UTC [291] ERROR:  new row for relation "app_reviews" violates check constraint "app_reviews_rating_range"
2026-10-03T03:30:12.4979876Z  2026-10-03 03:16:04.284 UTC [291] DETAIL:  Failing row contains (01a0ffc2-fe3b-7b4a-82dd-27b412f3d603, 01a0ffc2-fe35-7d4c-9f14-b969a7f9d7fb, 01a0ffc2-fe38-74bc-95f1-865c65793b11, 9, null, null, visible, 2026-10-03 03:16:04.283+00, 2026-10-03 03:16:04.283+00).
2026-10-03T03:30:12.4981293Z  2026-10-03 03:16:04.284 UTC [291] STATEMENT:  insert into "app_reviews" ("id", "application_id", "user_id", "rating", "title", "body", "status", "created_at", "updated_at") values ($1, $2, $3, $4, $5, $6, default, default, default) on conflict ("application_id","user_id") do update set "rating" = $7, "title" = $8, "body" = $9, "updated_at" = $10 returning "id", "rating", "title", "body", "status", "created_at", "updated_at"
2026-10-03T03:30:12.4982498Z  2026-10-03 03:16:07.593 UTC [317] ERROR:  duplicate key value violates unique constraint "users_lower_username_key"
2026-10-03T03:30:12.4983020Z  2026-10-03 03:16:07.593 UTC [317] DETAIL:  Key (lower(btrim(username)))=(forced15zmurtl98x) already exists.
2026-10-03T03:30:12.4993688Z  2026-10-03 03:16:07.593 UTC [317] STATEMENT:  insert into "users" ("id", "username", "email", "phone", "public_key", "refresh_token", "name_first", "name_last", "name_display", "kind", "account_categories", "parent_account_id", "root_account_id", "account_status", "type", "federation_actor_uri", "federation_domain", "federation_actor_id", "federation_last_avatar_fetched_at", "federation_avatar_e_tag", "federation_avatar_last_modified", "federation_avatar_retry_at", "federation_avatar_attempts", "federation_avatar_failure", "federation_last_resolved_at", "federation_unavailable_at", "federation_unavailable_reason", "automation_owner_id", "verified", "reputation_rank_weight", "reputation_tier", "is_staff", "staff_capabilities", "is_seed_verifier", "is_sensitive", "languages", "avatar", "color", "bio", "description", "address", "birthday", "date_of_birth", "links", "account_expires_after_inactivity_days", "privacy_is_private_account", "privacy_hide_online_status", "privacy_hide_last_seen", "privacy_profile_visibility", "privacy_login_alerts", "privacy_block_screenshots", "privacy_login", "privacy_biometric_login", "privacy_show_activity", "privacy_allow_tagging", "privacy_allow_mentions", "privacy_hide_read_receipts", "privacy_allow_direct_messages", "privacy_data_sharing", "privacy_location_sharing", "privacy_analytics_sharing", "privacy_sensitive_content", "privacy_auto_filter", "privacy_mute_keywords", "privacy_discoverable_by_email", "privacy_discoverable_by_phone", "privacy_fediverse_sharing", "email_signature", "auto_reply_enabled", "auto_reply_subject", "auto_reply_body", "auto_reply_start_date", "auto_reply_end_date", "auto_forward_to", "auto_forward_keep_copy", "notification_push_enabled", "notification_email_digest", "notification_security_alerts", "notification_marketing_emails", "preference_language", "preference_theme", "preference_reduce_motion", "preference_timezone", "theme_preference_mode", "theme_preference_color_preset", "created_at", "updated_at") values ($1, $2, default, default, default, default, default, default, default, $3, default, $4, $5, $6, $7, default, default, default, default, default, default, default, default, default, default, default, default, default, $8, default, default, default, default, default, default, default, default, $9, default, default, default, default, default, default, default, default, default, default, default, default, default, default, default, default, default, default, default, default, default, default, default, default, default, default, default, default, default, default, default, default, default, default, default, default, default, default, default, default, default, default, default, default, default, default, default, default, default) returning "id", "username", "email", "phone", "hashed_email", "hashed_phone", "public_key", "refresh_token", "name_first", "name_last", "name_display", "kind", "account_categories", "parent_account_id", "root_account_id", "account_status", "type", "federation_actor_uri", "federation_domain", "federation_actor_id", "federation_last_avatar_fetched_at", "federation_avatar_e_tag", "federation_avatar_last_modified", "federation_avatar_retry_at", "federation_avatar_attempts", "federation_avatar_failure", "federation_last_resolved_at", "federation_unavailable_at", "federation_unavailable_reason", "automation_owner_id", "verified", "reputation_rank_weight", "reputation_tier", "is_staff", "staff_capabilities", "is_seed_verifier", "is_sensitive", "languages", "avatar", "color", "bio", "description", "address", "birthday", "date_of_birth", "links", "account_expires_after_inactivity_days", "privacy_is_private_account", "privacy_hide_online_status", "privacy_hide_last_seen", "privacy_profile_visibility", "privacy_login_alerts", "privacy_block_screenshots", "privacy_login", "privacy_biometric_login", "privacy_show_activity", "privacy_allow_tagging", "privacy_allow_mentions", "privacy_hide_read_receipts", "privacy_allow_direct_messages", "privacy_data_sharing", "privacy_location_sharing", "privacy_analytics_sharing", "privacy_sensitive_content", "privacy_auto_filter", "privacy_mute_keywords", "privacy_discoverable_by_email", "privacy_discoverable_by_phone", "privacy_fediverse_sharing", "email_signature", "auto_reply_enabled", "auto_reply_subject", "auto_reply_body", "auto_reply_start_date", "auto_reply_end_date", "auto_forward_to", "auto_forward_keep_copy", "notification_push_enabled", "notification_email_digest", "notification_security_alerts", "notification_marketing_emails", "preference_language", "preference_theme", "preference_reduce_motion", "preference_timezone", "theme_preference_mode", "theme_preference_color_preset", "created_at", "updated_at"
2026-10-03T03:30:12.5004836Z  2026-10-03 03:16:07.633 UTC [317] ERROR:  duplicate key value violates unique constraint "users_lower_username_key"
2026-10-03T03:30:12.5005355Z  2026-10-03 03:16:07.633 UTC [317] DETAIL:  Key (lower(btrim(username)))=(race17zmurtl99r) already exists.
2026-10-03T03:30:12.5015641Z  2026-10-03 03:16:07.633 UTC [317] STATEMENT:  insert into "users" ("id", "username", "email", "phone", "public_key", "refresh_token", "name_first", "name_last", "name_display", "kind", "account_categories", "parent_account_id", "root_account_id", "account_status", "type", "federation_actor_uri", "federation_domain", "federation_actor_id", "federation_last_avatar_fetched_at", "federation_avatar_e_tag", "federation_avatar_last_modified", "federation_avatar_retry_at", "federation_avatar_attempts", "federation_avatar_failure", "federation_last_resolved_at", "federation_unavailable_at", "federation_unavailable_reason", "automation_owner_id", "verified", "reputation_rank_weight", "reputation_tier", "is_staff", "staff_capabilities", "is_seed_verifier", "is_sensitive", "languages", "avatar", "color", "bio", "description", "address", "birthday", "date_of_birth", "links", "account_expires_after_inactivity_days", "privacy_is_private_account", "privacy_hide_online_status", "privacy_hide_last_seen", "privacy_profile_visibility", "privacy_login_alerts", "privacy_block_screenshots", "privacy_login", "privacy_biometric_login", "privacy_show_activity", "privacy_allow_tagging", "privacy_allow_mentions", "privacy_hide_read_receipts", "privacy_allow_direct_messages", "privacy_data_sharing", "privacy_location_sharing", "privacy_analytics_sharing", "privacy_sensitive_content", "privacy_auto_filter", "privacy_mute_keywords", "privacy_discoverable_by_email", "privacy_discoverable_by_phone", "privacy_fediverse_sharing", "email_signature", "auto_reply_enabled", "auto_reply_subject", "auto_reply_body", "auto_reply_start_date", "auto_reply_end_date", "auto_forward_to", "auto_forward_keep_copy", "notification_push_enabled", "notification_email_digest", "notification_security_alerts", "notification_marketing_emails", "preference_language", "preference_theme", "preference_reduce_motion", "preference_timezone", "theme_preference_mode", "theme_preference_color_preset", "created_at", "updated_at") values ($1, $2, default, default, default, default, default, default, default, $3, default, $4, $5, $6, $7, default, default, default, default, default, default, default, default, default, default, default, default, default, $8, default, default, default, default, default, default, default, default, $9, default, default, default, default, default, default, default, default, default, default, default, default, default, default, default, default, default, default, default, default, default, default, default, default, default, default, default, default, default, default, default, default, default, default, default, default, default, default, default, default, default, default, default, default, default, default, default, default, default) returning "id", "username", "email", "phone", "hashed_email", "hashed_phone", "public_key", "refresh_token", "name_first", "name_last", "name_display", "kind", "account_categories", "parent_account_id", "root_account_id", "account_status", "type", "federation_actor_uri", "federation_domain", "federation_actor_id", "federation_last_avatar_fetched_at", "federation_avatar_e_tag", "federation_avatar_last_modified", "federation_avatar_retry_at", "federation_avatar_attempts", "federation_avatar_failure", "federation_last_resolved_at", "federation_unavailable_at", "federation_unavailable_reason", "automation_owner_id", "verified", "reputation_rank_weight", "reputation_tier", "is_staff", "staff_capabilities", "is_seed_verifier", "is_sensitive", "languages", "avatar", "color", "bio", "description", "address", "birthday", "date_of_birth", "links", "account_expires_after_inactivity_days", "privacy_is_private_account", "privacy_hide_online_status", "privacy_hide_last_seen", "privacy_profile_visibility", "privacy_login_alerts", "privacy_block_screenshots", "privacy_login", "privacy_biometric_login", "privacy_show_activity", "privacy_allow_tagging", "privacy_allow_mentions", "privacy_hide_read_receipts", "privacy_allow_direct_messages", "privacy_data_sharing", "privacy_location_sharing", "privacy_analytics_sharing", "privacy_sensitive_content", "privacy_auto_filter", "privacy_mute_keywords", "privacy_discoverable_by_email", "privacy_discoverable_by_phone", "privacy_fediverse_sharing", "email_signature", "auto_reply_enabled", "auto_reply_subject", "auto_reply_body", "auto_reply_start_date", "auto_reply_end_date", "auto_forward_to", "auto_forward_keep_copy", "notification_push_enabled", "notification_email_digest", "notification_security_alerts", "notification_marketing_emails", "preference_language", "preference_theme", "preference_reduce_motion", "preference_timezone", "theme_preference_mode", "theme_preference_color_preset", "created_at", "updated_at"
2026-10-03T03:30:12.5026433Z  2026-10-03 03:16:07.633 UTC [318] ERROR:  duplicate key value violates unique constraint "users_lower_username_key"
2026-10-03T03:30:12.5026938Z  2026-10-03 03:16:07.633 UTC [318] DETAIL:  Key (lower(btrim(username)))=(race17zmurtl99r) already exists.
2026-10-03T03:30:12.5037335Z  2026-10-03 03:16:07.633 UTC [318] STATEMENT:  insert into "users" ("id", "username", "email", "phone", "public_key", "refresh_token", "name_first", "name_last", "name_display", "kind", "account_categories", "parent_account_id", "root_account_id", "account_status", "type", "federation_actor_uri", "federation_domain", "federation_actor_id", "federation_last_avatar_fetched_at", "federation_avatar_e_tag", "federation_avatar_last_modified", "federation_avatar_retry_at", "federation_avatar_attempts", "federation_avatar_failure", "federation_last_resolved_at", "federation_unavailable_at", "federation_unavailable_reason", "automation_owner_id", "verified", "reputation_rank_weight", "reputation_tier", "is_staff", "staff_capabilities", "is_seed_verifier", "is_sensitive", "languages", "avatar", "color", "bio", "description", "address", "birthday", "date_of_birth", "links", "account_expires_after_inactivity_days", "privacy_is_private_account", "privacy_hide_online_status", "privacy_hide_last_seen", "privacy_profile_visibility", "privacy_login_alerts", "privacy_block_screenshots", "privacy_login", "privacy_biometric_login", "privacy_show_activity", "privacy_allow_tagging", "privacy_allow_mentions", "privacy_hide_read_receipts", "privacy_allow_direct_messages", "privacy_data_sharing", "privacy_location_sharing", "privacy_analytics_sharing", "privacy_sensitive_content", "privacy_auto_filter", "privacy_mute_keywords", "privacy_discoverable_by_email", "privacy_discoverable_by_phone", "privacy_fediverse_sharing", "email_signature", "auto_reply_enabled", "auto_reply_subject", "auto_reply_body", "auto_reply_start_date", "auto_reply_end_date", "auto_forward_to", "auto_forward_keep_copy", "notification_push_enabled", "notification_email_digest", "notification_security_alerts", "notification_marketing_emails", "preference_language", "preference_theme", "preference_reduce_motion", "preference_timezone", "theme_preference_mode", "theme_preference_color_preset", "created_at", "updated_at") values ($1, $2, default, default, default, default, default, default, default, $3, default, $4, $5, $6, $7, default, default, default, default, default, default, default, default, default, default, default, default, default, $8, default, default, default, default, default, default, default, default, $9, default, default, default, default, default, default, default, default, default, default, default, default, default, default, default, default, default, default, default, default, default, default, default, default, default, default, default, default, default, default, default, default, default, default, default, default, default, default, default, default, default, default, default, default, default, default, default, default, default) returning "id", "username", "email", "phone", "hashed_email", "hashed_phone", "public_key", "refresh_token", "name_first", "name_last", "name_display", "kind", "account_categories", "parent_account_id", "root_account_id", "account_status", "type", "federation_actor_uri", "federation_domain", "federation_actor_id", "federation_last_avatar_fetched_at", "federation_avatar_e_tag", "federation_avatar_last_modified", "federation_avatar_retry_at", "federation_avatar_attempts", "federation_avatar_failure", "federation_last_resolved_at", "federation_unavailable_at", "federation_unavailable_reason", "automation_owner_id", "verified", "reputation_rank_weight", "reputation_tier", "is_staff", "staff_capabilities", "is_seed_verifier", "is_sensitive", "languages", "avatar", "color", "bio", "description", "address", "birthday", "date_of_birth", "links", "account_expires_after_inactivity_days", "privacy_is_private_account", "privacy_hide_online_status", "privacy_hide_last_seen", "privacy_profile_visibility", "privacy_login_alerts", "privacy_block_screenshots", "privacy_login", "privacy_biometric_login", "privacy_show_activity", "privacy_allow_tagging", "privacy_allow_mentions", "privacy_hide_read_receipts", "privacy_allow_direct_messages", "privacy_data_sharing", "privacy_location_sharing", "privacy_analytics_sharing", "privacy_sensitive_content", "privacy_auto_filter", "privacy_mute_keywords", "privacy_discoverable_by_email", "privacy_discoverable_by_phone", "privacy_fediverse_sharing", "email_signature", "auto_reply_enabled", "auto_reply_subject", "auto_reply_body", "auto_reply_start_date", "auto_reply_end_date", "auto_forward_to", "auto_forward_keep_copy", "notification_push_enabled", "notification_email_digest", "notification_security_alerts", "notification_marketing_emails", "preference_language", "preference_theme", "preference_reduce_motion", "preference_timezone", "theme_preference_mode", "theme_preference_color_preset", "created_at", "updated_at"
2026-10-03T03:30:12.5047932Z  2026-10-03 03:16:07.646 UTC [321] ERROR:  duplicate key value violates unique constraint "users_lower_email_key"
2026-10-03T03:30:12.5048449Z  2026-10-03 03:16:07.646 UTC [321] DETAIL:  Key (lower(btrim(email)))=(dup19zmurtl9av@example.com) already exists.
2026-10-03T03:30:12.5048960Z  2026-10-03 03:16:07.646 UTC [321] STATEMENT:  update "users" set "email" = $1, "updated_at" = $2 where "users"."id" = $3
2026-10-03T03:30:12.5049507Z  2026-10-03 03:16:10.742 UTC [330] ERROR:  duplicate key value violates unique constraint "app_listings_application_id_key"
2026-10-03T03:30:12.5050107Z  2026-10-03 03:16:10.742 UTC [330] DETAIL:  Key (application_id)=(01a0ffc3-1771-7505-81ac-99fddaf4440b) already exists.
2026-10-03T03:30:12.5051135Z  2026-10-03 03:16:10.742 UTC [330] STATEMENT:  insert into "app_listings" ("id", "application_id", "slug", "tagline", "description", "category_id", "support_url", "support_email", "status", "published_at", "created_at", "updated_at") values ($1, $2, $3, default, default, default, default, default, default, default, default, default) returning "id"
2026-10-03T03:30:12.5052328Z  2026-10-03 03:16:10.750 UTC [330] ERROR:  duplicate key value violates unique constraint "app_listings_slug_unique"
2026-10-03T03:30:12.5052843Z  2026-10-03 03:16:10.750 UTC [330] DETAIL:  Key (slug)=(dup-1fc0f68f) already exists.
2026-10-03T03:30:12.5053894Z  2026-10-03 03:16:10.750 UTC [330] STATEMENT:  insert into "app_listings" ("id", "application_id", "slug", "tagline", "description", "category_id", "support_url", "support_email", "status", "published_at", "created_at", "updated_at") values ($1, $2, $3, default, default, default, default, default, default, default, default, default)
2026-10-03T03:30:12.5055131Z  2026-10-03 03:16:10.785 UTC [330] ERROR:  update or delete on table "files" violates foreign key constraint "app_listing_screenshots_file_id_files_id_fk" on table "app_listing_screenshots"
2026-10-03T03:30:12.5055951Z  2026-10-03 03:16:10.785 UTC [330] DETAIL:  Key (id)=(01a0ffc3-179e-77da-b7da-06b090599b75) is still referenced from table "app_listing_screenshots".
2026-10-03T03:30:12.5056516Z  2026-10-03 03:16:10.785 UTC [330] STATEMENT:  delete from "files" where "files"."id" = $1
2026-10-03T03:30:12.5057053Z  2026-10-03 03:16:10.790 UTC [330] ERROR:  new row for relation "app_reviews" violates check constraint "app_reviews_rating_range"
2026-10-03T03:30:12.5057953Z  2026-10-03 03:16:10.790 UTC [330] DETAIL:  Failing row contains (01a0ffc3-17a6-7344-a207-337abc18041a, 01a0ffc3-17a4-7392-ad28-b433ceabd063, 01a0ffc3-17a2-7cd4-b1c1-3c1fa9fbb07c, 0, null, Fine., visible, 2026-10-03 03:16:10.79+00, 2026-10-03 03:16:10.79+00).
2026-10-03T03:30:12.5059082Z  2026-10-03 03:16:10.790 UTC [330] STATEMENT:  insert into "app_reviews" ("id", "application_id", "user_id", "rating", "title", "body", "status", "created_at", "updated_at") values ($1, $2, $3, $4, default, $5, default, default, default) returning "id"
2026-10-03T03:30:12.5059877Z  2026-10-03 03:16:10.796 UTC [330] ERROR:  new row for relation "app_reviews" violates check constraint "app_reviews_rating_range"
2026-10-03T03:30:12.5060753Z  2026-10-03 03:16:10.796 UTC [330] DETAIL:  Failing row contains (01a0ffc3-17ab-7d1d-a400-5b51f698db88, 01a0ffc3-17a9-7fb9-8364-a99f4ecad3df, 01a0ffc3-17a7-774e-918a-41b034df8c70, 6, null, Fine., visible, 2026-10-03 03:16:10.796+00, 2026-10-03 03:16:10.796+00).
2026-10-03T03:30:12.5061834Z  2026-10-03 03:16:10.796 UTC [330] STATEMENT:  insert into "app_reviews" ("id", "application_id", "user_id", "rating", "title", "body", "status", "created_at", "updated_at") values ($1, $2, $3, $4, default, $5, default, default, default) returning "id"
2026-10-03T03:30:12.5062704Z  2026-10-03 03:16:10.801 UTC [330] ERROR:  new row for relation "app_reviews" violates check constraint "app_reviews_rating_range"
2026-10-03T03:30:12.5063604Z  2026-10-03 03:16:10.801 UTC [330] DETAIL:  Failing row contains (01a0ffc3-17b0-7bad-8c8f-bdf470ae99b3, 01a0ffc3-17af-754f-ad24-cc819b18ef2f, 01a0ffc3-17ad-7890-88d7-5e6b5b942373, -1, null, Fine., visible, 2026-10-03 03:16:10.801+00, 2026-10-03 03:16:10.801+00).
2026-10-03T03:30:12.5064708Z  2026-10-03 03:16:10.801 UTC [330] STATEMENT:  insert into "app_reviews" ("id", "application_id", "user_id", "rating", "title", "body", "status", "created_at", "updated_at") values ($1, $2, $3, $4, default, $5, default, default, default) returning "id"
2026-10-03T03:30:12.5065519Z  2026-10-03 03:16:10.822 UTC [330] ERROR:  duplicate key value violates unique constraint "app_reviews_application_id_user_id_key"
2026-10-03T03:30:12.5066194Z  2026-10-03 03:16:10.822 UTC [330] DETAIL:  Key (application_id, user_id)=(01a0ffc3-17c3-77d3-a2f9-7b41dabd7a12, 01a0ffc3-17c1-753a-ba4d-58400c990ac2) already exists.
2026-10-03T03:30:12.5067083Z  2026-10-03 03:16:10.822 UTC [330] STATEMENT:  insert into "app_reviews" ("id", "application_id", "user_id", "rating", "title", "body", "status", "created_at", "updated_at") values ($1, $2, $3, $4, default, $5, default, default, default) returning "id"
2026-10-03T03:30:12.5067879Z  2026-10-03 03:16:10.848 UTC [330] ERROR:  duplicate key value violates unique constraint "app_review_replies_review_id_key"
2026-10-03T03:30:12.5068493Z  2026-10-03 03:16:10.848 UTC [330] DETAIL:  Key (review_id)=(01a0ffc3-17de-7d12-92d1-6aa7ad3168dd) already exists.
2026-10-03T03:30:12.5069149Z  2026-10-03 03:16:10.848 UTC [330] STATEMENT:  insert into "app_review_replies" ("id", "review_id", "author_user_id", "body", "created_at", "updated_at") values ($1, $2, $3, $4, default, default)
2026-10-03T03:30:12.5069865Z  2026-10-03 03:16:16.629 UTC [353] ERROR:  new row for relation "family_members" violates check constraint "family_members_role_check"
2026-10-03T03:30:12.5070758Z  2026-10-03 03:16:16.629 UTC [353] DETAIL:  Failing row contains (93d67e6d-4c18-4218-93fd-282a2f90d04b, 01a0ffc3-2e6e-717e-a5e0-7f15e09b4b38, 01a0ffc3-2e71-790d-90e7-71bc11ff6efc, admin, active, null, null, 2026-10-03 03:16:16.628+00, 2026-10-03 03:16:16.628+00).
2026-10-03T03:30:12.5071501Z  2026-10-03 03:16:16.629 UTC [353] STATEMENT:  
2026-10-03T03:30:12.5071835Z  	        insert into family_members (id, family_id, member_user_id, role, status)
2026-10-03T03:30:12.5072234Z  	        values ($1, $2, $3, 'admin', 'active')
2026-10-03T03:30:12.5072474Z  	      
2026-10-03T03:30:12.5072850Z  2026-10-03 03:16:16.634 UTC [353] ERROR:  new row for relation "family_members" violates check constraint "family_members_status_check"
2026-10-03T03:30:12.5073753Z  2026-10-03 03:16:16.634 UTC [353] DETAIL:  Failing row contains (fdd6dde2-4b36-4412-bb62-d8550fb0d864, 01a0ffc3-2e76-72e0-8f59-6be5c486a268, 01a0ffc3-2e78-75e3-9bfb-c1929f5dd215, member, pending, null, null, 2026-10-03 03:16:16.633+00, 2026-10-03 03:16:16.633+00).
2026-10-03T03:30:12.5074503Z  2026-10-03 03:16:16.634 UTC [353] STATEMENT:  
2026-10-03T03:30:12.5074827Z  	        insert into family_members (id, family_id, member_user_id, role, status)
2026-10-03T03:30:12.5075213Z  	        values ($1, $2, $3, 'member', 'pending')
2026-10-03T03:30:12.5075449Z  	      
2026-10-03T03:30:12.5075823Z  2026-10-03 03:16:16.641 UTC [353] ERROR:  duplicate key value violates unique constraint "family_members_family_id_member_user_id_key"
2026-10-03T03:30:12.5076511Z  2026-10-03 03:16:16.641 UTC [353] DETAIL:  Key (family_id, member_user_id)=(01a0ffc3-2e7b-76c0-9de7-d5a844c223c1, 01a0ffc3-2e7c-78c3-a2f9-4f24bb9547c8) already exists.
2026-10-03T03:30:12.5077420Z  2026-10-03 03:16:16.641 UTC [353] STATEMENT:  insert into "family_members" ("id", "family_id", "member_user_id", "role", "status", "invited_by_user_id", "joined_at", "created_at", "updated_at") values ($1, $2, $3, $4, $5, default, default, default, default)
2026-10-03T03:30:12.5078236Z  2026-10-03 03:16:16.662 UTC [353] ERROR:  duplicate key value violates unique constraint "family_members_family_id_organizer_key"
2026-10-03T03:30:12.5078788Z  2026-10-03 03:16:16.662 UTC [353] DETAIL:  Key (family_id)=(01a0ffc3-2e90-7634-a36b-d206e399d914) already exists.
2026-10-03T03:30:12.5079549Z  2026-10-03 03:16:16.662 UTC [353] STATEMENT:  insert into "family_members" ("id", "family_id", "member_user_id", "role", "status", "invited_by_user_id", "joined_at", "created_at", "updated_at") values ($1, $2, $3, $4, $5, default, default, default, default)
2026-10-03T03:30:12.5080271Z  2026-10-03 03:16:38.486 UTC [69] LOG:  checkpoint starting: immediate force wait
2026-10-03T03:30:12.5081076Z  2026-10-03 03:16:38.490 UTC [69] LOG:  checkpoint complete: wrote 68 buffers (0.4%); 0 WAL file(s) added, 0 removed, 0 recycled; write=0.002 s, sync=0.001 s, total=0.004 s; sync files=14, longest=0.001 s, average=0.001 s; distance=5028 kB, estimate=59584 kB; lsn=0/7BDBFC0, redo lsn=0/7BDBF68
2026-10-03T03:30:12.5081852Z  2026-10-03 03:21:38.579 UTC [69] LOG:  checkpoint starting: time
2026-10-03T03:30:12.5082675Z  2026-10-03 03:21:38.682 UTC [69] LOG:  checkpoint complete: wrote 2 buffers (0.0%); 0 WAL file(s) added, 0 removed, 0 recycled; write=0.101 s, sync=0.001 s, total=0.103 s; sync files=2, longest=0.001 s, average=0.001 s; distance=0 kB, estimate=53625 kB; lsn=0/7BDC170, redo lsn=0/7BDC118
2026-10-03T03:30:12.5083462Z  
2026-10-03T03:30:12.5083637Z  
2026-10-03T03:30:12.5083943Z  /usr/local/bin/docker-entrypoint.sh: sourcing /docker-entrypoint-initdb.d/10_postgis.sh
2026-10-03T03:30:12.5084306Z  CREATE DATABASE
2026-10-03T03:30:12.5084530Z  Loading PostGIS extensions into template_postgis
2026-10-03T03:30:12.5084786Z  CREATE EXTENSION
2026-10-03T03:30:12.5084986Z  CREATE EXTENSION
2026-10-03T03:30:12.5085245Z  You are now connected to database "template_postgis" as user "oxy".
2026-10-03T03:30:12.5085542Z  DO
2026-10-03T03:30:12.5085733Z  Loading PostGIS extensions into oxy_test
2026-10-03T03:30:12.5085978Z  CREATE EXTENSION
2026-10-03T03:30:12.5086160Z  CREATE EXTENSION
2026-10-03T03:30:12.5086393Z  You are now connected to database "oxy_test" as user "oxy".
2026-10-03T03:30:12.5086665Z  DO
2026-10-03T03:30:12.5086830Z  
2026-10-03T03:30:12.5087141Z  waiting for server to shut down...2026-10-03 03:13:25.500 UTC [47] LOG:  received fast shutdown request
2026-10-03T03:30:12.5087559Z  .2026-10-03 03:13:25.507 UTC [47] LOG:  aborting any active transactions
2026-10-03T03:30:12.5088021Z  2026-10-03 03:13:25.509 UTC [47] LOG:  background worker "logical replication launcher" (PID 53) exited with exit code 1
2026-10-03T03:30:12.5088442Z  2026-10-03 03:13:25.510 UTC [48] LOG:  shutting down
2026-10-03T03:30:12.5088768Z  2026-10-03 03:13:25.510 UTC [48] LOG:  checkpoint starting: shutdown immediate
2026-10-03T03:30:12.5089567Z  2026-10-03 03:13:25.883 UTC [48] LOG:  checkpoint complete: wrote 4453 buffers (27.2%); 0 WAL file(s) added, 0 removed, 2 recycled; write=0.269 s, sync=0.102 s, total=0.373 s; sync files=963, longest=0.039 s, average=0.001 s; distance=34775 kB, estimate=34775 kB; lsn=0/36D7588, redo lsn=0/36D7588
2026-10-03T03:30:12.5090350Z  2026-10-03 03:13:25.889 UTC [47] LOG:  database system is shut down
2026-10-03T03:30:12.5090620Z   done
2026-10-03T03:30:12.5090845Z  server stopped
2026-10-03T03:30:12.5091028Z  
2026-10-03T03:30:12.5091244Z  PostgreSQL init process complete; ready for start up.
2026-10-03T03:30:12.5091507Z  
2026-10-03T03:30:12.5095792Z Stop and remove container: a6d1e1d022984d9e81aaa7d3f08a554f_postgispostgis1735_25fbd6
2026-10-03T03:30:12.5099619Z ##[command]/usr/bin/docker rm --force 13f3859a834d586f8cdb91bcb8c0193f94a66f9805fb29ad0e6dfa1aa066ea4d
2026-10-03T03:30:12.6190201Z 13f3859a834d586f8cdb91bcb8c0193f94a66f9805fb29ad0e6dfa1aa066ea4d
2026-10-03T03:30:12.6215244Z Remove container network: github_network_d69845bd81db40da94701b807fd582be
2026-10-03T03:30:12.6223778Z ##[command]/usr/bin/docker network rm github_network_d69845bd81db40da94701b807fd582be
2026-10-03T03:30:12.7326781Z github_network_d69845bd81db40da94701b807fd582be
2026-10-03T03:30:12.7383872Z Cleaning up orphan processes
2026-10-03T03:30:12.7563534Z Terminate orphan process: pid (4400) (bun)
2026-10-03T03:30:12.7585987Z Terminate orphan process: pid (4401) (MainThread)
