2026-10-04T17:50:57.1358718Z Current runner version: '2.337.0'
2026-10-04T17:50:57.1384398Z ##[group]Runner Image Provisioner
2026-10-04T17:50:57.1385618Z Hosted Compute Agent
2026-10-04T17:50:57.1386486Z Version: 20260901.588
2026-10-04T17:50:57.1387206Z Commit: f88ec8081b781fac6c440065ac7ff9e710ce3d0b
2026-10-04T17:50:57.1387941Z Build Date: 2026-09-01T19:56:44Z
2026-10-04T17:50:57.1388725Z Worker ID: {48ac48ef-defb-43f9-a0ed-08e8c9ea5a1c}
2026-10-04T17:50:57.1389470Z Azure Region: westcentralus
2026-10-04T17:50:57.1390122Z ##[endgroup]
2026-10-04T17:50:57.1392813Z ##[group]Operating System
2026-10-04T17:50:57.1393502Z Ubuntu
2026-10-04T17:50:57.1394186Z 24.04.5
2026-10-04T17:50:57.1394706Z LTS
2026-10-04T17:50:57.1395516Z ##[endgroup]
2026-10-04T17:50:57.1396181Z ##[group]Runner Image
2026-10-04T17:50:57.1396803Z Image: ubuntu-24.04
2026-10-04T17:50:57.1397442Z Version: 20260927.320.1
2026-10-04T17:50:57.1398713Z Included Software: https://github.com/actions/runner-images/blob/ubuntu24/20260927.320/images/ubuntu/Ubuntu2404-Readme.md
2026-10-04T17:50:57.1400417Z Image Release: https://github.com/actions/runner-images/releases/tag/ubuntu24%2F20260927.320
2026-10-04T17:50:57.1401433Z ##[endgroup]
2026-10-04T17:50:57.1402911Z ##[group]GITHUB_TOKEN Permissions
2026-10-04T17:50:57.1408023Z Contents: read
2026-10-04T17:50:57.1411190Z Metadata: read
2026-10-04T17:50:57.1412823Z ##[endgroup]
2026-10-04T17:50:57.1415914Z Secret source: Actions
2026-10-04T17:50:57.1416907Z Cache mode: write
2026-10-04T17:50:57.1417987Z Prepare workflow directory
2026-10-04T17:50:57.1847038Z Prepare all required actions
2026-10-04T17:50:57.1897698Z Getting action download info
2026-10-04T17:50:57.5234920Z Download action repository 'actions/checkout@v7' (SHA:3d3c42e5aac5ba805825da76410c181273ba90b1)
2026-10-04T17:50:57.6116682Z Download action repository 'oven-sh/setup-bun@v2' (SHA:0c5077e51419868618aeaa5fe8019c62421857d6)
2026-10-04T17:50:58.1582705Z Download action repository 'actions/setup-node@v7' (SHA:820762786026740c76f36085b0efc47a31fe5020)
2026-10-04T17:50:58.2396772Z Download action repository 'actions/cache@55cc8345863c7cc4c66a329aec7e433d2d1c52a9' (SHA:55cc8345863c7cc4c66a329aec7e433d2d1c52a9)
2026-10-04T17:50:58.3478241Z Download action repository 'actions/upload-artifact@v7' (SHA:043fb46d1a93c77aae656e7c1c64a875d1fc6a0a)
2026-10-04T17:50:58.5324431Z Complete job name: API Tests (1/6)
2026-10-04T17:50:58.5871846Z ##[group]Checking docker version
2026-10-04T17:50:58.5884716Z ##[command]/usr/bin/docker version --format '{{.Server.APIVersion}}'
2026-10-04T17:50:58.6752105Z '1.48'
2026-10-04T17:50:58.6764474Z Docker daemon API version: '1.48'
2026-10-04T17:50:58.6765557Z ##[command]/usr/bin/docker version --format '{{.Client.APIVersion}}'
2026-10-04T17:50:58.6933696Z '1.48'
2026-10-04T17:50:58.6946085Z Docker client API version: '1.48'
2026-10-04T17:50:58.6950893Z ##[endgroup]
2026-10-04T17:50:58.6953798Z ##[group]Clean up resources from previous jobs
2026-10-04T17:50:58.6959225Z ##[command]/usr/bin/docker ps --all --quiet --no-trunc --filter "label=3ca0c9"
2026-10-04T17:50:58.7101411Z ##[command]/usr/bin/docker network prune --force --filter "label=3ca0c9"
2026-10-04T17:50:58.7235705Z ##[endgroup]
2026-10-04T17:50:58.7236243Z ##[group]Create local container network
2026-10-04T17:50:58.7246018Z ##[command]/usr/bin/docker network create --label 3ca0c9 github_network_d25d7b01a96e4004bc4b4d32ed276fdd
2026-10-04T17:50:58.7750106Z a5ccbf38785c771cd226e7d40dc0b453d3a172d9392889c9fb9a4ac9090c770e
2026-10-04T17:50:58.7770637Z ##[endgroup]
2026-10-04T17:50:58.7795952Z ##[group]Starting postgres service container
2026-10-04T17:50:58.7817276Z ##[command]/usr/bin/docker pull postgis/postgis:17-3.5
2026-10-04T17:50:59.4720139Z 17-3.5: Pulling from postgis/postgis
2026-10-04T17:50:59.6508218Z ccaf924377f9: Pulling fs layer
2026-10-04T17:50:59.6509858Z a0a48bd22597: Pulling fs layer
2026-10-04T17:50:59.6511440Z 953b3faade64: Pulling fs layer
2026-10-04T17:50:59.6512984Z 4c5e3cb23b1e: Pulling fs layer
2026-10-04T17:50:59.6513978Z b032a4e70c86: Pulling fs layer
2026-10-04T17:50:59.6515538Z 84e2e0dafa9e: Pulling fs layer
2026-10-04T17:50:59.6516462Z 9388a07819e8: Pulling fs layer
2026-10-04T17:50:59.6517391Z 9b3173aa38c2: Pulling fs layer
2026-10-04T17:50:59.6518318Z 2f600d70ef01: Pulling fs layer
2026-10-04T17:50:59.6519241Z 26a029cc5101: Pulling fs layer
2026-10-04T17:50:59.6520209Z 87746d0d7566: Pulling fs layer
2026-10-04T17:50:59.6521124Z 5756942faa50: Pulling fs layer
2026-10-04T17:50:59.6522104Z dc61d0df75b4: Pulling fs layer
2026-10-04T17:50:59.6523070Z 0c9580cd8863: Pulling fs layer
2026-10-04T17:50:59.6524009Z 26502799a66b: Pulling fs layer
2026-10-04T17:50:59.6525026Z 4f4fb700ef54: Pulling fs layer
2026-10-04T17:50:59.6526485Z ee293c60aa50: Pulling fs layer
2026-10-04T17:50:59.6527767Z ea025e641e62: Pulling fs layer
2026-10-04T17:50:59.6529006Z 9b3173aa38c2: Waiting
2026-10-04T17:50:59.6530153Z 2f600d70ef01: Waiting
2026-10-04T17:50:59.6531318Z 26a029cc5101: Waiting
2026-10-04T17:50:59.6532501Z 87746d0d7566: Waiting
2026-10-04T17:50:59.6533653Z 5756942faa50: Waiting
2026-10-04T17:50:59.6534838Z dc61d0df75b4: Waiting
2026-10-04T17:50:59.6536229Z b032a4e70c86: Waiting
2026-10-04T17:50:59.6537401Z 84e2e0dafa9e: Waiting
2026-10-04T17:50:59.6538554Z 0c9580cd8863: Waiting
2026-10-04T17:50:59.6539703Z 26502799a66b: Waiting
2026-10-04T17:50:59.6540871Z 9388a07819e8: Waiting
2026-10-04T17:50:59.6542036Z 4f4fb700ef54: Waiting
2026-10-04T17:50:59.6543193Z 4c5e3cb23b1e: Waiting
2026-10-04T17:50:59.6544355Z ee293c60aa50: Waiting
2026-10-04T17:50:59.6546046Z ea025e641e62: Waiting
2026-10-04T17:50:59.8364841Z a0a48bd22597: Verifying Checksum
2026-10-04T17:50:59.8367341Z a0a48bd22597: Download complete
2026-10-04T17:51:00.0147185Z 953b3faade64: Verifying Checksum
2026-10-04T17:51:00.0149370Z 953b3faade64: Download complete
2026-10-04T17:51:00.1132199Z ccaf924377f9: Verifying Checksum
2026-10-04T17:51:00.1134367Z ccaf924377f9: Download complete
2026-10-04T17:51:00.1551976Z 4c5e3cb23b1e: Verifying Checksum
2026-10-04T17:51:00.1553717Z 4c5e3cb23b1e: Download complete
2026-10-04T17:51:00.3451084Z 9388a07819e8: Verifying Checksum
2026-10-04T17:51:00.3451658Z 9388a07819e8: Download complete
2026-10-04T17:51:00.4157863Z b032a4e70c86: Verifying Checksum
2026-10-04T17:51:00.4159563Z b032a4e70c86: Download complete
2026-10-04T17:51:00.4169451Z 84e2e0dafa9e: Verifying Checksum
2026-10-04T17:51:00.4170382Z 84e2e0dafa9e: Download complete
2026-10-04T17:51:00.5472822Z 9b3173aa38c2: Verifying Checksum
2026-10-04T17:51:00.5473859Z 9b3173aa38c2: Download complete
2026-10-04T17:51:00.6063618Z 26a029cc5101: Verifying Checksum
2026-10-04T17:51:00.6064288Z 26a029cc5101: Download complete
2026-10-04T17:51:00.7288019Z 87746d0d7566: Verifying Checksum
2026-10-04T17:51:00.7288657Z 87746d0d7566: Download complete
2026-10-04T17:51:00.7927934Z 5756942faa50: Verifying Checksum
2026-10-04T17:51:00.7928804Z 5756942faa50: Download complete
2026-10-04T17:51:00.9175101Z dc61d0df75b4: Verifying Checksum
2026-10-04T17:51:00.9176154Z dc61d0df75b4: Download complete
2026-10-04T17:51:00.9879387Z 0c9580cd8863: Verifying Checksum
2026-10-04T17:51:00.9880713Z 0c9580cd8863: Download complete
2026-10-04T17:51:01.1412298Z 2f600d70ef01: Verifying Checksum
2026-10-04T17:51:01.1414951Z 2f600d70ef01: Download complete
2026-10-04T17:51:01.1672759Z 4f4fb700ef54: Download complete
2026-10-04T17:51:01.3297436Z ee293c60aa50: Verifying Checksum
2026-10-04T17:51:01.3302669Z ee293c60aa50: Download complete
2026-10-04T17:51:01.3560839Z ea025e641e62: Verifying Checksum
2026-10-04T17:51:01.3562460Z ea025e641e62: Download complete
2026-10-04T17:51:01.5060781Z 26502799a66b: Verifying Checksum
2026-10-04T17:51:01.5061925Z 26502799a66b: Download complete
2026-10-04T17:51:01.5938718Z ccaf924377f9: Pull complete
2026-10-04T17:51:04.7560330Z a0a48bd22597: Pull complete
2026-10-04T17:51:04.8873105Z 953b3faade64: Pull complete
2026-10-04T17:51:04.9321183Z 4c5e3cb23b1e: Pull complete
2026-10-04T17:51:05.2284102Z b032a4e70c86: Pull complete
2026-10-04T17:51:05.2833539Z 84e2e0dafa9e: Pull complete
2026-10-04T17:51:05.2906681Z 9388a07819e8: Pull complete
2026-10-04T17:51:05.3001036Z 9b3173aa38c2: Pull complete
2026-10-04T17:51:08.1133720Z 2f600d70ef01: Pull complete
2026-10-04T17:51:08.1270297Z 26a029cc5101: Pull complete
2026-10-04T17:51:08.1375099Z 87746d0d7566: Pull complete
2026-10-04T17:51:08.1455808Z 5756942faa50: Pull complete
2026-10-04T17:51:08.1552129Z dc61d0df75b4: Pull complete
2026-10-04T17:51:08.1636310Z 0c9580cd8863: Pull complete
2026-10-04T17:51:09.7097397Z 26502799a66b: Pull complete
2026-10-04T17:51:09.7181927Z 4f4fb700ef54: Pull complete
2026-10-04T17:51:09.7311229Z ee293c60aa50: Pull complete
2026-10-04T17:51:09.7406503Z ea025e641e62: Pull complete
2026-10-04T17:51:09.7444023Z Digest: sha256:01a6a70e41e6c4467c8f55f6063555ed72db2d6662cd0d571040d42eadaeb6f6
2026-10-04T17:51:09.7454636Z Status: Downloaded newer image for postgis/postgis:17-3.5
2026-10-04T17:51:09.7463002Z docker.io/postgis/postgis:17-3.5
2026-10-04T17:51:09.7526121Z ##[command]/usr/bin/docker create --name 065a69d0dcad41bf9ee7b8bbe944b03c_postgispostgis1735_21fa57 --label 3ca0c9 --network github_network_d25d7b01a96e4004bc4b4d32ed276fdd --network-alias postgres -p 5432:5432 --health-cmd "pg_isready -U oxy -d oxy_test" --health-interval 10s --health-timeout 5s --health-retries 5 -e "POSTGRES_USER=oxy" -e "POSTGRES_PASSWORD=oxy" -e "POSTGRES_DB=oxy_test" -e GITHUB_ACTIONS=true -e CI=true postgis/postgis:17-3.5
2026-10-04T17:51:09.7776068Z 6642d550be5992fcd2221f4a8a45ff92cbcb55838d923b15b8ca94342c2ba27e
2026-10-04T17:51:09.7796604Z ##[command]/usr/bin/docker start 6642d550be5992fcd2221f4a8a45ff92cbcb55838d923b15b8ca94342c2ba27e
2026-10-04T17:51:09.9968292Z 6642d550be5992fcd2221f4a8a45ff92cbcb55838d923b15b8ca94342c2ba27e
2026-10-04T17:51:09.9994518Z ##[command]/usr/bin/docker ps --all --filter id=6642d550be5992fcd2221f4a8a45ff92cbcb55838d923b15b8ca94342c2ba27e --filter status=running --no-trunc --format "{{.ID}} {{.Status}}"
2026-10-04T17:51:10.0134904Z 6642d550be5992fcd2221f4a8a45ff92cbcb55838d923b15b8ca94342c2ba27e Up Less than a second (health: starting)
2026-10-04T17:51:10.0159345Z ##[command]/usr/bin/docker port 6642d550be5992fcd2221f4a8a45ff92cbcb55838d923b15b8ca94342c2ba27e
2026-10-04T17:51:10.0308246Z 5432/tcp -> 0.0.0.0:5432
2026-10-04T17:51:10.0308955Z 5432/tcp -> [::]:5432
2026-10-04T17:51:10.0353891Z ##[endgroup]
2026-10-04T17:51:10.0363170Z ##[group]Waiting for all services to be ready
2026-10-04T17:51:10.0377731Z ##[command]/usr/bin/docker inspect --format="{{if .Config.Healthcheck}}{{print .State.Health.Status}}{{end}}" 6642d550be5992fcd2221f4a8a45ff92cbcb55838d923b15b8ca94342c2ba27e
2026-10-04T17:51:10.0527871Z starting
2026-10-04T17:51:10.0548089Z postgres service is starting, waiting 2 seconds before checking again.
2026-10-04T17:51:12.0557196Z ##[command]/usr/bin/docker inspect --format="{{if .Config.Healthcheck}}{{print .State.Health.Status}}{{end}}" 6642d550be5992fcd2221f4a8a45ff92cbcb55838d923b15b8ca94342c2ba27e
2026-10-04T17:51:12.0719374Z starting
2026-10-04T17:51:12.0736840Z postgres service is starting, waiting 4 seconds before checking again.
2026-10-04T17:51:16.3372246Z ##[command]/usr/bin/docker inspect --format="{{if .Config.Healthcheck}}{{print .State.Health.Status}}{{end}}" 6642d550be5992fcd2221f4a8a45ff92cbcb55838d923b15b8ca94342c2ba27e
2026-10-04T17:51:16.3501658Z starting
2026-10-04T17:51:16.3514055Z postgres service is starting, waiting 7 seconds before checking again.
2026-10-04T17:51:24.0957684Z ##[command]/usr/bin/docker inspect --format="{{if .Config.Healthcheck}}{{print .State.Health.Status}}{{end}}" 6642d550be5992fcd2221f4a8a45ff92cbcb55838d923b15b8ca94342c2ba27e
2026-10-04T17:51:24.1080865Z healthy
2026-10-04T17:51:24.1096639Z postgres service is healthy.
2026-10-04T17:51:24.1097342Z ##[endgroup]
2026-10-04T17:51:24.1392916Z ##[group]Run actions/checkout@v7
2026-10-04T17:51:24.1393484Z with:
2026-10-04T17:51:24.1393703Z   repository: OxyHQ/oxy
2026-10-04T17:51:24.1396452Z   token: ***
2026-10-04T17:51:24.1396680Z   ssh-strict: true
2026-10-04T17:51:24.1396894Z   ssh-user: git
2026-10-04T17:51:24.1397115Z   persist-credentials: true
2026-10-04T17:51:24.1397354Z   clean: true
2026-10-04T17:51:24.1397814Z   sparse-checkout-cone-mode: true
2026-10-04T17:51:24.1398072Z   fetch-depth: 1
2026-10-04T17:51:24.1398271Z   fetch-tags: false
2026-10-04T17:51:24.1398477Z   show-progress: true
2026-10-04T17:51:24.1398690Z   lfs: false
2026-10-04T17:51:24.1398886Z   submodules: false
2026-10-04T17:51:24.1399113Z   set-safe-directory: true
2026-10-04T17:51:24.1399362Z   allow-unsafe-pr-checkout: false
2026-10-04T17:51:24.1399925Z ##[endgroup]
2026-10-04T17:51:24.2374581Z Syncing repository: OxyHQ/oxy
2026-10-04T17:51:24.2376553Z ##[group]Getting Git version info
2026-10-04T17:51:24.2377205Z Working directory is '/home/runner/work/oxy/oxy'
2026-10-04T17:51:24.2378085Z [command]/usr/bin/git version
2026-10-04T17:51:24.2445854Z git version 2.55.0
2026-10-04T17:51:24.2467272Z ##[endgroup]
2026-10-04T17:51:24.2478131Z Temporarily overriding HOME='/home/runner/work/_temp/cc3f154a-e69e-43f9-b729-532fc110d35f' before making global git config changes
2026-10-04T17:51:24.2479548Z Adding repository directory to the temporary git global config as a safe directory
2026-10-04T17:51:24.2484351Z [command]/usr/bin/git config --global --add safe.directory /home/runner/work/oxy/oxy
2026-10-04T17:51:24.2534007Z Deleting the contents of '/home/runner/work/oxy/oxy'
2026-10-04T17:51:24.2537813Z ##[group]Determining repository object format
2026-10-04T17:51:24.2539271Z ##[endgroup]
2026-10-04T17:51:24.2540068Z ##[group]Initializing the repository
2026-10-04T17:51:24.2543779Z [command]/usr/bin/git init /home/runner/work/oxy/oxy
2026-10-04T17:51:24.2654028Z hint: Using 'master' as the name for the initial branch. This default branch name
2026-10-04T17:51:24.2655393Z hint: will change to "main" in Git 3.0. To configure the initial branch name
2026-10-04T17:51:24.2657415Z hint: to use in all of your new repositories, which will suppress this warning,
2026-10-04T17:51:24.2658349Z hint: call:
2026-10-04T17:51:24.2658963Z hint:
2026-10-04T17:51:24.2659500Z hint: 	git config --global init.defaultBranch <name>
2026-10-04T17:51:24.2660126Z hint:
2026-10-04T17:51:24.2661730Z hint: Names commonly chosen instead of 'master' are 'main', 'trunk' and
2026-10-04T17:51:24.2662759Z hint: 'development'. The just-created branch can be renamed via this command:
2026-10-04T17:51:24.2663485Z hint:
2026-10-04T17:51:24.2663869Z hint: 	git branch -m <name>
2026-10-04T17:51:24.2664326Z hint:
2026-10-04T17:51:24.2664944Z hint: Disable this message with "git config set advice.defaultBranchName false"
2026-10-04T17:51:24.2667576Z Initialized empty Git repository in /home/runner/work/oxy/oxy/.git/
2026-10-04T17:51:24.2671386Z [command]/usr/bin/git remote add origin https://github.com/OxyHQ/oxy
2026-10-04T17:51:24.2722922Z ##[endgroup]
2026-10-04T17:51:24.2723622Z ##[group]Disabling automatic garbage collection
2026-10-04T17:51:24.2726705Z [command]/usr/bin/git config --local gc.auto 0
2026-10-04T17:51:24.2759085Z ##[endgroup]
2026-10-04T17:51:24.2759779Z ##[group]Setting up auth
2026-10-04T17:51:24.2760280Z Removing SSH command configuration
2026-10-04T17:51:24.2766745Z [command]/usr/bin/git config --local --name-only --get-regexp core\.sshCommand
2026-10-04T17:51:24.2801305Z [command]/usr/bin/git submodule foreach --recursive sh -c "git config --local --name-only --get-regexp 'core\.sshCommand' && git config --local --unset-all 'core.sshCommand' || :"
2026-10-04T17:51:24.3158211Z Removing HTTP extra header
2026-10-04T17:51:24.3164280Z [command]/usr/bin/git config --local --name-only --get-regexp http\.https\:\/\/github\.com\/\.extraheader
2026-10-04T17:51:24.3201674Z [command]/usr/bin/git submodule foreach --recursive sh -c "git config --local --name-only --get-regexp 'http\.https\:\/\/github\.com\/\.extraheader' && git config --local --unset-all 'http.https://github.com/.extraheader' || :"
2026-10-04T17:51:24.3449955Z Removing includeIf entries pointing to credentials config files
2026-10-04T17:51:24.3455613Z [command]/usr/bin/git config --local --name-only --get-regexp ^includeIf\.gitdir:
2026-10-04T17:51:24.3493255Z [command]/usr/bin/git submodule foreach --recursive git config --local --show-origin --name-only --get-regexp remote.origin.url
2026-10-04T17:51:24.3719837Z [command]/usr/bin/git config --file /home/runner/work/_temp/git-credentials-372ef089-df5c-44c6-9a71-59403d32f778.config http.https://github.com/.extraheader AUTHORIZATION: basic ***
2026-10-04T17:51:24.3759538Z [command]/usr/bin/git config --local includeIf.gitdir:/home/runner/work/oxy/oxy/.git.path /home/runner/work/_temp/git-credentials-372ef089-df5c-44c6-9a71-59403d32f778.config
2026-10-04T17:51:24.3795757Z [command]/usr/bin/git config --local includeIf.gitdir:/home/runner/work/oxy/oxy/.git/worktrees/*.path /home/runner/work/_temp/git-credentials-372ef089-df5c-44c6-9a71-59403d32f778.config
2026-10-04T17:51:24.3835998Z [command]/usr/bin/git config --local includeIf.gitdir:/github/workspace/.git.path /github/runner_temp/git-credentials-372ef089-df5c-44c6-9a71-59403d32f778.config
2026-10-04T17:51:24.3871186Z [command]/usr/bin/git config --local includeIf.gitdir:/github/workspace/.git/worktrees/*.path /github/runner_temp/git-credentials-372ef089-df5c-44c6-9a71-59403d32f778.config
2026-10-04T17:51:24.3902586Z ##[endgroup]
2026-10-04T17:51:24.3903144Z ##[group]Fetching the repository
2026-10-04T17:51:24.3909349Z [command]/usr/bin/git -c protocol.version=2 fetch --no-tags --prune --no-recurse-submodules --depth=1 origin +d8a87c0f39a1ef0cd5b7643e0fa357bdd8e286f9:refs/remotes/pull/1580/merge
2026-10-04T17:51:25.8155524Z From https://github.com/OxyHQ/oxy
2026-10-04T17:51:25.8156203Z  * [new ref]         d8a87c0f39a1ef0cd5b7643e0fa357bdd8e286f9 -> pull/1580/merge
2026-10-04T17:51:25.8161461Z ##[endgroup]
2026-10-04T17:51:25.8162128Z ##[group]Determining the checkout info
2026-10-04T17:51:25.8162836Z ##[endgroup]
2026-10-04T17:51:25.8167952Z [command]/usr/bin/git sparse-checkout disable
2026-10-04T17:51:25.8223773Z [command]/usr/bin/git config --local --unset-all extensions.worktreeConfig
2026-10-04T17:51:25.8257356Z ##[group]Checking out the ref
2026-10-04T17:51:25.8262453Z [command]/usr/bin/git checkout --progress --force refs/remotes/pull/1580/merge
2026-10-04T17:51:26.3755835Z Note: switching to 'refs/remotes/pull/1580/merge'.
2026-10-04T17:51:26.3756438Z 
2026-10-04T17:51:26.3756792Z You are in 'detached HEAD' state. You can look around, make experimental
2026-10-04T17:51:26.3757429Z changes and commit them, and you can discard any commits you make in this
2026-10-04T17:51:26.3758030Z state without impacting any branches by switching back to a branch.
2026-10-04T17:51:26.3758381Z 
2026-10-04T17:51:26.3758924Z If you want to create a new branch to retain commits you create, you may
2026-10-04T17:51:26.3759830Z do so (now or later) by using -c with the switch command. Example:
2026-10-04T17:51:26.3760345Z 
2026-10-04T17:51:26.3760548Z   git switch -c <new-branch-name>
2026-10-04T17:51:26.3760905Z 
2026-10-04T17:51:26.3761096Z Or undo this operation with:
2026-10-04T17:51:26.3761413Z 
2026-10-04T17:51:26.3761541Z   git switch -
2026-10-04T17:51:26.3761745Z 
2026-10-04T17:51:26.3762080Z Turn off this advice by setting config variable advice.detachedHead to false
2026-10-04T17:51:26.3762654Z 
2026-10-04T17:51:26.3763237Z HEAD is now at d8a87c0 Merge ab0419920ee84792ea7354df0fcabb0c5f1d4139 into f716a52734faa6e683f872802c67e9b7e419780f
2026-10-04T17:51:26.3809017Z ##[endgroup]
2026-10-04T17:51:26.3859195Z [command]/usr/bin/git log -1 --format=%H
2026-10-04T17:51:26.3888293Z d8a87c0f39a1ef0cd5b7643e0fa357bdd8e286f9
2026-10-04T17:51:26.4126803Z ##[group]Run oven-sh/setup-bun@v2
2026-10-04T17:51:26.4127093Z with:
2026-10-04T17:51:26.4151781Z   bun-version-file: package.json
2026-10-04T17:51:26.4152124Z   no-cache: false
2026-10-04T17:51:26.4154521Z   token: ***
2026-10-04T17:51:26.4154732Z ##[endgroup]
2026-10-04T17:51:26.5794985Z Obtained version 1.4.2 from package.json
2026-10-04T17:51:26.7731843Z Cache hit for: bun-gmoqYqdUbaYsI0KujeXt7Zg/p0I=
2026-10-04T17:51:27.8972443Z Received 35684133 of 35684133 (100.0%), 38.5 MBs/sec
2026-10-04T17:51:27.8973273Z Cache Size: ~34 MB (35684133 B)
2026-10-04T17:51:27.9007426Z [command]/usr/bin/tar -xf /home/runner/work/_temp/0087dc61-5962-4e3d-8a67-4abf64998e22/cache.tzst -P -C /home/runner/work/oxy/oxy --use-compress-program unzstd
2026-10-04T17:51:28.0360117Z Cache restored successfully
2026-10-04T17:51:28.0384382Z [command]/home/runner/.bun/bin/bun --revision
2026-10-04T17:51:28.0423885Z 1.4.2+744846f84
2026-10-04T17:51:28.0430512Z Using a cached version of Bun: 1.4.2+744846f84
2026-10-04T17:51:28.0581040Z ##[group]Run actions/setup-node@v7
2026-10-04T17:51:28.0581359Z with:
2026-10-04T17:51:28.0581566Z   node-version: 24.x
2026-10-04T17:51:28.0581799Z   check-latest: false
2026-10-04T17:51:28.0584184Z   token: ***
2026-10-04T17:51:28.0584414Z   package-manager-cache: true
2026-10-04T17:51:28.0584679Z ##[endgroup]
2026-10-04T17:51:28.1863643Z Found in cache @ /opt/hostedtoolcache/node/24.21.0/x64
2026-10-04T17:51:28.1867061Z ##[group]Environment details
2026-10-04T17:51:28.5757261Z node: v24.21.0
2026-10-04T17:51:28.5757513Z npm: 11.19.0
2026-10-04T17:51:28.5757854Z yarn: 1.22.22
2026-10-04T17:51:28.5758684Z ##[endgroup]
2026-10-04T17:51:28.5894811Z ##[group]Run set -eu
2026-10-04T17:51:28.5895175Z [36;1mset -eu[0m
2026-10-04T17:51:28.5896171Z [36;1mapt_opts='-o Acquire::Retries=3 -o Acquire::http::Timeout=15 -o Acquire::https::Timeout=15'[0m
2026-10-04T17:51:28.5896687Z [36;1mfor attempt in 1 2; do[0m
2026-10-04T17:51:28.5896995Z [36;1m  if sudo timeout -k 15s 420s bash -c \[0m
2026-10-04T17:51:28.5897624Z [36;1m    "apt-get update $apt_opts && apt-get install -y --no-install-recommends $apt_opts -o DPkg::Lock::Timeout=120 ffmpeg"; then[0m
2026-10-04T17:51:28.5898201Z [36;1m    break[0m
2026-10-04T17:51:28.5898415Z [36;1m  fi[0m
2026-10-04T17:51:28.5898631Z [36;1m  if [ "$attempt" = 2 ]; then[0m
2026-10-04T17:51:28.5899023Z [36;1m    echo "::error::apt-get could not install ffmpeg after 2 attempts"[0m
2026-10-04T17:51:28.5899400Z [36;1m    exit 1[0m
2026-10-04T17:51:28.5899613Z [36;1m  fi[0m
2026-10-04T17:51:28.5899955Z [36;1m  # Names the lock holder in the log, so the next failure of this step[0m
2026-10-04T17:51:28.5900508Z [36;1m  # says whether it was our own attempt or something the runner boots.[0m
2026-10-04T17:51:28.5901109Z [36;1m  echo "apt-get attempt $attempt failed or timed out; retrying once. apt/dpkg processes still alive:"[0m
2026-10-04T17:51:28.5901817Z [36;1m  ps -eo pid,user,etimes,stat,args | grep -E '[a]pt-get|[d]pkg|[u]nattended' || echo "  (none)"[0m
2026-10-04T17:51:28.5902276Z [36;1m  sleep 30[0m
2026-10-04T17:51:28.5902760Z [36;1m  sudo timeout -k 15s 120s dpkg --configure -a || echo "dpkg --configure -a did not finish; the retry will say why"[0m
2026-10-04T17:51:28.5903281Z [36;1mdone[0m
2026-10-04T17:51:28.5903495Z [36;1mffmpeg -version | head -1[0m
2026-10-04T17:51:28.5903773Z [36;1mffprobe -version | head -1[0m
2026-10-04T17:51:28.5904168Z [36;1m# The positive control, and the reason the two lines above are not one:[0m
2026-10-04T17:51:28.5904674Z [36;1m# without `pipefail` a pipeline reports `head`'s status, so `ffmpeg[0m
2026-10-04T17:51:28.5905446Z [36;1m# -version | head -1` exits 0 even when the binary is missing entirely —[0m
2026-10-04T17:51:28.5906033Z [36;1m# this step could go green having installed nothing. Encoding one frame[0m
2026-10-04T17:51:28.5906558Z [36;1m# the way the fixture builder does (`-f lavfi testsrc`, `-c:v libx264`)[0m
2026-10-04T17:51:28.5907065Z [36;1m# is the cheapest assertion that what apt installed can do the one thing[0m
2026-10-04T17:51:28.5907523Z [36;1m# the suite needs, and it fails loudly if it cannot.[0m
2026-10-04T17:51:28.5907878Z [36;1mprobe_dir=$(mktemp -d)[0m
2026-10-04T17:51:28.5908193Z [36;1mffmpeg -hide_banner -loglevel error -f lavfi \[0m
2026-10-04T17:51:28.5908556Z [36;1m  -i testsrc=size=64x64:rate=10:duration=1 \[0m
2026-10-04T17:51:28.5909021Z [36;1m  -c:v libx264 -pix_fmt yuv420p -movflags +faststart -y "$probe_dir/probe.mp4"[0m
2026-10-04T17:51:28.5909712Z [36;1mcodec=$(ffprobe -v error -select_streams v:0 -show_entries stream=codec_name -of csv=p=0 "$probe_dir/probe.mp4")[0m
2026-10-04T17:51:28.5910467Z [36;1mrm -rf "$probe_dir"[0m
2026-10-04T17:51:28.5910729Z [36;1mif [ "$codec" != h264 ]; then[0m
2026-10-04T17:51:28.5911242Z [36;1m  echo "::error::ffmpeg is on PATH but encoded '$codec', not h264 — the video variant fixture cannot be built"[0m
2026-10-04T17:51:28.5911770Z [36;1m  exit 1[0m
2026-10-04T17:51:28.5911980Z [36;1mfi[0m
2026-10-04T17:51:28.5912324Z [36;1mecho "ffmpeg encodes h264 via lavfi: the video variant fixture can be built"[0m
2026-10-04T17:51:28.6134514Z shell: /usr/bin/bash -e {0}
2026-10-04T17:51:28.6134830Z ##[endgroup]
2026-10-04T17:51:28.7029674Z Get:1 file:/etc/apt/apt-mirrors.txt Mirrorlist [144 B]
2026-10-04T17:51:28.7308511Z Hit:2 http://azure.archive.ubuntu.com/ubuntu noble InRelease
2026-10-04T17:51:28.7324698Z Get:6 https://packages.microsoft.com/ubuntu/24.04/prod noble InRelease [3600 B]
2026-10-04T17:51:28.7342815Z Get:3 http://azure.archive.ubuntu.com/ubuntu noble-updates InRelease [126 kB]
2026-10-04T17:51:28.7386790Z Get:4 http://azure.archive.ubuntu.com/ubuntu noble-backports InRelease [126 kB]
2026-10-04T17:51:28.7396013Z Get:5 http://azure.archive.ubuntu.com/ubuntu noble-security InRelease [126 kB]
2026-10-04T17:51:28.8605512Z Get:7 https://packages.microsoft.com/ubuntu/24.04/prod noble/main amd64 Packages [511 kB]
2026-10-04T17:51:28.8737066Z Get:8 https://packages.microsoft.com/ubuntu/24.04/prod noble/main arm64 Packages [458 kB]
2026-10-04T17:51:28.8782051Z Get:9 https://packages.microsoft.com/ubuntu/24.04/prod noble/main armhf Packages [12.6 kB]
2026-10-04T17:51:28.9092444Z Get:10 http://azure.archive.ubuntu.com/ubuntu noble-updates/main amd64 Packages [1364 kB]
2026-10-04T17:51:28.9159250Z Get:11 http://azure.archive.ubuntu.com/ubuntu noble-updates/main Translation-en [304 kB]
2026-10-04T17:51:28.9185180Z Get:12 http://azure.archive.ubuntu.com/ubuntu noble-updates/main amd64 Components [181 kB]
2026-10-04T17:51:28.9195191Z Get:13 http://azure.archive.ubuntu.com/ubuntu noble-updates/universe amd64 Packages [1699 kB]
2026-10-04T17:51:28.9291202Z Get:14 http://azure.archive.ubuntu.com/ubuntu noble-updates/universe Translation-en [341 kB]
2026-10-04T17:51:28.9338086Z Get:15 http://azure.archive.ubuntu.com/ubuntu noble-updates/universe amd64 Components [388 kB]
2026-10-04T17:51:28.9346027Z Get:16 http://azure.archive.ubuntu.com/ubuntu noble-updates/restricted amd64 Packages [1720 kB]
2026-10-04T17:51:28.9433554Z Get:17 http://azure.archive.ubuntu.com/ubuntu noble-updates/restricted Translation-en [394 kB]
2026-10-04T17:51:28.9461670Z Get:18 http://azure.archive.ubuntu.com/ubuntu noble-updates/multiverse amd64 Components [940 B]
2026-10-04T17:51:28.9681098Z Get:19 http://azure.archive.ubuntu.com/ubuntu noble-backports/main amd64 Components [5776 B]
2026-10-04T17:51:29.0111758Z Get:20 http://azure.archive.ubuntu.com/ubuntu noble-backports/universe amd64 Components [12.6 kB]
2026-10-04T17:51:29.0181799Z Get:21 http://azure.archive.ubuntu.com/ubuntu noble-security/main amd64 Packages [1069 kB]
2026-10-04T17:51:29.0248999Z Get:22 http://azure.archive.ubuntu.com/ubuntu noble-security/main Translation-en [221 kB]
2026-10-04T17:51:29.0268981Z Get:23 http://azure.archive.ubuntu.com/ubuntu noble-security/main amd64 Components [46.4 kB]
2026-10-04T17:51:29.0273753Z Get:24 http://azure.archive.ubuntu.com/ubuntu noble-security/universe amd64 Packages [1216 kB]
2026-10-04T17:51:29.0356467Z Get:25 http://azure.archive.ubuntu.com/ubuntu noble-security/universe Translation-en [244 kB]
2026-10-04T17:51:29.0359970Z Get:26 http://azure.archive.ubuntu.com/ubuntu noble-security/universe amd64 Components [76.4 kB]
2026-10-04T17:51:29.0374249Z Get:27 http://azure.archive.ubuntu.com/ubuntu noble-security/restricted amd64 Packages [1566 kB]
2026-10-04T17:51:29.0465746Z Get:28 http://azure.archive.ubuntu.com/ubuntu noble-security/restricted Translation-en [361 kB]
2026-10-04T17:51:33.1655601Z Fetched 12.6 MB in 1s (9324 kB/s)
2026-10-04T17:51:33.9701860Z Reading package lists...
2026-10-04T17:51:33.9942804Z Reading package lists...
2026-10-04T17:51:34.1572662Z Building dependency tree...
2026-10-04T17:51:34.1579615Z Reading state information...
2026-10-04T17:51:34.2902829Z The following additional packages will be installed:
2026-10-04T17:51:34.2904036Z   libass9 libasyncns0 libavc1394-0 libavcodec60 libavdevice60 libavfilter9
2026-10-04T17:51:34.2905546Z   libavformat60 libavutil58 libblas3 libbluray2 libbs2b0 libcaca0
2026-10-04T17:51:34.2906843Z   libcdio-cdda2t64 libcdio-paranoia2t64 libcdio19t64 libchromaprint1 libcjson1
2026-10-04T17:51:34.2908133Z   libcodec2-1.2 libdav1d7 libdc1394-25 libdecor-0-0 libflac12t64 libflite1
2026-10-04T17:51:34.2909299Z   libgme0 libgsm1 libhwy1t64 libiec61883-0 libjack-jackd2-0 libjxl0.7
2026-10-04T17:51:34.2910264Z   liblapack3 liblilv-0-0 libmbedcrypto7t64 libmp3lame0 libmpg123-0t64
2026-10-04T17:51:34.2911250Z   libmysofa1 libopenal-data libopenal1 libopenmpt0t64 libopus0 libplacebo338
2026-10-04T17:51:34.2912271Z   libpocketsphinx3 libpostproc57 libpulse0 librav1e0 libraw1394-11 librist4
2026-10-04T17:51:34.2913824Z   librsvg2-2 librubberband2 libsamplerate0 libsdl2-2.0-0 libserd-0-0 libshine3
2026-10-04T17:51:34.2914543Z   libsndfile1 libsndio7.0 libsord-0-0 libsoxr0 libspeex1 libsphinxbase3t64
2026-10-04T17:51:34.2915150Z   libsratom-0-0 libsrt1.5-gnutls libssh-gcrypt-4 libsvtav1enc1d1
2026-10-04T17:51:34.2916273Z   libswresample4 libswscale7 libtheora0 libtwolame0 libudfread0 libunibreak5
2026-10-04T17:51:34.2917319Z   libva-drm2 libva-x11-2 libva2 libvdpau1 libvidstab1.1 libvorbisenc2 libvpl2
2026-10-04T17:51:34.2918308Z   libvpx9 libx264-164 libx265-199 libxcb-shape0 libxv1 libxvidcore4 libzimg2
2026-10-04T17:51:34.2919490Z   libzix-0-0 libzvbi-common libzvbi0t64 ocl-icd-libopencl1
2026-10-04T17:51:34.2920145Z Suggested packages:
2026-10-04T17:51:34.2920634Z   ffmpeg-doc libcuda1 libnvcuvid1 libnvidia-encode1 libbluray-bdj jackd2
2026-10-04T17:51:34.2921360Z   libportaudio2 opus-tools pulseaudio libraw1394-doc librsvg2-bin serdi sndiod
2026-10-04T17:51:34.2921803Z   sordi speex opencl-icd
2026-10-04T17:51:34.2922089Z Recommended packages:
2026-10-04T17:51:34.2922454Z   libaacs0 default-libdecor-0-plugin-1 | libdecor-0-plugin-1
2026-10-04T17:51:34.2922943Z   pocketsphinx-en-us librsvg2-common va-driver-all | va-driver
2026-10-04T17:51:34.2923345Z   vdpau-driver-all | vdpau-driver
2026-10-04T17:51:34.3287869Z The following NEW packages will be installed:
2026-10-04T17:51:34.3288765Z   ffmpeg libass9 libasyncns0 libavc1394-0 libavcodec60 libavdevice60
2026-10-04T17:51:34.3289813Z   libavfilter9 libavformat60 libavutil58 libblas3 libbluray2 libbs2b0 libcaca0
2026-10-04T17:51:34.3290824Z   libcdio-cdda2t64 libcdio-paranoia2t64 libcdio19t64 libchromaprint1 libcjson1
2026-10-04T17:51:34.3291792Z   libcodec2-1.2 libdav1d7 libdc1394-25 libdecor-0-0 libflac12t64 libflite1
2026-10-04T17:51:34.3292654Z   libgme0 libgsm1 libhwy1t64 libiec61883-0 libjack-jackd2-0 libjxl0.7
2026-10-04T17:51:34.3293287Z   liblapack3 liblilv-0-0 libmbedcrypto7t64 libmp3lame0 libmpg123-0t64
2026-10-04T17:51:34.3293991Z   libmysofa1 libopenal-data libopenal1 libopenmpt0t64 libopus0 libplacebo338
2026-10-04T17:51:34.3294797Z   libpocketsphinx3 libpostproc57 libpulse0 librav1e0 libraw1394-11 librist4
2026-10-04T17:51:34.3296231Z   librsvg2-2 librubberband2 libsamplerate0 libsdl2-2.0-0 libserd-0-0 libshine3
2026-10-04T17:51:34.3297338Z   libsndfile1 libsndio7.0 libsord-0-0 libsoxr0 libspeex1 libsphinxbase3t64
2026-10-04T17:51:34.3298335Z   libsratom-0-0 libsrt1.5-gnutls libssh-gcrypt-4 libsvtav1enc1d1
2026-10-04T17:51:34.3299340Z   libswresample4 libswscale7 libtheora0 libtwolame0 libudfread0 libunibreak5
2026-10-04T17:51:34.3300179Z   libva-drm2 libva-x11-2 libva2 libvdpau1 libvidstab1.1 libvorbisenc2 libvpl2
2026-10-04T17:51:34.3300880Z   libvpx9 libx264-164 libx265-199 libxcb-shape0 libxv1 libxvidcore4 libzimg2
2026-10-04T17:51:34.3301394Z   libzix-0-0 libzvbi-common libzvbi0t64 ocl-icd-libopencl1
2026-10-04T17:51:34.3489904Z 0 upgraded, 87 newly installed, 0 to remove and 25 not upgraded.
2026-10-04T17:51:34.3490703Z Need to get 62.8 MB of archives.
2026-10-04T17:51:34.3491798Z After this operation, 173 MB of additional disk space will be used.
2026-10-04T17:51:34.3492661Z Get:1 file:/etc/apt/apt-mirrors.txt Mirrorlist [144 B]
2026-10-04T17:51:34.4119387Z Get:2 http://azure.archive.ubuntu.com/ubuntu noble-updates/universe amd64 libva2 amd64 2.20.0-2ubuntu0.2 [66.4 kB]
2026-10-04T17:51:34.4599299Z Get:3 http://azure.archive.ubuntu.com/ubuntu noble-updates/universe amd64 libva-drm2 amd64 2.20.0-2ubuntu0.2 [7124 B]
2026-10-04T17:51:34.5069692Z Get:4 http://azure.archive.ubuntu.com/ubuntu noble-updates/universe amd64 libva-x11-2 amd64 2.20.0-2ubuntu0.2 [12.0 kB]
2026-10-04T17:51:34.5539161Z Get:5 http://azure.archive.ubuntu.com/ubuntu noble/main amd64 libvdpau1 amd64 1.5-2build1 [27.8 kB]
2026-10-04T17:51:34.6010568Z Get:6 http://azure.archive.ubuntu.com/ubuntu noble/universe amd64 libvpl2 amd64 2023.3.0-1build1 [99.8 kB]
2026-10-04T17:51:34.6488363Z Get:7 http://azure.archive.ubuntu.com/ubuntu noble/universe amd64 ocl-icd-libopencl1 amd64 2.3.2-1build1 [38.5 kB]
2026-10-04T17:51:34.6963942Z Get:8 http://azure.archive.ubuntu.com/ubuntu noble/universe amd64 libavutil58 amd64 7:6.1.1-3ubuntu5 [401 kB]
2026-10-04T17:51:34.7481259Z Get:9 http://azure.archive.ubuntu.com/ubuntu noble/universe amd64 libcodec2-1.2 amd64 1.2.0-2build1 [8998 kB]
2026-10-04T17:51:34.9277219Z Get:10 http://azure.archive.ubuntu.com/ubuntu noble/universe amd64 libdav1d7 amd64 1.4.1-1build1 [604 kB]
2026-10-04T17:51:34.9815845Z Get:11 http://azure.archive.ubuntu.com/ubuntu noble/universe amd64 libgsm1 amd64 1.0.22-1build1 [27.8 kB]
2026-10-04T17:51:35.0287024Z Get:12 http://azure.archive.ubuntu.com/ubuntu noble/universe amd64 libhwy1t64 amd64 1.0.7-8.1build1 [584 kB]
2026-10-04T17:51:35.0822270Z Get:13 http://azure.archive.ubuntu.com/ubuntu noble-updates/universe amd64 libjxl0.7 amd64 0.7.0-10.2ubuntu6.1 [1001 kB]
2026-10-04T17:51:35.1439548Z Get:14 http://azure.archive.ubuntu.com/ubuntu noble/main amd64 libmp3lame0 amd64 3.100-6build1 [142 kB]
2026-10-04T17:51:35.1947302Z Get:15 http://azure.archive.ubuntu.com/ubuntu noble/main amd64 libopus0 amd64 1.4-1build1 [208 kB]
2026-10-04T17:51:35.2883526Z Get:16 http://azure.archive.ubuntu.com/ubuntu noble/universe amd64 librav1e0 amd64 0.7.1-2 [1022 kB]
2026-10-04T17:51:35.6349221Z Get:17 http://azure.archive.ubuntu.com/ubuntu noble/main amd64 librsvg2-2 amd64 2.58.0+dfsg-1build1 [2135 kB]
2026-10-04T17:51:35.7591955Z Get:18 http://azure.archive.ubuntu.com/ubuntu noble/universe amd64 libshine3 amd64 3.1.1-2build1 [23.2 kB]
2026-10-04T17:51:35.8056016Z Get:19 http://azure.archive.ubuntu.com/ubuntu noble-updates/main amd64 libspeex1 amd64 1.2.1-2ubuntu2.24.04.1 [59.6 kB]
2026-10-04T17:51:35.8529693Z Get:20 http://azure.archive.ubuntu.com/ubuntu noble/universe amd64 libsvtav1enc1d1 amd64 1.7.0+dfsg-2build1 [2425 kB]
2026-10-04T17:51:35.9916445Z Get:21 http://azure.archive.ubuntu.com/ubuntu noble/universe amd64 libsoxr0 amd64 0.1.3-4build3 [80.0 kB]
2026-10-04T17:51:36.0366492Z Get:22 http://azure.archive.ubuntu.com/ubuntu noble/universe amd64 libswresample4 amd64 7:6.1.1-3ubuntu5 [63.8 kB]
2026-10-04T17:51:36.0839447Z Get:23 http://azure.archive.ubuntu.com/ubuntu noble/main amd64 libtheora0 amd64 1.1.1+dfsg.1-16.1build3 [211 kB]
2026-10-04T17:51:36.1365571Z Get:24 http://azure.archive.ubuntu.com/ubuntu noble/main amd64 libtwolame0 amd64 0.4.0-2build3 [52.3 kB]
2026-10-04T17:51:36.1821690Z Get:25 http://azure.archive.ubuntu.com/ubuntu noble/main amd64 libvorbisenc2 amd64 1.3.7-1build3 [80.8 kB]
2026-10-04T17:51:36.2287071Z Get:26 http://azure.archive.ubuntu.com/ubuntu noble-updates/main amd64 libvpx9 amd64 1.14.0-1ubuntu2.3 [1143 kB]
2026-10-04T17:51:36.3286458Z Get:27 http://azure.archive.ubuntu.com/ubuntu noble/universe amd64 libx264-164 amd64 2:0.164.3108+git31e19f9-1 [604 kB]
2026-10-04T17:51:36.3959593Z Get:28 http://azure.archive.ubuntu.com/ubuntu noble/universe amd64 libx265-199 amd64 3.5-2build1 [1226 kB]
2026-10-04T17:51:36.4603629Z Get:29 http://azure.archive.ubuntu.com/ubuntu noble/universe amd64 libxvidcore4 amd64 2:1.3.7-1build1 [219 kB]
2026-10-04T17:51:36.5118678Z Get:30 http://azure.archive.ubuntu.com/ubuntu noble/universe amd64 libzvbi-common all 0.2.42-2 [42.4 kB]
2026-10-04T17:51:36.5586151Z Get:31 http://azure.archive.ubuntu.com/ubuntu noble/universe amd64 libzvbi0t64 amd64 0.2.42-2 [261 kB]
2026-10-04T17:51:36.6123256Z Get:32 http://azure.archive.ubuntu.com/ubuntu noble/universe amd64 libavcodec60 amd64 7:6.1.1-3ubuntu5 [5851 kB]
2026-10-04T17:51:36.7677126Z Get:33 http://azure.archive.ubuntu.com/ubuntu noble/main amd64 libraw1394-11 amd64 2.1.2-2build3 [26.2 kB]
2026-10-04T17:51:36.8144070Z Get:34 http://azure.archive.ubuntu.com/ubuntu noble/main amd64 libavc1394-0 amd64 0.5.4-5build3 [15.4 kB]
2026-10-04T17:51:36.8614452Z Get:35 http://azure.archive.ubuntu.com/ubuntu noble/universe amd64 libunibreak5 amd64 5.1-2build1 [25.0 kB]
2026-10-04T17:51:36.9088620Z Get:36 http://azure.archive.ubuntu.com/ubuntu noble/universe amd64 libass9 amd64 1:0.17.1-2build1 [104 kB]
2026-10-04T17:51:36.9586376Z Get:37 http://azure.archive.ubuntu.com/ubuntu noble/universe amd64 libudfread0 amd64 1.1.2-1build1 [19.0 kB]
2026-10-04T17:51:37.0064758Z Get:38 http://azure.archive.ubuntu.com/ubuntu noble/universe amd64 libbluray2 amd64 1:1.3.4-1build1 [159 kB]
2026-10-04T17:51:37.0637740Z Get:39 http://azure.archive.ubuntu.com/ubuntu noble/universe amd64 libchromaprint1 amd64 1.5.1-5 [30.5 kB]
2026-10-04T17:51:37.1118991Z Get:40 http://azure.archive.ubuntu.com/ubuntu noble/universe amd64 libgme0 amd64 0.6.3-7build1 [134 kB]
2026-10-04T17:51:37.1627722Z Get:41 http://azure.archive.ubuntu.com/ubuntu noble-updates/main amd64 libmpg123-0t64 amd64 1.32.5-1ubuntu1.1 [169 kB]
2026-10-04T17:51:37.2121367Z Get:42 http://azure.archive.ubuntu.com/ubuntu noble/universe amd64 libopenmpt0t64 amd64 0.7.3-1.1build3 [647 kB]
2026-10-04T17:51:37.2840025Z Get:43 http://azure.archive.ubuntu.com/ubuntu noble/universe amd64 libcjson1 amd64 1.7.17-1 [24.8 kB]
2026-10-04T17:51:37.3323028Z Get:44 http://azure.archive.ubuntu.com/ubuntu noble/universe amd64 libmbedcrypto7t64 amd64 2.28.8-1 [209 kB]
2026-10-04T17:51:37.3898716Z Get:45 http://azure.archive.ubuntu.com/ubuntu noble/universe amd64 librist4 amd64 0.2.10+dfsg-2 [74.9 kB]
2026-10-04T17:51:37.4408188Z Get:46 http://azure.archive.ubuntu.com/ubuntu noble/universe amd64 libsrt1.5-gnutls amd64 1.5.3-1build2 [316 kB]
2026-10-04T17:51:37.4976006Z Get:47 http://azure.archive.ubuntu.com/ubuntu noble-updates/main amd64 libssh-gcrypt-4 amd64 0.10.6-2ubuntu0.5 [226 kB]
2026-10-04T17:51:37.5510625Z Get:48 http://azure.archive.ubuntu.com/ubuntu noble/universe amd64 libavformat60 amd64 7:6.1.1-3ubuntu5 [1153 kB]
2026-10-04T17:51:37.6381779Z Get:49 http://azure.archive.ubuntu.com/ubuntu noble/universe amd64 libbs2b0 amd64 3.1.0+dfsg-7build1 [10.6 kB]
2026-10-04T17:51:37.6850227Z Get:50 http://azure.archive.ubuntu.com/ubuntu noble/universe amd64 libflite1 amd64 2.2-6build3 [13.6 MB]
2026-10-04T17:51:37.9855116Z Get:51 http://azure.archive.ubuntu.com/ubuntu noble/universe amd64 libserd-0-0 amd64 0.32.2-1 [43.6 kB]
2026-10-04T17:51:38.0324191Z Get:52 http://azure.archive.ubuntu.com/ubuntu noble/universe amd64 libzix-0-0 amd64 0.4.2-2build1 [23.6 kB]
2026-10-04T17:51:38.0788533Z Get:53 http://azure.archive.ubuntu.com/ubuntu noble/universe amd64 libsord-0-0 amd64 0.16.16-2build1 [15.8 kB]
2026-10-04T17:51:38.1258711Z Get:54 http://azure.archive.ubuntu.com/ubuntu noble/universe amd64 libsratom-0-0 amd64 0.6.16-1build1 [17.3 kB]
2026-10-04T17:51:38.1728838Z Get:55 http://azure.archive.ubuntu.com/ubuntu noble/universe amd64 liblilv-0-0 amd64 0.24.22-1build1 [41.0 kB]
2026-10-04T17:51:38.2198071Z Get:56 http://azure.archive.ubuntu.com/ubuntu noble/universe amd64 libmysofa1 amd64 1.3.2+dfsg-2ubuntu2 [1158 kB]
2026-10-04T17:51:38.2819230Z Get:57 http://azure.archive.ubuntu.com/ubuntu noble/universe amd64 libplacebo338 amd64 6.338.2-2build1 [2654 kB]
2026-10-04T17:51:38.3669116Z Get:58 http://azure.archive.ubuntu.com/ubuntu noble-updates/main amd64 libblas3 amd64 3.12.0-3build1.1 [238 kB]
2026-10-04T17:51:38.4188934Z Get:59 http://azure.archive.ubuntu.com/ubuntu noble-updates/main amd64 liblapack3 amd64 3.12.0-3build1.1 [2646 kB]
2026-10-04T17:51:38.5053140Z Get:60 http://azure.archive.ubuntu.com/ubuntu noble/main amd64 libasyncns0 amd64 0.8-6build4 [11.3 kB]
2026-10-04T17:51:38.5520957Z Get:61 http://azure.archive.ubuntu.com/ubuntu noble/main amd64 libflac12t64 amd64 1.4.3+ds-2.1ubuntu2 [197 kB]
2026-10-04T17:51:38.6015056Z Get:62 http://azure.archive.ubuntu.com/ubuntu noble-updates/main amd64 libsndfile1 amd64 1.2.2-1ubuntu5.24.04.1 [209 kB]
2026-10-04T17:51:38.6505612Z Get:63 http://azure.archive.ubuntu.com/ubuntu noble-updates/main amd64 libpulse0 amd64 1:16.1+dfsg1-2ubuntu10.1 [292 kB]
2026-10-04T17:51:38.7017401Z Get:64 http://azure.archive.ubuntu.com/ubuntu noble/universe amd64 libsphinxbase3t64 amd64 0.8+5prealpha+1-17build2 [126 kB]
2026-10-04T17:51:38.7502372Z Get:65 http://azure.archive.ubuntu.com/ubuntu noble/universe amd64 libpocketsphinx3 amd64 0.8.0+real5prealpha+1-15ubuntu5 [133 kB]
2026-10-04T17:51:38.7976300Z Get:66 http://azure.archive.ubuntu.com/ubuntu noble/universe amd64 libpostproc57 amd64 7:6.1.1-3ubuntu5 [49.9 kB]
2026-10-04T17:51:38.8446154Z Get:67 http://azure.archive.ubuntu.com/ubuntu noble/main amd64 libsamplerate0 amd64 0.2.2-4build1 [1344 kB]
2026-10-04T17:51:38.9096932Z Get:68 http://azure.archive.ubuntu.com/ubuntu noble/universe amd64 librubberband2 amd64 3.3.0+dfsg-2build1 [130 kB]
2026-10-04T17:51:38.9574654Z Get:69 http://azure.archive.ubuntu.com/ubuntu noble/universe amd64 libswscale7 amd64 7:6.1.1-3ubuntu5 [193 kB]
2026-10-04T17:51:39.0057633Z Get:70 http://azure.archive.ubuntu.com/ubuntu noble/universe amd64 libvidstab1.1 amd64 1.1.0-2build1 [38.5 kB]
2026-10-04T17:51:39.0524435Z Get:71 http://azure.archive.ubuntu.com/ubuntu noble/universe amd64 libzimg2 amd64 3.0.5+ds1-1build1 [254 kB]
2026-10-04T17:51:39.1018283Z Get:72 http://azure.archive.ubuntu.com/ubuntu noble/universe amd64 libavfilter9 amd64 7:6.1.1-3ubuntu5 [4235 kB]
2026-10-04T17:51:39.2172640Z Get:73 http://azure.archive.ubuntu.com/ubuntu noble-updates/main amd64 libcaca0 amd64 0.99.beta20-4ubuntu0.2 [209 kB]
2026-10-04T17:51:39.2679780Z Get:74 http://azure.archive.ubuntu.com/ubuntu noble-updates/main amd64 libcdio19t64 amd64 2.1.0-4.1ubuntu1.2 [62.4 kB]
2026-10-04T17:51:39.3153609Z Get:75 http://azure.archive.ubuntu.com/ubuntu noble/main amd64 libcdio-cdda2t64 amd64 10.2+2.0.1-1.1build2 [16.5 kB]
2026-10-04T17:51:39.3617712Z Get:76 http://azure.archive.ubuntu.com/ubuntu noble/main amd64 libcdio-paranoia2t64 amd64 10.2+2.0.1-1.1build2 [16.6 kB]
2026-10-04T17:51:39.4088191Z Get:77 http://azure.archive.ubuntu.com/ubuntu noble/universe amd64 libdc1394-25 amd64 2.2.6-4build1 [90.1 kB]
2026-10-04T17:51:39.4569312Z Get:78 http://azure.archive.ubuntu.com/ubuntu noble/main amd64 libiec61883-0 amd64 1.2.0-6build1 [24.5 kB]
2026-10-04T17:51:39.5039896Z Get:79 http://azure.archive.ubuntu.com/ubuntu noble/main amd64 libjack-jackd2-0 amd64 1.9.21~dfsg-3ubuntu3 [289 kB]
2026-10-04T17:51:39.5539395Z Get:80 http://azure.archive.ubuntu.com/ubuntu noble/universe amd64 libopenal-data all 1:1.23.1-4build1 [161 kB]
2026-10-04T17:51:39.6033504Z Get:81 http://azure.archive.ubuntu.com/ubuntu noble/universe amd64 libsndio7.0 amd64 1.9.0-0.3build3 [29.6 kB]
2026-10-04T17:51:39.6499357Z Get:82 http://azure.archive.ubuntu.com/ubuntu noble/universe amd64 libopenal1 amd64 1:1.23.1-4build1 [540 kB]
2026-10-04T17:51:39.7038338Z Get:83 http://azure.archive.ubuntu.com/ubuntu noble/main amd64 libdecor-0-0 amd64 0.2.2-1build2 [16.5 kB]
2026-10-04T17:51:39.7506059Z Get:84 http://azure.archive.ubuntu.com/ubuntu noble-updates/main amd64 libsdl2-2.0-0 amd64 2.30.0+dfsg-1ubuntu3.1 [686 kB]
2026-10-04T17:51:39.8056277Z Get:85 http://azure.archive.ubuntu.com/ubuntu noble/main amd64 libxcb-shape0 amd64 1.15-1ubuntu2 [6100 B]
2026-10-04T17:51:39.8524722Z Get:86 http://azure.archive.ubuntu.com/ubuntu noble/main amd64 libxv1 amd64 2:1.0.11-1.1build1 [10.7 kB]
2026-10-04T17:51:39.8996358Z Get:87 http://azure.archive.ubuntu.com/ubuntu noble/universe amd64 libavdevice60 amd64 7:6.1.1-3ubuntu5 [82.3 kB]
2026-10-04T17:51:39.9469295Z Get:88 http://azure.archive.ubuntu.com/ubuntu noble/universe amd64 ffmpeg amd64 7:6.1.1-3ubuntu5 [1879 kB]
2026-10-04T17:51:40.2884956Z Fetched 62.8 MB in 6s (11.1 MB/s)
2026-10-04T17:51:40.3116394Z Selecting previously unselected package libva2:amd64.
2026-10-04T17:51:40.3382318Z (Reading database ... 
2026-10-04T17:51:40.3382716Z (Reading database ... 5%
2026-10-04T17:51:40.3383073Z (Reading database ... 10%
2026-10-04T17:51:40.3383431Z (Reading database ... 15%
2026-10-04T17:51:40.3383765Z (Reading database ... 20%
2026-10-04T17:51:40.3384086Z (Reading database ... 25%
2026-10-04T17:51:40.3384402Z (Reading database ... 30%
2026-10-04T17:51:40.3384873Z (Reading database ... 35%
2026-10-04T17:51:40.3385833Z (Reading database ... 40%
2026-10-04T17:51:40.3386456Z (Reading database ... 45%
2026-10-04T17:51:40.3387002Z (Reading database ... 50%
2026-10-04T17:51:40.3426137Z (Reading database ... 55%
2026-10-04T17:51:40.4478568Z (Reading database ... 60%
2026-10-04T17:51:40.6543702Z (Reading database ... 65%
2026-10-04T17:51:40.8451238Z (Reading database ... 70%
2026-10-04T17:51:41.0494015Z (Reading database ... 75%
2026-10-04T17:51:41.1919296Z (Reading database ... 80%
2026-10-04T17:51:41.3940879Z (Reading database ... 85%
2026-10-04T17:51:41.5635544Z (Reading database ... 90%
2026-10-04T17:51:41.7511525Z (Reading database ... 95%
2026-10-04T17:51:41.7512043Z (Reading database ... 100%
2026-10-04T17:51:41.7512769Z (Reading database ... 202296 files and directories currently installed.)
2026-10-04T17:51:41.7551119Z Preparing to unpack .../00-libva2_2.20.0-2ubuntu0.2_amd64.deb ...
2026-10-04T17:51:41.7587627Z Unpacking libva2:amd64 (2.20.0-2ubuntu0.2) ...
2026-10-04T17:51:41.7794061Z Selecting previously unselected package libva-drm2:amd64.
2026-10-04T17:51:41.7913026Z Preparing to unpack .../01-libva-drm2_2.20.0-2ubuntu0.2_amd64.deb ...
2026-10-04T17:51:41.7919425Z Unpacking libva-drm2:amd64 (2.20.0-2ubuntu0.2) ...
2026-10-04T17:51:41.8109290Z Selecting previously unselected package libva-x11-2:amd64.
2026-10-04T17:51:41.8225113Z Preparing to unpack .../02-libva-x11-2_2.20.0-2ubuntu0.2_amd64.deb ...
2026-10-04T17:51:41.8231849Z Unpacking libva-x11-2:amd64 (2.20.0-2ubuntu0.2) ...
2026-10-04T17:51:41.8414857Z Selecting previously unselected package libvdpau1:amd64.
2026-10-04T17:51:41.8530008Z Preparing to unpack .../03-libvdpau1_1.5-2build1_amd64.deb ...
2026-10-04T17:51:41.8549043Z Unpacking libvdpau1:amd64 (1.5-2build1) ...
2026-10-04T17:51:41.8746243Z Selecting previously unselected package libvpl2.
2026-10-04T17:51:41.8862044Z Preparing to unpack .../04-libvpl2_2023.3.0-1build1_amd64.deb ...
2026-10-04T17:51:41.8869938Z Unpacking libvpl2 (2023.3.0-1build1) ...
2026-10-04T17:51:41.9071413Z Selecting previously unselected package ocl-icd-libopencl1:amd64.
2026-10-04T17:51:41.9187758Z Preparing to unpack .../05-ocl-icd-libopencl1_2.3.2-1build1_amd64.deb ...
2026-10-04T17:51:41.9194177Z Unpacking ocl-icd-libopencl1:amd64 (2.3.2-1build1) ...
2026-10-04T17:51:41.9419957Z Selecting previously unselected package libavutil58:amd64.
2026-10-04T17:51:41.9535967Z Preparing to unpack .../06-libavutil58_7%3a6.1.1-3ubuntu5_amd64.deb ...
2026-10-04T17:51:41.9543226Z Unpacking libavutil58:amd64 (7:6.1.1-3ubuntu5) ...
2026-10-04T17:51:41.9774320Z Selecting previously unselected package libcodec2-1.2:amd64.
2026-10-04T17:51:41.9891395Z Preparing to unpack .../07-libcodec2-1.2_1.2.0-2build1_amd64.deb ...
2026-10-04T17:51:41.9897977Z Unpacking libcodec2-1.2:amd64 (1.2.0-2build1) ...
2026-10-04T17:51:42.0624691Z Selecting previously unselected package libdav1d7:amd64.
2026-10-04T17:51:42.0748690Z Preparing to unpack .../08-libdav1d7_1.4.1-1build1_amd64.deb ...
2026-10-04T17:51:42.0755051Z Unpacking libdav1d7:amd64 (1.4.1-1build1) ...
2026-10-04T17:51:42.1001088Z Selecting previously unselected package libgsm1:amd64.
2026-10-04T17:51:42.1124114Z Preparing to unpack .../09-libgsm1_1.0.22-1build1_amd64.deb ...
2026-10-04T17:51:42.1130366Z Unpacking libgsm1:amd64 (1.0.22-1build1) ...
2026-10-04T17:51:42.1319369Z Selecting previously unselected package libhwy1t64:amd64.
2026-10-04T17:51:42.1440444Z Preparing to unpack .../10-libhwy1t64_1.0.7-8.1build1_amd64.deb ...
2026-10-04T17:51:42.1447309Z Unpacking libhwy1t64:amd64 (1.0.7-8.1build1) ...
2026-10-04T17:51:42.1743516Z Selecting previously unselected package libjxl0.7:amd64.
2026-10-04T17:51:42.1865754Z Preparing to unpack .../11-libjxl0.7_0.7.0-10.2ubuntu6.1_amd64.deb ...
2026-10-04T17:51:42.1874654Z Unpacking libjxl0.7:amd64 (0.7.0-10.2ubuntu6.1) ...
2026-10-04T17:51:42.2184958Z Selecting previously unselected package libmp3lame0:amd64.
2026-10-04T17:51:42.2307421Z Preparing to unpack .../12-libmp3lame0_3.100-6build1_amd64.deb ...
2026-10-04T17:51:42.2314174Z Unpacking libmp3lame0:amd64 (3.100-6build1) ...
2026-10-04T17:51:42.2513979Z Selecting previously unselected package libopus0:amd64.
2026-10-04T17:51:42.2635102Z Preparing to unpack .../13-libopus0_1.4-1build1_amd64.deb ...
2026-10-04T17:51:42.2641377Z Unpacking libopus0:amd64 (1.4-1build1) ...
2026-10-04T17:51:42.2845833Z Selecting previously unselected package librav1e0:amd64.
2026-10-04T17:51:42.2965718Z Preparing to unpack .../14-librav1e0_0.7.1-2_amd64.deb ...
2026-10-04T17:51:42.2984155Z Unpacking librav1e0:amd64 (0.7.1-2) ...
2026-10-04T17:51:42.3282470Z Selecting previously unselected package librsvg2-2:amd64.
2026-10-04T17:51:42.3406628Z Preparing to unpack .../15-librsvg2-2_2.58.0+dfsg-1build1_amd64.deb ...
2026-10-04T17:51:42.3414383Z Unpacking librsvg2-2:amd64 (2.58.0+dfsg-1build1) ...
2026-10-04T17:51:42.3863457Z Selecting previously unselected package libshine3:amd64.
2026-10-04T17:51:42.3987687Z Preparing to unpack .../16-libshine3_3.1.1-2build1_amd64.deb ...
2026-10-04T17:51:42.3993866Z Unpacking libshine3:amd64 (3.1.1-2build1) ...
2026-10-04T17:51:42.4182606Z Selecting previously unselected package libspeex1:amd64.
2026-10-04T17:51:42.4304595Z Preparing to unpack .../17-libspeex1_1.2.1-2ubuntu2.24.04.1_amd64.deb ...
2026-10-04T17:51:42.4311136Z Unpacking libspeex1:amd64 (1.2.1-2ubuntu2.24.04.1) ...
2026-10-04T17:51:42.4500047Z Selecting previously unselected package libsvtav1enc1d1:amd64.
2026-10-04T17:51:42.4621421Z Preparing to unpack .../18-libsvtav1enc1d1_1.7.0+dfsg-2build1_amd64.deb ...
2026-10-04T17:51:42.4628144Z Unpacking libsvtav1enc1d1:amd64 (1.7.0+dfsg-2build1) ...
2026-10-04T17:51:42.5104584Z Selecting previously unselected package libsoxr0:amd64.
2026-10-04T17:51:42.5229125Z Preparing to unpack .../19-libsoxr0_0.1.3-4build3_amd64.deb ...
2026-10-04T17:51:42.5235737Z Unpacking libsoxr0:amd64 (0.1.3-4build3) ...
2026-10-04T17:51:42.5435758Z Selecting previously unselected package libswresample4:amd64.
2026-10-04T17:51:42.5558948Z Preparing to unpack .../20-libswresample4_7%3a6.1.1-3ubuntu5_amd64.deb ...
2026-10-04T17:51:42.5566024Z Unpacking libswresample4:amd64 (7:6.1.1-3ubuntu5) ...
2026-10-04T17:51:42.5768653Z Selecting previously unselected package libtheora0:amd64.
2026-10-04T17:51:42.5892144Z Preparing to unpack .../21-libtheora0_1.1.1+dfsg.1-16.1build3_amd64.deb ...
2026-10-04T17:51:42.5898791Z Unpacking libtheora0:amd64 (1.1.1+dfsg.1-16.1build3) ...
2026-10-04T17:51:42.6122533Z Selecting previously unselected package libtwolame0:amd64.
2026-10-04T17:51:42.6245563Z Preparing to unpack .../22-libtwolame0_0.4.0-2build3_amd64.deb ...
2026-10-04T17:51:42.6252154Z Unpacking libtwolame0:amd64 (0.4.0-2build3) ...
2026-10-04T17:51:42.6452563Z Selecting previously unselected package libvorbisenc2:amd64.
2026-10-04T17:51:42.6575657Z Preparing to unpack .../23-libvorbisenc2_1.3.7-1build3_amd64.deb ...
2026-10-04T17:51:42.6582438Z Unpacking libvorbisenc2:amd64 (1.3.7-1build3) ...
2026-10-04T17:51:42.6800070Z Selecting previously unselected package libvpx9:amd64.
2026-10-04T17:51:42.6921386Z Preparing to unpack .../24-libvpx9_1.14.0-1ubuntu2.3_amd64.deb ...
2026-10-04T17:51:42.6928287Z Unpacking libvpx9:amd64 (1.14.0-1ubuntu2.3) ...
2026-10-04T17:51:42.7249367Z Selecting previously unselected package libx264-164:amd64.
2026-10-04T17:51:42.7411447Z Preparing to unpack .../25-libx264-164_2%3a0.164.3108+git31e19f9-1_amd64.deb ...
2026-10-04T17:51:42.7419749Z Unpacking libx264-164:amd64 (2:0.164.3108+git31e19f9-1) ...
2026-10-04T17:51:42.7690714Z Selecting previously unselected package libx265-199:amd64.
2026-10-04T17:51:42.7839268Z Preparing to unpack .../26-libx265-199_3.5-2build1_amd64.deb ...
2026-10-04T17:51:42.7846855Z Unpacking libx265-199:amd64 (3.5-2build1) ...
2026-10-04T17:51:42.8490834Z Selecting previously unselected package libxvidcore4:amd64.
2026-10-04T17:51:42.8616221Z Preparing to unpack .../27-libxvidcore4_2%3a1.3.7-1build1_amd64.deb ...
2026-10-04T17:51:42.8623140Z Unpacking libxvidcore4:amd64 (2:1.3.7-1build1) ...
2026-10-04T17:51:42.8829538Z Selecting previously unselected package libzvbi-common.
2026-10-04T17:51:42.8952860Z Preparing to unpack .../28-libzvbi-common_0.2.42-2_all.deb ...
2026-10-04T17:51:42.8960143Z Unpacking libzvbi-common (0.2.42-2) ...
2026-10-04T17:51:42.9686408Z Selecting previously unselected package libzvbi0t64:amd64.
2026-10-04T17:51:42.9809225Z Preparing to unpack .../29-libzvbi0t64_0.2.42-2_amd64.deb ...
2026-10-04T17:51:42.9816578Z Unpacking libzvbi0t64:amd64 (0.2.42-2) ...
2026-10-04T17:51:43.0038134Z Selecting previously unselected package libavcodec60:amd64.
2026-10-04T17:51:43.0158833Z Preparing to unpack .../30-libavcodec60_7%3a6.1.1-3ubuntu5_amd64.deb ...
2026-10-04T17:51:43.0165692Z Unpacking libavcodec60:amd64 (7:6.1.1-3ubuntu5) ...
2026-10-04T17:51:43.0968276Z Selecting previously unselected package libraw1394-11:amd64.
2026-10-04T17:51:43.1091899Z Preparing to unpack .../31-libraw1394-11_2.1.2-2build3_amd64.deb ...
2026-10-04T17:51:43.1098211Z Unpacking libraw1394-11:amd64 (2.1.2-2build3) ...
2026-10-04T17:51:43.1288845Z Selecting previously unselected package libavc1394-0:amd64.
2026-10-04T17:51:43.1411096Z Preparing to unpack .../32-libavc1394-0_0.5.4-5build3_amd64.deb ...
2026-10-04T17:51:43.1418294Z Unpacking libavc1394-0:amd64 (0.5.4-5build3) ...
2026-10-04T17:51:43.1610487Z Selecting previously unselected package libunibreak5:amd64.
2026-10-04T17:51:43.1731453Z Preparing to unpack .../33-libunibreak5_5.1-2build1_amd64.deb ...
2026-10-04T17:51:43.1738699Z Unpacking libunibreak5:amd64 (5.1-2build1) ...
2026-10-04T17:51:43.1938645Z Selecting previously unselected package libass9:amd64.
2026-10-04T17:51:43.2059174Z Preparing to unpack .../34-libass9_1%3a0.17.1-2build1_amd64.deb ...
2026-10-04T17:51:43.2066107Z Unpacking libass9:amd64 (1:0.17.1-2build1) ...
2026-10-04T17:51:43.2265769Z Selecting previously unselected package libudfread0:amd64.
2026-10-04T17:51:43.2385678Z Preparing to unpack .../35-libudfread0_1.1.2-1build1_amd64.deb ...
2026-10-04T17:51:43.2392399Z Unpacking libudfread0:amd64 (1.1.2-1build1) ...
2026-10-04T17:51:43.2582864Z Selecting previously unselected package libbluray2:amd64.
2026-10-04T17:51:43.2701168Z Preparing to unpack .../36-libbluray2_1%3a1.3.4-1build1_amd64.deb ...
2026-10-04T17:51:43.2708218Z Unpacking libbluray2:amd64 (1:1.3.4-1build1) ...
2026-10-04T17:51:43.2908977Z Selecting previously unselected package libchromaprint1:amd64.
2026-10-04T17:51:43.3026859Z Preparing to unpack .../37-libchromaprint1_1.5.1-5_amd64.deb ...
2026-10-04T17:51:43.3033893Z Unpacking libchromaprint1:amd64 (1.5.1-5) ...
2026-10-04T17:51:43.3220984Z Selecting previously unselected package libgme0:amd64.
2026-10-04T17:51:43.3337867Z Preparing to unpack .../38-libgme0_0.6.3-7build1_amd64.deb ...
2026-10-04T17:51:43.3344659Z Unpacking libgme0:amd64 (0.6.3-7build1) ...
2026-10-04T17:51:43.3541182Z Selecting previously unselected package libmpg123-0t64:amd64.
2026-10-04T17:51:43.3658920Z Preparing to unpack .../39-libmpg123-0t64_1.32.5-1ubuntu1.1_amd64.deb ...
2026-10-04T17:51:43.3665937Z Unpacking libmpg123-0t64:amd64 (1.32.5-1ubuntu1.1) ...
2026-10-04T17:51:43.3872447Z Selecting previously unselected package libopenmpt0t64:amd64.
2026-10-04T17:51:43.3990943Z Preparing to unpack .../40-libopenmpt0t64_0.7.3-1.1build3_amd64.deb ...
2026-10-04T17:51:43.3997562Z Unpacking libopenmpt0t64:amd64 (0.7.3-1.1build3) ...
2026-10-04T17:51:43.4246497Z Selecting previously unselected package libcjson1:amd64.
2026-10-04T17:51:43.4365349Z Preparing to unpack .../41-libcjson1_1.7.17-1_amd64.deb ...
2026-10-04T17:51:43.4372247Z Unpacking libcjson1:amd64 (1.7.17-1) ...
2026-10-04T17:51:43.4561943Z Selecting previously unselected package libmbedcrypto7t64:amd64.
2026-10-04T17:51:43.4680206Z Preparing to unpack .../42-libmbedcrypto7t64_2.28.8-1_amd64.deb ...
2026-10-04T17:51:43.4687095Z Unpacking libmbedcrypto7t64:amd64 (2.28.8-1) ...
2026-10-04T17:51:43.4895823Z Selecting previously unselected package librist4:amd64.
2026-10-04T17:51:43.5013722Z Preparing to unpack .../43-librist4_0.2.10+dfsg-2_amd64.deb ...
2026-10-04T17:51:43.5020439Z Unpacking librist4:amd64 (0.2.10+dfsg-2) ...
2026-10-04T17:51:43.5209760Z Selecting previously unselected package libsrt1.5-gnutls:amd64.
2026-10-04T17:51:43.5327021Z Preparing to unpack .../44-libsrt1.5-gnutls_1.5.3-1build2_amd64.deb ...
2026-10-04T17:51:43.5333982Z Unpacking libsrt1.5-gnutls:amd64 (1.5.3-1build2) ...
2026-10-04T17:51:43.5552845Z Selecting previously unselected package libssh-gcrypt-4:amd64.
2026-10-04T17:51:43.5670411Z Preparing to unpack .../45-libssh-gcrypt-4_0.10.6-2ubuntu0.5_amd64.deb ...
2026-10-04T17:51:43.5677463Z Unpacking libssh-gcrypt-4:amd64 (0.10.6-2ubuntu0.5) ...
2026-10-04T17:51:43.5890190Z Selecting previously unselected package libavformat60:amd64.
2026-10-04T17:51:43.6006367Z Preparing to unpack .../46-libavformat60_7%3a6.1.1-3ubuntu5_amd64.deb ...
2026-10-04T17:51:43.6013838Z Unpacking libavformat60:amd64 (7:6.1.1-3ubuntu5) ...
2026-10-04T17:51:43.6303033Z Selecting previously unselected package libbs2b0:amd64.
2026-10-04T17:51:43.6421625Z Preparing to unpack .../47-libbs2b0_3.1.0+dfsg-7build1_amd64.deb ...
2026-10-04T17:51:43.6429012Z Unpacking libbs2b0:amd64 (3.1.0+dfsg-7build1) ...
2026-10-04T17:51:43.6636627Z Selecting previously unselected package libflite1:amd64.
2026-10-04T17:51:43.6754194Z Preparing to unpack .../48-libflite1_2.2-6build3_amd64.deb ...
2026-10-04T17:51:43.6761716Z Unpacking libflite1:amd64 (2.2-6build3) ...
2026-10-04T17:51:43.7799518Z Selecting previously unselected package libserd-0-0:amd64.
2026-10-04T17:51:43.7924646Z Preparing to unpack .../49-libserd-0-0_0.32.2-1_amd64.deb ...
2026-10-04T17:51:43.7931915Z Unpacking libserd-0-0:amd64 (0.32.2-1) ...
2026-10-04T17:51:43.8126069Z Selecting previously unselected package libzix-0-0:amd64.
2026-10-04T17:51:43.8249188Z Preparing to unpack .../50-libzix-0-0_0.4.2-2build1_amd64.deb ...
2026-10-04T17:51:43.8255956Z Unpacking libzix-0-0:amd64 (0.4.2-2build1) ...
2026-10-04T17:51:43.8448236Z Selecting previously unselected package libsord-0-0:amd64.
2026-10-04T17:51:43.8573210Z Preparing to unpack .../51-libsord-0-0_0.16.16-2build1_amd64.deb ...
2026-10-04T17:51:43.8580771Z Unpacking libsord-0-0:amd64 (0.16.16-2build1) ...
2026-10-04T17:51:43.8770613Z Selecting previously unselected package libsratom-0-0:amd64.
2026-10-04T17:51:43.8892134Z Preparing to unpack .../52-libsratom-0-0_0.6.16-1build1_amd64.deb ...
2026-10-04T17:51:43.8898541Z Unpacking libsratom-0-0:amd64 (0.6.16-1build1) ...
2026-10-04T17:51:43.9082000Z Selecting previously unselected package liblilv-0-0:amd64.
2026-10-04T17:51:43.9201276Z Preparing to unpack .../53-liblilv-0-0_0.24.22-1build1_amd64.deb ...
2026-10-04T17:51:43.9208050Z Unpacking liblilv-0-0:amd64 (0.24.22-1build1) ...
2026-10-04T17:51:43.9416108Z Selecting previously unselected package libmysofa1:amd64.
2026-10-04T17:51:43.9534916Z Preparing to unpack .../54-libmysofa1_1.3.2+dfsg-2ubuntu2_amd64.deb ...
2026-10-04T17:51:43.9542053Z Unpacking libmysofa1:amd64 (1.3.2+dfsg-2ubuntu2) ...
2026-10-04T17:51:43.9768993Z Selecting previously unselected package libplacebo338:amd64.
2026-10-04T17:51:43.9887950Z Preparing to unpack .../55-libplacebo338_6.338.2-2build1_amd64.deb ...
2026-10-04T17:51:43.9894742Z Unpacking libplacebo338:amd64 (6.338.2-2build1) ...
2026-10-04T17:51:44.0402709Z Selecting previously unselected package libblas3:amd64.
2026-10-04T17:51:44.0525572Z Preparing to unpack .../56-libblas3_3.12.0-3build1.1_amd64.deb ...
2026-10-04T17:51:44.0552351Z Unpacking libblas3:amd64 (3.12.0-3build1.1) ...
2026-10-04T17:51:44.0787386Z Selecting previously unselected package liblapack3:amd64.
2026-10-04T17:51:44.0908674Z Preparing to unpack .../57-liblapack3_3.12.0-3build1.1_amd64.deb ...
2026-10-04T17:51:44.0936324Z Unpacking liblapack3:amd64 (3.12.0-3build1.1) ...
2026-10-04T17:51:44.1385590Z Selecting previously unselected package libasyncns0:amd64.
2026-10-04T17:51:44.1506897Z Preparing to unpack .../58-libasyncns0_0.8-6build4_amd64.deb ...
2026-10-04T17:51:44.1513690Z Unpacking libasyncns0:amd64 (0.8-6build4) ...
2026-10-04T17:51:44.1702879Z Selecting previously unselected package libflac12t64:amd64.
2026-10-04T17:51:44.1823227Z Preparing to unpack .../59-libflac12t64_1.4.3+ds-2.1ubuntu2_amd64.deb ...
2026-10-04T17:51:44.1830257Z Unpacking libflac12t64:amd64 (1.4.3+ds-2.1ubuntu2) ...
2026-10-04T17:51:44.2047375Z Selecting previously unselected package libsndfile1:amd64.
2026-10-04T17:51:44.2173022Z Preparing to unpack .../60-libsndfile1_1.2.2-1ubuntu5.24.04.1_amd64.deb ...
2026-10-04T17:51:44.2179630Z Unpacking libsndfile1:amd64 (1.2.2-1ubuntu5.24.04.1) ...
2026-10-04T17:51:44.2406933Z Selecting previously unselected package libpulse0:amd64.
2026-10-04T17:51:44.2527411Z Preparing to unpack .../61-libpulse0_1%3a16.1+dfsg1-2ubuntu10.1_amd64.deb ...
2026-10-04T17:51:44.2591445Z Unpacking libpulse0:amd64 (1:16.1+dfsg1-2ubuntu10.1) ...
2026-10-04T17:51:44.2821597Z Selecting previously unselected package libsphinxbase3t64:amd64.
2026-10-04T17:51:44.2941011Z Preparing to unpack .../62-libsphinxbase3t64_0.8+5prealpha+1-17build2_amd64.deb ...
2026-10-04T17:51:44.2948518Z Unpacking libsphinxbase3t64:amd64 (0.8+5prealpha+1-17build2) ...
2026-10-04T17:51:44.3152575Z Selecting previously unselected package libpocketsphinx3:amd64.
2026-10-04T17:51:44.3271003Z Preparing to unpack .../63-libpocketsphinx3_0.8.0+real5prealpha+1-15ubuntu5_amd64.deb ...
2026-10-04T17:51:44.3277702Z Unpacking libpocketsphinx3:amd64 (0.8.0+real5prealpha+1-15ubuntu5) ...
2026-10-04T17:51:44.3478044Z Selecting previously unselected package libpostproc57:amd64.
2026-10-04T17:51:44.3596178Z Preparing to unpack .../64-libpostproc57_7%3a6.1.1-3ubuntu5_amd64.deb ...
2026-10-04T17:51:44.3602613Z Unpacking libpostproc57:amd64 (7:6.1.1-3ubuntu5) ...
2026-10-04T17:51:44.3794380Z Selecting previously unselected package libsamplerate0:amd64.
2026-10-04T17:51:44.3911796Z Preparing to unpack .../65-libsamplerate0_0.2.2-4build1_amd64.deb ...
2026-10-04T17:51:44.3918914Z Unpacking libsamplerate0:amd64 (0.2.2-4build1) ...
2026-10-04T17:51:44.4163378Z Selecting previously unselected package librubberband2:amd64.
2026-10-04T17:51:44.4281618Z Preparing to unpack .../66-librubberband2_3.3.0+dfsg-2build1_amd64.deb ...
2026-10-04T17:51:44.4288364Z Unpacking librubberband2:amd64 (3.3.0+dfsg-2build1) ...
2026-10-04T17:51:44.4492958Z Selecting previously unselected package libswscale7:amd64.
2026-10-04T17:51:44.4611059Z Preparing to unpack .../67-libswscale7_7%3a6.1.1-3ubuntu5_amd64.deb ...
2026-10-04T17:51:44.4617914Z Unpacking libswscale7:amd64 (7:6.1.1-3ubuntu5) ...
2026-10-04T17:51:44.4829066Z Selecting previously unselected package libvidstab1.1:amd64.
2026-10-04T17:51:44.4946285Z Preparing to unpack .../68-libvidstab1.1_1.1.0-2build1_amd64.deb ...
2026-10-04T17:51:44.4954530Z Unpacking libvidstab1.1:amd64 (1.1.0-2build1) ...
2026-10-04T17:51:44.5149478Z Selecting previously unselected package libzimg2:amd64.
2026-10-04T17:51:44.5271136Z Preparing to unpack .../69-libzimg2_3.0.5+ds1-1build1_amd64.deb ...
2026-10-04T17:51:44.5278670Z Unpacking libzimg2:amd64 (3.0.5+ds1-1build1) ...
2026-10-04T17:51:44.5496820Z Selecting previously unselected package libavfilter9:amd64.
2026-10-04T17:51:44.5617197Z Preparing to unpack .../70-libavfilter9_7%3a6.1.1-3ubuntu5_amd64.deb ...
2026-10-04T17:51:44.5624272Z Unpacking libavfilter9:amd64 (7:6.1.1-3ubuntu5) ...
2026-10-04T17:51:44.6316011Z Selecting previously unselected package libcaca0:amd64.
2026-10-04T17:51:44.6441111Z Preparing to unpack .../71-libcaca0_0.99.beta20-4ubuntu0.2_amd64.deb ...
2026-10-04T17:51:44.6449668Z Unpacking libcaca0:amd64 (0.99.beta20-4ubuntu0.2) ...
2026-10-04T17:51:44.6677401Z Selecting previously unselected package libcdio19t64:amd64.
2026-10-04T17:51:44.6800779Z Preparing to unpack .../72-libcdio19t64_2.1.0-4.1ubuntu1.2_amd64.deb ...
2026-10-04T17:51:44.6807736Z Unpacking libcdio19t64:amd64 (2.1.0-4.1ubuntu1.2) ...
2026-10-04T17:51:44.7004831Z Selecting previously unselected package libcdio-cdda2t64:amd64.
2026-10-04T17:51:44.7127205Z Preparing to unpack .../73-libcdio-cdda2t64_10.2+2.0.1-1.1build2_amd64.deb ...
2026-10-04T17:51:44.7134577Z Unpacking libcdio-cdda2t64:amd64 (10.2+2.0.1-1.1build2) ...
2026-10-04T17:51:44.7322642Z Selecting previously unselected package libcdio-paranoia2t64:amd64.
2026-10-04T17:51:44.7443767Z Preparing to unpack .../74-libcdio-paranoia2t64_10.2+2.0.1-1.1build2_amd64.deb ...
2026-10-04T17:51:44.7451447Z Unpacking libcdio-paranoia2t64:amd64 (10.2+2.0.1-1.1build2) ...
2026-10-04T17:51:44.7638556Z Selecting previously unselected package libdc1394-25:amd64.
2026-10-04T17:51:44.7759181Z Preparing to unpack .../75-libdc1394-25_2.2.6-4build1_amd64.deb ...
2026-10-04T17:51:44.7765780Z Unpacking libdc1394-25:amd64 (2.2.6-4build1) ...
2026-10-04T17:51:44.7963889Z Selecting previously unselected package libiec61883-0:amd64.
2026-10-04T17:51:44.8083477Z Preparing to unpack .../76-libiec61883-0_1.2.0-6build1_amd64.deb ...
2026-10-04T17:51:44.8090936Z Unpacking libiec61883-0:amd64 (1.2.0-6build1) ...
2026-10-04T17:51:44.8280427Z Selecting previously unselected package libjack-jackd2-0:amd64.
2026-10-04T17:51:44.8399750Z Preparing to unpack .../77-libjack-jackd2-0_1.9.21~dfsg-3ubuntu3_amd64.deb ...
2026-10-04T17:51:44.8406506Z Unpacking libjack-jackd2-0:amd64 (1.9.21~dfsg-3ubuntu3) ...
2026-10-04T17:51:44.8634926Z Selecting previously unselected package libopenal-data.
2026-10-04T17:51:44.8752772Z Preparing to unpack .../78-libopenal-data_1%3a1.23.1-4build1_all.deb ...
2026-10-04T17:51:44.8759741Z Unpacking libopenal-data (1:1.23.1-4build1) ...
2026-10-04T17:51:44.8971882Z Selecting previously unselected package libsndio7.0:amd64.
2026-10-04T17:51:44.9089565Z Preparing to unpack .../79-libsndio7.0_1.9.0-0.3build3_amd64.deb ...
2026-10-04T17:51:44.9096996Z Unpacking libsndio7.0:amd64 (1.9.0-0.3build3) ...
2026-10-04T17:51:44.9315683Z Selecting previously unselected package libopenal1:amd64.
2026-10-04T17:51:44.9434484Z Preparing to unpack .../80-libopenal1_1%3a1.23.1-4build1_amd64.deb ...
2026-10-04T17:51:44.9441830Z Unpacking libopenal1:amd64 (1:1.23.1-4build1) ...
2026-10-04T17:51:44.9687121Z Selecting previously unselected package libdecor-0-0:amd64.
2026-10-04T17:51:44.9805896Z Preparing to unpack .../81-libdecor-0-0_0.2.2-1build2_amd64.deb ...
2026-10-04T17:51:44.9813702Z Unpacking libdecor-0-0:amd64 (0.2.2-1build2) ...
2026-10-04T17:51:45.0003610Z Selecting previously unselected package libsdl2-2.0-0:amd64.
2026-10-04T17:51:45.0122133Z Preparing to unpack .../82-libsdl2-2.0-0_2.30.0+dfsg-1ubuntu3.1_amd64.deb ...
2026-10-04T17:51:45.0128559Z Unpacking libsdl2-2.0-0:amd64 (2.30.0+dfsg-1ubuntu3.1) ...
2026-10-04T17:51:45.0623358Z Selecting previously unselected package libxcb-shape0:amd64.
2026-10-04T17:51:45.0742679Z Preparing to unpack .../83-libxcb-shape0_1.15-1ubuntu2_amd64.deb ...
2026-10-04T17:51:45.0752434Z Unpacking libxcb-shape0:amd64 (1.15-1ubuntu2) ...
2026-10-04T17:51:45.0934286Z Selecting previously unselected package libxv1:amd64.
2026-10-04T17:51:45.1052902Z Preparing to unpack .../84-libxv1_2%3a1.0.11-1.1build1_amd64.deb ...
2026-10-04T17:51:45.1061082Z Unpacking libxv1:amd64 (2:1.0.11-1.1build1) ...
2026-10-04T17:51:45.1243698Z Selecting previously unselected package libavdevice60:amd64.
2026-10-04T17:51:45.1360887Z Preparing to unpack .../85-libavdevice60_7%3a6.1.1-3ubuntu5_amd64.deb ...
2026-10-04T17:51:45.1370107Z Unpacking libavdevice60:amd64 (7:6.1.1-3ubuntu5) ...
2026-10-04T17:51:45.1559084Z Selecting previously unselected package ffmpeg.
2026-10-04T17:51:45.1675683Z Preparing to unpack .../86-ffmpeg_7%3a6.1.1-3ubuntu5_amd64.deb ...
2026-10-04T17:51:45.1682385Z Unpacking ffmpeg (7:6.1.1-3ubuntu5) ...
2026-10-04T17:51:45.2252817Z Setting up libgme0:amd64 (0.6.3-7build1) ...
2026-10-04T17:51:45.2271748Z Setting up libchromaprint1:amd64 (1.5.1-5) ...
2026-10-04T17:51:45.2287290Z Setting up libssh-gcrypt-4:amd64 (0.10.6-2ubuntu0.5) ...
2026-10-04T17:51:45.2308914Z Setting up libhwy1t64:amd64 (1.0.7-8.1build1) ...
2026-10-04T17:51:45.2326989Z Setting up libudfread0:amd64 (1.1.2-1build1) ...
2026-10-04T17:51:45.2342989Z Setting up libraw1394-11:amd64 (2.1.2-2build3) ...
2026-10-04T17:51:45.2360380Z Setting up libspeex1:amd64 (1.2.1-2ubuntu2.24.04.1) ...
2026-10-04T17:51:45.2376371Z Setting up libshine3:amd64 (3.1.1-2build1) ...
2026-10-04T17:51:45.2394516Z Setting up libcaca0:amd64 (0.99.beta20-4ubuntu0.2) ...
2026-10-04T17:51:45.2410853Z Setting up libvpl2 (2023.3.0-1build1) ...
2026-10-04T17:51:45.2427307Z Setting up libx264-164:amd64 (2:0.164.3108+git31e19f9-1) ...
2026-10-04T17:51:45.2450073Z Setting up libtwolame0:amd64 (0.4.0-2build3) ...
2026-10-04T17:51:45.2466323Z Setting up libmbedcrypto7t64:amd64 (2.28.8-1) ...
2026-10-04T17:51:45.2484141Z Setting up libgsm1:amd64 (1.0.22-1build1) ...
2026-10-04T17:51:45.2500196Z Setting up libsoxr0:amd64 (0.1.3-4build3) ...
2026-10-04T17:51:45.2516157Z Setting up libzix-0-0:amd64 (0.4.2-2build1) ...
2026-10-04T17:51:45.2533274Z Setting up libcodec2-1.2:amd64 (1.2.0-2build1) ...
2026-10-04T17:51:45.2550701Z Setting up libmysofa1:amd64 (1.3.2+dfsg-2ubuntu2) ...
2026-10-04T17:51:45.2569155Z Setting up libxcb-shape0:amd64 (1.15-1ubuntu2) ...
2026-10-04T17:51:45.2586987Z Setting up libcdio19t64:amd64 (2.1.0-4.1ubuntu1.2) ...
2026-10-04T17:51:45.2603866Z Setting up libsvtav1enc1d1:amd64 (1.7.0+dfsg-2build1) ...
2026-10-04T17:51:45.2621751Z Setting up libmpg123-0t64:amd64 (1.32.5-1ubuntu1.1) ...
2026-10-04T17:51:45.2637435Z Setting up libcjson1:amd64 (1.7.17-1) ...
2026-10-04T17:51:45.2655148Z Setting up libxvidcore4:amd64 (2:1.3.7-1build1) ...
2026-10-04T17:51:45.2670274Z Setting up librav1e0:amd64 (0.7.1-2) ...
2026-10-04T17:51:45.2685216Z Setting up libcdio-cdda2t64:amd64 (10.2+2.0.1-1.1build2) ...
2026-10-04T17:51:45.2705714Z Setting up librist4:amd64 (0.2.10+dfsg-2) ...
2026-10-04T17:51:45.2721635Z Setting up librsvg2-2:amd64 (2.58.0+dfsg-1build1) ...
2026-10-04T17:51:45.2738923Z Setting up libblas3:amd64 (3.12.0-3build1.1) ...
2026-10-04T17:51:45.2798362Z update-alternatives: using /usr/lib/x86_64-linux-gnu/blas/libblas.so.3 to provide /usr/lib/x86_64-linux-gnu/libblas.so.3 (libblas.so.3-x86_64-linux-gnu) in auto mode
2026-10-04T17:51:45.2812794Z Setting up libplacebo338:amd64 (6.338.2-2build1) ...
2026-10-04T17:51:45.2830374Z Setting up libva2:amd64 (2.20.0-2ubuntu0.2) ...
2026-10-04T17:51:45.2848464Z Setting up libopus0:amd64 (1.4-1build1) ...
2026-10-04T17:51:45.2880912Z Setting up libcdio-paranoia2t64:amd64 (10.2+2.0.1-1.1build2) ...
2026-10-04T17:51:45.2907915Z Setting up libdc1394-25:amd64 (2.2.6-4build1) ...
2026-10-04T17:51:45.2929539Z Setting up libxv1:amd64 (2:1.0.11-1.1build1) ...
2026-10-04T17:51:45.2949181Z Setting up libunibreak5:amd64 (5.1-2build1) ...
2026-10-04T17:51:45.2969917Z Setting up libjxl0.7:amd64 (0.7.0-10.2ubuntu6.1) ...
2026-10-04T17:51:45.2988234Z Setting up libx265-199:amd64 (3.5-2build1) ...
2026-10-04T17:51:45.3009632Z Setting up libsndio7.0:amd64 (1.9.0-0.3build3) ...
2026-10-04T17:51:45.3029881Z Setting up libvidstab1.1:amd64 (1.1.0-2build1) ...
2026-10-04T17:51:45.3049047Z Setting up libvpx9:amd64 (1.14.0-1ubuntu2.3) ...
2026-10-04T17:51:45.3070790Z Setting up libsrt1.5-gnutls:amd64 (1.5.3-1build2) ...
2026-10-04T17:51:45.3089191Z Setting up libflite1:amd64 (2.2-6build3) ...
2026-10-04T17:51:45.3107519Z Setting up libdav1d7:amd64 (1.4.1-1build1) ...
2026-10-04T17:51:45.3128653Z Setting up libva-drm2:amd64 (2.20.0-2ubuntu0.2) ...
2026-10-04T17:51:45.3146903Z Setting up ocl-icd-libopencl1:amd64 (2.3.2-1build1) ...
2026-10-04T17:51:45.3164731Z Setting up libasyncns0:amd64 (0.8-6build4) ...
2026-10-04T17:51:45.3187762Z Setting up libvdpau1:amd64 (1.5-2build1) ...
2026-10-04T17:51:45.3212356Z Setting up libbs2b0:amd64 (3.1.0+dfsg-7build1) ...
2026-10-04T17:51:45.3232898Z Setting up libtheora0:amd64 (1.1.1+dfsg.1-16.1build3) ...
2026-10-04T17:51:45.3252660Z Setting up libdecor-0-0:amd64 (0.2.2-1build2) ...
2026-10-04T17:51:45.3270805Z Setting up libzimg2:amd64 (3.0.5+ds1-1build1) ...
2026-10-04T17:51:45.3290978Z Setting up libopenal-data (1:1.23.1-4build1) ...
2026-10-04T17:51:45.3315204Z Setting up libflac12t64:amd64 (1.4.3+ds-2.1ubuntu2) ...
2026-10-04T17:51:45.3336819Z Setting up libbluray2:amd64 (1:1.3.4-1build1) ...
2026-10-04T17:51:45.3356189Z Setting up libsamplerate0:amd64 (0.2.2-4build1) ...
2026-10-04T17:51:45.3375064Z Setting up libva-x11-2:amd64 (2.20.0-2ubuntu0.2) ...
2026-10-04T17:51:45.3396019Z Setting up libopenmpt0t64:amd64 (0.7.3-1.1build3) ...
2026-10-04T17:51:45.3415815Z Setting up libzvbi-common (0.2.42-2) ...
2026-10-04T17:51:45.3434744Z Setting up libmp3lame0:amd64 (3.100-6build1) ...
2026-10-04T17:51:45.3453262Z Setting up libvorbisenc2:amd64 (1.3.7-1build3) ...
2026-10-04T17:51:45.3470364Z Setting up libiec61883-0:amd64 (1.2.0-6build1) ...
2026-10-04T17:51:45.3501875Z Setting up libserd-0-0:amd64 (0.32.2-1) ...
2026-10-04T17:51:45.3519789Z Setting up libavc1394-0:amd64 (0.5.4-5build3) ...
2026-10-04T17:51:45.3536750Z Setting up liblapack3:amd64 (3.12.0-3build1.1) ...
2026-10-04T17:51:45.3596109Z update-alternatives: using /usr/lib/x86_64-linux-gnu/lapack/liblapack.so.3 to provide /usr/lib/x86_64-linux-gnu/liblapack.so.3 (liblapack.so.3-x86_64-linux-gnu) in auto mode
2026-10-04T17:51:45.3612937Z Setting up libzvbi0t64:amd64 (0.2.42-2) ...
2026-10-04T17:51:45.3630639Z Setting up libavutil58:amd64 (7:6.1.1-3ubuntu5) ...
2026-10-04T17:51:45.3650960Z Setting up libopenal1:amd64 (1:1.23.1-4build1) ...
2026-10-04T17:51:45.3669060Z Setting up libass9:amd64 (1:0.17.1-2build1) ...
2026-10-04T17:51:45.3687433Z Setting up libswresample4:amd64 (7:6.1.1-3ubuntu5) ...
2026-10-04T17:51:45.3707823Z Setting up libavcodec60:amd64 (7:6.1.1-3ubuntu5) ...
2026-10-04T17:51:45.3726159Z Setting up librubberband2:amd64 (3.3.0+dfsg-2build1) ...
2026-10-04T17:51:45.3744041Z Setting up libjack-jackd2-0:amd64 (1.9.21~dfsg-3ubuntu3) ...
2026-10-04T17:51:45.3764296Z Setting up libsord-0-0:amd64 (0.16.16-2build1) ...
2026-10-04T17:51:45.3781686Z Setting up libpostproc57:amd64 (7:6.1.1-3ubuntu5) ...
2026-10-04T17:51:45.3800814Z Setting up libsratom-0-0:amd64 (0.6.16-1build1) ...
2026-10-04T17:51:45.3818377Z Setting up libsndfile1:amd64 (1.2.2-1ubuntu5.24.04.1) ...
2026-10-04T17:51:45.3836361Z Setting up liblilv-0-0:amd64 (0.24.22-1build1) ...
2026-10-04T17:51:45.3856699Z Setting up libswscale7:amd64 (7:6.1.1-3ubuntu5) ...
2026-10-04T17:51:45.3874977Z Setting up libpulse0:amd64 (1:16.1+dfsg1-2ubuntu10.1) ...
2026-10-04T17:51:45.3942666Z Setting up libavformat60:amd64 (7:6.1.1-3ubuntu5) ...
2026-10-04T17:51:45.3960275Z Setting up libsphinxbase3t64:amd64 (0.8+5prealpha+1-17build2) ...
2026-10-04T17:51:45.3978783Z Setting up libsdl2-2.0-0:amd64 (2.30.0+dfsg-1ubuntu3.1) ...
2026-10-04T17:51:45.4231741Z Setting up libpocketsphinx3:amd64 (0.8.0+real5prealpha+1-15ubuntu5) ...
2026-10-04T17:51:45.4249960Z Setting up libavfilter9:amd64 (7:6.1.1-3ubuntu5) ...
2026-10-04T17:51:45.4267326Z Setting up libavdevice60:amd64 (7:6.1.1-3ubuntu5) ...
2026-10-04T17:51:45.4288581Z Setting up ffmpeg (7:6.1.1-3ubuntu5) ...
2026-10-04T17:51:45.4308229Z Processing triggers for man-db (2.12.0-4build2) ...
2026-10-04T17:51:45.4327014Z Not building database; man-db/auto-update is not 'true'.
2026-10-04T17:51:45.4337948Z Processing triggers for libc-bin (2.39-0ubuntu8.9) ...
2026-10-04T17:51:46.0868648Z 
2026-10-04T17:51:46.0869291Z Running kernel seems to be up-to-date.
2026-10-04T17:51:46.0869636Z 
2026-10-04T17:51:46.0869856Z No services need to be restarted.
2026-10-04T17:51:46.0870111Z 
2026-10-04T17:51:46.0870309Z No containers need to be restarted.
2026-10-04T17:51:46.0870557Z 
2026-10-04T17:51:46.0870804Z No user sessions are running outdated binaries.
2026-10-04T17:51:46.0871134Z 
2026-10-04T17:51:46.0871556Z No VM guests are running outdated hypervisor (qemu) binaries on this host.
2026-10-04T17:51:47.1001135Z ffmpeg version 6.1.1-3ubuntu5 Copyright (c) 2000-2023 the FFmpeg developers
2026-10-04T17:51:47.1484320Z ffprobe version 6.1.1-3ubuntu5 Copyright (c) 2007-2023 the FFmpeg developers
2026-10-04T17:51:47.2532070Z ffmpeg encodes h264 via lavfi: the video variant fixture can be built
2026-10-04T17:51:47.2570700Z ##[group]Run bun install --frozen-lockfile --minimum-release-age=0
2026-10-04T17:51:47.2571230Z [36;1mbun install --frozen-lockfile --minimum-release-age=0[0m
2026-10-04T17:51:47.2635159Z shell: /usr/bin/bash -e {0}
2026-10-04T17:51:47.2635707Z ##[endgroup]
2026-10-04T17:51:47.2742529Z bun install v1.4.2 (744846f84)
2026-10-04T17:52:00.1234094Z 
2026-10-04T17:52:00.1234729Z + @types/express@4.17.25
2026-10-04T17:52:00.1235531Z + @types/jest@30.0.0
2026-10-04T17:52:00.1235990Z + drizzle-orm@0.45.2
2026-10-04T17:52:00.1236387Z + expo@57.0.21
2026-10-04T17:52:00.1236785Z + expo-constants@57.0.17
2026-10-04T17:52:00.1237259Z + expo-document-picker@57.0.1
2026-10-04T17:52:00.1237777Z + expo-haptics@57.0.2
2026-10-04T17:52:00.1238278Z + expo-image-manipulator@57.0.16
2026-10-04T17:52:00.1238800Z + expo-linear-gradient@57.0.1
2026-10-04T17:52:00.1239286Z + expo-modules-core@57.0.17
2026-10-04T17:52:00.1239788Z + expo-notifications@57.0.17
2026-10-04T17:52:00.1240325Z + expo-web-browser@57.0.2
2026-10-04T17:52:00.1240821Z + jest-environment-jsdom@30.5.1
2026-10-04T17:52:00.1241383Z + react-native-keyboard-controller@1.21.13
2026-10-04T17:52:00.1241914Z + react-native-web@0.21.2
2026-10-04T17:52:00.1242306Z + ts-jest@29.4.12
2026-10-04T17:52:00.1242645Z + turbo@2.10.12
2026-10-04T17:52:00.1243031Z + typescript@5.9.3
2026-10-04T17:52:00.1243390Z + vite@7.3.1
2026-10-04T17:52:00.1243747Z + @expo/metro-runtime@57.0.15
2026-10-04T17:52:00.1244158Z + @oxy.so/bloom@6.2.1
2026-10-04T17:52:00.1244542Z + expo-contacts@57.0.4
2026-10-04T17:52:00.1244940Z + expo-image-picker@57.0.16
2026-10-04T17:52:00.1245576Z + expo-splash-screen@57.0.8
2026-10-04T17:52:00.1246002Z + is-arrayish@0.3.4
2026-10-04T17:52:00.1246430Z + react-native-worklets@0.10.0
2026-10-04T17:52:00.1246701Z 
2026-10-04T17:52:00.1246933Z 2271 packages installed [12.85s]
2026-10-04T17:52:00.1574912Z ##[group]Run actions/cache/restore@55cc8345863c7cc4c66a329aec7e433d2d1c52a9
2026-10-04T17:52:00.1575695Z with:
2026-10-04T17:52:00.1575918Z   path: .turbo/cache
2026-10-04T17:52:00.1576479Z   key: turbo-build-Linux-X64-d8a87c0f39a1ef0cd5b7643e0fa357bdd8e286f9
2026-10-04T17:52:00.1577220Z   restore-keys: turbo-build-Linux-X64-
2026-10-04T17:52:00.1577733Z   enableCrossOsArchive: false
2026-10-04T17:52:00.1578164Z   fail-on-cache-miss: false
2026-10-04T17:52:00.1578524Z   lookup-only: false
2026-10-04T17:52:00.1578840Z ##[endgroup]
2026-10-04T17:52:00.4573874Z Cache hit for restore-key: turbo-build-Linux-X64-f716a52734faa6e683f872802c67e9b7e419780f
2026-10-04T17:52:01.4541862Z Received 10725381 of 10725381 (100.0%), 13.2 MBs/sec
2026-10-04T17:52:01.4542758Z Cache Size: ~10 MB (10725381 B)
2026-10-04T17:52:01.4583360Z [command]/usr/bin/tar -xf /home/runner/work/_temp/c792fc1e-b66c-47dd-850b-77ff8cd2f137/cache.tzst -P -C /home/runner/work/oxy/oxy --use-compress-program unzstd
2026-10-04T17:52:01.4814049Z Cache restored successfully
2026-10-04T17:52:01.4896383Z Cache restored from key: turbo-build-Linux-X64-f716a52734faa6e683f872802c67e9b7e419780f
2026-10-04T17:52:01.5023145Z ##[group]Run bunx turbo run build --filter=@oxy.so/contracts --filter=@oxy.so/protocol --filter=@oxy.so/core --filter=@oxy.so/federation --filter=@oxy.so/mcp --filter=@oxy.so/db
2026-10-04T17:52:01.5024406Z [36;1mbunx turbo run build --filter=@oxy.so/contracts --filter=@oxy.so/protocol --filter=@oxy.so/core --filter=@oxy.so/federation --filter=@oxy.so/mcp --filter=@oxy.so/db[0m
2026-10-04T17:52:01.5096072Z shell: /usr/bin/bash -e {0}
2026-10-04T17:52:01.5096375Z ##[endgroup]
2026-10-04T17:52:01.5879843Z 
2026-10-04T17:52:01.5881413Z Attention:
2026-10-04T17:52:01.5882616Z Turborepo now collects completely anonymous telemetry regarding usage.
2026-10-04T17:52:01.5884279Z This information is used to shape the Turborepo roadmap and prioritize features.
2026-10-04T17:52:01.5886218Z You can learn more, including how to opt-out if you'd not like to participate in this anonymous program, by visiting the following URL:
2026-10-04T17:52:01.5887695Z https://turborepo.dev/docs/telemetry
2026-10-04T17:52:01.5888460Z 
2026-10-04T17:52:01.6913865Z 
2026-10-04T17:52:01.6915684Z    • Packages in scope: @oxy.so/contracts, @oxy.so/core, @oxy.so/db, @oxy.so/federation, @oxy.so/mcp, @oxy.so/protocol
2026-10-04T17:52:01.6916891Z    • Running build in 6 packages
2026-10-04T17:52:01.6917468Z    • Remote caching disabled
2026-10-04T17:52:01.6917764Z 
2026-10-04T17:52:01.7003731Z ##[group]@oxy.so/telemetry:build
2026-10-04T17:52:01.7004685Z cache hit, replaying logs a7e3286c6c7aeac3
2026-10-04T17:52:01.7006174Z $ bun run clean && bun run build:cjs && bun run build:esm && bun run build:types
2026-10-04T17:52:01.7007077Z $ rm -rf dist
2026-10-04T17:52:01.7007966Z $ tsc -p tsconfig.cjs.json && node scripts/mark-cjs.mjs
2026-10-04T17:52:01.7008869Z $ tsc -p tsconfig.esm.json
2026-10-04T17:52:01.7009638Z $ tsc -p tsconfig.types.json
2026-10-04T17:52:01.7011700Z ##[endgroup]
2026-10-04T17:52:01.7087262Z ##[group]@oxy.so/db:build
2026-10-04T17:52:01.7087880Z cache hit, replaying logs cf3c4de39687f8b7
2026-10-04T17:52:01.7088434Z $ bun run build:cjs && bun run build:esm && bun run build:types
2026-10-04T17:52:01.7088848Z $ tsc -p tsconfig.cjs.json
2026-10-04T17:52:01.7089267Z $ tsc -p tsconfig.esm.json && node scripts/fix-esm-imports.mjs
2026-10-04T17:52:01.7089649Z ESM imports fixed
2026-10-04T17:52:01.7089920Z $ tsc -p tsconfig.types.json
2026-10-04T17:52:01.7090353Z ##[endgroup]
2026-10-04T17:52:01.7183121Z ##[group]@oxy.so/contracts:build
2026-10-04T17:52:01.7184015Z cache hit, replaying logs 62272cf2129ed331
2026-10-04T17:52:01.7185082Z $ bun run build:cjs && bun run build:esm && bun run build:types
2026-10-04T17:52:01.7186456Z $ tsc -p tsconfig.cjs.json
2026-10-04T17:52:01.7187424Z $ tsc -p tsconfig.esm.json && node scripts/fix-esm-imports.mjs
2026-10-04T17:52:01.7188241Z ESM imports fixed
2026-10-04T17:52:01.7188931Z $ tsc -p tsconfig.types.json
2026-10-04T17:52:01.7189938Z ##[endgroup]
2026-10-04T17:52:01.7218431Z ##[group]@oxy.so/mcp:build
2026-10-04T17:52:01.7219085Z cache hit, replaying logs c4af4a9a3b74d661
2026-10-04T17:52:01.7219887Z $ bun run build:cjs && bun run build:esm && bun run build:types
2026-10-04T17:52:01.7220560Z $ tsc -p tsconfig.cjs.json
2026-10-04T17:52:01.7221283Z $ tsc -p tsconfig.esm.json && node scripts/fix-esm-imports.mjs
2026-10-04T17:52:01.7221959Z $ tsc -p tsconfig.types.json
2026-10-04T17:52:01.7222461Z ##[endgroup]
2026-10-04T17:52:01.7257343Z ##[group]@oxy.so/protocol:build
2026-10-04T17:52:01.7258477Z cache hit, replaying logs 9db769c0454297cf
2026-10-04T17:52:01.7259494Z $ bun run build:cjs && bun run build:esm && bun run build:types
2026-10-04T17:52:01.7260349Z $ tsc -p tsconfig.cjs.json
2026-10-04T17:52:01.7261217Z $ tsc -p tsconfig.esm.json && node scripts/fix-esm-imports.mjs
2026-10-04T17:52:01.7261668Z ESM imports fixed
2026-10-04T17:52:01.7261949Z $ tsc -p tsconfig.types.json
2026-10-04T17:52:01.7262400Z ##[endgroup]
2026-10-04T17:52:01.7546346Z ##[group]@oxy.so/core:build
2026-10-04T17:52:01.7546976Z cache hit, replaying logs 5f149114dd665fcf
2026-10-04T17:52:01.7548294Z $ node scripts/build-workspace-deps.mjs @oxy.so/telemetry && bun run build:cjs && bun run build:esm && bun run build:types && node scripts/mark-module-formats.mjs
2026-10-04T17:52:01.7549197Z $ tsc -p tsconfig.cjs.json
2026-10-04T17:52:01.7549701Z $ tsc -p tsconfig.esm.json && node scripts/fix-esm-imports.mjs
2026-10-04T17:52:01.7550164Z ESM imports fixed
2026-10-04T17:52:01.7550467Z $ tsc -p tsconfig.types.json
2026-10-04T17:52:01.7550967Z ##[endgroup]
2026-10-04T17:52:01.7590906Z ##[group]@oxy.so/federation:build
2026-10-04T17:52:01.7591603Z cache hit, replaying logs 0d865f0429974e50
2026-10-04T17:52:01.7593211Z $ node ../core/scripts/build-workspace-deps.mjs @oxy.so/contracts @oxy.so/protocol @oxy.so/core && bun run build:cjs && bun run build:esm && bun run build:types
2026-10-04T17:52:01.7594638Z $ tsc -p tsconfig.cjs.json
2026-10-04T17:52:01.7595509Z $ tsc -p tsconfig.esm.json && node scripts/fix-esm-imports.mjs
2026-10-04T17:52:01.7596141Z ESM imports fixed
2026-10-04T17:52:01.7596564Z $ tsc -p tsconfig.types.json
2026-10-04T17:52:01.7597216Z ##[endgroup]
2026-10-04T17:52:01.7597423Z 
2026-10-04T17:52:01.7597636Z  Tasks:    7 successful, 7 total
2026-10-04T17:52:01.7598095Z Cached:    7 cached, 7 total
2026-10-04T17:52:01.7598559Z   Time:    171ms >>> FULL TURBO
2026-10-04T17:52:01.7598816Z 
2026-10-04T17:52:01.7761267Z ##[group]Run node -e "const os=require('node:os');console.log('cpus=%d totalmem=%s GiB maxWorkers=%d',os.cpus().length,(os.totalmem()/1073741824).toFixed(1),require('./jest.config.js').maxWorkers)"
2026-10-04T17:52:01.7762620Z [36;1mnode -e "const os=require('node:os');console.log('cpus=%d totalmem=%s GiB maxWorkers=%d',os.cpus().length,(os.totalmem()/1073741824).toFixed(1),require('./jest.config.js').maxWorkers)"[0m
2026-10-04T17:52:01.7826912Z shell: /usr/bin/bash -e {0}
2026-10-04T17:52:01.7827197Z ##[endgroup]
2026-10-04T17:52:01.8178833Z cpus=4 totalmem=15.6 GiB maxWorkers=1
2026-10-04T17:52:01.8257793Z ##[group]Run echo "Running API coverage shard ${SHARD_INDEX}/${SHARD_TOTAL}"
2026-10-04T17:52:01.8258393Z [36;1mecho "Running API coverage shard ${SHARD_INDEX}/${SHARD_TOTAL}"[0m
2026-10-04T17:52:01.8258809Z [36;1mbun run test:coverage -- \[0m
2026-10-04T17:52:01.8259146Z [36;1m  --shard="${SHARD_INDEX}/${SHARD_TOTAL}" \[0m
2026-10-04T17:52:01.8259624Z [36;1m  --json --outputFile="coverage/shard-${SHARD_INDEX}/jest-results.json" \[0m
2026-10-04T17:52:01.8260130Z [36;1m  --coverageDirectory="coverage/shard-${SHARD_INDEX}" \[0m
2026-10-04T17:52:01.8260506Z [36;1m  --coverageReporters=json \[0m
2026-10-04T17:52:01.8260813Z [36;1m  --coverageReporters=lcovonly \[0m
2026-10-04T17:52:01.8261135Z [36;1m  --coverageReporters=text-summary[0m
2026-10-04T17:52:01.8321961Z shell: /usr/bin/bash -e {0}
2026-10-04T17:52:01.8322235Z env:
2026-10-04T17:52:01.8322432Z   SHARD_INDEX: 1
2026-10-04T17:52:01.8322649Z   SHARD_TOTAL: 6
2026-10-04T17:52:01.8323341Z   DATABASE_URL: ***127.0.0.1:5432/oxy_test
2026-10-04T17:52:01.8323751Z   ACCESS_TOKEN_SECRET: test_access_token_secret_minimum_32_characters
2026-10-04T17:52:01.8324241Z   REFRESH_TOKEN_SECRET: test_refresh_token_secret_minimum_32_characters
2026-10-04T17:52:01.8324622Z   AWS_REGION: us-east-1
2026-10-04T17:52:01.8324875Z   AWS_ACCESS_KEY_ID: test_aws_access_key
2026-10-04T17:52:01.8325432Z   AWS_SECRET_ACCESS_KEY: test_aws_secret_key
2026-10-04T17:52:01.8325818Z   AWS_S3_BUCKET: test-bucket
2026-10-04T17:52:01.8326085Z   NODE_ENV: test
2026-10-04T17:52:01.8326299Z ##[endgroup]
2026-10-04T17:52:01.8407942Z Running API coverage shard 1/6
2026-10-04T17:52:01.8431309Z $ jest --coverage "--shard=1/6" --json "--outputFile=coverage/shard-1/jest-results.json" "--coverageDirectory=coverage/shard-1" "--coverageReporters=json" "--coverageReporters=lcovonly" "--coverageReporters=text-summary"
2026-10-04T17:52:13.7114607Z [BABEL] Note: The code generator has deoptimised the styling of /home/runner/work/oxy/oxy/packages/api/src/services/inferenceEdge.service.ts as it exceeds the max of 500KB.
2026-10-04T17:52:19.3742359Z PASS src/routes/__tests__/kaanaStreaming.test.ts (14.403 s)
2026-10-04T17:52:19.7325483Z {"level":30,"time":1791136339631,"pid":4316,"hostname":"runnervm8df0l","maxPoolSize":8,"msg":"Connected to PostgreSQL successfully"}
2026-10-04T17:52:20.0937310Z PASS src/db/schema/__tests__/socialGraph.test.ts
2026-10-04T17:52:21.2990321Z {"level":30,"time":1791136341199,"pid":4316,"hostname":"runnervm8df0l","maxPoolSize":8,"msg":"Connected to PostgreSQL successfully"}
2026-10-04T17:52:21.9929764Z {"level":50,"time":1791136341893,"pid":4316,"hostname":"runnervm8df0l","msg":"ApiError [403] SIGNIN_ORIGIN_NOT_ALLOWED: Only official Oxy apps can do this here."}
2026-10-04T17:52:21.9931771Z {"level":50,"time":1791136341894,"pid":4316,"hostname":"runnervm8df0l","msg":"ApiError [403] SIGNIN_ORIGIN_NOT_ALLOWED: Only official Oxy apps can do this here."}
2026-10-04T17:52:36.6394908Z {"level":50,"time":1791136356538,"pid":4316,"hostname":"runnervm8df0l","msg":"ApiError [403] SIGNIN_ORIGIN_NOT_ALLOWED: Only official Oxy apps can do this here."}
2026-10-04T17:52:36.6398129Z {"level":50,"time":1791136356539,"pid":4316,"hostname":"runnervm8df0l","msg":"ApiError [403] SIGNIN_ORIGIN_NOT_ALLOWED: Only official Oxy apps can do this here."}
2026-10-04T17:52:36.6400875Z {"level":50,"time":1791136356541,"pid":4316,"hostname":"runnervm8df0l","msg":"ApiError [403] SIGNIN_ORIGIN_NOT_ALLOWED: Only official Oxy apps can do this here."}
2026-10-04T17:52:36.6402745Z {"level":50,"time":1791136356546,"pid":4316,"hostname":"runnervm8df0l","msg":"ApiError [403] SIGNIN_ORIGIN_NOT_ALLOWED: Only official Oxy apps can do this here."}
2026-10-04T17:52:36.6404518Z {"level":50,"time":1791136356547,"pid":4316,"hostname":"runnervm8df0l","msg":"ApiError [403] SIGNIN_ORIGIN_NOT_ALLOWED: Only official Oxy apps can do this here."}
2026-10-04T17:52:36.6407086Z {"level":50,"time":1791136356548,"pid":4316,"hostname":"runnervm8df0l","msg":"ApiError [403] SIGNIN_ORIGIN_NOT_ALLOWED: Only official Oxy apps can do this here."}
2026-10-04T17:52:36.6408634Z {"level":50,"time":1791136356549,"pid":4316,"hostname":"runnervm8df0l","msg":"ApiError [403] SIGNIN_ORIGIN_NOT_ALLOWED: Only official Oxy apps can do this here."}
2026-10-04T17:52:36.6410026Z {"level":50,"time":1791136356550,"pid":4316,"hostname":"runnervm8df0l","msg":"ApiError [403] SIGNIN_ORIGIN_NOT_ALLOWED: Only official Oxy apps can do this here."}
2026-10-04T17:52:36.6411408Z {"level":50,"time":1791136356551,"pid":4316,"hostname":"runnervm8df0l","msg":"ApiError [403] SIGNIN_ORIGIN_NOT_ALLOWED: Only official Oxy apps can do this here."}
2026-10-04T17:52:36.6412821Z {"level":50,"time":1791136356552,"pid":4316,"hostname":"runnervm8df0l","msg":"ApiError [403] SIGNIN_ORIGIN_NOT_ALLOWED: Only official Oxy apps can do this here."}
2026-10-04T17:52:36.6414087Z {"level":50,"time":1791136356553,"pid":4316,"hostname":"runnervm8df0l","msg":"ApiError [403] SIGNIN_ORIGIN_NOT_ALLOWED: Only official Oxy apps can do this here."}
2026-10-04T17:52:37.5154089Z PASS src/routes/__tests__/signIn.test.ts (17.205 s)
2026-10-04T17:52:39.2848097Z PASS src/routes/__tests__/inferenceRoutingPolicies.test.ts
2026-10-04T17:52:39.8509500Z {"level":30,"time":1791136359750,"pid":4316,"hostname":"runnervm8df0l","maxPoolSize":8,"msg":"Connected to PostgreSQL successfully"}
2026-10-04T17:52:40.7090839Z PASS src/services/__tests__/inferenceCatalogueAdmin.test.ts
2026-10-04T17:52:42.2967030Z PASS src/routes/__tests__/linkedAccounts.test.ts
2026-10-04T17:52:42.6961214Z {"level":30,"time":1791136362594,"pid":4316,"hostname":"runnervm8df0l","maxPoolSize":8,"msg":"Connected to PostgreSQL successfully"}
2026-10-04T17:52:43.0498593Z PASS src/db/schema/__tests__/applications.test.ts
2026-10-04T17:52:47.1369818Z {"level":30,"time":1791136364999,"pid":4316,"hostname":"runnervm8df0l","binaryPath":"/usr/bin/ffmpeg","msg":"[VariantService] Using system ffmpeg"}
2026-10-04T17:52:47.1372026Z {"level":30,"time":1791136365007,"pid":4316,"hostname":"runnervm8df0l","binaryPath":"/usr/bin/ffprobe","msg":"[VariantService] Using system ffprobe"}
2026-10-04T17:52:47.1374199Z {"level":30,"time":1791136365007,"pid":4316,"hostname":"runnervm8df0l","ffmpegPath":"/usr/bin/ffmpeg","msg":"[VariantService] Resolved FFmpeg path"}
2026-10-04T17:52:47.1376683Z {"level":30,"time":1791136365007,"pid":4316,"hostname":"runnervm8df0l","ffprobePath":"/usr/bin/ffprobe","msg":"[VariantService] Resolved FFprobe path"}
2026-10-04T17:52:47.1379205Z {"level":30,"time":1791136365007,"pid":4316,"hostname":"runnervm8df0l","ffmpegPath":"/usr/bin/ffmpeg","ffprobePath":"/usr/bin/ffprobe","ffmpegExists":true,"ffprobeExists":true,"msg":"FFmpeg/FFprobe paths initialized"}
2026-10-04T17:52:47.2828645Z {"level":30,"time":1791136367182,"pid":4316,"hostname":"runnervm8df0l","maxPoolSize":8,"msg":"Connected to PostgreSQL successfully"}
2026-10-04T17:52:47.2831210Z {"level":40,"time":1791136367199,"pid":4316,"hostname":"runnervm8df0l","kid":"dev-ephemeral-0dfed2c6b1dd","msg":"[ServiceToken] no signing key configured; minting with a per-process ephemeral Ed25519 key"}
2026-10-04T17:52:48.2233942Z {"level":30,"time":1791136368123,"pid":4316,"hostname":"runnervm8df0l","sessionId":"fd5e762b","msg":"[SessionService] Deactivated session"}
2026-10-04T17:52:48.7737655Z {"level":30,"time":1791136368673,"pid":4316,"hostname":"runnervm8df0l","sessionId":"7205cf28","msg":"[SessionService] Deactivated session"}
2026-10-04T17:52:48.9729556Z {"level":30,"time":1791136368872,"pid":4316,"hostname":"runnervm8df0l","sessionId":"4460c4c9","msg":"[SessionService] Deactivated session"}
2026-10-04T17:52:49.4393802Z {"level":30,"time":1791136369338,"pid":4316,"hostname":"runnervm8df0l","applicationId":"01a1080c-0257-73ed-8f22-e83d5a32d095","appName":"Foreground 4446d08f-4e3f-4f03-8340-ca50e3f31fbb","provider":"aws-iam","attestationId":"wl_c445dbd3e41d3c54948f1558","attribution":"unchanged","scopes":["user:read","capability-tickets:issue","capabilities:read","catalogs:write"],"msg":"[WorkloadIdentity] service token issued"}
2026-10-04T17:52:50.3868526Z {"level":30,"time":1791136370286,"pid":4316,"hostname":"runnervm8df0l","sessionId":"91ccce9d","msg":"[SessionService] Deactivated session"}
2026-10-04T17:52:50.3873668Z {"level":30,"time":1791136370286,"pid":4316,"hostname":"runnervm8df0l","sessionId":"91ccce9d","operatorId":"01a1080c-0d8a-7cb7-bc9f-f5321cdac1a5","accountId":"01a1080c-0d93-72a9-b272-c09fd8d63297","msg":"[SessionService] Managed-account session revoked — operator lost act_as"}
2026-10-04T17:52:51.1987875Z {"level":50,"time":1791136371097,"pid":4316,"hostname":"runnervm8df0l","path":"/tickets","method":"POST","err":{"type":"Object","message":"synthetic SQL unavailable","stack":"Error: synthetic SQL unavailable\n    at /home/runner/work/oxy/oxy/packages/api/src/services/__tests__/foregroundCapabilities.db.test.ts:351:75\n    at Generator.next (<anonymous>)\n    at fulfilled (/home/runner/work/oxy/oxy/packages/api/src/services/__tests__/foregroundCapabilities.db.test.ts:38:58)\n    at processTicksAndRejections (node:internal/process/task_queues:104:5)","name":"Error"},"msg":"Unexpected error in route handler"}
2026-10-04T17:52:51.1994415Z {"level":30,"time":1791136371108,"pid":4316,"hostname":"runnervm8df0l","credentialId":"01a1080c-119b-78ae-a8e5-476acd0446e3","applicationId":"01a1080c-0257-73ed-8f22-e83d5a32d095","appName":"Foreground 4446d08f-4e3f-4f03-8340-ca50e3f31fbb","expiresIn":300,"msg":"[ServiceToken] Service token issued"}
2026-10-04T17:52:51.6380925Z {"level":40,"time":1791136371269,"pid":4316,"hostname":"runnervm8df0l","apiKey":"[redacted]","msg":"[ServiceToken] Invalid apiKey attempt"}
2026-10-04T17:52:51.6383566Z PASS src/services/__tests__/foregroundCapabilities.db.test.ts (8.223 s)
2026-10-04T17:52:51.9811549Z {"level":30,"time":1791136371880,"pid":4316,"hostname":"runnervm8df0l","maxPoolSize":8,"msg":"Connected to PostgreSQL successfully"}
2026-10-04T17:52:52.3221956Z {"level":40,"time":1791136372221,"pid":4316,"hostname":"runnervm8df0l","scopes":["signals:write"],"actor":"the binding tests, as a member","msg":"[WorkloadIdentityBinding] preserving a privileged scope the bind omitted; removing one requires staff"}
2026-10-04T17:52:52.3891786Z PASS src/services/__tests__/workloadIdentityBinding.db.test.ts
2026-10-04T17:52:52.7500916Z {"level":30,"time":1791136372649,"pid":4316,"hostname":"runnervm8df0l","maxPoolSize":8,"msg":"Connected to PostgreSQL successfully"}
2026-10-04T17:52:53.0766236Z PASS src/services/__tests__/attribution.service.test.ts
2026-10-04T17:52:55.5388896Z {"level":30,"time":1791136375438,"pid":4316,"hostname":"runnervm8df0l","maxPoolSize":8,"msg":"Connected to PostgreSQL successfully"}
2026-10-04T17:52:56.7797542Z PASS src/scripts/__tests__/foregroundPilotConfiguration.db.test.ts
2026-10-04T17:52:57.6317108Z PASS src/routes/__tests__/authSessionAppIdentity.test.ts
2026-10-04T17:52:58.4429472Z PASS src/routes/__tests__/notifications.test.ts
2026-10-04T17:52:59.4353772Z PASS src/services/__tests__/federatedAvatarMirror.test.ts
2026-10-04T17:52:59.9878047Z {"level":30,"time":1791136379886,"pid":4316,"hostname":"runnervm8df0l","maxPoolSize":8,"msg":"Connected to PostgreSQL successfully"}
2026-10-04T17:53:00.1769645Z {"level":40,"time":1791136380075,"pid":4316,"hostname":"runnervm8df0l","component":"nodeRegistry","userId":"01a1080c-34a9-7fc4-a64e-0ba359317b8a","msg":"node record endpoint is not a valid HTTPS URL; skipping materialization"}
2026-10-04T17:53:00.1774186Z {"level":40,"time":1791136380079,"pid":4316,"hostname":"runnervm8df0l","component":"nodeRegistry","userId":"01a1080c-34ad-7384-a213-d9b7b50027c6","msg":"node record endpoint is not a valid HTTPS URL; skipping materialization"}
2026-10-04T17:53:00.1777809Z {"level":40,"time":1791136380083,"pid":4316,"hostname":"runnervm8df0l","component":"nodeRegistry","userId":"01a1080c-34b1-7040-9964-8bb3976e3620","msg":"node record endpoint is not a valid HTTPS URL; skipping materialization"}
2026-10-04T17:53:00.1781438Z {"level":40,"time":1791136380087,"pid":4316,"hostname":"runnervm8df0l","component":"nodeRegistry","userId":"01a1080c-34b5-7e36-8b76-02a3f9e4260f","msg":"node record payload failed validation; skipping materialization"}
2026-10-04T17:53:00.1784693Z {"level":40,"time":1791136380091,"pid":4316,"hostname":"runnervm8df0l","component":"nodeRegistry","userId":"01a1080c-34b9-77bf-aa2b-f61af8458736","msg":"node record payload failed validation; skipping materialization"}
2026-10-04T17:53:00.1788179Z {"level":40,"time":1791136380095,"pid":4316,"hostname":"runnervm8df0l","component":"nodeRegistry","userId":"01a1080c-34bd-7979-a41f-5e9927e94ccb","msg":"node record payload failed validation; skipping materialization"}
2026-10-04T17:53:00.5876645Z PASS src/services/__tests__/nodeRegistry.test.ts
2026-10-04T17:53:01.5469359Z PASS src/routes/__tests__/identityDomains.test.ts
2026-10-04T17:53:03.7306789Z PASS src/routes/__tests__/usersResolve.test.ts
2026-10-04T17:53:04.3690241Z [BABEL] Note: The code generator has deoptimised the styling of /home/runner/work/oxy/oxy/packages/api/src/services/email.service.ts as it exceeds the max of 500KB.
2026-10-04T17:53:04.8427753Z {"level":30,"time":1791136384741,"pid":4316,"hostname":"runnervm8df0l","maxPoolSize":8,"msg":"Connected to PostgreSQL successfully"}
2026-10-04T17:53:04.8429905Z {"level":30,"time":1791136384757,"pid":4316,"hostname":"runnervm8df0l","userId":"01a1080c-46e7-78f1-81cf-3999fbe190d9","msg":"Email mailboxes provisioned"}
2026-10-04T17:53:04.8432582Z {"level":30,"time":1791136384768,"pid":4316,"hostname":"runnervm8df0l","userId":"01a1080c-46e7-78f1-81cf-3999fbe190d9","msg":"Welcome email created"}
2026-10-04T17:53:04.8435048Z {"level":30,"time":1791136384802,"pid":4316,"hostname":"runnervm8df0l","userId":"01a1080c-4719-7c37-8d32-ae38e366ec82","msg":"Email mailboxes provisioned"}
2026-10-04T17:53:04.8437555Z {"level":30,"time":1791136384811,"pid":4316,"hostname":"runnervm8df0l","userId":"01a1080c-4719-7c37-8d32-ae38e366ec82","msg":"Welcome email created"}
2026-10-04T17:53:04.9484055Z {"level":30,"time":1791136384848,"pid":4316,"hostname":"runnervm8df0l","userId":"01a1080c-4749-7664-81c5-67d988456993","msg":"Email mailboxes provisioned"}
2026-10-04T17:53:04.9485753Z {"level":30,"time":1791136384854,"pid":4316,"hostname":"runnervm8df0l","userId":"01a1080c-4749-7664-81c5-67d988456993","msg":"Welcome email created"}
2026-10-04T17:53:04.9487393Z {"level":30,"time":1791136384869,"pid":4316,"hostname":"runnervm8df0l","userId":"01a1080c-4746-76af-a1f3-939ee493f369","msg":"Email mailboxes provisioned"}
2026-10-04T17:53:04.9488544Z {"level":30,"time":1791136384875,"pid":4316,"hostname":"runnervm8df0l","userId":"01a1080c-4746-76af-a1f3-939ee493f369","msg":"Welcome email created"}
2026-10-04T17:53:04.9489677Z {"level":30,"time":1791136384896,"pid":4316,"hostname":"runnervm8df0l","userId":"01a1080c-4779-7e1c-88e5-6329ed72744a","msg":"Email mailboxes provisioned"}
2026-10-04T17:53:04.9490799Z {"level":30,"time":1791136384902,"pid":4316,"hostname":"runnervm8df0l","userId":"01a1080c-4779-7e1c-88e5-6329ed72744a","msg":"Welcome email created"}
2026-10-04T17:53:04.9492539Z {"level":30,"time":1791136384913,"pid":4316,"hostname":"runnervm8df0l","userId":"01a1080c-4779-7e1c-88e5-6329ed72744a","messageId":"01a1080c-478b-7c85-8db0-f9495079d867","until":"2026-10-04T18:53:04.909Z","msg":"Message snoozed"}
2026-10-04T17:53:04.9493974Z {"level":30,"time":1791136384923,"pid":4316,"hostname":"runnervm8df0l","userId":"01a1080c-4795-75c7-a47f-2702fdb1a3fc","msg":"Email mailboxes provisioned"}
2026-10-04T17:53:04.9495110Z {"level":30,"time":1791136384930,"pid":4316,"hostname":"runnervm8df0l","userId":"01a1080c-4795-75c7-a47f-2702fdb1a3fc","msg":"Welcome email created"}
2026-10-04T17:53:04.9497419Z {"level":30,"time":1791136384938,"pid":4316,"hostname":"runnervm8df0l","userId":"01a1080c-4795-75c7-a47f-2702fdb1a3fc","messageId":"01a1080c-47a5-74e3-9aa3-266d851446ce","until":"2026-10-04T18:53:04.935Z","msg":"Message snoozed"}
2026-10-04T17:53:04.9500804Z {"level":30,"time":1791136384945,"pid":4316,"hostname":"runnervm8df0l","userId":"01a1080c-4795-75c7-a47f-2702fdb1a3fc","messageId":"01a1080c-47a5-74e3-9aa3-266d851446ce","until":"2026-10-04T19:53:04.942Z","msg":"Message snoozed"}
2026-10-04T17:53:05.0569819Z {"level":30,"time":1791136384956,"pid":4316,"hostname":"runnervm8df0l","userId":"01a1080c-47b6-7349-b0ab-4ef58b6adee7","msg":"Email mailboxes provisioned"}
2026-10-04T17:53:05.0571533Z {"level":30,"time":1791136384962,"pid":4316,"hostname":"runnervm8df0l","userId":"01a1080c-47b6-7349-b0ab-4ef58b6adee7","msg":"Welcome email created"}
2026-10-04T17:53:05.0573102Z {"level":30,"time":1791136384970,"pid":4316,"hostname":"runnervm8df0l","userId":"01a1080c-47b6-7349-b0ab-4ef58b6adee7","messageId":"01a1080c-47c5-7495-95fb-4d3e49f36709","until":"2026-10-04T18:53:04.966Z","msg":"Message snoozed"}
2026-10-04T17:53:05.0574808Z {"level":30,"time":1791136384975,"pid":4316,"hostname":"runnervm8df0l","userId":"01a1080c-47b6-7349-b0ab-4ef58b6adee7","messageId":"01a1080c-47c5-7495-95fb-4d3e49f36709","msg":"Message unsnoozed"}
2026-10-04T17:53:05.0576338Z {"level":30,"time":1791136384986,"pid":4316,"hostname":"runnervm8df0l","userId":"01a1080c-47d4-7487-8539-7569edef2efe","msg":"Email mailboxes provisioned"}
2026-10-04T17:53:05.0577477Z {"level":30,"time":1791136384991,"pid":4316,"hostname":"runnervm8df0l","userId":"01a1080c-47d4-7487-8539-7569edef2efe","msg":"Welcome email created"}
2026-10-04T17:53:05.0578619Z {"level":30,"time":1791136385011,"pid":4316,"hostname":"runnervm8df0l","userId":"01a1080c-47ed-7cc5-a2a6-3c0185f49106","msg":"Email mailboxes provisioned"}
2026-10-04T17:53:05.0579731Z {"level":30,"time":1791136385017,"pid":4316,"hostname":"runnervm8df0l","userId":"01a1080c-47ed-7cc5-a2a6-3c0185f49106","msg":"Welcome email created"}
2026-10-04T17:53:05.0581178Z {"level":30,"time":1791136385027,"pid":4316,"hostname":"runnervm8df0l","userId":"01a1080c-47ed-7cc5-a2a6-3c0185f49106","messageId":"01a1080c-47fc-79ea-ab29-9c6babf1ce80","until":"2026-10-04T18:53:05.023Z","msg":"Message snoozed"}
2026-10-04T17:53:05.0582899Z {"level":30,"time":1791136385043,"pid":4316,"hostname":"runnervm8df0l","userId":"01a1080c-47ed-7cc5-a2a6-3c0185f49106","messageId":"01a1080c-47fe-7f15-b54f-ba196504a0df","until":"2026-10-04T19:53:05.039Z","msg":"Message snoozed"}
2026-10-04T17:53:05.0584454Z {"level":30,"time":1791136385051,"pid":4316,"hostname":"runnervm8df0l","userId":"01a1080c-47ed-7cc5-a2a6-3c0185f49106","messageId":"01a1080c-47fc-79ea-ab29-9c6babf1ce80","msg":"Message unsnoozed"}
2026-10-04T17:53:05.0585677Z {"level":30,"time":1791136385055,"pid":4316,"hostname":"runnervm8df0l","count":1,"msg":"Snooze cron processed"}
2026-10-04T17:53:05.2253615Z {"level":30,"time":1791136385125,"pid":4316,"hostname":"runnervm8df0l","userId":"01a1080c-485f-7053-b9e4-d99c4571a741","msg":"Email mailboxes provisioned"}
2026-10-04T17:53:05.2256005Z {"level":30,"time":1791136385131,"pid":4316,"hostname":"runnervm8df0l","userId":"01a1080c-485f-7053-b9e4-d99c4571a741","msg":"Welcome email created"}
2026-10-04T17:53:05.2258125Z {"level":30,"time":1791136385167,"pid":4316,"hostname":"runnervm8df0l","userId":"01a1080c-4889-7a07-a133-b62d259691c4","msg":"Email mailboxes provisioned"}
2026-10-04T17:53:05.2260481Z {"level":30,"time":1791136385172,"pid":4316,"hostname":"runnervm8df0l","userId":"01a1080c-4889-7a07-a133-b62d259691c4","msg":"Welcome email created"}
2026-10-04T17:53:05.2261692Z {"level":30,"time":1791136385183,"pid":4316,"hostname":"runnervm8df0l","userId":"01a1080c-4889-7a07-a133-b62d259691c4","msg":"All email data deleted for user"}
2026-10-04T17:53:05.2262883Z {"level":30,"time":1791136385191,"pid":4316,"hostname":"runnervm8df0l","userId":"01a1080c-48a1-78e9-bff0-1d8bd8871843","msg":"Email mailboxes provisioned"}
2026-10-04T17:53:05.2264028Z {"level":30,"time":1791136385197,"pid":4316,"hostname":"runnervm8df0l","userId":"01a1080c-48a1-78e9-bff0-1d8bd8871843","msg":"Welcome email created"}
2026-10-04T17:53:05.2265409Z {"level":30,"time":1791136385217,"pid":4316,"hostname":"runnervm8df0l","userId":"01a1080c-48bb-7331-a497-2c21f4f82ff8","msg":"Email mailboxes provisioned"}
2026-10-04T17:53:05.2267290Z {"level":30,"time":1791136385223,"pid":4316,"hostname":"runnervm8df0l","userId":"01a1080c-48bb-7331-a497-2c21f4f82ff8","msg":"Welcome email created"}
2026-10-04T17:53:05.3309390Z {"level":30,"time":1791136385230,"pid":4316,"hostname":"runnervm8df0l","sender":"nolist-a1f2dc91@example.com","msg":"No List-Unsubscribe available, falling back to block"}
2026-10-04T17:53:05.3310957Z {"level":30,"time":1791136385257,"pid":4316,"hostname":"runnervm8df0l","userId":"01a1080c-48e2-7495-a68a-8bc8a6d89936","msg":"Email mailboxes provisioned"}
2026-10-04T17:53:05.3312337Z {"level":30,"time":1791136385263,"pid":4316,"hostname":"runnervm8df0l","userId":"01a1080c-48e2-7495-a68a-8bc8a6d89936","msg":"Welcome email created"}
2026-10-04T17:53:05.3313824Z {"level":30,"time":1791136385271,"pid":4316,"hostname":"runnervm8df0l","userId":"01a1080c-48e2-7495-a68a-8bc8a6d89936","messageId":"01a1080c-48f2-7e80-a06c-7752fb81bda4","to":"alice@example.com","msg":"Read receipt (MDN) sent"}
2026-10-04T17:53:05.3315647Z {"level":30,"time":1791136385279,"pid":4316,"hostname":"runnervm8df0l","userId":"01a1080c-48f9-7ad6-b709-10076712593a","msg":"Email mailboxes provisioned"}
2026-10-04T17:53:05.3317102Z {"level":30,"time":1791136385285,"pid":4316,"hostname":"runnervm8df0l","userId":"01a1080c-48f9-7ad6-b709-10076712593a","msg":"Welcome email created"}
2026-10-04T17:53:05.3318291Z {"level":30,"time":1791136385297,"pid":4316,"hostname":"runnervm8df0l","userId":"01a1080c-490b-75f0-89aa-05630777be93","msg":"Email mailboxes provisioned"}
2026-10-04T17:53:05.3319451Z {"level":30,"time":1791136385302,"pid":4316,"hostname":"runnervm8df0l","userId":"01a1080c-490b-75f0-89aa-05630777be93","msg":"Welcome email created"}
2026-10-04T17:53:05.3320659Z {"level":30,"time":1791136385327,"pid":4316,"hostname":"runnervm8df0l","userId":"01a1080c-4929-7b37-98c4-3f41230a3614","msg":"Email mailboxes provisioned"}
2026-10-04T17:53:05.4409427Z {"level":30,"time":1791136385332,"pid":4316,"hostname":"runnervm8df0l","userId":"01a1080c-4929-7b37-98c4-3f41230a3614","msg":"Welcome email created"}
2026-10-04T17:53:05.4411274Z PASS src/services/__tests__/emailService.messages.test.ts
2026-10-04T17:53:05.7850248Z {"level":30,"time":1791136385678,"pid":4316,"hostname":"runnervm8df0l","maxPoolSize":8,"msg":"Connected to PostgreSQL successfully"}
2026-10-04T17:53:06.0210625Z PASS src/services/__tests__/signedRecord.service.test.ts
2026-10-04T17:53:07.1171628Z PASS src/routes/__tests__/identityExport.test.ts
2026-10-04T17:53:08.2603816Z PASS src/routes/__tests__/serviceActingAsVerify.test.ts
2026-10-04T17:53:08.9547494Z PASS src/services/__tests__/inferenceAutoClassifierChild.test.ts
2026-10-04T17:53:09.2910986Z {"level":30,"time":1791136389191,"pid":4316,"hostname":"runnervm8df0l","maxPoolSize":8,"msg":"Connected to PostgreSQL successfully"}
2026-10-04T17:53:09.4277957Z PASS src/db/schema/__tests__/signedRecords.test.ts
2026-10-04T17:53:10.4615928Z PASS src/routes/__tests__/assetsScopedMediaToken.test.ts
2026-10-04T17:53:10.6851154Z PASS src/schemas/__tests__/inferenceReporting.schemas.test.ts
2026-10-04T17:53:11.2149649Z {"level":30,"time":1791136391115,"pid":4316,"hostname":"runnervm8df0l","maxPoolSize":8,"msg":"Connected to PostgreSQL successfully"}
2026-10-04T17:53:11.4092675Z PASS src/services/updates/__tests__/manifest.service.test.ts
2026-10-04T17:53:12.1683574Z PASS src/routes/__tests__/inferenceEdgeGateCoverage.test.ts
2026-10-04T17:53:12.5932525Z {"level":30,"time":1791136392492,"pid":4316,"hostname":"runnervm8df0l","maxPoolSize":8,"msg":"Connected to PostgreSQL successfully"}
2026-10-04T17:53:12.7540979Z {"level":30,"time":1791136392654,"pid":4316,"hostname":"runnervm8df0l","userId":"01a1080c-65c7-796c-ae1b-f57e6c88375c","msg":"Default bundles seeded"}
2026-10-04T17:53:12.7543082Z {"level":30,"time":1791136392664,"pid":4316,"hostname":"runnervm8df0l","userId":"01a1080c-65d2-7f1d-bfd4-aaf0cc6e91e2","msg":"Default bundles seeded"}
2026-10-04T17:53:12.7544426Z {"level":30,"time":1791136392675,"pid":4316,"hostname":"runnervm8df0l","userId":"01a1080c-65dd-73c0-86e0-e83608d86794","msg":"Default bundles seeded"}
2026-10-04T17:53:12.8907711Z PASS src/services/__tests__/emailService.mailSettings.test.ts
2026-10-04T17:53:13.2769124Z {"level":30,"time":1791136393177,"pid":4316,"hostname":"runnervm8df0l","maxPoolSize":8,"msg":"Connected to PostgreSQL successfully"}
2026-10-04T17:53:14.3893158Z PASS src/services/__tests__/subscriptionCreditLedger.test.ts
2026-10-04T17:53:14.7251095Z {"level":30,"time":1791136394623,"pid":4316,"hostname":"runnervm8df0l","maxPoolSize":8,"msg":"Connected to PostgreSQL successfully"}
2026-10-04T17:53:44.9316755Z FAIL src/services/__tests__/privateCommissioning.test.ts (30.348 s)
2026-10-04T17:53:44.9356545Z   ● compiled Node CLI performs dry-run and explicit hash-bound apply on the same owned SQL fixture
2026-10-04T17:53:44.9415479Z 
2026-10-04T17:53:44.9415808Z     expect(received).toMatchObject(expected)
2026-10-04T17:53:44.9416214Z 
2026-10-04T17:53:44.9455661Z     - Expected  - 1
2026-10-04T17:53:44.9484720Z     + Received  + 1
2026-10-04T17:53:44.9505508Z 
2026-10-04T17:53:44.9535722Z       Object {
2026-10-04T17:53:44.9565699Z     -   "exit": 0,
2026-10-04T17:53:44.9605637Z     +   "exit": 2,
2026-10-04T17:53:44.9635628Z       }
2026-10-04T17:53:44.9655448Z 
2026-10-04T17:53:44.9686570Z     [0m [90m 201 |[39m       env[33m,[39m encoding[33m:[39m [32m'utf8'[39m[33m,[39m timeout[33m:[39m [35m120[39m_000[33m,[39m
2026-10-04T17:53:44.9687602Z      [90m 202 |[39m     })[33m;[39m
2026-10-04T17:53:44.9721980Z     [31m[1m>[22m[39m[90m 203 |[39m     expect({ exit[33m:[39m build[33m.[39mstatus[33m,[39m stdout[33m:[39m build[33m.[39mstdout[33m,[39m stderr[33m:[39m build[33m.[39mstderr })[33m.[39mtoMatchObject({ exit[33m:[39m [35m0[39m })[33m;[39m
2026-10-04T17:53:44.9746130Z      [90m     |[39m                                                                                [31m[1m^[22m[39m
2026-10-04T17:53:44.9776727Z      [90m 204 |[39m     [36mconst[39m dry [33m=[39m spawnSync([32m'node'[39m[33m,[39m [command[33m,[39m file][33m,[39m { env[33m,[39m encoding[33m:[39m [32m'utf8'[39m })[33m;[39m
2026-10-04T17:53:44.9779047Z      [90m 205 |[39m     expect({ exit[33m:[39m dry[33m.[39mstatus[33m,[39m stderr[33m:[39m dry[33m.[39mstderr })[33m.[39mtoMatchObject({ exit[33m:[39m [35m0[39m })[33m;[39m
2026-10-04T17:53:44.9817363Z      [90m 206 |[39m     [36mconst[39m dryReceipt [33m=[39m [33mJSON[39m[33m.[39mparse(dry[33m.[39mstdout[33m.[39msplit([32m'\n'[39m)[33m.[39mfind((line) [33m=>[39m line[33m.[39mincludes([32m'"kind":"scoped-legal-review-v1"'[39m))[33m![39m)[33m;[39m[0m
2026-10-04T17:53:44.9845431Z 
2026-10-04T17:53:44.9875908Z       at src/services/__tests__/privateCommissioning.test.ts:203:80
2026-10-04T17:53:44.9896163Z       at fulfilled (src/services/__tests__/privateCommissioning.test.ts:38:58)
2026-10-04T17:53:44.9896723Z 
2026-10-04T17:53:45.3192911Z PASS src/services/federation/__tests__/metaFirstPartyProof.test.ts
2026-10-04T17:53:47.9786299Z {"level":30,"time":1791136427878,"pid":4316,"hostname":"runnervm8df0l","maxPoolSize":8,"msg":"Connected to PostgreSQL successfully"}
2026-10-04T17:53:48.1309629Z {"level":30,"time":1791136428031,"pid":4316,"hostname":"runnervm8df0l","sessionId":"91ff14f3","msg":"[SessionService] Deactivated session"}
2026-10-04T17:53:48.1316595Z {"level":50,"time":1791136428109,"pid":4316,"hostname":"runnervm8df0l","component":"SessionService","method":"deactivateSession","sessionId":"052de5b3-5438-42f4-8850-de1e7941e043","err":{"type":"Object","message":"SESSION_DEACTIVATION_CAS_MISMATCH","stack":"Error: SESSION_DEACTIVATION_CAS_MISMATCH\n    at SessionService.<anonymous> (/home/runner/work/oxy/oxy/packages/api/src/services/session.service.ts:1102:15)\n    at Generator.next (<anonymous>)\n    at fulfilled (/home/runner/work/oxy/oxy/packages/api/src/services/session.service.ts:12279:24)\n    at processTicksAndRejections (node:internal/process/task_queues:104:5)","name":"Error"},"msg":"[SessionService] Failed to deactivate session"}
2026-10-04T17:53:48.1322467Z {"level":30,"time":1791136428116,"pid":4316,"hostname":"runnervm8df0l","sessionId":"94a6c3b9","msg":"[SessionService] Deactivated session"}
2026-10-04T17:53:48.1324548Z {"level":30,"time":1791136428117,"pid":4316,"hostname":"runnervm8df0l","sessionId":"94a6c3b9","msg":"[SessionService] Deactivated session"}
2026-10-04T17:53:48.4304125Z {"level":30,"time":1791136428330,"pid":4316,"hostname":"runnervm8df0l","sessionId":"a907d793","msg":"[SessionService] Deactivated session"}
2026-10-04T17:53:48.5355719Z {"level":30,"time":1791136428434,"pid":4316,"hostname":"runnervm8df0l","sessionId":"979b696a","msg":"[SessionService] Deactivated session"}
2026-10-04T17:53:48.5357941Z {"level":30,"time":1791136428440,"pid":4316,"hostname":"runnervm8df0l","sessionId":"8c9ccf8c","msg":"[SessionService] Deactivated session"}
2026-10-04T17:53:48.8506372Z {"level":30,"time":1791136428750,"pid":4316,"hostname":"runnervm8df0l","sessionId":"e78506c4","msg":"[SessionService] Deactivated session"}
2026-10-04T17:53:48.8508335Z {"level":30,"time":1791136428755,"pid":4316,"hostname":"runnervm8df0l","sessionId":"c1759cfb","msg":"[SessionService] Deactivated session"}
2026-10-04T17:53:48.8512640Z {"level":50,"time":1791136428804,"pid":4316,"hostname":"runnervm8df0l","component":"SessionService","method":"deactivateSession","sessionId":"d40c1e4d-cd9d-4d11-976d-45ebc0229d13","err":{"type":"Object","message":"SESSION_DEACTIVATION_CAS_MISMATCH","stack":"Error: SESSION_DEACTIVATION_CAS_MISMATCH\n    at SessionService.<anonymous> (/home/runner/work/oxy/oxy/packages/api/src/services/session.service.ts:1102:15)\n    at Generator.next (<anonymous>)\n    at fulfilled (/home/runner/work/oxy/oxy/packages/api/src/services/session.service.ts:12279:24)\n    at processTicksAndRejections (node:internal/process/task_queues:104:5)","name":"Error"},"msg":"[SessionService] Failed to deactivate session"}
2026-10-04T17:53:49.0614190Z PASS src/scripts/__tests__/oldIssuerAuthRetirement.db.test.ts
2026-10-04T17:53:49.6532889Z {"level":30,"time":1791136429552,"pid":4316,"hostname":"runnervm8df0l","maxPoolSize":8,"msg":"Connected to PostgreSQL successfully"}
2026-10-04T17:53:49.6534895Z {"level":50,"time":1791136429578,"pid":4316,"hostname":"runnervm8df0l","msg":"ApiError [400] BAD_REQUEST: Validation failed"}
2026-10-04T17:53:50.7960741Z {"level":50,"time":1791136430696,"pid":4316,"hostname":"runnervm8df0l","msg":"ApiError [400] BAD_REQUEST: Validation failed"}
2026-10-04T17:53:51.2510590Z {"level":50,"time":1791136431150,"pid":4316,"hostname":"runnervm8df0l","msg":"ApiError [400] BAD_REQUEST: Validation failed"}
2026-10-04T17:53:53.6004058Z {"level":30,"time":1791136433500,"pid":4316,"hostname":"runnervm8df0l","count":1,"userId":"01a1080d-0454-7d10-9d04-2016a200f781","msg":"[SessionService] Deactivated sessions for user"}
2026-10-04T17:54:00.6025927Z {"level":30,"time":1791136440502,"pid":4316,"hostname":"runnervm8df0l","count":0,"userId":"01a1080d-1ef4-73a9-a56f-f451c750b8f5","msg":"[SessionService] Deactivated sessions for user"}
2026-10-04T17:54:01.5041210Z {"level":30,"time":1791136441403,"pid":4316,"hostname":"runnervm8df0l","count":0,"userId":"01a1080d-2278-7fe1-9b06-b404f11fe1aa","msg":"[SessionService] Deactivated sessions for user"}
2026-10-04T17:54:02.5461664Z {"level":30,"time":1791136442426,"pid":4316,"hostname":"runnervm8df0l","count":0,"userId":"01a1080d-25e8-7eb2-94ae-496a2a2c04e2","msg":"[SessionService] Deactivated sessions for user"}
2026-10-04T17:54:03.4680412Z {"level":30,"time":1791136443247,"pid":4316,"hostname":"runnervm8df0l","count":1,"userId":"01a1080d-25e8-7eb2-94ae-496a2a2c04e2","msg":"[SessionService] Deactivated sessions for user"}
2026-10-04T17:54:03.4682796Z {"level":50,"time":1791136443271,"pid":4316,"hostname":"runnervm8df0l","msg":"ApiError [403] SIGNIN_ORIGIN_NOT_ALLOWED: Only official Oxy apps can do this here."}
2026-10-04T17:54:03.4685500Z {"level":40,"time":1791136443277,"pid":4316,"hostname":"runnervm8df0l","applicationId":"01a1080d-2b88-7ed9-8d06-1ce186c0dd6b","path":"/email","msg":"device.lane.third_party_refused"}
2026-10-04T17:54:03.4687307Z PASS src/routes/__tests__/accountSecurity.test.ts (14.2 s)
2026-10-04T17:54:04.2853281Z PASS src/services/__tests__/kaanaProviderCostFeed.service.test.ts
2026-10-04T17:54:05.9269780Z PASS src/routes/__tests__/followsV2.test.ts
2026-10-04T17:54:06.3000958Z PASS src/services/__tests__/did.service.test.ts
2026-10-04T17:54:08.1567359Z PASS src/capabilities/__tests__/inbox.contract.test.ts
2026-10-04T17:54:09.4483951Z PASS src/routes/__tests__/reputationReadAuthz.test.ts
2026-10-04T17:54:10.1160874Z PASS src/controllers/__tests__/devices.controller.test.ts
2026-10-04T17:54:10.8594691Z PASS src/routes/__tests__/sessionClaim.test.ts
2026-10-04T17:54:11.1114622Z PASS src/middleware/__tests__/serviceCredentialRateLimit.test.ts
2026-10-04T17:54:11.5546805Z {"level":40,"time":1791136451069,"pid":4316,"hostname":"runnervm8df0l","kid":"dev-ephemeral-eb15295cca15","msg":"[ServiceToken] no signing key configured; minting with a per-process ephemeral Ed25519 key"}
2026-10-04T17:54:11.6878761Z {"level":30,"time":1791136451586,"pid":4316,"hostname":"runnervm8df0l","maxPoolSize":8,"msg":"Connected to PostgreSQL successfully"}
2026-10-04T17:54:11.9365759Z PASS src/services/__tests__/entitlement.service.test.ts
2026-10-04T17:54:12.2390811Z {"level":30,"time":1791136452139,"pid":4316,"hostname":"runnervm8df0l","maxPoolSize":8,"msg":"Connected to PostgreSQL successfully"}
2026-10-04T17:54:12.3642873Z PASS src/db/schema/__tests__/followGraph.schema.test.ts
2026-10-04T17:54:13.0032208Z PASS src/services/__tests__/scopedAdmission.test.ts
2026-10-04T17:54:13.3381417Z {"level":30,"time":1791136453237,"pid":4316,"hostname":"runnervm8df0l","maxPoolSize":8,"msg":"Connected to PostgreSQL successfully"}
2026-10-04T17:54:13.4493150Z PASS src/services/__tests__/oauthCode.service.test.ts
2026-10-04T17:54:13.8378225Z PASS src/routes/__tests__/nodeLimiterOrdering.test.ts
2026-10-04T17:54:14.1706409Z PASS src/config/__tests__/dynamicOriginRegistry.test.ts
2026-10-04T17:54:14.2969712Z PASS src/scripts/__tests__/internalCostCenterSpecs.test.ts
2026-10-04T17:54:14.9549555Z PASS src/routes/__tests__/sessionStatus.contract.test.ts
2026-10-04T17:54:15.4535011Z {"level":30,"time":1791136455353,"pid":4316,"hostname":"runnervm8df0l","maxPoolSize":8,"msg":"Connected to PostgreSQL successfully"}
2026-10-04T17:54:15.6763155Z PASS src/services/__tests__/store.service.test.ts
2026-10-04T17:54:16.0377379Z {"level":30,"time":1791136455934,"pid":4316,"hostname":"runnervm8df0l","maxPoolSize":8,"msg":"Connected to PostgreSQL successfully"}
2026-10-04T17:54:16.2687346Z PASS src/services/__tests__/inferencePowerLevels.test.ts
2026-10-04T17:54:17.1368600Z PASS src/routes/__tests__/isolatedOAuthLogout.test.ts
2026-10-04T17:54:18.0466638Z {"level":30,"time":1791136457946,"pid":4316,"hostname":"runnervm8df0l","maxPoolSize":8,"msg":"Connected to PostgreSQL successfully"}
2026-10-04T17:54:18.0468776Z {"level":30,"time":1791136457980,"pid":4316,"hostname":"runnervm8df0l","userId":"01a1080d-64f6-73cb-a343-2ea6115d7b48","msg":"Email mailboxes provisioned"}
2026-10-04T17:54:18.0470427Z {"level":30,"time":1791136457989,"pid":4316,"hostname":"runnervm8df0l","userId":"01a1080d-64f6-73cb-a343-2ea6115d7b48","msg":"Welcome email created"}
2026-10-04T17:54:18.2892416Z {"level":30,"time":1791136458094,"pid":4316,"hostname":"runnervm8df0l","userId":"01a1080d-6568-72a2-996d-cf177e2caeee","msg":"Email mailboxes provisioned"}
2026-10-04T17:54:18.2894306Z {"level":30,"time":1791136458101,"pid":4316,"hostname":"runnervm8df0l","userId":"01a1080d-6568-72a2-996d-cf177e2caeee","msg":"Welcome email created"}
2026-10-04T17:54:18.2896622Z {"level":30,"time":1791136458119,"pid":4316,"hostname":"runnervm8df0l","userId":"01a1080d-657c-7764-ae13-efa7da54a63d","count":7,"msg":"Synced missing default mailboxes"}
2026-10-04T17:54:18.2899330Z {"level":30,"time":1791136458142,"pid":4316,"hostname":"runnervm8df0l","userId":"01a1080d-6596-7fe4-aca9-4b0f16aa69f9","msg":"Email mailboxes provisioned"}
2026-10-04T17:54:18.2902611Z {"level":30,"time":1791136458148,"pid":4316,"hostname":"runnervm8df0l","userId":"01a1080d-6596-7fe4-aca9-4b0f16aa69f9","msg":"Welcome email created"}
2026-10-04T17:54:18.2905760Z {"level":30,"time":1791136458154,"pid":4316,"hostname":"runnervm8df0l","userId":"01a1080d-6599-7e88-9025-79c56bdb9add","msg":"Email mailboxes provisioned"}
2026-10-04T17:54:18.2908159Z {"level":30,"time":1791136458160,"pid":4316,"hostname":"runnervm8df0l","userId":"01a1080d-6599-7e88-9025-79c56bdb9add","msg":"Welcome email created"}
2026-10-04T17:54:18.2909917Z PASS src/services/__tests__/emailService.mailboxes.test.ts
2026-10-04T17:54:19.3188378Z PASS src/routes/__tests__/billingTopUpVelocity.test.ts
2026-10-04T17:54:19.7067279Z {"level":30,"time":1791136459605,"pid":4316,"hostname":"runnervm8df0l","maxPoolSize":8,"msg":"Connected to PostgreSQL successfully"}
2026-10-04T17:54:19.9596512Z PASS src/services/__tests__/user.service.textNormalization.test.ts
2026-10-04T17:54:20.3992467Z PASS src/routes/__tests__/storeWriteLimiterKey.test.ts
2026-10-04T17:54:21.2778103Z PASS src/routes/__tests__/accountsBillingAuditAuthorization.test.ts
2026-10-04T17:54:21.8308537Z {"level":30,"time":1791136461730,"pid":4316,"hostname":"runnervm8df0l","maxPoolSize":8,"msg":"Connected to PostgreSQL successfully"}
2026-10-04T17:54:21.8311228Z {"level":30,"time":1791136461816,"pid":4316,"hostname":"runnervm8df0l","sessionToken":"at_22ee0...","userId":"01a1080d-73a5-7e54-9e9b-ee934e649a03","applicationId":"01a1080d-73df-7507-b193-5b7482b1f4fe","msg":"Auth session authorized"}
2026-10-04T17:54:22.0010670Z {"level":30,"time":1791136461902,"pid":4316,"hostname":"runnervm8df0l","sessionToken":"at_22ee0...","sessionId":"0bb59c1c-5b8e-40f5-8d31-ec95ebc6fc27","userId":"01a1080d-73a5-7e54-9e9b-ee934e649a03","applicationId":"01a1080d-73df-7507-b193-5b7482b1f4fe","msg":"[AuthSession] Claim succeeded"}
2026-10-04T17:54:22.0013648Z {"level":30,"time":1791136461970,"pid":4316,"hostname":"runnervm8df0l","sessionToken":"at_8bf2c...","userId":"01a1080d-7453-7db9-b648-7be1feb94336","applicationId":"01a1080d-7480-7297-a330-6db72ef24b5c","msg":"Auth session authorized"}
2026-10-04T17:54:22.2353577Z {"level":30,"time":1791136462011,"pid":4316,"hostname":"runnervm8df0l","sessionToken":"at_8bf2c...","sessionId":"61f2be0d-e8f3-4282-b433-0e616238db19","userId":"01a1080d-7453-7db9-b648-7be1feb94336","applicationId":"01a1080d-7480-7297-a330-6db72ef24b5c","msg":"[AuthSession] Claim succeeded"}
2026-10-04T17:54:22.2356029Z PASS src/routes/__tests__/deviceFlowSessionBinding.test.ts
2026-10-04T17:54:22.6470050Z PASS src/routes/__tests__/identityRecords.test.ts
2026-10-04T17:54:22.9771546Z {"level":30,"time":1791136462876,"pid":4316,"hostname":"runnervm8df0l","maxPoolSize":8,"msg":"Connected to PostgreSQL successfully"}
2026-10-04T17:54:23.0823063Z PASS src/routes/__tests__/accountEmail.test.ts
2026-10-04T17:54:23.3012905Z {"level":50,"time":1791136462987,"pid":4316,"hostname":"runnervm8df0l","msg":"ApiError [400] BAD_REQUEST: Validation failed"}
2026-10-04T17:54:23.3014259Z {"level":50,"time":1791136462988,"pid":4316,"hostname":"runnervm8df0l","msg":"ApiError [403] SIGNIN_ORIGIN_NOT_ALLOWED: Only official Oxy apps can do this here."}
2026-10-04T17:54:23.3016203Z {"level":50,"time":1791136462990,"pid":4316,"hostname":"runnervm8df0l","msg":"ApiError [403] SIGNIN_ORIGIN_NOT_ALLOWED: Only official Oxy apps can do this here."}
2026-10-04T17:54:23.3017432Z {"level":50,"time":1791136463004,"pid":4316,"hostname":"runnervm8df0l","msg":"ApiError [400] BAD_REQUEST: Validation failed"}
2026-10-04T17:54:23.3018503Z {"level":50,"time":1791136463005,"pid":4316,"hostname":"runnervm8df0l","msg":"ApiError [400] BAD_REQUEST: Validation failed"}
2026-10-04T17:54:23.4410200Z {"level":30,"time":1791136463334,"pid":4316,"hostname":"runnervm8df0l","maxPoolSize":8,"msg":"Connected to PostgreSQL successfully"}
2026-10-04T17:54:23.5587525Z {"level":40,"time":1791136463457,"pid":4316,"hostname":"runnervm8df0l","eventId":"01a1080d-7a43-7d90-9ac0-dc598c6b43d0","applicationId":"01a1080d-7a41-7f84-ad8b-3792d58eb094","attempts":1,"status":503,"deadLetter":false,"error":"Receiver answered HTTP 503","msg":"[AccountEventWebhook] Delivery failed"}
2026-10-04T17:54:23.5590579Z {"level":40,"time":1791136463467,"pid":4316,"hostname":"runnervm8df0l","eventId":"01a1080d-7a43-7d90-9ac0-dc598c6b43d0","applicationId":"01a1080d-7a41-7f84-ad8b-3792d58eb094","attempts":2,"status":503,"deadLetter":false,"error":"Receiver answered HTTP 503","msg":"[AccountEventWebhook] Delivery failed"}
2026-10-04T17:54:23.5593478Z {"level":40,"time":1791136463522,"pid":4316,"hostname":"runnervm8df0l","eventId":"01a1080d-7a74-7f72-8062-d9060a261dde","applicationId":"01a1080d-7a72-7bce-8f88-86b07f647ceb","attempts":16,"status":null,"deadLetter":true,"error":"connect ECONNREFUSED","msg":"[AccountEventWebhook] Delivery failed"}
2026-10-04T17:54:23.6871915Z {"level":40,"time":1791136463561,"pid":4316,"hostname":"runnervm8df0l","eventId":"01a1080d-7aab-7a76-a3c2-c73863810f40","applicationId":"01a1080d-7aa9-71ff-ad82-1d2ac4b6620f","attempts":1,"status":null,"deadLetter":false,"error":"Webhook URL refused by the SSRF guard: resolves to a private address","msg":"[AccountEventWebhook] Delivery failed"}
2026-10-04T17:54:24.1691401Z PASS src/services/__tests__/accountEventWebhook.worker.test.ts
2026-10-04T17:54:24.1692018Z PASS src/services/__tests__/appAffinity.service.test.ts
2026-10-04T17:54:25.2841809Z PASS src/routes/__tests__/sessionRequesterLabel.test.ts
2026-10-04T17:54:25.4598633Z PASS src/config/__tests__/kaanaDataPlane.test.ts
2026-10-04T17:54:26.3473417Z PASS src/services/__tests__/botHasNoWayInOfItsOwn.test.ts
2026-10-04T17:54:26.7080583Z {"level":30,"time":1791136466607,"pid":4316,"hostname":"runnervm8df0l","maxPoolSize":8,"msg":"Connected to PostgreSQL successfully"}
2026-10-04T17:54:26.8251191Z PASS src/services/__tests__/appChainWrite.service.test.ts
2026-10-04T17:54:27.1472922Z {"level":30,"time":1791136467032,"pid":4316,"hostname":"runnervm8df0l","maxPoolSize":8,"msg":"Connected to PostgreSQL successfully"}
2026-10-04T17:54:27.1591570Z PASS src/controllers/__tests__/storage.controller.test.ts
2026-10-04T17:54:27.5231462Z {"level":30,"time":1791136467423,"pid":4316,"hostname":"runnervm8df0l","maxPoolSize":8,"msg":"Connected to PostgreSQL successfully"}
2026-10-04T17:54:27.9757866Z PASS src/services/__tests__/user.service.followGraphUnified.test.ts
2026-10-04T17:54:28.2803688Z {"level":30,"time":1791136468169,"pid":4316,"hostname":"runnervm8df0l","maxPoolSize":8,"msg":"Connected to PostgreSQL successfully"}
2026-10-04T17:54:28.2804880Z PASS src/db/__tests__/expiry.test.ts
2026-10-04T17:54:28.6538533Z {"level":30,"time":1791136468554,"pid":4316,"hostname":"runnervm8df0l","maxPoolSize":8,"msg":"Connected to PostgreSQL successfully"}
2026-10-04T17:54:28.8764689Z PASS src/services/__tests__/user.service.getMutualUserIds.test.ts
2026-10-04T17:54:29.4567951Z PASS src/routes/__tests__/authIdentifierLookup.test.ts
2026-10-04T17:54:30.1393262Z {"level":30,"time":1791136470038,"pid":4316,"hostname":"runnervm8df0l","maxPoolSize":8,"msg":"Connected to PostgreSQL successfully"}
2026-10-04T17:54:30.6834609Z {"level":30,"time":1791136470582,"pid":4316,"hostname":"runnervm8df0l","sessionId":"c31f1a76","msg":"[SessionService] Deactivated session"}
2026-10-04T17:54:30.6837663Z {"level":30,"time":1791136470583,"pid":4316,"hostname":"runnervm8df0l","sessionId":"c31f1a76","operatorId":"01a1080d-95db-73e1-b282-563c4f81466f","accountId":"01a1080d-95b0-75da-937c-3f616dd66510","msg":"[SessionService] Managed-account session revoked — operator lost act_as"}
2026-10-04T17:54:31.2351386Z PASS src/routes/__tests__/productAccess.test.ts
2026-10-04T17:54:31.3024066Z PASS src/capabilities/__tests__/inbox.handlers.test.ts
2026-10-04T17:54:31.5468320Z PASS src/routes/__tests__/chainHead.test.ts
2026-10-04T17:54:31.7530338Z PASS src/schemas/__tests__/account.schemas.test.ts
2026-10-04T17:54:32.1569042Z {"level":30,"time":1791136472057,"pid":4316,"hostname":"runnervm8df0l","maxPoolSize":8,"msg":"Connected to PostgreSQL successfully"}
2026-10-04T17:54:32.1571458Z {"level":30,"time":1791136472073,"pid":4316,"hostname":"runnervm8df0l","userId":"01a1080d-9bfa-7d90-9212-f485fcb1d6bb","msg":"Email mailboxes provisioned"}
2026-10-04T17:54:32.1573774Z {"level":30,"time":1791136472083,"pid":4316,"hostname":"runnervm8df0l","userId":"01a1080d-9bfa-7d90-9212-f485fcb1d6bb","msg":"Welcome email created"}
2026-10-04T17:54:32.1576226Z {"level":30,"time":1791136472098,"pid":4316,"hostname":"runnervm8df0l","userId":"01a1080d-9bfa-7d90-9212-f485fcb1d6bb","from":"support@example.com","subject":"Case","mailbox":"INBOX","msg":"Incoming email stored"}
2026-10-04T17:54:32.1578019Z {"level":40,"time":1791136472116,"pid":4316,"hostname":"runnervm8df0l","msg":"Inbox socket emit skipped: Socket.IO not initialised"}
2026-10-04T17:54:32.1579548Z {"level":30,"time":1791136472150,"pid":4316,"hostname":"runnervm8df0l","userId":"01a1080d-9bfa-7d90-9212-f485fcb1d6bb","from":"support@example.com","subject":"Case","mailbox":"INBOX","msg":"Incoming email stored"}
2026-10-04T17:54:32.1580996Z {"level":40,"time":1791136472155,"pid":4316,"hostname":"runnervm8df0l","msg":"Inbox socket emit skipped: Socket.IO not initialised"}
2026-10-04T17:54:32.2992809Z PASS src/controllers/__tests__/email.controller.replyThreading.test.ts
2026-10-04T17:54:32.6166476Z {"level":30,"time":1791136472489,"pid":4316,"hostname":"runnervm8df0l","maxPoolSize":8,"msg":"Connected to PostgreSQL successfully"}
2026-10-04T17:54:32.6167529Z PASS src/db/schema/__tests__/agencyPayloadBounds.test.ts
2026-10-04T17:54:33.1103568Z {"level":30,"time":1791136472886,"pid":4316,"hostname":"runnervm8df0l","maxPoolSize":8,"msg":"Connected to PostgreSQL successfully"}
2026-10-04T17:54:33.1196026Z PASS src/services/__tests__/user.service.getViewerRelationship.test.ts
2026-10-04T17:54:33.2728871Z PASS src/middleware/__tests__/idpServiceRateLimit.test.ts
2026-10-04T17:54:33.4150318Z PASS src/controllers/__tests__/emailProxy.controller.test.ts
2026-10-04T17:54:33.6041624Z PASS src/services/__tests__/inferenceRoutingReadiness.test.ts
2026-10-04T17:54:34.0899611Z {"level":30,"time":1791136473871,"pid":4316,"hostname":"runnervm8df0l","maxPoolSize":8,"msg":"Connected to PostgreSQL successfully"}
2026-10-04T17:54:34.0901024Z PASS src/services/__tests__/user.service.languages.test.ts
2026-10-04T17:54:34.2267498Z PASS src/queue/__tests__/transparencyCheckpoint.queue.test.ts
2026-10-04T17:54:34.4736713Z PASS src/__tests__/openapiBaseYaml.test.ts
2026-10-04T17:54:35.1846373Z PASS src/utils/__tests__/username.test.ts
2026-10-04T17:54:35.2920060Z PASS src/services/__tests__/providerCredentialLeak.test.ts
2026-10-04T17:54:35.6465889Z PASS src/services/__tests__/formatUserResponse.fediverse.test.ts
2026-10-04T17:54:36.0110686Z PASS src/routes/__tests__/subscription.routes.test.ts
2026-10-04T17:54:36.0792231Z PASS src/services/__tests__/cardExtraction.disabled.test.ts
2026-10-04T17:54:36.1646345Z PASS src/utils/__tests__/performanceMonitor.test.ts
2026-10-04T17:54:49.5377963Z 
2026-10-04T17:54:49.5378617Z =============================== Coverage summary ===============================
2026-10-04T17:54:49.5379813Z Statements   : 38.27% ( 18186/47518 )
2026-10-04T17:54:49.5380246Z Branches     : 28.35% ( 10269/36210 )
2026-10-04T17:54:49.5380585Z Functions    : 34.17% ( 2688/7865 )
2026-10-04T17:54:49.5380937Z Lines        : 39.38% ( 17291/43900 )
2026-10-04T17:54:49.5381418Z ================================================================================
2026-10-04T17:54:49.5385305Z 
2026-10-04T17:54:49.5387089Z Summary of all failing tests
2026-10-04T17:54:49.5391892Z FAIL src/services/__tests__/privateCommissioning.test.ts (30.348 s)
2026-10-04T17:54:49.5395662Z   ● compiled Node CLI performs dry-run and explicit hash-bound apply on the same owned SQL fixture
2026-10-04T17:54:49.5396378Z 
2026-10-04T17:54:49.5396667Z     expect(received).toMatchObject(expected)
2026-10-04T17:54:49.5397035Z 
2026-10-04T17:54:49.5397204Z     - Expected  - 1
2026-10-04T17:54:49.5397586Z     + Received  + 1
2026-10-04T17:54:49.5397805Z 
2026-10-04T17:54:49.5397954Z       Object {
2026-10-04T17:54:49.5398391Z     -   "exit": 0,
2026-10-04T17:54:49.5398776Z     +   "exit": 2,
2026-10-04T17:54:49.5399123Z       }
2026-10-04T17:54:49.5399311Z 
2026-10-04T17:54:49.5404197Z     [0m [90m 201 |[39m       env[33m,[39m encoding[33m:[39m [32m'utf8'[39m[33m,[39m timeout[33m:[39m [35m120[39m_000[33m,[39m
2026-10-04T17:54:49.5405554Z      [90m 202 |[39m     })[33m;[39m
2026-10-04T17:54:49.5411430Z     [31m[1m>[22m[39m[90m 203 |[39m     expect({ exit[33m:[39m build[33m.[39mstatus[33m,[39m stdout[33m:[39m build[33m.[39mstdout[33m,[39m stderr[33m:[39m build[33m.[39mstderr })[33m.[39mtoMatchObject({ exit[33m:[39m [35m0[39m })[33m;[39m
2026-10-04T17:54:49.5413596Z      [90m     |[39m                                                                                [31m[1m^[22m[39m
2026-10-04T17:54:49.5418433Z      [90m 204 |[39m     [36mconst[39m dry [33m=[39m spawnSync([32m'node'[39m[33m,[39m [command[33m,[39m file][33m,[39m { env[33m,[39m encoding[33m:[39m [32m'utf8'[39m })[33m;[39m
2026-10-04T17:54:49.5422600Z      [90m 205 |[39m     expect({ exit[33m:[39m dry[33m.[39mstatus[33m,[39m stderr[33m:[39m dry[33m.[39mstderr })[33m.[39mtoMatchObject({ exit[33m:[39m [35m0[39m })[33m;[39m
2026-10-04T17:54:49.5428846Z      [90m 206 |[39m     [36mconst[39m dryReceipt [33m=[39m [33mJSON[39m[33m.[39mparse(dry[33m.[39mstdout[33m.[39msplit([32m'\n'[39m)[33m.[39mfind((line) [33m=>[39m line[33m.[39mincludes([32m'"kind":"scoped-legal-review-v1"'[39m))[33m![39m)[33m;[39m[0m
2026-10-04T17:54:49.5430437Z 
2026-10-04T17:54:49.5430851Z       at src/services/__tests__/privateCommissioning.test.ts:203:80
2026-10-04T17:54:49.5431844Z       at fulfilled (src/services/__tests__/privateCommissioning.test.ts:38:58)
2026-10-04T17:54:49.5432433Z 
2026-10-04T17:54:49.5432786Z 
2026-10-04T17:54:49.5440326Z Test Suites: 1 failed, 89 passed, 90 total
2026-10-04T17:54:49.5441038Z Tests:       1 failed, 1512 passed, 1513 total
2026-10-04T17:54:49.5441628Z Snapshots:   0 total
2026-10-04T17:54:49.5442069Z Time:        164.895 s
2026-10-04T17:54:49.5442504Z Ran all test suites.
2026-10-04T17:54:49.5578044Z {"level":40,"time":1791136476138,"pid":4316,"hostname":"runnervm8df0l","msg":"Slow operation detected: GET /items/:id took 1001ms"}
2026-10-04T17:54:49.5579759Z {"level":40,"time":1791136476138,"pid":4316,"hostname":"runnervm8df0l","msg":"Slow operation detected: GET /items/:id took 1002ms"}
2026-10-04T17:54:49.5581517Z {"level":40,"time":1791136476138,"pid":4316,"hostname":"runnervm8df0l","msg":"Slow operation detected: GET /items/:id took 1003ms"}
2026-10-04T17:54:49.5583288Z {"level":40,"time":1791136476138,"pid":4316,"hostname":"runnervm8df0l","msg":"Slow operation detected: GET /items/:id took 1004ms"}
2026-10-04T17:54:49.5585081Z {"level":40,"time":1791136476138,"pid":4316,"hostname":"runnervm8df0l","msg":"Slow operation detected: GET /items/:id took 1005ms"}
2026-10-04T17:54:49.5587237Z {"level":40,"time":1791136476138,"pid":4316,"hostname":"runnervm8df0l","msg":"Slow operation detected: GET /items/:id took 1006ms"}
2026-10-04T17:54:49.5589392Z {"level":40,"time":1791136476138,"pid":4316,"hostname":"runnervm8df0l","msg":"Slow operation detected: GET /items/:id took 1007ms"}
2026-10-04T17:54:49.5591148Z {"level":40,"time":1791136476138,"pid":4316,"hostname":"runnervm8df0l","msg":"Slow operation detected: GET /items/:id took 1008ms"}
2026-10-04T17:54:49.5592800Z {"level":40,"time":1791136476138,"pid":4316,"hostname":"runnervm8df0l","msg":"Slow operation detected: GET /items/:id took 1009ms"}
2026-10-04T17:54:49.8512428Z Test results written to: coverage/shard-1/jest-results.json
2026-10-04T17:54:50.2131355Z error: script "test:coverage" exited with code 1
2026-10-04T17:54:50.2150809Z ##[error]Process completed with exit code 1.
2026-10-04T17:54:50.2276472Z Post job cleanup.
2026-10-04T17:54:50.3141374Z [command]/usr/bin/git version
2026-10-04T17:54:50.3192262Z git version 2.55.0
2026-10-04T17:54:50.3232049Z Temporarily overriding HOME='/home/runner/work/_temp/3d2ce3f8-8b18-4257-aca2-2ea9b26ae51a' before making global git config changes
2026-10-04T17:54:50.3233698Z Adding repository directory to the temporary git global config as a safe directory
2026-10-04T17:54:50.3237522Z [command]/usr/bin/git config --global --add safe.directory /home/runner/work/oxy/oxy
2026-10-04T17:54:50.3271060Z Removing SSH command configuration
2026-10-04T17:54:50.3277701Z [command]/usr/bin/git config --local --name-only --get-regexp core\.sshCommand
2026-10-04T17:54:50.3316569Z [command]/usr/bin/git submodule foreach --recursive sh -c "git config --local --name-only --get-regexp 'core\.sshCommand' && git config --local --unset-all 'core.sshCommand' || :"
2026-10-04T17:54:50.3573127Z Removing HTTP extra header
2026-10-04T17:54:50.3579988Z [command]/usr/bin/git config --local --name-only --get-regexp http\.https\:\/\/github\.com\/\.extraheader
2026-10-04T17:54:50.3621063Z [command]/usr/bin/git submodule foreach --recursive sh -c "git config --local --name-only --get-regexp 'http\.https\:\/\/github\.com\/\.extraheader' && git config --local --unset-all 'http.https://github.com/.extraheader' || :"
2026-10-04T17:54:50.3875639Z Removing includeIf entries pointing to credentials config files
2026-10-04T17:54:50.3883205Z [command]/usr/bin/git config --local --name-only --get-regexp ^includeIf\.gitdir:
2026-10-04T17:54:50.3919539Z includeif.gitdir:/home/runner/work/oxy/oxy/.git.path
2026-10-04T17:54:50.3920696Z includeif.gitdir:/home/runner/work/oxy/oxy/.git/worktrees/*.path
2026-10-04T17:54:50.3921822Z includeif.gitdir:/github/workspace/.git.path
2026-10-04T17:54:50.3922742Z includeif.gitdir:/github/workspace/.git/worktrees/*.path
2026-10-04T17:54:50.3928778Z [command]/usr/bin/git config --local --get-all includeif.gitdir:/home/runner/work/oxy/oxy/.git.path
2026-10-04T17:54:50.3960390Z /home/runner/work/_temp/git-credentials-372ef089-df5c-44c6-9a71-59403d32f778.config
2026-10-04T17:54:50.3973250Z [command]/usr/bin/git config --local --unset includeif.gitdir:/home/runner/work/oxy/oxy/.git.path \/home\/runner\/work\/_temp\/git\-credentials\-372ef089\-df5c\-44c6\-9a71\-59403d32f778\.config
2026-10-04T17:54:50.4026904Z [command]/usr/bin/git config --local --get-all includeif.gitdir:/home/runner/work/oxy/oxy/.git/worktrees/*.path
2026-10-04T17:54:50.4056156Z /home/runner/work/_temp/git-credentials-372ef089-df5c-44c6-9a71-59403d32f778.config
2026-10-04T17:54:50.4066309Z [command]/usr/bin/git config --local --unset includeif.gitdir:/home/runner/work/oxy/oxy/.git/worktrees/*.path \/home\/runner\/work\/_temp\/git\-credentials\-372ef089\-df5c\-44c6\-9a71\-59403d32f778\.config
2026-10-04T17:54:50.4113143Z [command]/usr/bin/git config --local --get-all includeif.gitdir:/github/workspace/.git.path
2026-10-04T17:54:50.4141713Z /github/runner_temp/git-credentials-372ef089-df5c-44c6-9a71-59403d32f778.config
2026-10-04T17:54:50.4150632Z [command]/usr/bin/git config --local --unset includeif.gitdir:/github/workspace/.git.path \/github\/runner_temp\/git\-credentials\-372ef089\-df5c\-44c6\-9a71\-59403d32f778\.config
2026-10-04T17:54:50.4187082Z [command]/usr/bin/git config --local --get-all includeif.gitdir:/github/workspace/.git/worktrees/*.path
2026-10-04T17:54:50.4213149Z /github/runner_temp/git-credentials-372ef089-df5c-44c6-9a71-59403d32f778.config
2026-10-04T17:54:50.4222303Z [command]/usr/bin/git config --local --unset includeif.gitdir:/github/workspace/.git/worktrees/*.path \/github\/runner_temp\/git\-credentials\-372ef089\-df5c\-44c6\-9a71\-59403d32f778\.config
2026-10-04T17:54:50.4263522Z [command]/usr/bin/git submodule foreach --recursive git config --local --show-origin --name-only --get-regexp remote.origin.url
2026-10-04T17:54:50.4493487Z Removing credentials config '/home/runner/work/_temp/git-credentials-372ef089-df5c-44c6-9a71-59403d32f778.config'
2026-10-04T17:54:50.4608341Z Print service container logs: 065a69d0dcad41bf9ee7b8bbe944b03c_postgispostgis1735_21fa57
2026-10-04T17:54:50.4612880Z ##[command]/usr/bin/docker logs --details 6642d550be5992fcd2221f4a8a45ff92cbcb55838d923b15b8ca94342c2ba27e
2026-10-04T17:54:50.4746983Z  initdb: warning: enabling "trust" authentication for local connections
2026-10-04T17:54:50.4747998Z  The files belonging to this database system will be owned by user "postgres".
2026-10-04T17:54:50.4748780Z  This user must also own the server process.
2026-10-04T17:54:50.4749312Z  
2026-10-04T17:54:50.4749820Z  The database cluster will be initialized with locale "en_US.utf8".
2026-10-04T17:54:50.4750655Z  The default database encoding has accordingly been set to "UTF8".
2026-10-04T17:54:50.4751446Z  The default text search configuration will be set to "english".
2026-10-04T17:54:50.4752047Z  
2026-10-04T17:54:50.4752410Z  Data page checksums are disabled.
2026-10-04T17:54:50.4752862Z  
2026-10-04T17:54:50.4753457Z  fixing permissions on existing directory /var/lib/postgresql/data ... ok
2026-10-04T17:54:50.4754178Z  creating subdirectories ... ok
2026-10-04T17:54:50.4754763Z  selecting dynamic shared memory implementation ... posix
2026-10-04T17:54:50.4755619Z  selecting default "max_connections" ... 100
2026-10-04T17:54:50.4756219Z  selecting default "shared_buffers" ... 128MB
2026-10-04T17:54:50.4756812Z  selecting default time zone ... Etc/UTC
2026-10-04T17:54:50.4757357Z  creating configuration files ... ok
2026-10-04T17:54:50.4757711Z  running bootstrap script ... ok
2026-10-04T17:54:50.4758204Z  performing post-bootstrap initialization ... ok
2026-10-04T17:54:50.4758580Z  syncing data to disk ... ok
2026-10-04T17:54:50.4758828Z  
2026-10-04T17:54:50.4759012Z  
2026-10-04T17:54:50.4759391Z  Success. You can now start the database server using:
2026-10-04T17:54:50.4759718Z  
2026-10-04T17:54:50.4759976Z      pg_ctl -D /var/lib/postgresql/data -l logfile start
2026-10-04T17:54:50.4760399Z  
2026-10-04T17:54:50.4761321Z  waiting for server to start....2026-10-04 17:51:10.644 UTC [47] LOG:  starting PostgreSQL 17.5 (Debian 17.5-1.pgdg110+1) on x86_64-pc-linux-gnu, compiled by gcc (Debian 10.2.1-6) 10.2.1 20210110, 64-bit
2026-10-04T17:54:50.4762502Z  2026-10-04 17:51:10.644 UTC [47] LOG:  listening on Unix socket "/var/run/postgresql/.s.PGSQL.5432"
2026-10-04T17:54:50.4763253Z  2026-10-04 17:51:10.647 UTC [50] LOG:  database system was shut down at 2026-10-04 17:51:10 UTC
2026-10-04T17:54:50.4763838Z  2026-10-04 17:51:10.650 UTC [47] LOG:  database system is ready to accept connections
2026-10-04T17:54:50.4764250Z   done
2026-10-04T17:54:50.4764452Z  server started
2026-10-04T17:54:50.4764671Z  CREATE DATABASE
2026-10-04T17:54:50.4764879Z  
2026-10-04T17:54:50.4765066Z  
2026-10-04T17:54:50.4765635Z  /usr/local/bin/docker-entrypoint.sh: sourcing /docker-entrypoint-initdb.d/10_postgis.sh
2026-10-04T17:54:50.4766099Z  CREATE DATABASE
2026-10-04T17:54:50.4766364Z  Loading PostGIS extensions into template_postgis
2026-10-04T17:54:50.4766692Z  CREATE EXTENSION
2026-10-04T17:54:50.4766912Z  CREATE EXTENSION
2026-10-04T17:54:50.4767215Z  You are now connected to database "template_postgis" as user "oxy".
2026-10-04T17:54:50.4767576Z  DO
2026-10-04T17:54:50.4767795Z  Loading PostGIS extensions into oxy_test
2026-10-04T17:54:50.4768314Z  CREATE EXTENSION
2026-10-04T17:54:50.4768538Z  CREATE EXTENSION
2026-10-04T17:54:50.4768818Z  You are now connected to database "oxy_test" as user "oxy".
2026-10-04T17:54:50.4769153Z  DO
2026-10-04T17:54:50.4769331Z  
2026-10-04T17:54:50.4769713Z  waiting for server to shut down...2026-10-04 17:51:12.086 UTC [47] LOG:  received fast shutdown request
2026-10-04T17:54:50.4770262Z  .2026-10-04 17:51:12.087 UTC [47] LOG:  aborting any active transactions
2026-10-04T17:54:50.4770863Z  2026-10-04 17:51:12.089 UTC [47] LOG:  background worker "logical replication launcher" (PID 53) exited with exit code 1
2026-10-04T17:54:50.4771419Z  2026-10-04 17:51:12.090 UTC [48] LOG:  shutting down
2026-10-04T17:54:50.4772025Z  2026-10-04 17:51:12.090 UTC [48] LOG:  checkpoint starting: shutdown immediate
2026-10-04T17:54:50.4773166Z  2026-10-04 17:51:12.190 UTC [48] LOG:  checkpoint complete: wrote 4453 buffers (27.2%); 0 WAL file(s) added, 0 removed, 2 recycled; write=0.038 s, sync=0.062 s, total=0.101 s; sync files=963, longest=0.004 s, average=0.001 s; distance=34775 kB, estimate=34775 kB; lsn=0/36D7588, redo lsn=0/36D7588
2026-10-04T17:54:50.4774263Z  2026-10-04 17:51:12.203 UTC [47] LOG:  database system is shut down
2026-10-04T17:54:50.4774599Z   done
2026-10-04T17:54:50.4774790Z  server stopped
2026-10-04T17:54:50.4774997Z  
2026-10-04T17:54:50.4775756Z  PostgreSQL init process complete; ready for start up.
2026-10-04T17:54:50.4776121Z  
2026-10-04T17:54:50.4776709Z  initdb: hint: You can change this by editing pg_hba.conf or using the option -A, or --auth-local and --auth-host, the next time you run initdb.
2026-10-04T17:54:50.4778209Z  2026-10-04 17:51:12.308 UTC [1] LOG:  starting PostgreSQL 17.5 (Debian 17.5-1.pgdg110+1) on x86_64-pc-linux-gnu, compiled by gcc (Debian 10.2.1-6) 10.2.1 20210110, 64-bit
2026-10-04T17:54:50.4779220Z  2026-10-04 17:51:12.308 UTC [1] LOG:  listening on IPv4 address "0.0.0.0", port 5432
2026-10-04T17:54:50.4780106Z  2026-10-04 17:51:12.308 UTC [1] LOG:  listening on IPv6 address "::", port 5432
2026-10-04T17:54:50.4781070Z  2026-10-04 17:51:12.309 UTC [1] LOG:  listening on Unix socket "/var/run/postgresql/.s.PGSQL.5432"
2026-10-04T17:54:50.4782156Z  2026-10-04 17:51:12.312 UTC [71] LOG:  database system was shut down at 2026-10-04 17:51:12 UTC
2026-10-04T17:54:50.4783146Z  2026-10-04 17:51:12.316 UTC [1] LOG:  database system is ready to accept connections
2026-10-04T17:54:50.4784332Z  2026-10-04 17:52:19.643 UTC [133] ERROR:  duplicate key value violates unique constraint "user_follows_follower_id_followed_id_key"
2026-10-04T17:54:50.4786206Z  2026-10-04 17:52:19.643 UTC [133] DETAIL:  Key (follower_id, followed_id)=(01a1080b-96b1-7787-8367-139eba705cce, 01a1080b-96b6-7b9f-9ace-afa81aa753e6) already exists.
2026-10-04T17:54:50.4788039Z  2026-10-04 17:52:19.643 UTC [133] STATEMENT:  insert into "user_follows" ("id", "follower_id", "followed_id", "created_at", "updated_at") values ($1, $2, $3, default, default)
2026-10-04T17:54:50.4789268Z  2026-10-04 17:52:19.657 UTC [133] ERROR:  new row for relation "user_follows" violates check constraint "user_follows_not_self_check"
2026-10-04T17:54:50.4790429Z  2026-10-04 17:52:19.657 UTC [133] DETAIL:  Failing row contains (01a1080b-96c8-72cd-9d16-477c28dd7309, 01a1080b-96c6-76e1-a82c-cc08a8421891, 01a1080b-96c6-76e1-a82c-cc08a8421891, 2026-10-04 17:52:19.657+00, 2026-10-04 17:52:19.657+00).
2026-10-04T17:54:50.4791697Z  2026-10-04 17:52:19.657 UTC [133] STATEMENT:  insert into "user_follows" ("id", "follower_id", "followed_id", "created_at", "updated_at") values ($1, $2, $3, default, default)
2026-10-04T17:54:50.4792691Z  2026-10-04 17:52:19.661 UTC [133] ERROR:  insert or update on table "user_follows" violates foreign key constraint "user_follows_followed_id_users_id_fk"
2026-10-04T17:54:50.4793608Z  2026-10-04 17:52:19.661 UTC [133] DETAIL:  Key (followed_id)=(ghost-d9054c0dd714447f9c7fe4496d1f1648) is not present in table "users".
2026-10-04T17:54:50.4794564Z  2026-10-04 17:52:19.661 UTC [133] STATEMENT:  insert into "user_follows" ("id", "follower_id", "followed_id", "created_at", "updated_at") values ($1, $2, $3, default, default)
2026-10-04T17:54:50.4796416Z  2026-10-04 17:52:19.732 UTC [133] ERROR:  insert or update on table "user_follows" violates foreign key constraint "user_follows_followed_id_users_id_fk"
2026-10-04T17:54:50.4797368Z  2026-10-04 17:52:19.732 UTC [133] DETAIL:  Key (followed_id)=(B1C2D3E4F5061728394A5B6C) is not present in table "users".
2026-10-04T17:54:50.4798249Z  2026-10-04 17:52:19.732 UTC [133] STATEMENT:  insert into "user_follows" ("id", "follower_id", "followed_id", "created_at", "updated_at") values ($1, $2, $3, default, default)
2026-10-04T17:54:50.4799372Z  2026-10-04 17:52:19.741 UTC [133] ERROR:  duplicate key value violates unique constraint "restrictions_user_id_restricted_id_key"
2026-10-04T17:54:50.4800298Z  2026-10-04 17:52:19.741 UTC [133] DETAIL:  Key (user_id, restricted_id)=(01a1080b-9715-7730-8c1e-76cc2bb2dfca, 01a1080b-9718-7645-8dff-28347adbf96d) already exists.
2026-10-04T17:54:50.4801243Z  2026-10-04 17:52:19.741 UTC [133] STATEMENT:  insert into "restrictions" ("id", "user_id", "restricted_id", "created_at") values ($1, $2, $3, default)
2026-10-04T17:54:50.4802152Z  2026-10-04 17:52:19.753 UTC [133] ERROR:  duplicate key value violates unique constraint "notifications_recipient_id_actor_id_type_entity_id_key"
2026-10-04T17:54:50.4803313Z  2026-10-04 17:52:19.753 UTC [133] DETAIL:  Key (recipient_id, actor_id, type, entity_id)=(01a1080b-9722-7048-80d1-ce17f82984b8, 01a1080b-9724-7dc4-9e52-71daabf0b739, like, a68e7fff01a9408b89362aaa532aed99) already exists.
2026-10-04T17:54:50.4804865Z  2026-10-04 17:52:19.753 UTC [133] STATEMENT:  insert into "notifications" ("id", "recipient_id", "actor_id", "type", "entity_id", "entity_type", "title", "message", "url", "read", "created_at", "updated_at") values ($1, $2, $3, $4, $5, $6, default, default, default, default, default, default)
2026-10-04T17:54:50.4816417Z  2026-10-04 17:52:19.762 UTC [133] ERROR:  insert or update on table "notifications" violates foreign key constraint "notifications_actor_id_users_id_fk"
2026-10-04T17:54:50.4817371Z  2026-10-04 17:52:19.762 UTC [133] DETAIL:  Key (actor_id)=(ghost-f716c5b18c014302b4e3f63ed6268a40) is not present in table "users".
2026-10-04T17:54:50.4818643Z  2026-10-04 17:52:19.762 UTC [133] STATEMENT:  insert into "notifications" ("id", "recipient_id", "actor_id", "type", "entity_id", "entity_type", "title", "message", "url", "read", "created_at", "updated_at") values ($1, $2, $3, $4, $5, $6, default, default, default, default, default, default)
2026-10-04T17:54:50.4819891Z  2026-10-04 17:52:19.768 UTC [133] ERROR:  new row for relation "notifications" violates check constraint "notifications_type_check"
2026-10-04T17:54:50.4821274Z  2026-10-04 17:52:19.768 UTC [133] DETAIL:  Failing row contains (493567a22a464388b518cd6dcee7a940, 01a1080b-9733-763a-b4ae-a840868930a3, 01a1080b-9736-7dc9-ad07-750de8690424, subscribed, 3ba1f6cfce9442609e38a89050016e5a, post, f, 2026-10-04 17:52:19.768+00, 2026-10-04 17:52:19.768+00, null, null, null).
2026-10-04T17:54:50.4822407Z  2026-10-04 17:52:19.768 UTC [133] STATEMENT:  
2026-10-04T17:54:50.4822882Z  	        insert into notifications (id, recipient_id, actor_id, type, entity_id, entity_type)
2026-10-04T17:54:50.4823371Z  	        values ($1, $2, $3, 'subscribed', $4, 'post')
2026-10-04T17:54:50.4823681Z  	      
2026-10-04T17:54:50.4824193Z  2026-10-04 17:52:19.769 UTC [133] ERROR:  new row for relation "notifications" violates check constraint "notifications_entity_type_check"
2026-10-04T17:54:50.4826116Z  2026-10-04 17:52:19.769 UTC [133] DETAIL:  Failing row contains (c4b86918f33a4e6e9c1d61ea6f6d8e32, 01a1080b-9733-763a-b4ae-a840868930a3, 01a1080b-9736-7dc9-ad07-750de8690424, like, 5617e1294d904b55994401b40fb9b5bf, comment, f, 2026-10-04 17:52:19.769+00, 2026-10-04 17:52:19.769+00, null, null, null).
2026-10-04T17:54:50.4827796Z  2026-10-04 17:52:19.769 UTC [133] STATEMENT:  
2026-10-04T17:54:50.4828267Z  	        insert into notifications (id, recipient_id, actor_id, type, entity_id, entity_type)
2026-10-04T17:54:50.4828927Z  	        values ($1, $2, $3, 'like', $4, 'comment')
2026-10-04T17:54:50.4829225Z  	      
2026-10-04T17:54:50.4829701Z  2026-10-04 17:52:19.790 UTC [133] ERROR:  new row for relation "topics" violates check constraint "topics_translations_object_check"
2026-10-04T17:54:50.4830928Z  2026-10-04 17:52:19.790 UTC [133] DETAIL:  Failing row contains (927ea2f17e9a43b9a5e9fb8fb73bde99, bad9b7fbf1283, bad9b7fbf1283, Bad, null, category, seed, {}, null, null, null, t, [], 'bad':2B 'bad9b7fbf1283':1A, 2026-10-04 17:52:19.79+00, 2026-10-04 17:52:19.79+00).
2026-10-04T17:54:50.4831889Z  2026-10-04 17:52:19.790 UTC [133] STATEMENT:  
2026-10-04T17:54:50.4832452Z  	        insert into topics (id, name, slug, display_name, type, source, translations)
2026-10-04T17:54:50.4832931Z  	        values ($1, $2, $3, 'Bad', 'category', 'seed', '[]'::jsonb)
2026-10-04T17:54:50.4833268Z  	      
2026-10-04T17:54:50.4833757Z  2026-10-04 17:52:19.813 UTC [133] ERROR:  new row for relation "user_app_data" violates check constraint "user_app_data_namespace_check"
2026-10-04T17:54:50.4834888Z  2026-10-04 17:52:19.813 UTC [133] DETAIL:  Failing row contains (01a1080b-9765-7d28-9a86-eb67dea587a3, 01a1080b-9762-71f9-8958-57985d74e574, Academy, progress, null, 2026-10-04 17:52:19.813+00, 2026-10-04 17:52:19.813+00).
2026-10-04T17:54:50.4836441Z  2026-10-04 17:52:19.813 UTC [133] STATEMENT:  insert into "user_app_data" ("id", "user_id", "namespace", "key", "value", "created_at", "updated_at") values ($1, $2, $3, $4, default, default, default)
2026-10-04T17:54:50.4837456Z  2026-10-04 17:52:19.815 UTC [133] ERROR:  new row for relation "user_app_data" violates check constraint "user_app_data_namespace_check"
2026-10-04T17:54:50.4838573Z  2026-10-04 17:52:19.815 UTC [133] DETAIL:  Failing row contains (01a1080b-9766-71f7-adcc-2e380155ea13, 01a1080b-9762-71f9-8958-57985d74e574, aca demy, progress, null, 2026-10-04 17:52:19.814+00, 2026-10-04 17:52:19.814+00).
2026-10-04T17:54:50.4839888Z  2026-10-04 17:52:19.815 UTC [133] STATEMENT:  insert into "user_app_data" ("id", "user_id", "namespace", "key", "value", "created_at", "updated_at") values ($1, $2, $3, $4, default, default, default)
2026-10-04T17:54:50.4840893Z  2026-10-04 17:52:19.816 UTC [133] ERROR:  new row for relation "user_app_data" violates check constraint "user_app_data_namespace_check"
2026-10-04T17:54:50.4842014Z  2026-10-04 17:52:19.816 UTC [133] DETAIL:  Failing row contains (01a1080b-9767-75d2-937c-78f5d09852e9, 01a1080b-9762-71f9-8958-57985d74e574, aca.demy, progress, null, 2026-10-04 17:52:19.816+00, 2026-10-04 17:52:19.816+00).
2026-10-04T17:54:50.4843284Z  2026-10-04 17:52:19.816 UTC [133] STATEMENT:  insert into "user_app_data" ("id", "user_id", "namespace", "key", "value", "created_at", "updated_at") values ($1, $2, $3, $4, default, default, default)
2026-10-04T17:54:50.4844289Z  2026-10-04 17:52:19.817 UTC [133] ERROR:  new row for relation "user_app_data" violates check constraint "user_app_data_namespace_check"
2026-10-04T17:54:50.4845666Z  2026-10-04 17:52:19.817 UTC [133] DETAIL:  Failing row contains (01a1080b-9768-7861-b53b-9944a5820313, 01a1080b-9762-71f9-8958-57985d74e574, , progress, null, 2026-10-04 17:52:19.817+00, 2026-10-04 17:52:19.817+00).
2026-10-04T17:54:50.4846925Z  2026-10-04 17:52:19.817 UTC [133] STATEMENT:  insert into "user_app_data" ("id", "user_id", "namespace", "key", "value", "created_at", "updated_at") values ($1, $2, $3, $4, default, default, default)
2026-10-04T17:54:50.4847948Z  2026-10-04 17:52:19.818 UTC [133] ERROR:  new row for relation "user_app_data" violates check constraint "user_app_data_namespace_check"
2026-10-04T17:54:50.4849339Z  2026-10-04 17:52:19.818 UTC [133] DETAIL:  Failing row contains (01a1080b-976a-7f15-84e0-650a12166108, 01a1080b-9762-71f9-8958-57985d74e574, aaaaaaaaaaaaaaaaaaaaaaaaaaaaaaaaaaaaaaaaaaaaaaaaaaaaaaaaaaaaaaaa..., progress, null, 2026-10-04 17:52:19.818+00, 2026-10-04 17:52:19.818+00).
2026-10-04T17:54:50.4850920Z  2026-10-04 17:52:19.818 UTC [133] STATEMENT:  insert into "user_app_data" ("id", "user_id", "namespace", "key", "value", "created_at", "updated_at") values ($1, $2, $3, $4, default, default, default)
2026-10-04T17:54:50.4852187Z  2026-10-04 17:52:19.820 UTC [133] ERROR:  new row for relation "user_app_data" violates check constraint "user_app_data_key_check"
2026-10-04T17:54:50.4853376Z  2026-10-04 17:52:19.820 UTC [133] DETAIL:  Failing row contains (01a1080b-976b-7190-9620-75fa3c2fdef7, 01a1080b-9762-71f9-8958-57985d74e574, academy, Progress, null, 2026-10-04 17:52:19.819+00, 2026-10-04 17:52:19.819+00).
2026-10-04T17:54:50.4871251Z  2026-10-04 17:52:19.820 UTC [133] STATEMENT:  insert into "user_app_data" ("id", "user_id", "namespace", "key", "value", "created_at", "updated_at") values ($1, $2, $3, $4, default, default, default)
2026-10-04T17:54:50.4872326Z  2026-10-04 17:52:19.821 UTC [133] ERROR:  new row for relation "user_app_data" violates check constraint "user_app_data_key_check"
2026-10-04T17:54:50.4873457Z  2026-10-04 17:52:19.821 UTC [133] DETAIL:  Failing row contains (01a1080b-976c-7f80-9e92-823f6080915d, 01a1080b-9762-71f9-8958-57985d74e574, academy, pro gress, null, 2026-10-04 17:52:19.82+00, 2026-10-04 17:52:19.82+00).
2026-10-04T17:54:50.4874756Z  2026-10-04 17:52:19.821 UTC [133] STATEMENT:  insert into "user_app_data" ("id", "user_id", "namespace", "key", "value", "created_at", "updated_at") values ($1, $2, $3, $4, default, default, default)
2026-10-04T17:54:50.4876178Z  2026-10-04 17:52:19.822 UTC [133] ERROR:  new row for relation "user_app_data" violates check constraint "user_app_data_key_check"
2026-10-04T17:54:50.4877291Z  2026-10-04 17:52:19.822 UTC [133] DETAIL:  Failing row contains (01a1080b-976d-720e-9cf8-26347e5704f3, 01a1080b-9762-71f9-8958-57985d74e574, academy, pro/gress, null, 2026-10-04 17:52:19.822+00, 2026-10-04 17:52:19.822+00).
2026-10-04T17:54:50.4878564Z  2026-10-04 17:52:19.822 UTC [133] STATEMENT:  insert into "user_app_data" ("id", "user_id", "namespace", "key", "value", "created_at", "updated_at") values ($1, $2, $3, $4, default, default, default)
2026-10-04T17:54:50.4879545Z  2026-10-04 17:52:19.823 UTC [133] ERROR:  new row for relation "user_app_data" violates check constraint "user_app_data_key_check"
2026-10-04T17:54:50.4880613Z  2026-10-04 17:52:19.823 UTC [133] DETAIL:  Failing row contains (01a1080b-976f-7481-bf99-002ef5f440f7, 01a1080b-9762-71f9-8958-57985d74e574, academy, , null, 2026-10-04 17:52:19.823+00, 2026-10-04 17:52:19.823+00).
2026-10-04T17:54:50.4881888Z  2026-10-04 17:52:19.823 UTC [133] STATEMENT:  insert into "user_app_data" ("id", "user_id", "namespace", "key", "value", "created_at", "updated_at") values ($1, $2, $3, $4, default, default, default)
2026-10-04T17:54:50.4882890Z  2026-10-04 17:52:19.837 UTC [133] ERROR:  duplicate key value violates unique constraint "user_app_data_user_id_namespace_key_key"
2026-10-04T17:54:50.4883802Z  2026-10-04 17:52:19.837 UTC [133] DETAIL:  Key (user_id, namespace, key)=(01a1080b-9779-7c20-aae0-d88674a14bfb, academy, progress) already exists.
2026-10-04T17:54:50.4884834Z  2026-10-04 17:52:19.837 UTC [133] STATEMENT:  insert into "user_app_data" ("id", "user_id", "namespace", "key", "value", "created_at", "updated_at") values ($1, $2, $3, $4, $5, default, default)
2026-10-04T17:54:50.4886164Z  2026-10-04 17:52:19.843 UTC [133] ERROR:  duplicate key value violates unique constraint "moderation_policy_severity_rules_policy_id_severity_key"
2026-10-04T17:54:50.4887033Z  2026-10-04 17:52:19.843 UTC [133] DETAIL:  Key (policy_id, severity)=(01a1080b-977f-77bf-a293-026293fd7d7d, high) already exists.
2026-10-04T17:54:50.4888057Z  2026-10-04 17:52:19.843 UTC [133] STATEMENT:  insert into "moderation_policy_severity_rules" ("id", "policy_id", "severity", "points", "risk_points", "risk_expiry_days") values ($1, $2, $3, $4, $5, default)
2026-10-04T17:54:50.4889254Z  2026-10-04 17:52:19.850 UTC [133] ERROR:  new row for relation "moderation_policy_severity_rules" violates check constraint "moderation_policy_severity_rules_risk_expiry_days_check"
2026-10-04T17:54:50.4890371Z  2026-10-04 17:52:19.850 UTC [133] DETAIL:  Failing row contains (01a1080b-9789-749c-830e-30b6b6bb4a8e, 01a1080b-9786-7966-b809-83b104c5fc55, medium, -10, 5, 0).
2026-10-04T17:54:50.4891635Z  2026-10-04 17:52:19.850 UTC [133] STATEMENT:  insert into "moderation_policy_severity_rules" ("id", "policy_id", "severity", "points", "risk_points", "risk_expiry_days") values ($1, $2, $3, $4, $5, $6)
2026-10-04T17:54:50.4892743Z  2026-10-04 17:52:19.853 UTC [133] ERROR:  duplicate key value violates unique constraint "moderation_policy_standing_thresholds_policy_id_standing_key"
2026-10-04T17:54:50.4893621Z  2026-10-04 17:52:19.853 UTC [133] DETAIL:  Key (policy_id, standing)=(01a1080b-978a-7a08-b772-175f5fc39177, watch) already exists.
2026-10-04T17:54:50.4894629Z  2026-10-04 17:52:19.853 UTC [133] STATEMENT:  insert into "moderation_policy_standing_thresholds" ("id", "policy_id", "standing", "min_risk") values ($1, $2, $3, $4)
2026-10-04T17:54:50.4895874Z  2026-10-04 17:52:19.870 UTC [133] ERROR:  duplicate key value violates unique constraint "conduct_strikes_incident_id_user_id_effect_type_revision_key"
2026-10-04T17:54:50.4897048Z  2026-10-04 17:52:19.870 UTC [133] DETAIL:  Key (incident_id, user_id, effect_type, decision_revision)=(inc-f42ea6c0480a4260a35c09694132369f, 01a1080b-9797-764c-a799-ad0779a4b007, conduct_penalty, 1) already exists.
2026-10-04T17:54:50.4898972Z  2026-10-04 17:52:19.870 UTC [133] STATEMENT:  insert into "conduct_strikes" ("id", "user_id", "incident_id", "decision_id", "decision_revision", "application_id", "effect_type", "severity", "risk_points", "family", "status", "expires_at", "policy_version", "transaction_id", "resolved_at", "created_at", "updated_at") values ($1, $2, $3, $4, $5, default, $6, $7, $8, $9, default, default, $10, $11, default, default, default)
2026-10-04T17:54:50.4900789Z  2026-10-04 17:52:19.881 UTC [133] ERROR:  update or delete on table "moderation_policies" violates foreign key constraint "conduct_strikes_policy_version_fk" on table "conduct_strikes"
2026-10-04T17:54:50.4901895Z  2026-10-04 17:52:19.881 UTC [133] DETAIL:  Key (policy_version)=(oxy.test.32a2cb8050c64ea4a10bc27bfb8ce41c) is still referenced from table "conduct_strikes".
2026-10-04T17:54:50.4902801Z  2026-10-04 17:52:19.881 UTC [133] STATEMENT:  delete from "moderation_policies" where "moderation_policies"."policy_version" = $1
2026-10-04T17:54:50.4903690Z  2026-10-04 17:52:19.897 UTC [133] ERROR:  insert or update on table "conduct_strikes" violates foreign key constraint "conduct_strikes_policy_version_fk"
2026-10-04T17:54:50.4904664Z  2026-10-04 17:52:19.897 UTC [133] DETAIL:  Key (policy_version)=(oxy.absent.08d1511c582348c5ae8af95285953d61) is not present in table "moderation_policies".
2026-10-04T17:54:50.4906631Z  2026-10-04 17:52:19.897 UTC [133] STATEMENT:  insert into "conduct_strikes" ("id", "user_id", "incident_id", "decision_id", "decision_revision", "application_id", "effect_type", "severity", "risk_points", "family", "status", "expires_at", "policy_version", "transaction_id", "resolved_at", "created_at", "updated_at") values ($1, $2, $3, $4, $5, default, $6, $7, $8, $9, default, default, $10, $11, default, default, default)
2026-10-04T17:54:50.4908352Z  2026-10-04 17:52:19.905 UTC [133] ERROR:  new row for relation "conduct_strikes" violates check constraint "conduct_strikes_resolution_complete_check"
2026-10-04T17:54:50.4910571Z  2026-10-04 17:52:19.905 UTC [133] DETAIL:  Failing row contains (01a1080b-97bf-716f-a8e4-407bb60d0b3b, 01a1080b-97bb-7864-9fe6-5eec81ac533a, inc-c588a918796b432d8d3fcd5bafb509bc, dec-f522c1622bd841e1a7a882d391736d40, 1, null, conduct_penalty, high, 10, spam, expired, null, oxy.test.4210ae17d6e64ec58e7f95d58c6ea1bb, 01a1080b-97bd-7a55-84f2-e6256f06846f, null, 2026-10-04 17:52:19.903+00, 2026-10-04 17:52:19.904+00).
2026-10-04T17:54:50.4912528Z  2026-10-04 17:52:19.905 UTC [133] STATEMENT:  update "conduct_strikes" set "status" = $1, "updated_at" = $2 where "conduct_strikes"."id" = $3
2026-10-04T17:54:50.4913426Z  2026-10-04 17:52:19.907 UTC [133] ERROR:  new row for relation "conduct_strikes" violates check constraint "conduct_strikes_resolution_complete_check"
2026-10-04T17:54:50.4915686Z  2026-10-04 17:52:19.907 UTC [133] DETAIL:  Failing row contains (01a1080b-97bf-716f-a8e4-407bb60d0b3b, 01a1080b-97bb-7864-9fe6-5eec81ac533a, inc-c588a918796b432d8d3fcd5bafb509bc, dec-f522c1622bd841e1a7a882d391736d40, 1, null, conduct_penalty, high, 10, spam, active, null, oxy.test.4210ae17d6e64ec58e7f95d58c6ea1bb, 01a1080b-97bd-7a55-84f2-e6256f06846f, 2026-10-04 17:52:19.906+00, 2026-10-04 17:52:19.903+00, 2026-10-04 17:52:19.906+00).
2026-10-04T17:54:50.4917549Z  2026-10-04 17:52:19.907 UTC [133] STATEMENT:  update "conduct_strikes" set "resolved_at" = $1, "updated_at" = $2 where "conduct_strikes"."id" = $3
2026-10-04T17:54:50.4918495Z  2026-10-04 17:52:19.928 UTC [133] ERROR:  duplicate key value violates unique constraint "moderation_effects_event_id_key"
2026-10-04T17:54:50.4919301Z  2026-10-04 17:52:19.928 UTC [133] DETAIL:  Key (event_id)=(evt-080a6e19b7784cf084a5d26a7f9b9c5e) already exists.
2026-10-04T17:54:50.4921952Z  2026-10-04 17:52:19.928 UTC [133] STATEMENT:  insert into "moderation_effects" ("id", "event_id", "incident_id", "case_id", "decision_id", "decision_revision", "principal_id", "binding_id", "application_id", "credential_id", "effect_type", "status", "points", "active_risk", "severity", "family", "repetition_multiplier", "multi_finding_multiplier", "idempotency_key", "transaction_id", "strike_id", "reversal_transaction_id", "policy_version_universal", "policy_version_application", "policy_version_oxy_conduct", "proof_hash", "applied_at", "reversed_at", "reversal_reason", "created_at", "updated_at") values ($1, $2, $3, $4, $5, $6, $7, $8, $9, default, $10, default, $11, $12, $13, $14, $15, $16, $17, $18, $19, default, $20, $21, $22, $23, default, default, default, default, default)
2026-10-04T17:54:50.4924715Z  2026-10-04 17:52:19.930 UTC [133] ERROR:  duplicate key value violates unique constraint "moderation_effects_incident_principal_type_revision_key"
2026-10-04T17:54:50.4926223Z  2026-10-04 17:52:19.930 UTC [133] DETAIL:  Key (incident_id, principal_id, effect_type, decision_revision)=(inc-66d3c668a2354ee2b873952842f3bbd9, 01a1080b-97c6-7881-99ef-1729b19dff35, conduct_penalty, 1) already exists.
2026-10-04T17:54:50.4929225Z  2026-10-04 17:52:19.930 UTC [133] STATEMENT:  insert into "moderation_effects" ("id", "event_id", "incident_id", "case_id", "decision_id", "decision_revision", "principal_id", "binding_id", "application_id", "credential_id", "effect_type", "status", "points", "active_risk", "severity", "family", "repetition_multiplier", "multi_finding_multiplier", "idempotency_key", "transaction_id", "strike_id", "reversal_transaction_id", "policy_version_universal", "policy_version_application", "policy_version_oxy_conduct", "proof_hash", "applied_at", "reversed_at", "reversal_reason", "created_at", "updated_at") values ($1, $2, $3, $4, $5, $6, $7, $8, $9, default, $10, default, $11, $12, $13, $14, $15, $16, $17, $18, $19, default, $20, $21, $22, $23, default, default, default, default, default)
2026-10-04T17:54:50.4932020Z  2026-10-04 17:52:19.950 UTC [133] ERROR:  new row for relation "moderation_effects" violates check constraint "moderation_effects_reversal_complete_check"
2026-10-04T17:54:50.4934911Z  2026-10-04 17:52:19.950 UTC [133] DETAIL:  Failing row contains (01a1080b-97ec-7abb-ba96-9e3a8fbdc359, evt-9deb3b24b0db4600893ea7823f30a54a, inc-a127c684e2b547a097c5fb6ea45e10ec, case-9c64b01a13dc4a8bb1a49df9cf3a7ad1, dec-a2cef69cff8241f69f0e986418a319a3, 1, 01a1080b-97de-76db-91c0-0e92ebbe52da, 01a1080b-97e7-7f06-a606-3d95e16a679b, 01a1080b-97ea-7888-9ba8-1d39c3b710d4, null, conduct_penalty, reversed, -20, 10, high, spam, 1, 1, idem-5b7018f9380a4c18abdfed12986dbc4e, 01a1080b-97e1-7aa2-aa91-312b79e2e91e, null, null, universal.1, app.1, oxy.test.1777f13bea93474d9105970b4d65a907, e42b7e30017c4eecac532739e76e2f57, 2026-10-04 17:52:19.949032+00, null, null, 2026-10-04 17:52:19.949+00, 2026-10-04 17:52:19.95+00).
2026-10-04T17:54:50.4938034Z  2026-10-04 17:52:19.950 UTC [133] STATEMENT:  update "moderation_effects" set "status" = $1, "updated_at" = $2 where "moderation_effects"."id" = $3
2026-10-04T17:54:50.4939055Z  2026-10-04 17:52:19.956 UTC [133] ERROR:  duplicate key value violates unique constraint "reporter_reputation_profiles_user_id_key"
2026-10-04T17:54:50.4939805Z  2026-10-04 17:52:19.956 UTC [133] DETAIL:  Key (user_id)=(01a1080b-97f0-7873-892a-db57658cca84) already exists.
2026-10-04T17:54:50.4941487Z  2026-10-04 17:52:19.956 UTC [133] STATEMENT:  insert into "reporter_reputation_profiles" ("id", "user_id", "confirmed", "rejected", "duplicate", "malicious", "confirmed_by_family", "rejected_by_family", "reliability", "confidence", "last_outcome_at", "created_at", "updated_at") values ($1, $2, default, default, default, default, default, default, default, default, default, default, default)
2026-10-04T17:54:50.4943290Z  2026-10-04 17:52:19.967 UTC [133] ERROR:  new row for relation "reporter_reputation_profiles" violates check constraint "reporter_reputation_profiles_confirmed_by_family_object_check"
2026-10-04T17:54:50.4944579Z  2026-10-04 17:52:19.967 UTC [133] DETAIL:  Failing row contains (20db877ff28142c899945bff69bd35bb, 01a1080b-97fc-7996-959d-1beba3c7c2d0, 0, 0, 0, 0, "spam", {}, 0.5, 0, null, 2026-10-04 17:52:19.966+00, 2026-10-04 17:52:19.966+00).
2026-10-04T17:54:50.4945683Z  2026-10-04 17:52:19.967 UTC [133] STATEMENT:  
2026-10-04T17:54:50.4946119Z  	        insert into reporter_reputation_profiles (id, user_id, confirmed_by_family)
2026-10-04T17:54:50.4946541Z  	        values ($1, $2, '"spam"'::jsonb)
2026-10-04T17:54:50.4946813Z  	      
2026-10-04T17:54:50.4947294Z  2026-10-04 17:52:19.972 UTC [133] ERROR:  duplicate key value violates unique constraint "reviewer_reputation_profiles_user_id_key"
2026-10-04T17:54:50.4948047Z  2026-10-04 17:52:19.972 UTC [133] DETAIL:  Key (user_id)=(01a1080b-9800-7b94-b1ea-ae109fb4f653) already exists.
2026-10-04T17:54:50.4949942Z  2026-10-04 17:52:19.972 UTC [133] STATEMENT:  insert into "reviewer_reputation_profiles" ("id", "user_id", "status", "agreements", "disagreements", "gold_passed", "gold_failed", "overturned", "global_reliability", "category_reliability", "language_reliability", "unlocked_categories", "languages", "seed_weight", "suspended_at", "created_at", "updated_at") values ($1, $2, default, default, default, default, default, default, default, default, default, default, default, default, default, default, default)
2026-10-04T17:54:50.4952042Z  2026-10-04 17:52:19.976 UTC [133] ERROR:  new row for relation "reviewer_reputation_profiles" violates check constraint "reviewer_reputation_profiles_status_check"
2026-10-04T17:54:50.4953276Z  2026-10-04 17:52:19.976 UTC [133] DETAIL:  Failing row contains (9ddd372332ae4894a48709986787bdea, 01a1080b-9805-78f3-a37b-ddbca247962a, banned, 0, 0, 0, 0, 0, 0.5, {}, {}, {}, {}, 0, null, 2026-10-04 17:52:19.976+00, 2026-10-04 17:52:19.976+00).
2026-10-04T17:54:50.4954140Z  2026-10-04 17:52:19.976 UTC [133] STATEMENT:  
2026-10-04T17:54:50.4954524Z  	        insert into reviewer_reputation_profiles (id, user_id, status)
2026-10-04T17:54:50.4954898Z  	        values ($1, $2, 'banned')
2026-10-04T17:54:50.4955153Z  	      
2026-10-04T17:54:50.4955826Z  2026-10-04 17:52:19.984 UTC [133] ERROR:  duplicate key value violates unique constraint "user_analytics_user_id_period_date_key"
2026-10-04T17:54:50.4956726Z  2026-10-04 17:52:19.984 UTC [133] DETAIL:  Key (user_id, period, date)=(01a1080b-980b-78aa-8286-2423735ce290, daily, 2026-07-01 00:00:00+00) already exists.
2026-10-04T17:54:50.4959001Z  2026-10-04 17:52:19.984 UTC [133] STATEMENT:  insert into "user_analytics" ("id", "user_id", "period", "date", "post_views", "profile_views", "engagement_likes", "engagement_replies", "engagement_reposts", "engagement_quotes", "engagement_bookmarks", "reach_impressions", "reach_unique_viewers", "demographics_countries", "demographics_languages", "peak_activity_hour", "peak_activity_count", "created_at", "updated_at") values ($1, $2, $3, $4, default, default, default, default, default, default, default, default, default, default, default, default, default, default, default)
2026-10-04T17:54:50.4961392Z  2026-10-04 17:52:19.993 UTC [133] ERROR:  new row for relation "user_analytics" violates check constraint "user_analytics_peak_activity_hour_check"
2026-10-04T17:54:50.4962626Z  2026-10-04 17:52:19.993 UTC [133] DETAIL:  Failing row contains (01a1080b-9818-7cfc-8101-c20c7a4dfc69, 01a1080b-9816-7885-9d1c-1dbe0ea894de, daily, 2026-07-02 00:00:00+00, 0, 0, 0, 0, 0, 0, 0, 0, 0, {}, {}, 24, 0, 2026-10-04 17:52:19.993+00, 2026-10-04 17:52:19.993+00).
2026-10-04T17:54:50.4965562Z  2026-10-04 17:52:19.993 UTC [133] STATEMENT:  insert into "user_analytics" ("id", "user_id", "period", "date", "post_views", "profile_views", "engagement_likes", "engagement_replies", "engagement_reposts", "engagement_quotes", "engagement_bookmarks", "reach_impressions", "reach_unique_viewers", "demographics_countries", "demographics_languages", "peak_activity_hour", "peak_activity_count", "created_at", "updated_at") values ($1, $2, $3, $4, default, default, default, default, default, default, default, default, default, default, default, $5, default, default, default)
2026-10-04T17:54:50.4967968Z  2026-10-04 17:52:39.863 UTC [161] ERROR:  new row for relation "inference_deployments" violates check constraint "inference_deployments_approval_requires_legal_review"
2026-10-04T17:54:50.4969974Z  2026-10-04 17:52:39.863 UTC [161] DETAIL:  Failing row contains (01a1080b-e5b4-7078-b7e8-8afc4081e0be, 01a1080b-e5af-70aa-9993-7b69ba683750, prv0e1cda640f, {us-west-2}, f, 0, f, t, null, null, public_payg, public_resale_approved, approved, null, null, null, not_started, null, null, null, active, f, 01a1080b-e5b1-77b1-bd2a-d6e1de8caa16, dep_proposed_6dde1b7a59, null, null, null, null, 2026-10-04 17:52:39.861+00, 2026-10-04 17:52:39.862+00, null, null, null, null).
2026-10-04T17:54:50.4971924Z  2026-10-04 17:52:39.863 UTC [161] STATEMENT:  update "inference_deployments" set "permission_state" = $1, "updated_at" = $2 where "inference_deployments"."id" = $3
2026-10-04T17:54:50.4972896Z  2026-10-04 17:52:40.057 UTC [161] ERROR:  duplicate key value violates unique constraint "inference_deployments_approved_internal_route_id_key"
2026-10-04T17:54:50.4973688Z  2026-10-04 17:52:40.057 UTC [161] DETAIL:  Key (internal_route_id)=(dep_proposed_48774f866d) already exists.
2026-10-04T17:54:50.4974524Z  2026-10-04 17:52:40.057 UTC [161] STATEMENT:  update "inference_deployments" set "permission_state" = $1, "updated_at" = $2 where "inference_deployments"."id" = $3
2026-10-04T17:54:50.4975706Z  2026-10-04 17:52:40.103 UTC [162] ERROR:  duplicate key value violates unique constraint "inference_deployments_approved_internal_route_id_key"
2026-10-04T17:54:50.4976491Z  2026-10-04 17:52:40.103 UTC [162] DETAIL:  Key (internal_route_id)=(dep_proposed_885453144a) already exists.
2026-10-04T17:54:50.4977987Z  2026-10-04 17:52:40.103 UTC [162] STATEMENT:  update "inference_deployments" set "permission_state" = $1, "permission_state_changed_at" = $2, "permission_state_changed_by_user_id" = $3, "permission_state_note" = $4, "updated_at" = $5 where ("inference_deployments"."id" = $6 and "inference_deployments"."permission_state" = $7) returning "id", "permission_state", "legal_review_status"
2026-10-04T17:54:50.4979636Z  2026-10-04 17:52:40.133 UTC [162] ERROR:  null value in column "id" of relation "inference_deployment_routing_score_events" violates not-null constraint
2026-10-04T17:54:50.4982116Z  2026-10-04 17:52:40.133 UTC [162] DETAIL:  Failing row contains (null, dep_proposed_98cc55194b, 90, provider_contract, scorecard/price, 01a1080b-e6b8-7917-8573-add1d1f9f83f, 80, kaana_measurement, scorecard/latency, 2026-10-04 16:52:40.124+00, 2026-10-04 17:22:40.124+00, 2026-10-05 17:52:40.124+00, 70, kaana_measurement, scorecard/throughput, 2026-10-04 16:52:40.124+00, 2026-10-04 17:22:40.124+00, 2026-10-05 17:52:40.124+00, 80, reviewed_scorecard, scorecard/balanced, scorecard/formula-v1, 2026-10-05 17:52:40.124+00, Reviewed routing evidence, 01a1080b-e6af-790d-9c94-7a509cc5f1fe, 2026-10-04 17:52:40.132+00, null, null, null, null, null, null, null).
2026-10-04T17:54:50.4984397Z  2026-10-04 17:52:40.133 UTC [162] STATEMENT:  
2026-10-04T17:54:50.4984783Z  	        insert into inference_deployment_routing_score_events (
2026-10-04T17:54:50.4985130Z  	          deployment_id,
2026-10-04T17:54:50.4985751Z  	          price_score, price_source, price_evidence_ref, price_version_id,
2026-10-04T17:54:50.4986203Z  	          latency_score, latency_source, latency_evidence_ref,
2026-10-04T17:54:50.4986704Z  	          latency_measurement_window_start, latency_measurement_window_end, latency_valid_until,
2026-10-04T17:54:50.4987249Z  	          throughput_score, throughput_source, throughput_evidence_ref,
2026-10-04T17:54:50.4987863Z  	          throughput_measurement_window_start, throughput_measurement_window_end,
2026-10-04T17:54:50.4988286Z  	          throughput_valid_until,
2026-10-04T17:54:50.4988685Z  	          balanced_score, balanced_source, balanced_evidence_ref, balanced_formula_ref,
2026-10-04T17:54:50.4989164Z  	          balanced_valid_until, reason, changed_by_user_id
2026-10-04T17:54:50.4989472Z  	        )
2026-10-04T17:54:50.4989667Z  	        select
2026-10-04T17:54:50.4989878Z  	          deployment_id,
2026-10-04T17:54:50.4990216Z  	          price_score, price_source, price_evidence_ref, price_version_id,
2026-10-04T17:54:50.4990647Z  	          latency_score, latency_source, latency_evidence_ref,
2026-10-04T17:54:50.4991142Z  	          latency_measurement_window_start, latency_measurement_window_end, latency_valid_until,
2026-10-04T17:54:50.4991687Z  	          throughput_score, throughput_source, throughput_evidence_ref,
2026-10-04T17:54:50.4992176Z  	          throughput_measurement_window_start, throughput_measurement_window_end,
2026-10-04T17:54:50.4992587Z  	          throughput_valid_until,
2026-10-04T17:54:50.4992978Z  	          balanced_score, balanced_source, balanced_evidence_ref, balanced_formula_ref,
2026-10-04T17:54:50.4993440Z  	          balanced_valid_until, reason, changed_by_user_id
2026-10-04T17:54:50.4993793Z  	        from inference_deployment_routing_scores
2026-10-04T17:54:50.4994106Z  	        where deployment_id = $1
2026-10-04T17:54:50.4994358Z  	      
2026-10-04T17:54:50.4994958Z  2026-10-04 17:52:40.167 UTC [161] ERROR:  inference_deployment_routing_score_events is append-only: a routing score change is recorded by a new event, never by update
2026-10-04T17:54:50.4996099Z  2026-10-04 17:52:40.167 UTC [161] CONTEXT:  PL/pgSQL function inference_routing_score_event_immutable() line 3 at RAISE
2026-10-04T17:54:50.4997043Z  2026-10-04 17:52:40.167 UTC [161] STATEMENT:  update "inference_deployment_routing_score_events" set "reason" = $1 where "inference_deployment_routing_score_events"."id" = $2
2026-10-04T17:54:50.4997999Z  2026-10-04 17:52:42.610 UTC [173] ERROR:  new row for relation "applications" violates check constraint "applications_type_check"
2026-10-04T17:54:50.4999321Z  2026-10-04 17:52:42.610 UTC [173] DETAIL:  Failing row contains (2f234f7f-26ac-4e5b-a4cd-4299506c690d, Bad type, null, null, null, null, null, partner, active, f, f, {}, {}, {}, null, null, null, 01a1080b-f06f-7c5b-9eb2-5b7e107cd5ef, null, null, 2026-10-04 17:52:42.61+00, 2026-10-04 17:52:42.61+00, {}).
2026-10-04T17:54:50.5000397Z  2026-10-04 17:52:42.610 UTC [173] STATEMENT:  
2026-10-04T17:54:50.5000774Z  	        insert into applications (id, name, owner_account_id, type)
2026-10-04T17:54:50.5001153Z  	        values ($1, 'Bad type', $2, 'partner')
2026-10-04T17:54:50.5001441Z  	      
2026-10-04T17:54:50.5001939Z  2026-10-04 17:52:42.612 UTC [173] ERROR:  new row for relation "applications" violates check constraint "applications_status_check"
2026-10-04T17:54:50.5003309Z  2026-10-04 17:52:42.612 UTC [173] DETAIL:  Failing row contains (212b89e7-bc6d-4b9d-8dae-75c33f8c1a40, Bad status, null, null, null, null, null, third_party, archived, f, f, {}, {}, {}, null, null, null, 01a1080b-f06f-7c5b-9eb2-5b7e107cd5ef, null, null, 2026-10-04 17:52:42.611+00, 2026-10-04 17:52:42.611+00, {}).
2026-10-04T17:54:50.5004541Z  2026-10-04 17:52:42.612 UTC [173] STATEMENT:  
2026-10-04T17:54:50.5004914Z  	        insert into applications (id, name, owner_account_id, status)
2026-10-04T17:54:50.5005569Z  	        values ($1, 'Bad status', $2, 'archived')
2026-10-04T17:54:50.5005868Z  	      
2026-10-04T17:54:50.5006346Z  2026-10-04 17:52:42.618 UTC [173] ERROR:  new row for relation "applications" violates check constraint "applications_scopes_check"
2026-10-04T17:54:50.5007903Z  2026-10-04 17:52:42.618 UTC [173] DETAIL:  Failing row contains (01a1080b-f079-701d-813b-d3606b8db1a3, Bad scope, null, null, null, null, null, third_party, active, f, f, {}, {}, {files:read,admin:everything}, null, null, null, 01a1080b-f075-7ed8-97e2-e47712614aa2, null, null, 2026-10-04 17:52:42.618+00, 2026-10-04 17:52:42.618+00, {}).
2026-10-04T17:54:50.5010795Z  2026-10-04 17:52:42.618 UTC [173] STATEMENT:  insert into "applications" ("id", "name", "description", "website_url", "privacy_policy_url", "terms_url", "icon", "type", "status", "is_official", "is_internal", "capabilities", "redirect_uris", "scopes", "chain_namespaces", "webhook_url", "webhook_secret", "dev_webhook_url", "owner_account_id", "created_by_user_id", "last_used_at", "created_at", "updated_at") values ($1, $2, default, default, default, default, default, default, default, default, default, default, default, $3, default, default, default, default, $4, default, default, default, default)
2026-10-04T17:54:50.5013050Z  2026-10-04 17:52:42.624 UTC [173] ERROR:  new row for relation "applications" violates check constraint "applications_scopes_check"
2026-10-04T17:54:50.5014467Z  2026-10-04 17:52:42.624 UTC [173] DETAIL:  Failing row contains (2e8b1e37-969b-46fb-825d-7218467d2ba3, Retired scope, null, null, null, null, null, third_party, active, f, f, {}, {}, {chat:completions}, null, null, null, 01a1080b-f07c-7e6c-a295-6177e5489673, null, null, 2026-10-04 17:52:42.623+00, 2026-10-04 17:52:42.623+00, {}).
2026-10-04T17:54:50.5015847Z  2026-10-04 17:52:42.624 UTC [173] STATEMENT:  
2026-10-04T17:54:50.5016226Z  	          insert into applications (id, name, owner_account_id, scopes)
2026-10-04T17:54:50.5016609Z  	          values ($1, 'Retired scope', $2,
2026-10-04T17:54:50.5016893Z  	                  array[$3]::text[])
2026-10-04T17:54:50.5017153Z  	        
2026-10-04T17:54:50.5017617Z  2026-10-04 17:52:42.627 UTC [173] ERROR:  new row for relation "applications" violates check constraint "applications_scopes_check"
2026-10-04T17:54:50.5019015Z  2026-10-04 17:52:42.627 UTC [173] DETAIL:  Failing row contains (dd98306c-252a-494b-a614-c186bee4f697, Retired scope, null, null, null, null, null, third_party, active, f, f, {}, {}, {models:read}, null, null, null, 01a1080b-f07c-7e6c-a295-6177e5489673, null, null, 2026-10-04 17:52:42.627+00, 2026-10-04 17:52:42.627+00, {}).
2026-10-04T17:54:50.5020162Z  2026-10-04 17:52:42.627 UTC [173] STATEMENT:  
2026-10-04T17:54:50.5020534Z  	          insert into applications (id, name, owner_account_id, scopes)
2026-10-04T17:54:50.5020910Z  	          values ($1, 'Retired scope', $2,
2026-10-04T17:54:50.5021191Z  	                  array[$3]::text[])
2026-10-04T17:54:50.5021437Z  	        
2026-10-04T17:54:50.5021998Z  2026-10-04 17:52:42.736 UTC [173] ERROR:  insert or update on table "applications" violates foreign key constraint "applications_owner_account_id_users_id_fk"
2026-10-04T17:54:50.5022971Z  2026-10-04 17:52:42.736 UTC [173] DETAIL:  Key (owner_account_id)=(missing-76d15aa2-a082-4c86-ae37-dc8395a822d8) is not present in table "users".
2026-10-04T17:54:50.5025527Z  2026-10-04 17:52:42.736 UTC [173] STATEMENT:  insert into "applications" ("id", "name", "description", "website_url", "privacy_policy_url", "terms_url", "icon", "type", "status", "is_official", "is_internal", "capabilities", "redirect_uris", "scopes", "chain_namespaces", "webhook_url", "webhook_secret", "dev_webhook_url", "owner_account_id", "created_by_user_id", "last_used_at", "created_at", "updated_at") values ($1, $2, default, default, default, default, default, default, default, default, default, default, default, default, default, default, default, default, $3, default, default, default, default)
2026-10-04T17:54:50.5028054Z  2026-10-04 17:52:42.745 UTC [175] ERROR:  new row for relation "application_credentials" violates check constraint "application_credentials_scopes_check"
2026-10-04T17:54:50.5029675Z  2026-10-04 17:52:42.745 UTC [175] DETAIL:  Failing row contains (eacc698e-3c82-4dde-9872-69b6f9ea1379, 01a1080b-f0f5-7cd3-8e9a-831722e155f6, Retired, oxy_dk_9937d0f7-fb18-4035-93a8-9bb56145611d, null, confidential, production, {chat:completions}, active, null, null, null, null, 2026-10-04 17:52:42.744+00, 2026-10-04 17:52:42.744+00, null, null, null).
2026-10-04T17:54:50.5031050Z  2026-10-04 17:52:42.745 UTC [175] STATEMENT:  
2026-10-04T17:54:50.5031370Z  	        insert into application_credentials
2026-10-04T17:54:50.5031745Z  	          (id, application_id, name, public_key, type, environment, scopes)
2026-10-04T17:54:50.5032130Z  	        values ($1, $2, 'Retired', $3,
2026-10-04T17:54:50.5032497Z  	                'confidential', 'production', array['chat:completions']::text[])
2026-10-04T17:54:50.5032863Z  	      
2026-10-04T17:54:50.5033459Z  2026-10-04 17:52:42.767 UTC [174] ERROR:  new row for relation "application_credentials" violates check constraint "application_credentials_rotated_from_not_self_check"
2026-10-04T17:54:50.5035152Z  2026-10-04 17:52:42.767 UTC [174] DETAIL:  Failing row contains (d59b5bba-c8ae-4a01-9fe8-002fb8d9dc1f, 01a1080b-f10d-7a8f-9d78-f95a962bd50c, Self, b4a3bee5-d25b-433e-a755-e906bff9b175, null, service, production, {}, active, null, null, d59b5bba-c8ae-4a01-9fe8-002fb8d9dc1f, null, 2026-10-04 17:52:42.767+00, 2026-10-04 17:52:42.767+00, null, null, null).
2026-10-04T17:54:50.5036687Z  2026-10-04 17:52:42.767 UTC [174] STATEMENT:  
2026-10-04T17:54:50.5037007Z  	        insert into application_credentials
2026-10-04T17:54:50.5037450Z  	          (id, application_id, name, public_key, type, environment, rotated_from_credential_id)
2026-10-04T17:54:50.5037956Z  	        values ($1, $2, 'Self', $3, 'service', 'production', $4)
2026-10-04T17:54:50.5038275Z  	      
2026-10-04T17:54:50.5038741Z  2026-10-04 17:52:42.775 UTC [174] ERROR:  duplicate key value violates unique constraint "application_credentials_public_key_key"
2026-10-04T17:54:50.5039525Z  2026-10-04 17:52:42.775 UTC [174] DETAIL:  Key (public_key)=(oxy_dk_2e40519f-0ffe-4349-a50d-478d6230e06bA) already exists.
2026-10-04T17:54:50.5041369Z  2026-10-04 17:52:42.775 UTC [174] STATEMENT:  insert into "application_credentials" ("id", "application_id", "name", "public_key", "secret_hash", "token_prefix", "token_hash", "type", "environment", "scopes", "status", "last_used_at", "expires_at", "rotated_from_credential_id", "created_by_user_id", "workload_identity_id", "created_at", "updated_at") values ($1, $2, $3, $4, default, default, default, $5, $6, default, default, default, default, default, default, default, default, default)
2026-10-04T17:54:50.5043252Z  2026-10-04 17:52:42.788 UTC [173] ERROR:  duplicate key value violates unique constraint "app_endorsement_edges_idempotency_key"
2026-10-04T17:54:50.5044410Z  2026-10-04 17:52:42.788 UTC [173] DETAIL:  Key (application_id, owner_id, member_id, source_id)=(01a1080b-f11c-7366-bbfc-4db015558971, 01a1080b-f11d-722d-9387-c32fcaad3c75, 01a1080b-f120-7dc8-ab3b-58a5cc8cc40b, null) already exists.
2026-10-04T17:54:50.5046074Z  2026-10-04 17:52:42.788 UTC [173] STATEMENT:  insert into "app_endorsement_edges" ("id", "application_id", "owner_id", "member_id", "source_id", "weight", "created_at", "updated_at") values ($1, $2, $3, $4, default, $5, default, default)
2026-10-04T17:54:50.5047250Z  2026-10-04 17:52:42.809 UTC [175] ERROR:  new row for relation "app_endorsement_edges" violates check constraint "app_endorsement_edges_source_id_check"
2026-10-04T17:54:50.5048614Z  2026-10-04 17:52:42.809 UTC [175] DETAIL:  Failing row contains (01a1080b-f139-7049-8be4-4cee288baef3, 01a1080b-f133-7c31-ac4d-b4909658d1be, 01a1080b-f134-7904-bb06-7162f19c454e, 01a1080b-f137-782a-9097-8e979225578d, , 1, 2026-10-04 17:52:42.809+00, 2026-10-04 17:52:42.809+00).
2026-10-04T17:54:50.5050295Z  2026-10-04 17:52:42.809 UTC [175] STATEMENT:  insert into "app_endorsement_edges" ("id", "application_id", "owner_id", "member_id", "source_id", "weight", "created_at", "updated_at") values ($1, $2, $3, $4, $5, $6, default, default)
2026-10-04T17:54:50.5051446Z  2026-10-04 17:52:42.830 UTC [175] ERROR:  new row for relation "app_endorsement_edges" violates check constraint "app_endorsement_edges_not_self_check"
2026-10-04T17:54:50.5052905Z  2026-10-04 17:52:42.830 UTC [175] DETAIL:  Failing row contains (01a1080b-f14d-7adc-b352-a1de40d1fe6d, 01a1080b-f14c-74c8-9775-f5659b6517a0, 01a1080b-f13a-7348-97cc-5587f21ce895, 01a1080b-f13a-7348-97cc-5587f21ce895, null, 1, 2026-10-04 17:52:42.83+00, 2026-10-04 17:52:42.83+00).
2026-10-04T17:54:50.5054481Z  2026-10-04 17:52:42.830 UTC [175] STATEMENT:  insert into "app_endorsement_edges" ("id", "application_id", "owner_id", "member_id", "source_id", "weight", "created_at", "updated_at") values ($1, $2, $3, $4, default, $5, default, default)
2026-10-04T17:54:50.5055751Z  2026-10-04 17:52:42.840 UTC [175] ERROR:  new row for relation "app_affinity_edges" violates check constraint "app_affinity_edges_not_self_check"
2026-10-04T17:54:50.5057085Z  2026-10-04 17:52:42.840 UTC [175] DETAIL:  Failing row contains (01a1080b-f157-7235-9930-a4125fb326ba, 01a1080b-f156-70f7-8510-c3648b8363c4, 01a1080b-f14f-7b22-9311-aeec851b53ed, 01a1080b-f14f-7b22-9311-aeec851b53ed, 0, null, 0, 2026-10-04 17:52:42.84+00, 2026-10-04 17:52:42.84+00).
2026-10-04T17:54:50.5058769Z  2026-10-04 17:52:42.840 UTC [175] STATEMENT:  insert into "app_affinity_edges" ("id", "application_id", "from_user_id", "to_user_id", "affinity", "last_event_at", "event_count", "created_at", "updated_at") values ($1, $2, $3, $4, default, default, default, default, default)
2026-10-04T17:54:50.5059964Z  2026-10-04 17:52:42.852 UTC [174] ERROR:  duplicate key value violates unique constraint "app_affinity_edges_directed_edge_key"
2026-10-04T17:54:50.5061069Z  2026-10-04 17:52:42.852 UTC [174] DETAIL:  Key (application_id, from_user_id, to_user_id)=(01a1080b-f15b-7ddd-8487-21c62222795d, 01a1080b-f15d-7836-b862-c778015a6dff, 01a1080b-f15f-7f43-a06b-7b2071af21f8) already exists.
2026-10-04T17:54:50.5062561Z  2026-10-04 17:52:42.852 UTC [174] STATEMENT:  insert into "app_affinity_edges" ("id", "application_id", "from_user_id", "to_user_id", "affinity", "last_event_at", "event_count", "created_at", "updated_at") values ($1, $2, $3, $4, default, default, default, default, default)
2026-10-04T17:54:50.5063811Z  2026-10-04 17:52:42.870 UTC [175] ERROR:  new row for relation "app_user_signals" violates check constraint "app_user_signals_interest_score_check"
2026-10-04T17:54:50.5065034Z  2026-10-04 17:52:42.870 UTC [175] DETAIL:  Failing row contains (01a1080b-f175-781b-9001-55a255bb0ccb, 01a1080b-f172-72f2-9433-af07e406091b, 01a1080b-f173-7191-97ed-6138af686e52, 0, 1.5, null, 2026-10-04 17:52:42.87+00, 2026-10-04 17:52:42.87+00).
2026-10-04T17:54:50.5066674Z  2026-10-04 17:52:42.870 UTC [175] STATEMENT:  insert into "app_user_signals" ("id", "application_id", "user_id", "endorsement_score", "interest_score", "last_endorsed_at", "created_at", "updated_at") values ($1, $2, $3, default, $4, default, default, default)
2026-10-04T17:54:50.5067883Z  2026-10-04 17:52:42.889 UTC [173] ERROR:  duplicate key value violates unique constraint "account_members_account_id_member_user_id_key"
2026-10-04T17:54:50.5068830Z  2026-10-04 17:52:42.889 UTC [173] DETAIL:  Key (account_id, member_user_id)=(01a1080b-f183-7014-9978-73ee8e7ef7a9, 01a1080b-f185-7980-b7ad-7841d7989f92) already exists.
2026-10-04T17:54:50.5070375Z  2026-10-04 17:52:42.889 UTC [173] STATEMENT:  insert into "account_members" ("id", "account_id", "member_user_id", "role", "permission_grants", "permission_revokes", "inherit", "status", "invited_by_user_id", "joined_at", "created_at", "updated_at") values ($1, $2, $3, $4, default, default, default, default, default, default, default, default)
2026-10-04T17:54:50.5071995Z  2026-10-04 17:52:42.944 UTC [176] ERROR:  new row for relation "api_key_usage_events" violates check constraint "api_key_usage_events_status_code_check"
2026-10-04T17:54:50.5073175Z  2026-10-04 17:52:42.944 UTC [176] DETAIL:  Failing row contains (01a1080b-f1bf-7049-9c8d-7ca07a3bb4c7, 01a1080b-f1bd-750d-9bcd-6a1e65408e28, null, /v1/chat, POST, 42, 0, 0, null, null, api_key, null, 2026-10-04 17:52:42.943+00).
2026-10-04T17:54:50.5075028Z  2026-10-04 17:52:42.944 UTC [176] STATEMENT:  insert into "api_key_usage_events" ("id", "user_id", "application_id", "endpoint", "method", "status_code", "tokens_used", "credits_used", "response_time", "user_agent", "auth_type", "service_app", "created_at") values ($1, $2, default, $3, $4, $5, default, default, default, default, default, default, default)
2026-10-04T17:54:50.5076703Z  2026-10-04 17:52:42.945 UTC [175] ERROR:  new row for relation "api_key_usage_events" violates check constraint "api_key_usage_events_consumption_check"
2026-10-04T17:54:50.5077896Z  2026-10-04 17:52:42.945 UTC [175] DETAIL:  Failing row contains (01a1080b-f1c0-72a3-b1dd-c6bb6e748e73, 01a1080b-f1bd-750d-9bcd-6a1e65408e28, null, /v1/chat, POST, 200, 0, -1, null, null, api_key, null, 2026-10-04 17:52:42.945+00).
2026-10-04T17:54:50.5079630Z  2026-10-04 17:52:42.945 UTC [175] STATEMENT:  insert into "api_key_usage_events" ("id", "user_id", "application_id", "endpoint", "method", "status_code", "tokens_used", "credits_used", "response_time", "user_agent", "auth_type", "service_app", "created_at") values ($1, $2, default, $3, $4, $5, default, $6, default, default, default, default, default)
2026-10-04T17:54:50.5081111Z  2026-10-04 17:52:42.978 UTC [175] ERROR:  duplicate key value violates unique constraint "application_moderation_trust_application_id_key"
2026-10-04T17:54:50.5081919Z  2026-10-04 17:52:42.978 UTC [175] DETAIL:  Key (application_id)=(01a1080b-f1de-73bd-be21-c4c0a4f4832b) already exists.
2026-10-04T17:54:50.5083699Z  2026-10-04 17:52:42.978 UTC [175] STATEMENT:  insert into "application_moderation_trust" ("id", "application_id", "standing", "evidence_integrity", "identity_binding_reliability", "decision_overturn_rate", "policy_quality", "global_reputation_effects_allowed", "reviewed_by_user_id", "reviewed_at", "review_note", "created_at", "updated_at") values ($1, $2, default, default, default, default, default, default, default, default, default, default, default)
2026-10-04T17:54:50.5085750Z  2026-10-04 17:52:42.983 UTC [176] ERROR:  new row for relation "application_moderation_trust" violates check constraint "application_moderation_trust_scores_check"
2026-10-04T17:54:50.5086998Z  2026-10-04 17:52:42.983 UTC [176] DETAIL:  Failing row contains (01a1080b-f1e6-70d6-927f-19d7788b9349, 01a1080b-f1e5-7292-a2af-be11e9e9dd83, sandbox, 1.2, 0, 0, 0, f, null, null, null, 2026-10-04 17:52:42.982+00, 2026-10-04 17:52:42.982+00).
2026-10-04T17:54:50.5089121Z  2026-10-04 17:52:42.983 UTC [176] STATEMENT:  insert into "application_moderation_trust" ("id", "application_id", "standing", "evidence_integrity", "identity_binding_reliability", "decision_overturn_rate", "policy_quality", "global_reputation_effects_allowed", "reviewed_by_user_id", "reviewed_at", "review_note", "created_at", "updated_at") values ($1, $2, default, $3, default, default, default, default, default, default, default, default, default)
2026-10-04T17:54:50.5090925Z  2026-10-04 17:52:42.992 UTC [175] ERROR:  duplicate key value violates unique constraint "app_grants_user_id_application_id_key"
2026-10-04T17:54:50.5091839Z  2026-10-04 17:52:42.992 UTC [175] DETAIL:  Key (user_id, application_id)=(01a1080b-f1e8-7ec3-97ec-4697d391436c, 01a1080b-f1ed-7843-9bc1-96063eac9bb1) already exists.
2026-10-04T17:54:50.5093083Z  2026-10-04 17:52:42.992 UTC [175] STATEMENT:  insert into "app_grants" ("id", "user_id", "application_id", "scopes", "first_granted_at", "last_used_at", "created_at", "updated_at") values ($1, $2, $3, default, default, default, default, default)
2026-10-04T17:54:50.5094143Z  2026-10-04 17:52:55.577 UTC [197] ERROR:  synthetic second-write failure
2026-10-04T17:54:50.5094677Z  2026-10-04 17:52:55.577 UTC [197] CONTEXT:  PL/pgSQL function i05_test_fail_binding() line 1 at RAISE
2026-10-04T17:54:50.5095747Z  2026-10-04 17:52:55.577 UTC [197] STATEMENT:  update "application_workload_identities" set "scopes" = $1, "updated_at" = $2 where ("application_workload_identities"."id" = $3 and xmin::text = $4) returning "id"
2026-10-04T17:54:50.5096643Z  2026-10-04 17:52:56.610 UTC [69] LOG:  checkpoint starting: immediate force wait
2026-10-04T17:54:50.5097885Z  2026-10-04 17:52:56.669 UTC [69] LOG:  checkpoint complete: wrote 4370 buffers (26.7%); 0 WAL file(s) added, 0 removed, 4 recycled; write=0.042 s, sync=0.014 s, total=0.060 s; sync files=1975, longest=0.001 s, average=0.001 s; distance=63061 kB, estimate=63061 kB; lsn=0/746CC08, redo lsn=0/746CBB0
2026-10-04T17:54:50.5099236Z  2026-10-04 17:52:58.316 UTC [200] ERROR:  new row for relation "notifications" violates check constraint "notifications_app_entity_system_only_check"
2026-10-04T17:54:50.5100571Z  2026-10-04 17:52:58.316 UTC [200] DETAIL:  Failing row contains (01a1080c-2dcb-70c5-82aa-96d44499b865, 01a1080c-2dc0-7d72-95ab-1f43a7721f51, 01a1080c-2dc3-7006-b423-14b1db55f8b4, like, raw-app, app, f, 2026-10-04 17:52:58.315+00, 2026-10-04 17:52:58.315+00, null, null, null).
2026-10-04T17:54:50.5102248Z  2026-10-04 17:52:58.316 UTC [200] STATEMENT:  insert into "notifications" ("id", "recipient_id", "actor_id", "type", "entity_id", "entity_type", "title", "message", "url", "read", "created_at", "updated_at") values ($1, $2, $3, $4, $5, $6, default, default, default, default, default, default)
2026-10-04T17:54:50.5103515Z  2026-10-04 17:52:58.325 UTC [200] ERROR:  new row for relation "notifications" violates check constraint "notifications_system_text_check"
2026-10-04T17:54:50.5104833Z  2026-10-04 17:52:58.325 UTC [200] DETAIL:  Failing row contains (01a1080c-2dd4-7fc4-a7b6-e827fff3d5ac, 01a1080c-2dcd-7aa2-aa0b-af4b3e4362ef, 01a1080c-2dcd-7aa2-aa0b-af4b3e4362ef, system, raw-1, profile, f, 2026-10-04 17:52:58.325+00, 2026-10-04 17:52:58.325+00, null, null, null).
2026-10-04T17:54:50.5106640Z  2026-10-04 17:52:58.325 UTC [200] STATEMENT:  insert into "notifications" ("id", "recipient_id", "actor_id", "type", "entity_id", "entity_type", "title", "message", "url", "read", "created_at", "updated_at") values ($1, $2, $3, $4, $5, $6, default, default, default, default, default, default)
2026-10-04T17:54:50.5107918Z  2026-10-04 17:52:58.326 UTC [201] ERROR:  new row for relation "notifications" violates check constraint "notifications_system_text_check"
2026-10-04T17:54:50.5109207Z  2026-10-04 17:52:58.326 UTC [201] DETAIL:  Failing row contains (01a1080c-2dd6-7fa6-b48d-c5f377116c73, 01a1080c-2dcd-7aa2-aa0b-af4b3e4362ef, 01a1080c-2dd0-732a-81e1-07659c6cb177, follow, raw-2, profile, f, 2026-10-04 17:52:58.326+00, 2026-10-04 17:52:58.326+00, x, y, null).
2026-10-04T17:54:50.5110851Z  2026-10-04 17:52:58.326 UTC [201] STATEMENT:  insert into "notifications" ("id", "recipient_id", "actor_id", "type", "entity_id", "entity_type", "title", "message", "url", "read", "created_at", "updated_at") values ($1, $2, $3, $4, $5, $6, $7, $8, default, default, default, default)
2026-10-04T17:54:50.5112139Z  2026-10-04 17:52:58.391 UTC [200] ERROR:  insert or update on table "notifications" violates foreign key constraint "notifications_recipient_id_users_id_fk"
2026-10-04T17:54:50.5113060Z  2026-10-04 17:52:58.391 UTC [200] DETAIL:  Key (recipient_id)=(6edf67db-815e-44ec-a8a6-821a9c6cb607) is not present in table "users".
2026-10-04T17:54:50.5114930Z  2026-10-04 17:52:58.391 UTC [200] STATEMENT:  insert into "notifications" ("id", "recipient_id", "actor_id", "type", "entity_id", "entity_type", "title", "message", "url", "read", "created_at", "updated_at") values ($1, $2, $3, $4, $5, $6, default, default, default, default, default, default) on conflict ("recipient_id","actor_id","type","entity_id") do nothing returning "id", "recipient_id", "actor_id", "type", "entity_id", "entity_type", "title", "message", "url", "read", "created_at", "updated_at"
2026-10-04T17:54:50.5116902Z  2026-10-04 17:53:09.260 UTC [237] ERROR:  unsupported Unicode escape sequence
2026-10-04T17:54:50.5117375Z  2026-10-04 17:53:09.260 UTC [237] DETAIL:  \u0000 cannot be converted to text.
2026-10-04T17:54:50.5117871Z  2026-10-04 17:53:09.260 UTC [237] CONTEXT:  JSON data, line 1: {"record":{"nul":"a\u0000...
2026-10-04T17:54:50.5118295Z  	unnamed portal parameter $3 = '...'
2026-10-04T17:54:50.5118598Z  2026-10-04 17:53:09.260 UTC [237] STATEMENT:  
2026-10-04T17:54:50.5119031Z  	        insert into signed_records (id, subject_did, user_id, type, envelope, public_key)
2026-10-04T17:54:50.5119627Z  	        values ($1, 'did:web:oxy.so:u:x', $2, 'identity',
2026-10-04T17:54:50.5119951Z  	                $3::jsonb, 'pk')
2026-10-04T17:54:50.5120207Z  	      
2026-10-04T17:54:50.5120650Z  2026-10-04 17:53:09.267 UTC [237] ERROR:  duplicate key value violates unique constraint "signed_records_user_id_seq_key"
2026-10-04T17:54:50.5121401Z  2026-10-04 17:53:09.267 UTC [237] DETAIL:  Key (user_id, seq)=(01a1080c-588e-7bac-8ed8-06e8a5851f86, 0) already exists.
2026-10-04T17:54:50.5122558Z  2026-10-04 17:53:09.267 UTC [237] STATEMENT:  insert into "signed_records" ("id", "subject_did", "user_id", "type", "envelope", "public_key", "verified", "seq", "prev", "record_id", "nsid", "rkey", "created_at") values ($1, $2, $3, $4, $5, $6, default, $7, $8, $9, $10, $11, default)
2026-10-04T17:54:50.5123746Z  2026-10-04 17:53:09.281 UTC [238] ERROR:  duplicate key value violates unique constraint "signed_records_user_id_seq_key"
2026-10-04T17:54:50.5124484Z  2026-10-04 17:53:09.281 UTC [238] DETAIL:  Key (user_id, seq)=(01a1080c-5894-7d4d-b12b-8ff52b1f975a, 7) already exists.
2026-10-04T17:54:50.5125735Z  2026-10-04 17:53:09.281 UTC [238] STATEMENT:  insert into "signed_records" ("id", "subject_did", "user_id", "type", "envelope", "public_key", "verified", "seq", "prev", "record_id", "nsid", "rkey", "created_at") values ($1, $2, $3, $4, $5, $6, default, $7, $8, $9, $10, $11, default)
2026-10-04T17:54:50.5126989Z  2026-10-04 17:53:09.291 UTC [238] ERROR:  new row for relation "signed_records" violates check constraint "signed_records_chain_completeness_check"
2026-10-04T17:54:50.5128505Z  2026-10-04 17:53:09.291 UTC [238] DETAIL:  Failing row contains (01a1080c-58aa-7e5f-afc9-161e6ec31452, did:web:oxy.so:u:01a1080c-58a8-7d9c-8007-b9e624cf520f, 01a1080c-58a8-7d9c-8007-b9e624cf520f, identity, {"alg": "ES256K-DER-SHA256", "type": "identity", "issuer": "did:..., pk, f, 3, null, null, null, null, 2026-10-04 17:53:09.29+00).
2026-10-04T17:54:50.5130396Z  2026-10-04 17:53:09.291 UTC [238] STATEMENT:  insert into "signed_records" ("id", "subject_did", "user_id", "type", "envelope", "public_key", "verified", "seq", "prev", "record_id", "nsid", "rkey", "created_at") values ($1, $2, $3, $4, $5, $6, default, $7, default, default, default, default, default)
2026-10-04T17:54:50.5131770Z  2026-10-04 17:53:09.296 UTC [238] ERROR:  insert or update on table "signed_records" violates foreign key constraint "signed_records_prev_signed_records_record_id_fk"
2026-10-04T17:54:50.5132791Z  2026-10-04 17:53:09.296 UTC [238] DETAIL:  Key (prev)=(never-stored-c2acef2c-bf1b-4b29-9563-48df56f8345b) is not present in table "signed_records".
2026-10-04T17:54:50.5134058Z  2026-10-04 17:53:09.296 UTC [238] STATEMENT:  insert into "signed_records" ("id", "subject_did", "user_id", "type", "envelope", "public_key", "verified", "seq", "prev", "record_id", "nsid", "rkey", "created_at") values ($1, $2, $3, $4, $5, $6, default, $7, $8, $9, $10, $11, default)
2026-10-04T17:54:50.5135373Z  2026-10-04 17:53:09.299 UTC [238] ERROR:  new row for relation "signed_records" violates check constraint "signed_records_type_check"
2026-10-04T17:54:50.5136575Z  2026-10-04 17:53:09.299 UTC [238] DETAIL:  Failing row contains (691ba41c-8911-4d56-95e2-1984e9235ba2, did:web:oxy.so:u:x, 01a1080c-58b1-7fdb-a579-162495b6b359, app.syra.listen, {}, pk, f, null, null, null, null, null, 2026-10-04 17:53:09.299+00).
2026-10-04T17:54:50.5137629Z  2026-10-04 17:53:09.299 UTC [238] STATEMENT:  
2026-10-04T17:54:50.5138068Z  	        insert into signed_records (id, subject_did, user_id, type, envelope, public_key)
2026-10-04T17:54:50.5138604Z  	        values ($1, 'did:web:oxy.so:u:x', $2, 'app.syra.listen', '{}'::jsonb, 'pk')
2026-10-04T17:54:50.5138976Z  	      
2026-10-04T17:54:50.5139573Z  2026-10-04 17:53:09.304 UTC [238] ERROR:  insert or update on table "repo_heads" violates foreign key constraint "repo_heads_head_record_id_signed_records_record_id_fk"
2026-10-04T17:54:50.5140702Z  2026-10-04 17:53:09.304 UTC [238] DETAIL:  Key (head_record_id)=(ghost-32bd09d8-9b36-4abd-ad16-40bd9ed83133) is not present in table "signed_records".
2026-10-04T17:54:50.5141841Z  2026-10-04 17:53:09.304 UTC [238] STATEMENT:  insert into "repo_heads" ("id", "user_id", "subject_did", "seq", "head_record_id", "record_count", "created_at", "updated_at") values ($1, $2, $3, $4, $5, $6, default, default)
2026-10-04T17:54:50.5142843Z  2026-10-04 17:53:09.312 UTC [238] ERROR:  duplicate key value violates unique constraint "repo_heads_userId_unique"
2026-10-04T17:54:50.5143530Z  2026-10-04 17:53:09.312 UTC [238] DETAIL:  Key (user_id)=(01a1080c-58b9-7e43-bc90-cdc613afeec5) already exists.
2026-10-04T17:54:50.5144499Z  2026-10-04 17:53:09.312 UTC [238] STATEMENT:  insert into "repo_heads" ("id", "user_id", "subject_did", "seq", "head_record_id", "record_count", "created_at", "updated_at") values ($1, $2, $3, $4, $5, $6, default, default)
2026-10-04T17:54:50.5145591Z  2026-10-04 17:53:13.850 UTC [254] ERROR:  credit grant identity is immutable and consumption/refund monotone
2026-10-04T17:54:50.5146253Z  2026-10-04 17:53:13.850 UTC [254] CONTEXT:  PL/pgSQL function billing_credit_grant_guard() line 8 at RAISE
2026-10-04T17:54:50.5147036Z  2026-10-04 17:53:13.850 UTC [254] STATEMENT:  update billing_credit_grants set invoice_id = 'forged' where id = $1
2026-10-04T17:54:50.5147682Z  2026-10-04 17:53:13.852 UTC [256] ERROR:  credit ledger provenance cannot be rewritten or deleted
2026-10-04T17:54:50.5148327Z  2026-10-04 17:53:13.852 UTC [256] CONTEXT:  PL/pgSQL function billing_credit_immutable_history() line 3 at RAISE
2026-10-04T17:54:50.5148993Z  2026-10-04 17:53:13.852 UTC [256] STATEMENT:  delete from billing_credit_consumptions where grant_id = $1
2026-10-04T17:54:50.5149645Z  2026-10-04 17:53:13.853 UTC [252] ERROR:  credit grant identity is immutable and consumption/refund monotone
2026-10-04T17:54:50.5150287Z  2026-10-04 17:53:13.853 UTC [252] CONTEXT:  PL/pgSQL function billing_credit_grant_guard() line 8 at RAISE
2026-10-04T17:54:50.5150952Z  2026-10-04 17:53:13.853 UTC [252] STATEMENT:  update billing_credit_grants set consumed = 0 where id = $1
2026-10-04T17:54:50.5151874Z  2026-10-04 17:53:14.053 UTC [255] ERROR:  update or delete on table "users" violates foreign key constraint "billing_credit_invoices_user_id_users_id_fk" on table "billing_credit_invoices"
2026-10-04T17:54:50.5152949Z  2026-10-04 17:53:14.053 UTC [255] DETAIL:  Key (id)=(01a1080c-6af1-764b-bdd0-cd9b313ff676) is still referenced from table "billing_credit_invoices".
2026-10-04T17:54:50.5153684Z  2026-10-04 17:53:14.053 UTC [255] STATEMENT:  delete from "users" where "users"."id" = $1
2026-10-04T17:54:50.5154331Z  2026-10-04 17:53:14.138 UTC [255] ERROR:  duplicate key value violates unique constraint "billing_credit_grants_trial_key"
2026-10-04T17:54:50.5155340Z  2026-10-04 17:53:14.138 UTC [255] DETAIL:  Key (user_id, once_per_account_promotion_id)=(01a1080c-6b75-7092-8166-3e8d5444c349, synthetic-trial@v1) already exists.
2026-10-04T17:54:50.5157137Z  2026-10-04 17:53:14.138 UTC [255] STATEMENT:  insert into "billing_credit_grants" ("id", "user_id", "transaction_id", "provider_account_ref", "invoice_id", "subscription_id", "source_type", "period_start", "period_end", "currency", "amount_paid", "granted", "consumed", "clawed", "promotion_id", "once_per_account_promotion_id", "created_at") values ($1, $2, $3, $4, $5, $6, $7, $8, $9, $10, $11, $12, $13, $14, $15, $16, default)
2026-10-04T17:54:50.5158731Z  2026-10-04 17:53:15.108 UTC [258] ERROR:  synthetic audit unavailable
2026-10-04T17:54:50.5159265Z  2026-10-04 17:53:15.108 UTC [258] CONTEXT:  PL/pgSQL function commissioning_audit_fault() line 3 at RAISE
2026-10-04T17:54:50.5160472Z  2026-10-04 17:53:15.108 UTC [258] STATEMENT:  insert into "security_activities" ("id", "user_id", "event_type", "event_description", "metadata", "user_agent", "device_id", "occurred_at", "severity", "created_at", "updated_at") values ($1, $2, $3, $4, $5, default, default, default, $6, default, default)
2026-10-04T17:54:50.5161542Z  2026-10-04 17:53:48.262 UTC [291] ERROR:  fixture rollback
2026-10-04T17:54:50.5162157Z  2026-10-04 17:53:48.262 UTC [291] CONTEXT:  PL/pgSQL function retirement_fixture_failure() line 1 at RAISE
2026-10-04T17:54:50.5162869Z  2026-10-04 17:53:48.262 UTC [291] STATEMENT:  update auth_sessions set status = 'expired', expires_at = clock_timestamp()
2026-10-04T17:54:50.5163435Z  	        where id = $1 and xmin::text = $2 returning id
2026-10-04T17:54:50.5163849Z  2026-10-04 17:53:48.836 UTC [69] LOG:  checkpoint starting: immediate force wait
2026-10-04T17:54:50.5164965Z  2026-10-04 17:53:48.848 UTC [69] LOG:  checkpoint complete: wrote 736 buffers (4.5%); 0 WAL file(s) added, 0 removed, 2 recycled; write=0.009 s, sync=0.001 s, total=0.013 s; sync files=286, longest=0.001 s, average=0.001 s; distance=28490 kB, estimate=59604 kB; lsn=0/903F6C0, redo lsn=0/903F668
2026-10-04T17:54:50.5166507Z  2026-10-04 17:54:03.999 UTC [319] ERROR:  new row for relation "inference_provider_cost_attempts" violates check constraint "inference_provider_cost_attempts_unmeasured_check"
2026-10-04T17:54:50.5168460Z  2026-10-04 17:54:03.999 UTC [319] DETAIL:  Failing row contains (9fcd7fbd-c368-4e5d-aa03-ed6af9017577, 0, synthetic, key-1, platform, kaana-synthetic, pub/model@2026-01-01, rate_card, 0.003060000000, USD, rc-1, t, t, 2026-10-02 10:00:00+00, f, 1020, 0, 0, 0, 0, 0, 0, 0, 0, 0, 0, 0, 0, 0, 0, succeeded, null, 120, kaf_9fcd7fbd-c368-4e5d-aa03-ed6af9017577_0, 8b841d09344805b6b979e9abbbe7ec2eac6ef64c23fa6c666cfc3f7d8c6dcd64, 2026-10-04 17:54:03.997+00).
2026-10-04T17:54:50.5170410Z  2026-10-04 17:54:03.999 UTC [319] STATEMENT:  update "inference_provider_cost_attempts" set "units_measured" = $1 where "inference_provider_cost_attempts"."request_id" = $2
2026-10-04T17:54:50.5171448Z  2026-10-04 17:54:12.165 UTC [338] ERROR:  new row for relation "follow_target_kinds" violates check constraint "follow_target_kinds_namespace_prefix_check"
2026-10-04T17:54:50.5172690Z  2026-10-04 17:54:12.165 UTC [338] DETAIL:  Failing row contains (01a1080d-4e44-749c-91de-4d59005452e1, syra.artist, mercaria2, 01a1080d-4e41-78e4-83a2-45ae4ee014f3, null, null, 2026-10-04 17:54:12.165+00, 2026-10-04 17:54:12.165+00).
2026-10-04T17:54:50.5174189Z  2026-10-04 17:54:12.165 UTC [338] STATEMENT:  insert into "follow_target_kinds" ("id", "kind", "namespace", "application_id", "label", "capabilities", "created_at", "updated_at") values ($1, $2, $3, $4, default, default, default, default) returning "kind"
2026-10-04T17:54:50.5175510Z  2026-10-04 17:54:12.172 UTC [338] ERROR:  new row for relation "follow_namespaces" violates check constraint "follow_namespaces_shape_check"
2026-10-04T17:54:50.5176549Z  2026-10-04 17:54:12.172 UTC [338] DETAIL:  Failing row contains (01a1080d-4e4b-7021-b0e7-f4bb0f04c247, mercaria.shop, 01a1080d-4e49-7b78-a521-912eb10262ed, 2026-10-04 17:54:12.171+00).
2026-10-04T17:54:50.5177735Z  2026-10-04 17:54:12.172 UTC [338] STATEMENT:  insert into "follow_namespaces" ("id", "namespace", "application_id", "created_at") values ($1, $2, $3, default) on conflict ("namespace") do nothing
2026-10-04T17:54:50.5178781Z  2026-10-04 17:54:12.173 UTC [338] ERROR:  new row for relation "follow_namespaces" violates check constraint "follow_namespaces_shape_check"
2026-10-04T17:54:50.5179763Z  2026-10-04 17:54:12.173 UTC [338] DETAIL:  Failing row contains (01a1080d-4e4c-70fb-b14d-0bedf2aa2627, , 01a1080d-4e49-7b78-a521-912eb10262ed, 2026-10-04 17:54:12.173+00).
2026-10-04T17:54:50.5181005Z  2026-10-04 17:54:12.173 UTC [338] STATEMENT:  insert into "follow_namespaces" ("id", "namespace", "application_id", "created_at") values ($1, $2, $3, default) on conflict ("namespace") do nothing
2026-10-04T17:54:50.5182127Z  2026-10-04 17:54:12.179 UTC [338] ERROR:  insert or update on table "follow_targets" violates foreign key constraint "follow_targets_kind_follow_target_kinds_kind_fk"
2026-10-04T17:54:50.5183053Z  2026-10-04 17:54:12.179 UTC [338] DETAIL:  Key (kind)=(nobody.registered_this) is not present in table "follow_target_kinds".
2026-10-04T17:54:50.5184580Z  2026-10-04 17:54:12.179 UTC [338] STATEMENT:  insert into "follow_targets" ("id", "canonical_uri", "kind", "provider_application_id", "provider_reference", "local_user_id", "metadata_snapshot", "capabilities", "created_at", "updated_at") values ($1, $2, $3, default, default, default, default, default, default, default) returning "id"
2026-10-04T17:54:50.5186154Z  2026-10-04 17:54:12.190 UTC [338] ERROR:  duplicate key value violates unique constraint "follow_relationships_follower_target_key"
2026-10-04T17:54:50.5187136Z  2026-10-04 17:54:12.190 UTC [338] DETAIL:  Key (follower_user_id, follow_target_id)=(01a1080d-4e54-74a1-b2ae-0b0ea719bdee, 01a1080d-4e5b-742c-967d-c95ac42e490c) already exists.
2026-10-04T17:54:50.5188713Z  2026-10-04 17:54:12.190 UTC [338] STATEMENT:  insert into "follow_relationships" ("id", "follower_user_id", "follow_target_id", "state", "origin_application_id", "created_by_grant_id", "source", "expires_at", "created_at", "updated_at") values ($1, $2, $3, default, default, default, default, default, default, default) returning "id"
2026-10-04T17:54:50.5190213Z  2026-10-04 17:54:12.244 UTC [338] ERROR:  duplicate key value violates unique constraint "follow_application_overrides_relationship_application_key"
2026-10-04T17:54:50.5191248Z  2026-10-04 17:54:12.244 UTC [338] DETAIL:  Key (relationship_id, application_id)=(01a1080d-4e90-72e5-bcaa-0710f6672dd6, 01a1080d-4e8b-7c92-bbbc-96eb44756e78) already exists.
2026-10-04T17:54:50.5192451Z  2026-10-04 17:54:12.244 UTC [338] STATEMENT:  insert into "follow_application_overrides" ("id", "relationship_id", "application_id", "mode", "created_at", "updated_at") values ($1, $2, $3, $4, default, default)
2026-10-04T17:54:50.5193502Z  2026-10-04 17:54:12.253 UTC [338] ERROR:  new row for relation "follow_events" violates check constraint "follow_events_type_check"
2026-10-04T17:54:50.5195033Z  2026-10-04 17:54:12.253 UTC [338] DETAIL:  Failing row contains (01a1080d-4e9d-79ff-8cf6-3fb6d3518779, event-14, follow.create, user_action, 01a1080d-4e94-7dff-9940-8f5c2afd721f, 01a1080d-4e9b-75d3-925f-5b2e347baedf, https://x.example/t13, enumns12.thing, null, null, null, null, null, 2026-10-04 17:54:12.253+00, null, null, 0, null, null).
2026-10-04T17:54:50.5197681Z  2026-10-04 17:54:12.253 UTC [338] STATEMENT:  insert into "follow_events" ("id", "event_id", "type", "cause", "actor_user_id", "relationship_id", "target_uri", "target_kind", "origin_application_id", "grant_id", "context_application_id", "payload", "processed_at", "claimed_at", "claimed_by", "attempts", "failed_at", "last_error", "created_at") values ($1, $2, $3, $4, $5, $6, $7, $8, default, default, default, default, default, default, default, default, default, default, default)
2026-10-04T17:54:50.5199518Z  2026-10-04 17:54:12.263 UTC [338] ERROR:  new row for relation "follow_events" violates check constraint "follow_events_cause_check"
2026-10-04T17:54:50.5201031Z  2026-10-04 17:54:12.263 UTC [338] DETAIL:  Failing row contains (01a1080d-4ea6-7786-858f-b2db0aec5097, event-17, follow.removed, expiry, 01a1080d-4e9e-7dcf-9737-f9476ff3766c, 01a1080d-4ea5-79df-8e53-7b0293a12a1b, https://x.example/t16, enumns15.thing, null, null, null, null, null, 2026-10-04 17:54:12.263+00, null, null, 0, null, null).
2026-10-04T17:54:50.5203561Z  2026-10-04 17:54:12.263 UTC [338] STATEMENT:  insert into "follow_events" ("id", "event_id", "type", "cause", "actor_user_id", "relationship_id", "target_uri", "target_kind", "origin_application_id", "grant_id", "context_application_id", "payload", "processed_at", "claimed_at", "claimed_by", "attempts", "failed_at", "last_error", "created_at") values ($1, $2, $3, $4, $5, $6, $7, $8, default, default, default, default, default, default, default, default, default, default, default)
2026-10-04T17:54:50.5205697Z  2026-10-04 17:54:12.271 UTC [338] ERROR:  new row for relation "follow_relationships" violates check constraint "follow_relationships_state_check"
2026-10-04T17:54:50.5207138Z  2026-10-04 17:54:12.271 UTC [338] DETAIL:  Failing row contains (01a1080d-4eaf-7d08-ac33-afaafa93151a, 01a1080d-4ea8-74e2-aa08-c0c3ff86ef3d, 01a1080d-4eae-7972-b3ab-d5afd35fe175, pending, null, null, app, null, 2026-10-04 17:54:12.271+00, 2026-10-04 17:54:12.271+00).
2026-10-04T17:54:50.5209012Z  2026-10-04 17:54:12.271 UTC [338] STATEMENT:  insert into "follow_relationships" ("id", "follower_user_id", "follow_target_id", "state", "origin_application_id", "created_by_grant_id", "source", "expires_at", "created_at", "updated_at") values ($1, $2, $3, $4, default, default, default, default, default, default) returning "id"
2026-10-04T17:54:50.5210476Z  2026-10-04 17:54:12.280 UTC [338] ERROR:  new row for relation "follow_relationships" violates check constraint "follow_relationships_source_check"
2026-10-04T17:54:50.5211792Z  2026-10-04 17:54:12.280 UTC [338] DETAIL:  Failing row contains (01a1080d-4eb7-7e07-b287-48de7e580713, 01a1080d-4eb0-7595-b0bf-78325d6c12ef, 01a1080d-4eb6-77bb-ad23-2ac6e9cf09e4, active, null, null, import, null, 2026-10-04 17:54:12.28+00, 2026-10-04 17:54:12.28+00).
2026-10-04T17:54:50.5213644Z  2026-10-04 17:54:12.280 UTC [338] STATEMENT:  insert into "follow_relationships" ("id", "follower_user_id", "follow_target_id", "state", "origin_application_id", "created_by_grant_id", "source", "expires_at", "created_at", "updated_at") values ($1, $2, $3, default, default, default, $4, default, default, default) returning "id"
2026-10-04T17:54:50.5215162Z  2026-10-04 17:54:12.289 UTC [338] ERROR:  new row for relation "follow_application_overrides" violates check constraint "follow_application_overrides_mode_check"
2026-10-04T17:54:50.5216585Z  2026-10-04 17:54:12.289 UTC [338] DETAIL:  Failing row contains (01a1080d-4ec0-7eee-8404-c2e7fb8fcbb1, 01a1080d-4ebf-702e-962f-aa07322f904f, 01a1080d-4ebb-732f-b518-277c68f4817b, inherit, 2026-10-04 17:54:12.289+00, 2026-10-04 17:54:12.289+00).
2026-10-04T17:54:50.5218020Z  2026-10-04 17:54:12.289 UTC [338] STATEMENT:  insert into "follow_application_overrides" ("id", "relationship_id", "application_id", "mode", "created_at", "updated_at") values ($1, $2, $3, $4, default, default)
2026-10-04T17:54:50.5219035Z  2026-10-04 17:54:12.311 UTC [338] ERROR:  duplicate key value violates unique constraint "follow_events_event_id_key"
2026-10-04T17:54:50.5219662Z  2026-10-04 17:54:12.311 UTC [338] DETAIL:  Key (event_id)=(event-29) already exists.
2026-10-04T17:54:50.5221337Z  2026-10-04 17:54:12.311 UTC [338] STATEMENT:  insert into "follow_events" ("id", "event_id", "type", "cause", "actor_user_id", "relationship_id", "target_uri", "target_kind", "origin_application_id", "grant_id", "context_application_id", "payload", "processed_at", "claimed_at", "claimed_by", "attempts", "failed_at", "last_error", "created_at") values ($1, $2, $3, $4, $5, $6, $7, $8, default, default, default, default, default, default, default, default, default, default, default)
2026-10-04T17:54:50.5223306Z  2026-10-04 17:54:15.940 UTC [348] ERROR:  new row for relation "inference_routing_profiles" violates check constraint "inference_routing_profiles_power_level_check"
2026-10-04T17:54:50.5224474Z  2026-10-04 17:54:15.940 UTC [348] DETAIL:  Failing row contains (01a1080d-5d03-747e-9f40-315a09cde53a, custom-instant, x, null, price, f, 2026-10-04 17:54:15.94+00, 2026-10-04 17:54:15.94+00, instant, null).
2026-10-04T17:54:50.5226113Z  2026-10-04 17:54:15.940 UTC [348] STATEMENT:  insert into "inference_routing_profiles" ("id", "slug", "display_name", "description", "optimise_for", "is_product_preset", "power_level", "reasoning_effort", "created_at", "updated_at") values ($1, $2, $3, default, $4, $5, $6, default, default, default)
2026-10-04T17:54:50.5227576Z  2026-10-04 17:54:15.943 UTC [348] ERROR:  duplicate key value violates unique constraint "inference_routing_profiles_power_level_key"
2026-10-04T17:54:50.5228265Z  2026-10-04 17:54:15.943 UTC [348] DETAIL:  Key (power_level)=(instant) already exists.
2026-10-04T17:54:50.5229560Z  2026-10-04 17:54:15.943 UTC [348] STATEMENT:  insert into "inference_routing_profiles" ("id", "slug", "display_name", "description", "optimise_for", "is_product_preset", "power_level", "reasoning_effort", "created_at", "updated_at") values ($1, $2, $3, default, $4, $5, $6, default, default, default)
2026-10-04T17:54:50.5231005Z  2026-10-04 17:54:15.945 UTC [348] ERROR:  new row for relation "inference_model_power_classes" violates check constraint "inference_model_power_classes_evidence_check"
2026-10-04T17:54:50.5232128Z  2026-10-04 17:54:15.945 UTC [348] DETAIL:  Failing row contains (nobody/nothing, pro, x, http://example.test, x, 2026-10-04 17:54:15.943+00, x, 2026-10-04 17:54:15.944+00, 2026-10-04 17:54:15.944+00).
2026-10-04T17:54:50.5233583Z  2026-10-04 17:54:15.945 UTC [348] STATEMENT:  insert into "inference_model_power_classes" ("model_id", "power_class", "evidence_source", "evidence_url", "evidence_summary", "reviewed_at", "reviewed_by", "created_at", "updated_at") values ($1, $2, $3, $4, $5, $6, $7, default, default)
2026-10-04T17:54:50.5234962Z  2026-10-04 17:54:24.038 UTC [375] ERROR:  insert or update on table "app_affinity_edges" violates foreign key constraint "app_affinity_edges_from_user_id_users_id_fk"
2026-10-04T17:54:50.5235944Z  2026-10-04 17:54:24.038 UTC [375] DETAIL:  Key (from_user_id)=(no-such-user) is not present in table "users".
2026-10-04T17:54:50.5237641Z  2026-10-04 17:54:24.038 UTC [375] STATEMENT:  insert into "app_affinity_edges" ("id", "application_id", "from_user_id", "to_user_id", "affinity", "last_event_at", "event_count", "created_at", "updated_at") values ($1, $2, $3, $4, $5, $6, $7, default, default) on conflict ("application_id","from_user_id","to_user_id") do update set "affinity" = $8, "last_event_at" = $9, "event_count" = "app_affinity_edges"."event_count" + 1, "updated_at" = $10 returning xmax = 0
2026-10-04T17:54:50.5239472Z  2026-10-04 17:54:32.503 UTC [399] ERROR:  new row for relation "agency_limit_test" violates check constraint "delegation_limits_scalar_value_check"
2026-10-04T17:54:50.5240553Z  2026-10-04 17:54:32.503 UTC [399] DETAIL:  Failing row contains (fe6352c7-35ef-4ea0-9f6b-68278a672af0, grant-test, limit, "PRIVATE_PROMPT_MARKER", 2026-10-04 17:54:32.501236+00, searchEmails).
2026-10-04T17:54:50.5241414Z  2026-10-04 17:54:32.503 UTC [399] STATEMENT:  insert into agency_limit_test
2026-10-04T17:54:50.5241826Z  	      (id, grant_id, tool, key, value, created_at)
2026-10-04T17:54:50.5242220Z  	      values ($1, 'grant-test', 'searchEmails', 'limit', $2::jsonb, now())
2026-10-04T17:54:50.5242911Z  2026-10-04 17:54:32.508 UTC [399] ERROR:  new row for relation "agency_limit_test" violates check constraint "delegation_limits_scalar_value_check"
2026-10-04T17:54:50.5243991Z  2026-10-04 17:54:32.508 UTC [399] DETAIL:  Failing row contains (595a19c9-4492-447b-ad0a-e78edb7643fa, grant-test, limit, ["private@example.test"], 2026-10-04 17:54:32.505586+00, searchEmails).
2026-10-04T17:54:50.5244827Z  2026-10-04 17:54:32.508 UTC [399] STATEMENT:  insert into agency_limit_test
2026-10-04T17:54:50.5245332Z  	      (id, grant_id, tool, key, value, created_at)
2026-10-04T17:54:50.5245717Z  	      values ($1, 'grant-test', 'searchEmails', 'limit', $2::jsonb, now())
2026-10-04T17:54:50.5246492Z  2026-10-04 17:54:32.523 UTC [399] ERROR:  new row for relation "agency_authorization_test" violates check constraint "capability_execution_authorizations_limits_check"
2026-10-04T17:54:50.5248544Z  2026-10-04 17:54:32.523 UTC [399] DETAIL:  Failing row contains (a6ca7a98-5a47-4305-a8cb-3272c3cea1a1, direct_request, requester-test, owner-test, app-test, credential-test, alia, null, inbox, account-test, mailbox, mailbox-test, searchEmails, run-test, null, null, execute_on_request, [{"key": "q", "tool": "searchEmails", "value": "PRIVATE_PROMPT_M..., 2026-10-04 17:59:32.518303+00, null, 2026-10-04 17:54:32.518303+00, 2026-10-04 17:54:32.518303+00, null, null, null, null, null, null).
2026-10-04T17:54:50.5250434Z  2026-10-04 17:54:32.523 UTC [399] STATEMENT:  insert into agency_authorization_test (
2026-10-04T17:54:50.5250976Z  	      id, kind, requester_account_id, owner_account_id, coordinator_application_id,
2026-10-04T17:54:50.5251508Z  	      coordinator_credential_id, actor_type, resource_app, effective_account_id,
2026-10-04T17:54:50.5252117Z  	      resource_type, resource_key, tool, run_id, maximum_autonomy, limits,
2026-10-04T17:54:50.5252514Z  	      expires_at, created_at, updated_at
2026-10-04T17:54:50.5252788Z  	    ) values (
2026-10-04T17:54:50.5253089Z  	      $1, 'direct_request', 'requester-test', 'owner-test', 'app-test',
2026-10-04T17:54:50.5253574Z  	      'credential-test', 'alia', 'inbox', 'account-test', 'mailbox', 'mailbox-test',
2026-10-04T17:54:50.5254055Z  	      'searchEmails', 'run-test', 'execute_on_request', $2::jsonb,
2026-10-04T17:54:50.5254428Z  	      now() + interval '5 minutes', now(), now()
2026-10-04T17:54:50.5254723Z  	    )
2026-10-04T17:54:50.5255432Z  2026-10-04 17:54:32.529 UTC [399] ERROR:  new row for relation "agency_authorization_test" violates check constraint "capability_execution_authorizations_limits_check"
2026-10-04T17:54:50.5257484Z  2026-10-04 17:54:32.529 UTC [399] DETAIL:  Failing row contains (589a5b76-d005-4a16-9523-5fe0c8d5a88f, direct_request, requester-test, owner-test, app-test, credential-test, alia, null, inbox, account-test, mailbox, mailbox-test, searchEmails, run-test, null, null, execute_on_request, [{"key": "limit", "tool": "searchEmails", "value": 25, "prompt":..., 2026-10-04 17:59:32.524914+00, null, 2026-10-04 17:54:32.524914+00, 2026-10-04 17:54:32.524914+00, null, null, null, null, null, null).
2026-10-04T17:54:50.5259248Z  2026-10-04 17:54:32.529 UTC [399] STATEMENT:  insert into agency_authorization_test (
2026-10-04T17:54:50.5259772Z  	      id, kind, requester_account_id, owner_account_id, coordinator_application_id,
2026-10-04T17:54:50.5260303Z  	      coordinator_credential_id, actor_type, resource_app, effective_account_id,
2026-10-04T17:54:50.5260809Z  	      resource_type, resource_key, tool, run_id, maximum_autonomy, limits,
2026-10-04T17:54:50.5261198Z  	      expires_at, created_at, updated_at
2026-10-04T17:54:50.5261470Z  	    ) values (
2026-10-04T17:54:50.5261763Z  	      $1, 'direct_request', 'requester-test', 'owner-test', 'app-test',
2026-10-04T17:54:50.5262248Z  	      'credential-test', 'alia', 'inbox', 'account-test', 'mailbox', 'mailbox-test',
2026-10-04T17:54:50.5262718Z  	      'searchEmails', 'run-test', 'execute_on_request', $2::jsonb,
2026-10-04T17:54:50.5263093Z  	      now() + interval '5 minutes', now(), now()
2026-10-04T17:54:50.5263377Z  	    )
2026-10-04T17:54:50.5263979Z  2026-10-04 17:54:32.535 UTC [399] ERROR:  new row for relation "agency_authorization_test" violates check constraint "capability_execution_authorizations_limits_check"
2026-10-04T17:54:50.5265960Z  2026-10-04 17:54:32.535 UTC [399] DETAIL:  Failing row contains (294c94a5-c96a-44cf-8acb-a78f1a21243d, direct_request, requester-test, owner-test, app-test, credential-test, alia, null, inbox, account-test, mailbox, mailbox-test, searchEmails, run-test, null, null, execute_on_request, [1], 2026-10-04 17:59:32.530935+00, null, 2026-10-04 17:54:32.530935+00, 2026-10-04 17:54:32.530935+00, null, null, null, null, null, null).
2026-10-04T17:54:50.5267549Z  2026-10-04 17:54:32.535 UTC [399] STATEMENT:  insert into agency_authorization_test (
2026-10-04T17:54:50.5268068Z  	      id, kind, requester_account_id, owner_account_id, coordinator_application_id,
2026-10-04T17:54:50.5268596Z  	      coordinator_credential_id, actor_type, resource_app, effective_account_id,
2026-10-04T17:54:50.5269099Z  	      resource_type, resource_key, tool, run_id, maximum_autonomy, limits,
2026-10-04T17:54:50.5269617Z  	      expires_at, created_at, updated_at
2026-10-04T17:54:50.5269884Z  	    ) values (
2026-10-04T17:54:50.5270176Z  	      $1, 'direct_request', 'requester-test', 'owner-test', 'app-test',
2026-10-04T17:54:50.5270645Z  	      'credential-test', 'alia', 'inbox', 'account-test', 'mailbox', 'mailbox-test',
2026-10-04T17:54:50.5271113Z  	      'searchEmails', 'run-test', 'execute_on_request', $2::jsonb,
2026-10-04T17:54:50.5271485Z  	      now() + interval '5 minutes', now(), now()
2026-10-04T17:54:50.5271767Z  	    )
2026-10-04T17:54:50.5272425Z  2026-10-04 17:54:32.546 UTC [399] ERROR:  new row for relation "agency_audit_test" violates check constraint "capability_audit_events_bounded_event_check"
2026-10-04T17:54:50.5273775Z  2026-10-04 17:54:32.546 UTC [399] DETAIL:  Failing row contains (973806a9-f98b-4c2b-9b69-839630af60d7, e790874c-e793-4dc5-abfa-cf2024141349, account-test, null, run-test, {"result": {"status": "failed", "message": "PRIVATE_PROMPT_MARKE..., 2026-10-04 17:54:32.543018+00).
2026-10-04T17:54:50.5274862Z  2026-10-04 17:54:32.546 UTC [399] STATEMENT:  insert into agency_audit_test
2026-10-04T17:54:50.5275426Z  	      (id, event_key, effective_account_key, run_key, event, created_at)
2026-10-04T17:54:50.5275861Z  	      values ($1, $2, 'account-test', 'run-test', $3::jsonb, now())
2026-10-04T17:54:50.5276914Z  2026-10-04 17:54:32.551 UTC [399] ERROR:  new row for relation "agency_audit_test" violates check constraint "capability_audit_events_bounded_event_check"
2026-10-04T17:54:50.5279244Z  2026-10-04 17:54:32.551 UTC [399] DETAIL:  Failing row contains (5b08f314-4273-41d0-8268-4791c75af677, f7ce8276-4444-4e4f-8f06-6f116be7d1fa, account-test, null, run-test, {"result": {"status": "failed"}, "correlation": {"runId": "run-t..., 2026-10-04 17:54:32.547819+00).
2026-10-04T17:54:50.5281227Z  2026-10-04 17:54:32.551 UTC [399] STATEMENT:  insert into agency_audit_test
2026-10-04T17:54:50.5282061Z  	      (id, event_key, effective_account_key, run_key, event, created_at)
2026-10-04T17:54:50.5282861Z  	      values ($1, $2, 'account-test', 'run-test', $3::jsonb, now())
2026-10-04T17:54:50.5284115Z  2026-10-04 17:54:32.555 UTC [399] ERROR:  new row for relation "agency_audit_test" violates check constraint "capability_audit_events_bounded_event_check"
2026-10-04T17:54:50.5286831Z  2026-10-04 17:54:32.555 UTC [399] DETAIL:  Failing row contains (7d7378ed-1b7a-4a4b-b4c6-ce1136a728ea, 4540ddb3-6ab5-4e4f-9041-68350eedf4aa, account-test, null, run-test, {"result": {"status": "failed"}, "resource": {"prompt": "PRIVATE..., 2026-10-04 17:54:32.552545+00).
2026-10-04T17:54:50.5288771Z  2026-10-04 17:54:32.555 UTC [399] STATEMENT:  insert into agency_audit_test
2026-10-04T17:54:50.5289551Z  	      (id, event_key, effective_account_key, run_key, event, created_at)
2026-10-04T17:54:50.5290213Z  	      values ($1, $2, 'account-test', 'run-test', $3::jsonb, now())
2026-10-04T17:54:50.5290939Z  2026-10-04 17:54:49.574 UTC [69] LOG:  checkpoint starting: immediate force wait
2026-10-04T17:54:50.5292795Z  2026-10-04 17:54:49.576 UTC [69] LOG:  checkpoint complete: wrote 3 buffers (0.0%); 0 WAL file(s) added, 0 removed, 0 recycled; write=0.001 s, sync=0.001 s, total=0.003 s; sync files=2, longest=0.001 s, average=0.001 s; distance=6467 kB, estimate=54290 kB; lsn=0/9690688, redo lsn=0/9690630
2026-10-04T17:54:50.5301992Z Stop and remove container: 065a69d0dcad41bf9ee7b8bbe944b03c_postgispostgis1735_21fa57
2026-10-04T17:54:50.5308019Z ##[command]/usr/bin/docker rm --force 6642d550be5992fcd2221f4a8a45ff92cbcb55838d923b15b8ca94342c2ba27e
2026-10-04T17:54:50.6985291Z 6642d550be5992fcd2221f4a8a45ff92cbcb55838d923b15b8ca94342c2ba27e
2026-10-04T17:54:50.7013686Z Remove container network: github_network_d25d7b01a96e4004bc4b4d32ed276fdd
2026-10-04T17:54:50.7019409Z ##[command]/usr/bin/docker network rm github_network_d25d7b01a96e4004bc4b4d32ed276fdd
2026-10-04T17:54:50.8014025Z github_network_d25d7b01a96e4004bc4b4d32ed276fdd
2026-10-04T17:54:50.8096909Z Cleaning up orphan processes
