bun pack v1.4.2 (744846f84)

packed 16.38KB package.json
packed 31.49KB LICENSE
packed 14.16KB NOTICE
packed 28.0KB README.md
packed 444B android/build.gradle
packed 488B android/src/main/AndroidManifest.xml
packed 10.16KB android/src/main/java/so/oxy/devicesession/OxyDeviceSessionModule.kt
packed 4.59KB android/src/main/java/so/oxy/devicesession/OxyDeviceSessionProvider.kt
packed 4.91KB android/src/main/java/so/oxy/devicesession/OxyDeviceSessionStore.kt
packed 5.63KB android/src/main/java/so/oxy/identity/OxyIdentityModule.kt
packed 3.36KB android/src/main/java/so/oxy/security/OxyCallerPolicy.kt
packed 7.71KB android/src/main/java/so/oxy/session/OxyBackgroundSession.kt
packed 6.96KB android/src/main/java/so/oxy/session/OxyBackgroundSessionApi.kt
packed 4.96KB android/src/main/java/so/oxy/session/OxyBackgroundSessionModule.kt
packed 6.84KB android/src/main/java/so/oxy/session/OxyBackgroundSessionStore.kt
packed 2.56KB android/src/main/java/so/oxy/session/OxyBackgroundToken.kt
packed 7.98KB android/src/main/java/so/oxy/storage/OxyEncryptedPrefs.kt
packed 284B expo-module.config.json
packed 0.77KB ios/OxyIdentity.podspec
packed 0.97KB ios/OxyIdentityModule.swift
packed 11.86KB lib/commonjs/assets/OxyLogo.svg
packed 11.86KB lib/commonjs/assets/assets/OxyLogo.svg
packed 43.0KB lib/commonjs/assets/assets/fonts/icons/OxyServicesIonicons.ttf
packed 60B lib/commonjs/assets/assets/fonts/icons/OxyServicesIonicons.ttf.d.ts
packed 28.85KB lib/commonjs/assets/assets/fonts/icons/OxyServicesMaterialCommunityIcons.ttf
packed 60B lib/commonjs/assets/assets/fonts/icons/OxyServicesMaterialCommunityIcons.ttf.d.ts
packed 8.14KB lib/commonjs/assets/assets/fonts/icons/manifest.json
packed 4.10KB lib/commonjs/assets/assets/icons/OxyServices.tsx
packed 2.80KB lib/commonjs/assets/assets/icons/logo_OxyServices.svg
packed 13.42KB lib/commonjs/assets/assets/illustrations/HighFive.tsx
packed 30.25KB lib/commonjs/assets/assets/lottie/welcomeheader_background_op1.json
packed 102.17KB lib/commonjs/assets/assets/signIn/slide-1.jpg
packed 150B lib/commonjs/assets/assets/signIn/slide-1.jpg.d.ts
packed 87.91KB lib/commonjs/assets/assets/signIn/slide-2.jpg
packed 150B lib/commonjs/assets/assets/signIn/slide-2.jpg.d.ts
packed 59.19KB lib/commonjs/assets/assets/signIn/slide-3.jpg
packed 150B lib/commonjs/assets/assets/signIn/slide-3.jpg.d.ts
packed 46.64KB lib/commonjs/assets/assets/signIn/slide-4.jpg
packed 150B lib/commonjs/assets/assets/signIn/slide-4.jpg.d.ts
packed 43.0KB lib/commonjs/assets/fonts/icons/OxyServicesIonicons.ttf
packed 28.85KB lib/commonjs/assets/fonts/icons/OxyServicesMaterialCommunityIcons.ttf
packed 8.14KB lib/commonjs/assets/fonts/icons/manifest.json
packed 4.64KB lib/commonjs/assets/icons/OxyServices.js
packed 2.49KB lib/commonjs/assets/icons/OxyServices.js.map
packed 2.80KB lib/commonjs/assets/icons/logo_OxyServices.svg
packed 14.76KB lib/commonjs/assets/illustrations/HighFive.js
packed 2.94KB lib/commonjs/assets/illustrations/HighFive.js.map
packed 30.25KB lib/commonjs/assets/lottie/welcomeheader_background_op1.json
packed 102.17KB lib/commonjs/assets/signIn/slide-1.jpg
packed 87.91KB lib/commonjs/assets/signIn/slide-2.jpg
packed 59.19KB lib/commonjs/assets/signIn/slide-3.jpg
packed 46.64KB lib/commonjs/assets/signIn/slide-4.jpg
packed 34.0KB lib/commonjs/index.js
packed 4.83KB lib/commonjs/index.js.map
packed 17.88KB lib/commonjs/notifications/deviceNotifications.js
packed 8.92KB lib/commonjs/notifications/deviceNotifications.js.map
packed 20B lib/commonjs/package.json
packed 2.90KB lib/commonjs/ui/analytics/productAnalytics.js
packed 3.0KB lib/commonjs/ui/analytics/productAnalytics.js.map
packed 10.0KB lib/commonjs/ui/boot/runProviderColdBoot.js
packed 6.64KB lib/commonjs/ui/boot/runProviderColdBoot.js.map
packed 8.67KB lib/commonjs/ui/client.js
packed 1.54KB lib/commonjs/ui/client.js.map
packed 1.50KB lib/commonjs/ui/components/AvatarCameraBadge.js
packed 1.41KB lib/commonjs/ui/components/AvatarCameraBadge.js.map
packed 2.80KB lib/commonjs/ui/components/BenefitList.js
packed 2.78KB lib/commonjs/ui/components/BenefitList.js.map
packed 1.49KB lib/commonjs/ui/components/BloomLocaleBridge.js
packed 0.79KB lib/commonjs/ui/components/BloomLocaleBridge.js.map
packed 10.1KB lib/commonjs/ui/components/FollowButton.js
packed 9.32KB lib/commonjs/ui/components/FollowButton.js.map
packed 10.71KB lib/commonjs/ui/components/FollowTargetButton.js
packed 7.92KB lib/commonjs/ui/components/FollowTargetButton.js.map
packed 464B lib/commonjs/ui/components/KeyboardBoundary.js
packed 378B lib/commonjs/ui/components/KeyboardBoundary.js.map
packed 0.58KB lib/commonjs/ui/components/KeyboardBoundary.native.js
packed 498B lib/commonjs/ui/components/KeyboardBoundary.native.js.map
packed 440B lib/commonjs/ui/components/KeyboardBoundary.web.js
packed 382B lib/commonjs/ui/components/KeyboardBoundary.web.js.map
packed 2.0KB lib/commonjs/ui/components/LanguageBridge.js
packed 1.29KB lib/commonjs/ui/components/LanguageBridge.js.map
packed 5.90KB lib/commonjs/ui/components/OxyAccountDialogScreen.js
packed 2.81KB lib/commonjs/ui/components/OxyAccountDialogScreen.js.map
packed 19.45KB lib/commonjs/ui/components/OxyAuthChooser.js
packed 13.40KB lib/commonjs/ui/components/OxyAuthChooser.js.map
packed 3.97KB lib/commonjs/ui/components/OxyAuthPrompt.js
packed 3.58KB lib/commonjs/ui/components/OxyAuthPrompt.js.map
packed 20.91KB lib/commonjs/ui/components/OxyConsentScreen.js
packed 19.73KB lib/commonjs/ui/components/OxyConsentScreen.js.map
packed 1.46KB lib/commonjs/ui/components/OxyOAuthCallback.js
packed 1.52KB lib/commonjs/ui/components/OxyOAuthCallback.js.map
packed 407B lib/commonjs/ui/components/OxyPayButton.js
packed 347B lib/commonjs/ui/components/OxyPayButton.js.map
packed 10.92KB lib/commonjs/ui/components/OxyProvider.js
packed 8.77KB lib/commonjs/ui/components/OxyProvider.js.map
packed 13.38KB lib/commonjs/ui/components/OxySignInButton.js
packed 9.18KB lib/commonjs/ui/components/OxySignInButton.js.map
packed 6.32KB lib/commonjs/ui/components/OxySignInRequestSurface.js
packed 4.11KB lib/commonjs/ui/components/OxySignInRequestSurface.js.map
packed 2.1KB lib/commonjs/ui/components/PeableButton.js
packed 2.52KB lib/commonjs/ui/components/PeableButton.js.map
packed 5.83KB lib/commonjs/ui/components/ProfileButton.js
packed 6.52KB lib/commonjs/ui/components/ProfileButton.js.map
packed 2.93KB lib/commonjs/ui/components/ProfileSummaryCard.js
packed 2.76KB lib/commonjs/ui/components/ProfileSummaryCard.js.map
packed 9.77KB lib/commonjs/ui/components/RequireOxyAuth.js
packed 8.27KB lib/commonjs/ui/components/RequireOxyAuth.js.map
packed 1.48KB lib/commonjs/ui/components/SettingsIcon.js
packed 1.58KB lib/commonjs/ui/components/SettingsIcon.js.map
packed 0.62KB lib/commonjs/ui/components/SurfaceHeaderAction.js
packed 0.62KB lib/commonjs/ui/components/SurfaceHeaderAction.js.map
packed 11.53KB lib/commonjs/ui/components/SurfaceScreen.js
packed 10.35KB lib/commonjs/ui/components/SurfaceScreen.js.map
packed 31.54KB lib/commonjs/ui/components/authChooser/AccountsMenuView.js
packed 24.32KB lib/commonjs/ui/components/authChooser/AccountsMenuView.js.map
packed 3.75KB lib/commonjs/ui/components/authChooser/SignInRequestView.js
packed 2.37KB lib/commonjs/ui/components/authChooser/SignInRequestView.js.map
packed 3.0KB lib/commonjs/ui/components/authChooser/TroubleDisclosure.js
packed 2.37KB lib/commonjs/ui/components/authChooser/TroubleDisclosure.js.map
packed 1.46KB lib/commonjs/ui/components/authChooser/primitives.js
packed 0.88KB lib/commonjs/ui/components/authChooser/primitives.js.map
packed 6.0KB lib/commonjs/ui/components/authChooser/requestSurfaces.js
packed 4.30KB lib/commonjs/ui/components/authChooser/requestSurfaces.js.map
packed 1.19KB lib/commonjs/ui/components/authChooser/signInFailureMessage.js
packed 0.65KB lib/commonjs/ui/components/authChooser/signInFailureMessage.js.map
packed 2.18KB lib/commonjs/ui/components/authChooser/signInProgress.js
packed 0.95KB lib/commonjs/ui/components/authChooser/signInProgress.js.map
packed 5.1KB lib/commonjs/ui/components/authChooser/styles.js
packed 2.97KB lib/commonjs/ui/components/authChooser/styles.js.map
packed 2.92KB lib/commonjs/ui/components/authChooser/types.js
packed 0.87KB lib/commonjs/ui/components/authChooser/types.js.map
packed 1.53KB lib/commonjs/ui/components/feedback/constants.js
packed 1.61KB lib/commonjs/ui/components/feedback/constants.js.map
packed 113B lib/commonjs/ui/components/feedback/types.js
packed 135B lib/commonjs/ui/components/feedback/types.js.map
packed 1.17KB lib/commonjs/ui/components/feedback/useFeedbackForm.js
packed 1.44KB lib/commonjs/ui/components/feedback/useFeedbackForm.js.map
packed 5.81KB lib/commonjs/ui/components/fileManagement/FileDetailsModal.js
packed 4.83KB lib/commonjs/ui/components/fileManagement/FileDetailsModal.js.map
packed 15.40KB lib/commonjs/ui/components/fileManagement/FileViewer.js
packed 13.59KB lib/commonjs/ui/components/fileManagement/FileViewer.js.map
packed 6.49KB lib/commonjs/ui/components/fileManagement/UploadPreview.js
packed 6.1KB lib/commonjs/ui/components/fileManagement/UploadPreview.js.map
packed 2.83KB lib/commonjs/ui/components/followButtonAccessibility.js
packed 1.64KB lib/commonjs/ui/components/followButtonAccessibility.js.map
packed 3.51KB lib/commonjs/ui/components/followRules.js
packed 2.0KB lib/commonjs/ui/components/followRules.js.map
packed 3.15KB lib/commonjs/ui/components/icon/FAIRWalletIcon.js
packed 3.1KB lib/commonjs/ui/components/icon/FAIRWalletIcon.js.map
packed 9.95KB lib/commonjs/ui/components/logo/LogoIcon.js
packed 3.31KB lib/commonjs/ui/components/logo/LogoIcon.js.map
packed 13.76KB lib/commonjs/ui/components/logo/LogoText.js
packed 2.96KB lib/commonjs/ui/components/logo/LogoText.js.map
packed 5.15KB lib/commonjs/ui/components/modals/DeleteAccountModal.js
packed 4.88KB lib/commonjs/ui/components/modals/DeleteAccountModal.js.map
packed 4.23KB lib/commonjs/ui/components/oauthNavigation.js
packed 2.88KB lib/commonjs/ui/components/oauthNavigation.js.map
packed 14.23KB lib/commonjs/ui/components/payment/PaymentDetailsStep.js
packed 13.12KB lib/commonjs/ui/components/payment/PaymentDetailsStep.js.map
packed 3.91KB lib/commonjs/ui/components/payment/PaymentMethodStep.js
packed 4.30KB lib/commonjs/ui/components/payment/PaymentMethodStep.js.map
packed 5.74KB lib/commonjs/ui/components/payment/PaymentReviewStep.js
packed 5.92KB lib/commonjs/ui/components/payment/PaymentReviewStep.js.map
packed 2.98KB lib/commonjs/ui/components/payment/PaymentSuccessStep.js
packed 3.35KB lib/commonjs/ui/components/payment/PaymentSuccessStep.js.map
packed 8.91KB lib/commonjs/ui/components/payment/PaymentSummaryStep.js
packed 8.93KB lib/commonjs/ui/components/payment/PaymentSummaryStep.js.map
packed 1.42KB lib/commonjs/ui/components/payment/constants.js
packed 1.49KB lib/commonjs/ui/components/payment/constants.js.map
packed 8.0KB lib/commonjs/ui/components/payment/paymentStyles.js
packed 9.87KB lib/commonjs/ui/components/payment/paymentStyles.js.map
packed 113B lib/commonjs/ui/components/payment/types.js
packed 134B lib/commonjs/ui/components/payment/types.js.map
packed 9.79KB lib/commonjs/ui/components/photogrid/JustifiedPhotoGrid.js
packed 9.63KB lib/commonjs/ui/components/photogrid/JustifiedPhotoGrid.js.map
packed 6.0KB lib/commonjs/ui/components/signIn/InlineCommonsQr.js
packed 5.68KB lib/commonjs/ui/components/signIn/InlineCommonsQr.js.map
packed 9.30KB lib/commonjs/ui/components/signIn/OxyAccountPicker.js
packed 7.77KB lib/commonjs/ui/components/signIn/OxyAccountPicker.js.map
packed 6.16KB lib/commonjs/ui/components/signIn/OxyAuthScreen.js
packed 4.88KB lib/commonjs/ui/components/signIn/OxyAuthScreen.js.map
packed 11.80KB lib/commonjs/ui/components/signIn/OxyAuthenticatorPanel.js
packed 11.43KB lib/commonjs/ui/components/signIn/OxyAuthenticatorPanel.js.map
packed 4.54KB lib/commonjs/ui/components/signIn/OxyDeleteAccountPanel.js
packed 4.39KB lib/commonjs/ui/components/signIn/OxyDeleteAccountPanel.js.map
packed 10.40KB lib/commonjs/ui/components/signIn/OxyLinkCommonsPanel.js
packed 10.23KB lib/commonjs/ui/components/signIn/OxyLinkCommonsPanel.js.map
packed 4.75KB lib/commonjs/ui/components/signIn/OxyPasswordPanel.js
packed 4.91KB lib/commonjs/ui/components/signIn/OxyPasswordPanel.js.map
packed 28.91KB lib/commonjs/ui/components/signIn/OxySignInPanel.js
packed 25.91KB lib/commonjs/ui/components/signIn/OxySignInPanel.js.map
packed 9.34KB lib/commonjs/ui/components/signIn/OxySignUpPanel.js
packed 9.16KB lib/commonjs/ui/components/signIn/OxySignUpPanel.js.map
packed 6.93KB lib/commonjs/ui/components/signIn/ReauthStep.js
packed 7.16KB lib/commonjs/ui/components/signIn/ReauthStep.js.map
packed 13.42KB lib/commonjs/ui/components/signIn/accountFlowParts.js
packed 12.17KB lib/commonjs/ui/components/signIn/accountFlowParts.js.map
packed 0.94KB lib/commonjs/ui/components/signIn/artwork.js
packed 0.74KB lib/commonjs/ui/components/signIn/artwork.js.map
packed 1.64KB lib/commonjs/ui/components/signIn/signInFlowStore.js
packed 1.1KB lib/commonjs/ui/components/signIn/signInFlowStore.js.map
packed 1.12KB lib/commonjs/ui/components/signIn/signInMethods.js
packed 484B lib/commonjs/ui/components/signIn/signInMethods.js.map
packed 2.30KB lib/commonjs/ui/components/styles/overlay.js
packed 3.28KB lib/commonjs/ui/components/styles/overlay.js.map
packed 3.13KB lib/commonjs/ui/components/styles/shadow.js
packed 3.51KB lib/commonjs/ui/components/styles/shadow.js.map
packed 2.69KB lib/commonjs/ui/components/surfaces/ActionSheetSurface.js
packed 2.51KB lib/commonjs/ui/components/surfaces/ActionSheetSurface.js.map
packed 384B lib/commonjs/ui/components/utils/hasTouchHandler.js
packed 450B lib/commonjs/ui/components/utils/hasTouchHandler.js.map
packed 264B lib/commonjs/ui/components/utils/roundLayoutSize.js
packed 315B lib/commonjs/ui/components/utils/roundLayoutSize.js.map
packed 1.80KB lib/commonjs/ui/components/utils/splitStyles.js
packed 1.20KB lib/commonjs/ui/components/utils/splitStyles.js.map
packed 2.10KB lib/commonjs/ui/constants/spacing.js
packed 1.37KB lib/commonjs/ui/constants/spacing.js.map
packed 66.76KB lib/commonjs/ui/context/OxyContext.js
packed 46.48KB lib/commonjs/ui/context/OxyContext.js.map
packed 3.97KB lib/commonjs/ui/context/commitSessionFlow.js
packed 2.38KB lib/commonjs/ui/context/commitSessionFlow.js.map
packed 16.94KB lib/commonjs/ui/context/hooks/useAuthOperations.js
packed 11.66KB lib/commonjs/ui/context/hooks/useAuthOperations.js.map
packed 1.79KB lib/commonjs/ui/context/isolatedOAuthSession.js
packed 1.66KB lib/commonjs/ui/context/isolatedOAuthSession.js.map
packed 1.0KB lib/commonjs/ui/context/oxyContextHelpers.js
packed 0.95KB lib/commonjs/ui/context/oxyContextHelpers.js.map
packed 123B lib/commonjs/ui/context/oxyContextTypes.js
packed 130B lib/commonjs/ui/context/oxyContextTypes.js.map
packed 3.70KB lib/commonjs/ui/context/useOxyAccountGraph.js
packed 3.49KB lib/commonjs/ui/context/useOxyAccountGraph.js.map
packed 2.0KB lib/commonjs/ui/hooks/accountDialogSnapshot.js
packed 1.71KB lib/commonjs/ui/hooks/accountDialogSnapshot.js.map
packed 7.11KB lib/commonjs/ui/hooks/accountQueryPersistence.js
packed 6.68KB lib/commonjs/ui/hooks/accountQueryPersistence.js.map
packed 5.61KB lib/commonjs/ui/hooks/mutations/mutationFactory.js
packed 4.56KB lib/commonjs/ui/hooks/mutations/mutationFactory.js.map
packed 1.48KB lib/commonjs/ui/hooks/mutations/mutationKeys.js
packed 1.28KB lib/commonjs/ui/hooks/mutations/mutationKeys.js.map
packed 26.55KB lib/commonjs/ui/hooks/mutations/useAccountMutations.js
packed 19.68KB lib/commonjs/ui/hooks/mutations/useAccountMutations.js.map
packed 6.23KB lib/commonjs/ui/hooks/mutations/useServicesMutations.js
packed 5.92KB lib/commonjs/ui/hooks/mutations/useServicesMutations.js.map
packed 3.63KB lib/commonjs/ui/hooks/persistedQueryCache.js
packed 2.85KB lib/commonjs/ui/hooks/persistedQueryCache.js.map
packed 54B lib/commonjs/ui/hooks/queries/paymentTypes.js
packed 136B lib/commonjs/ui/hooks/queries/paymentTypes.js.map
packed 8.87KB lib/commonjs/ui/hooks/queries/queryKeys.js
packed 8.63KB lib/commonjs/ui/hooks/queries/queryKeys.js.map
packed 13.15KB lib/commonjs/ui/hooks/queries/useAccountQueries.js
packed 8.50KB lib/commonjs/ui/hooks/queries/useAccountQueries.js.map
packed 2.1KB lib/commonjs/ui/hooks/queries/useAuthMethods.js
packed 1.78KB lib/commonjs/ui/hooks/queries/useAuthMethods.js.map
packed 4.74KB lib/commonjs/ui/hooks/queries/useFileQueries.js
packed 4.34KB lib/commonjs/ui/hooks/queries/useFileQueries.js.map
packed 5.16KB lib/commonjs/ui/hooks/queries/usePaymentQueries.js
packed 3.50KB lib/commonjs/ui/hooks/queries/usePaymentQueries.js.map
packed 3.1KB lib/commonjs/ui/hooks/queries/useSecurityQueries.js
packed 3.1KB lib/commonjs/ui/hooks/queries/useSecurityQueries.js.map
packed 5.60KB lib/commonjs/ui/hooks/queries/useServicesQueries.js
packed 5.39KB lib/commonjs/ui/hooks/queries/useServicesQueries.js.map
packed 19.17KB lib/commonjs/ui/hooks/queries/userCache.js
packed 10.1KB lib/commonjs/ui/hooks/queries/userCache.js.map
packed 1.15KB lib/commonjs/ui/hooks/queries/userCacheRelationship.js
packed 0.85KB lib/commonjs/ui/hooks/queries/userCacheRelationship.js.map
packed 7.55KB lib/commonjs/ui/hooks/queryClient.js
packed 5.18KB lib/commonjs/ui/hooks/queryClient.js.map
packed 6.75KB lib/commonjs/ui/hooks/useAssets.js
packed 6.53KB lib/commonjs/ui/hooks/useAssets.js.map
packed 2.67KB lib/commonjs/ui/hooks/useAsyncAction.js
packed 2.41KB lib/commonjs/ui/hooks/useAsyncAction.js.map
packed 5.39KB lib/commonjs/ui/hooks/useAuth.js
packed 3.97KB lib/commonjs/ui/hooks/useAuth.js.map
packed 4.71KB lib/commonjs/ui/hooks/useAvatarPicker.js
packed 3.20KB lib/commonjs/ui/hooks/useAvatarPicker.js.map
packed 2.55KB lib/commonjs/ui/hooks/useDeviceManagement.js
packed 2.31KB lib/commonjs/ui/hooks/useDeviceManagement.js.map
packed 2.80KB lib/commonjs/ui/hooks/useDeviceSwitcher.js
packed 2.12KB lib/commonjs/ui/hooks/useDeviceSwitcher.js.map
packed 1.92KB lib/commonjs/ui/hooks/useFileDownloadUrl.js
packed 1.97KB lib/commonjs/ui/hooks/useFileDownloadUrl.js.map
packed 3.1KB lib/commonjs/ui/hooks/useFileFiltering.js
packed 3.73KB lib/commonjs/ui/hooks/useFileFiltering.js.map
packed 17.40KB lib/commonjs/ui/hooks/useFollow.js
packed 13.91KB lib/commonjs/ui/hooks/useFollow.js.map
packed 123B lib/commonjs/ui/hooks/useFollow.types.js
packed 128B lib/commonjs/ui/hooks/useFollow.types.js.map
packed 7.57KB lib/commonjs/ui/hooks/useFollowTarget.js
packed 6.15KB lib/commonjs/ui/hooks/useFollowTarget.js.map
packed 1.90KB lib/commonjs/ui/hooks/useI18n.js
packed 1.0KB lib/commonjs/ui/hooks/useI18n.js.map
packed 6.86KB lib/commonjs/ui/hooks/useLanguageManagement.js
packed 5.88KB lib/commonjs/ui/hooks/useLanguageManagement.js.map
packed 2.50KB lib/commonjs/ui/hooks/useMutationStatus.js
packed 2.57KB lib/commonjs/ui/hooks/useMutationStatus.js.map
packed 1.18KB lib/commonjs/ui/hooks/useOnlineStatus.js
packed 0.76KB lib/commonjs/ui/hooks/useOnlineStatus.js.map
packed 0.89KB lib/commonjs/ui/hooks/useOxyEvent.js
packed 0.77KB lib/commonjs/ui/hooks/useOxyEvent.js.map
packed 4.92KB lib/commonjs/ui/hooks/useProfileEditing.js
packed 4.61KB lib/commonjs/ui/hooks/useProfileEditing.js.map
packed 0.59KB lib/commonjs/ui/hooks/useQueryClient.js
packed 486B lib/commonjs/ui/hooks/useQueryClient.js.map
packed 2.0KB lib/commonjs/ui/hooks/useReduceMotion.js
packed 1.53KB lib/commonjs/ui/hooks/useReduceMotion.js.map
packed 6.54KB lib/commonjs/ui/hooks/useResolvedFileUrls.js
packed 4.26KB lib/commonjs/ui/hooks/useResolvedFileUrls.js.map
packed 7.20KB lib/commonjs/ui/hooks/useSessionManagement.js
packed 5.96KB lib/commonjs/ui/hooks/useSessionManagement.js.map
packed 3.75KB lib/commonjs/ui/hooks/useSettingToggle.js
packed 3.51KB lib/commonjs/ui/hooks/useSettingToggle.js.map
packed 1.25KB lib/commonjs/ui/hooks/useStorage.js
packed 1.26KB lib/commonjs/ui/hooks/useStorage.js.map
packed 1.1KB lib/commonjs/ui/hooks/useSurfaceFrameWidth.js
packed 0.70KB lib/commonjs/ui/hooks/useSurfaceFrameWidth.js.map
packed 6.59KB lib/commonjs/ui/hooks/useSurfaceHeader.js
packed 4.85KB lib/commonjs/ui/hooks/useSurfaceHeader.js.map
packed 0.87KB lib/commonjs/ui/icons/Ionicons.js
packed 0.75KB lib/commonjs/ui/icons/Ionicons.js.map
packed 0.99KB lib/commonjs/ui/icons/MaterialCommunityIcons.js
packed 0.81KB lib/commonjs/ui/icons/MaterialCommunityIcons.js.map
packed 2.31KB lib/commonjs/ui/icons/decorativeIconSet.js
packed 1.12KB lib/commonjs/ui/icons/decorativeIconSet.js.map
packed 8.19KB lib/commonjs/ui/icons/subsetGlyphMaps.js
packed 7.30KB lib/commonjs/ui/icons/subsetGlyphMaps.js.map
packed 4.32KB lib/commonjs/ui/index.js
packed 1.16KB lib/commonjs/ui/index.js.map
packed 398B lib/commonjs/ui/isFrontend.js
packed 349B lib/commonjs/ui/isFrontend.js.map
packed 3.54KB lib/commonjs/ui/navigation/accountDialogManager.js
packed 1.93KB lib/commonjs/ui/navigation/accountDialogManager.js.map
packed 2.57KB lib/commonjs/ui/navigation/bottomSheetManager.js
packed 1.54KB lib/commonjs/ui/navigation/bottomSheetManager.js.map
packed 10.0KB lib/commonjs/ui/navigation/routes.js
packed 6.83KB lib/commonjs/ui/navigation/routes.js.map
packed 2.28KB lib/commonjs/ui/navigation/surfaceBackBridge.js
packed 1.95KB lib/commonjs/ui/navigation/surfaceBackBridge.js.map
packed 4.81KB lib/commonjs/ui/navigation/surfaceNavStack.js
packed 4.1KB lib/commonjs/ui/navigation/surfaceNavStack.js.map
packed 7.0KB lib/commonjs/ui/navigation/surfaceRegistry.js
packed 2.67KB lib/commonjs/ui/navigation/surfaceRegistry.js.map
packed 13.74KB lib/commonjs/ui/navigation/surfaces.js
packed 7.17KB lib/commonjs/ui/navigation/surfaces.js.map
packed 1.46KB lib/commonjs/ui/oauth/applicationSessionLane.js
packed 1.36KB lib/commonjs/ui/oauth/applicationSessionLane.js.map
packed 6.13KB lib/commonjs/ui/oauth/browserAuthTransport.js
packed 4.69KB lib/commonjs/ui/oauth/browserAuthTransport.js.map
packed 8.40KB lib/commonjs/ui/oauth/browserBridge.js
packed 7.1KB lib/commonjs/ui/oauth/browserBridge.js.map
packed 2.53KB lib/commonjs/ui/oauth/completeOAuthCode.js
packed 1.96KB lib/commonjs/ui/oauth/completeOAuthCode.js.map
packed 7.25KB lib/commonjs/ui/oauth/explicitOAuthConsent.js
packed 7.15KB lib/commonjs/ui/oauth/explicitOAuthConsent.js.map
packed 3.92KB lib/commonjs/ui/oauth/nativeAuthTransport.js
packed 4.43KB lib/commonjs/ui/oauth/nativeAuthTransport.js.map
packed 1.96KB lib/commonjs/ui/oauth/oauthHandshake.js
packed 1.32KB lib/commonjs/ui/oauth/oauthHandshake.js.map
packed 9.21KB lib/commonjs/ui/oauth/oauthPopup.js
packed 5.97KB lib/commonjs/ui/oauth/oauthPopup.js.map
packed 5.76KB lib/commonjs/ui/oauth/oauthPopupMessages.js
packed 3.1KB lib/commonjs/ui/oauth/oauthPopupMessages.js.map
packed 47B lib/commonjs/ui/oauth/types.js
packed 118B lib/commonjs/ui/oauth/types.js.map
packed 14.58KB lib/commonjs/ui/runtime/createOxyRuntime.js
packed 12.1KB lib/commonjs/ui/runtime/createOxyRuntime.js.map
packed 1.65KB lib/commonjs/ui/runtime/index.js
packed 330B lib/commonjs/ui/runtime/index.js.map
packed 3.29KB lib/commonjs/ui/runtime/runtimeContext.js
packed 2.24KB lib/commonjs/ui/runtime/runtimeContext.js.map
packed 113B lib/commonjs/ui/runtime/types.js
packed 120B lib/commonjs/ui/runtime/types.js.map
packed 2.1KB lib/commonjs/ui/runtime/useRuntimeSnapshot.js
packed 1.43KB lib/commonjs/ui/runtime/useRuntimeSnapshot.js.map
packed 21.0KB lib/commonjs/ui/screens/AccountMembersScreen.js
packed 18.66KB lib/commonjs/ui/screens/AccountMembersScreen.js.map
packed 1.19KB lib/commonjs/ui/screens/AccountSecurityPanelScreen.js
packed 0.94KB lib/commonjs/ui/screens/AccountSecurityPanelScreen.js.map
packed 12.29KB lib/commonjs/ui/screens/AccountSettingsScreen.js
packed 11.79KB lib/commonjs/ui/screens/AccountSettingsScreen.js.map
packed 9.87KB lib/commonjs/ui/screens/AccountVerificationScreen.js
packed 8.42KB lib/commonjs/ui/screens/AccountVerificationScreen.js.map
packed 16.72KB lib/commonjs/ui/screens/AppInfoScreen.js
packed 15.45KB lib/commonjs/ui/screens/AppInfoScreen.js.map
packed 40.46KB lib/commonjs/ui/screens/AvatarCropScreen.js
packed 34.21KB lib/commonjs/ui/screens/AvatarCropScreen.js.map
packed 14.26KB lib/commonjs/ui/screens/ChangeAvatarScreen.js
packed 10.69KB lib/commonjs/ui/screens/ChangeAvatarScreen.js.map
packed 7.0KB lib/commonjs/ui/screens/ConnectedAppsScreen.js
packed 7.51KB lib/commonjs/ui/screens/ConnectedAppsScreen.js.map
packed 20.17KB lib/commonjs/ui/screens/CreateAccountScreen.js
packed 15.61KB lib/commonjs/ui/screens/CreateAccountScreen.js.map
packed 0.78KB lib/commonjs/ui/screens/DeleteAccountScreen.js
packed 0.74KB lib/commonjs/ui/screens/DeleteAccountScreen.js.map
packed 9.29KB lib/commonjs/ui/screens/DomainsScreen.js
packed 10.15KB lib/commonjs/ui/screens/DomainsScreen.js.map
packed 30.39KB lib/commonjs/ui/screens/EditProfileFieldScreen.js
packed 26.92KB lib/commonjs/ui/screens/EditProfileFieldScreen.js.map
packed 7.29KB lib/commonjs/ui/screens/EditProfileScreen.js
packed 6.92KB lib/commonjs/ui/screens/EditProfileScreen.js.map
packed 61.34KB lib/commonjs/ui/screens/FileManagementScreen.js
packed 53.77KB lib/commonjs/ui/screens/FileManagementScreen.js.map
packed 0.57KB lib/commonjs/ui/screens/FollowersListScreen.js
packed 0.65KB lib/commonjs/ui/screens/FollowersListScreen.js.map
packed 0.57KB lib/commonjs/ui/screens/FollowingListScreen.js
packed 0.65KB lib/commonjs/ui/screens/FollowingListScreen.js.map
packed 5.51KB lib/commonjs/ui/screens/HelpSupportScreen.js
packed 5.66KB lib/commonjs/ui/screens/HelpSupportScreen.js.map
packed 7.97KB lib/commonjs/ui/screens/HistoryViewScreen.js
packed 8.85KB lib/commonjs/ui/screens/HistoryViewScreen.js.map
packed 10.21KB lib/commonjs/ui/screens/LanguageSelectorScreen.js
packed 10.28KB lib/commonjs/ui/screens/LanguageSelectorScreen.js.map
packed 5.36KB lib/commonjs/ui/screens/LearnMoreUsernamesScreen.js
packed 4.41KB lib/commonjs/ui/screens/LearnMoreUsernamesScreen.js.map
packed 8.74KB lib/commonjs/ui/screens/LegalDocumentsScreen.js
packed 7.79KB lib/commonjs/ui/screens/LegalDocumentsScreen.js.map
packed 0.71KB lib/commonjs/ui/screens/LinkCommonsScreen.js
packed 0.64KB lib/commonjs/ui/screens/LinkCommonsScreen.js.map
packed 32.20KB lib/commonjs/ui/screens/ManageAccountScreen.js
packed 27.98KB lib/commonjs/ui/screens/ManageAccountScreen.js.map
packed 7.0KB lib/commonjs/ui/screens/NotificationsScreen.js
packed 6.69KB lib/commonjs/ui/screens/NotificationsScreen.js.map
packed 9.96KB lib/commonjs/ui/screens/PaymentGatewayScreen.js
packed 9.76KB lib/commonjs/ui/screens/PaymentGatewayScreen.js.map
packed 8.87KB lib/commonjs/ui/screens/PreferencesScreen.js
packed 8.45KB lib/commonjs/ui/screens/PreferencesScreen.js.map
packed 23.0KB lib/commonjs/ui/screens/PrivacySettingsScreen.js
packed 21.15KB lib/commonjs/ui/screens/PrivacySettingsScreen.js.map
packed 19.0KB lib/commonjs/ui/screens/ProfileScreen.js
packed 16.92KB lib/commonjs/ui/screens/ProfileScreen.js.map
packed 5.70KB lib/commonjs/ui/screens/SearchSettingsScreen.js
packed 5.73KB lib/commonjs/ui/screens/SearchSettingsScreen.js.map
packed 0.75KB lib/commonjs/ui/screens/SignInAuthenticatorScreen.js
packed 0.66KB lib/commonjs/ui/screens/SignInAuthenticatorScreen.js.map
packed 0.78KB lib/commonjs/ui/screens/SignInPasswordScreen.js
packed 0.78KB lib/commonjs/ui/screens/SignInPasswordScreen.js.map
packed 1.98KB lib/commonjs/ui/screens/UserLinksScreen.js
packed 2.36KB lib/commonjs/ui/screens/UserLinksScreen.js.map
packed 11.27KB lib/commonjs/ui/screens/UserListScreen.js
packed 11.68KB lib/commonjs/ui/screens/UserListScreen.js.map
packed 19.10KB lib/commonjs/ui/screens/WelcomeNewUserScreen.js
packed 17.34KB lib/commonjs/ui/screens/WelcomeNewUserScreen.js.map
packed 1.89KB lib/commonjs/ui/screens/fileManagement/FileLibraryError.js
packed 1.64KB lib/commonjs/ui/screens/fileManagement/FileLibraryError.js.map
packed 4.1KB lib/commonjs/ui/screens/fileManagement/FileListSection.js
packed 4.1KB lib/commonjs/ui/screens/fileManagement/FileListSection.js.map
packed 24.18KB lib/commonjs/ui/screens/fileManagement/PhotoPickerSection.js
packed 17.78KB lib/commonjs/ui/screens/fileManagement/PhotoPickerSection.js.map
packed 1.68KB lib/commonjs/ui/screens/fileManagement/UploadBar.js
packed 1.69KB lib/commonjs/ui/screens/fileManagement/UploadBar.js.map
packed 19.42KB lib/commonjs/ui/screens/fileManagement/hooks/useFileUploadState.js
packed 16.28KB lib/commonjs/ui/screens/fileManagement/hooks/useFileUploadState.js.map
packed 1.85KB lib/commonjs/ui/screens/fileManagement/photoGridLayout.js
packed 0.85KB lib/commonjs/ui/screens/fileManagement/photoGridLayout.js.map
packed 3.81KB lib/commonjs/ui/screens/fileManagement/shared.js
packed 3.55KB lib/commonjs/ui/screens/fileManagement/shared.js.map
packed 2.1KB lib/commonjs/ui/screens/index.js
packed 0.82KB lib/commonjs/ui/screens/index.js.map
packed 1.32KB lib/commonjs/ui/screens/linkFormat.js
packed 0.88KB lib/commonjs/ui/screens/linkFormat.js.map
packed 4.98KB lib/commonjs/ui/screens/trust/TrustAboutScreen.js
packed 3.85KB lib/commonjs/ui/screens/trust/TrustAboutScreen.js.map
packed 8.66KB lib/commonjs/ui/screens/trust/TrustCenterScreen.js
packed 8.46KB lib/commonjs/ui/screens/trust/TrustCenterScreen.js.map
packed 4.21KB lib/commonjs/ui/screens/trust/TrustFAQScreen.js
packed 4.84KB lib/commonjs/ui/screens/trust/TrustFAQScreen.js.map
packed 8.64KB lib/commonjs/ui/screens/trust/TrustLeaderboardScreen.js
packed 9.0KB lib/commonjs/ui/screens/trust/TrustLeaderboardScreen.js.map
packed 17.72KB lib/commonjs/ui/screens/trust/TrustRewardsScreen.js
packed 17.1KB lib/commonjs/ui/screens/trust/TrustRewardsScreen.js.map
packed 4.21KB lib/commonjs/ui/screens/trust/TrustRulesScreen.js
packed 4.64KB lib/commonjs/ui/screens/trust/TrustRulesScreen.js.map
packed 2.65KB lib/commonjs/ui/server.js
packed 1.78KB lib/commonjs/ui/server.js.map
packed 2.46KB lib/commonjs/ui/session/authStore.js
packed 1.14KB lib/commonjs/ui/session/authStore.js.map
packed 9.48KB lib/commonjs/ui/session/backgroundSession.js
packed 3.90KB lib/commonjs/ui/session/backgroundSession.js.map
packed 3.20KB lib/commonjs/ui/session/createSessionClient.js
packed 1.58KB lib/commonjs/ui/session/createSessionClient.js.map
packed 1.26KB lib/commonjs/ui/session/deviceCredentialTracker.js
packed 1.0KB lib/commonjs/ui/session/deviceCredentialTracker.js.map
packed 4.00KB lib/commonjs/ui/session/identityBinding.js
packed 1.96KB lib/commonjs/ui/session/identityBinding.js.map
packed 2.17KB lib/commonjs/ui/session/index.js
packed 476B lib/commonjs/ui/session/index.js.map
packed 3.99KB lib/commonjs/ui/session/nativeSecureStorage.js
packed 3.32KB lib/commonjs/ui/session/nativeSecureStorage.js.map
packed 12.17KB lib/commonjs/ui/session/sharedDeviceCredentialStore.js
packed 7.24KB lib/commonjs/ui/session/sharedDeviceCredentialStore.js.map
packed 4.73KB lib/commonjs/ui/session/tokenLossRecovery.js
packed 3.0KB lib/commonjs/ui/session/tokenLossRecovery.js.map
packed 3.39KB lib/commonjs/ui/session/tokenTransport.js
packed 1.35KB lib/commonjs/ui/session/tokenTransport.js.map
packed 3.14KB lib/commonjs/ui/session/useBackgroundSessionSync.js
packed 1.44KB lib/commonjs/ui/session/useBackgroundSessionSync.js.map
packed 6.32KB lib/commonjs/ui/stores/assetStore.js
packed 7.60KB lib/commonjs/ui/stores/assetStore.js.map
packed 5.21KB lib/commonjs/ui/stores/authStore.js
packed 4.11KB lib/commonjs/ui/stores/authStore.js.map
packed 16.13KB lib/commonjs/ui/stores/followStore.js
packed 14.37KB lib/commonjs/ui/stores/followStore.js.map
packed 5.27KB lib/commonjs/ui/stores/followTargetStore.js
packed 2.97KB lib/commonjs/ui/stores/followTargetStore.js.map
packed 0.81KB lib/commonjs/ui/stores/resetSessionScopedStores.js
packed 0.54KB lib/commonjs/ui/stores/resetSessionScopedStores.js.map
packed 122B lib/commonjs/ui/types/fileManagement.js
packed 127B lib/commonjs/ui/types/fileManagement.js.map
packed 118B lib/commonjs/ui/types/navigation.js
packed 123B lib/commonjs/ui/types/navigation.js.map
packed 121B lib/commonjs/ui/types/surfaceScreen.js
packed 126B lib/commonjs/ui/types/surfaceScreen.js.map
packed 4.1KB lib/commonjs/ui/utils/accountDeletionHandoff.js
packed 2.39KB lib/commonjs/ui/utils/accountDeletionHandoff.js.map
packed 1.90KB lib/commonjs/ui/utils/avatarUtils.js
packed 1.52KB lib/commonjs/ui/utils/avatarUtils.js.map
packed 1.1KB lib/commonjs/ui/utils/buildId.js
packed 410B lib/commonjs/ui/utils/buildId.js.map
packed 0.77KB lib/commonjs/ui/utils/clipboard.js
packed 476B lib/commonjs/ui/utils/clipboard.js.map
packed 1.82KB lib/commonjs/ui/utils/clipboard.native.js
packed 503B lib/commonjs/ui/utils/clipboard.native.js.map
packed 1.1KB lib/commonjs/ui/utils/colorUtils.js
packed 213B lib/commonjs/ui/utils/colorUtils.js.map
packed 1.73KB lib/commonjs/ui/utils/commonsStoreLinks.js
packed 0.95KB lib/commonjs/ui/utils/commonsStoreLinks.js.map
packed 2.83KB lib/commonjs/ui/utils/deliveryPlatform.js
packed 1.12KB lib/commonjs/ui/utils/deliveryPlatform.js.map
packed 1.18KB lib/commonjs/ui/utils/deviceCredential.js
packed 0.76KB lib/commonjs/ui/utils/deviceCredential.js.map
packed 1.34KB lib/commonjs/ui/utils/deviceSessionTitle.js
packed 0.93KB lib/commonjs/ui/utils/deviceSessionTitle.js.map
packed 4.89KB lib/commonjs/ui/utils/errorHandlers.js
packed 4.22KB lib/commonjs/ui/utils/errorHandlers.js.map
packed 5.1KB lib/commonjs/ui/utils/fileManagement.js
packed 4.1KB lib/commonjs/ui/utils/fileManagement.js.map
packed 3.37KB lib/commonjs/ui/utils/iconNames.js
packed 3.0KB lib/commonjs/ui/utils/iconNames.js.map
packed 286B lib/commonjs/ui/utils/isWebBrowser.js
packed 179B lib/commonjs/ui/utils/isWebBrowser.js.map
packed 0.99KB lib/commonjs/ui/utils/netConnectivity.js
packed 0.66KB lib/commonjs/ui/utils/netConnectivity.js.map
packed 5.31KB lib/commonjs/ui/utils/oauthReturn.js
packed 3.71KB lib/commonjs/ui/utils/oauthReturn.js.map
packed 2.57KB lib/commonjs/ui/utils/sessionHelpers.js
packed 1.96KB lib/commonjs/ui/utils/sessionHelpers.js.map
packed 3.78KB lib/commonjs/ui/utils/storageHelpers.js
packed 2.95KB lib/commonjs/ui/utils/storageHelpers.js.map
packed 1.98KB lib/commonjs/ui/utils/userUtils.js
packed 1.90KB lib/commonjs/ui/utils/userUtils.js.map
packed 11.92KB lib/commonjs/utils/hookUtils.js
packed 12.65KB lib/commonjs/utils/hookUtils.js.map
packed 11.86KB lib/module/assets/OxyLogo.svg
packed 11.86KB lib/module/assets/assets/OxyLogo.svg
packed 43.0KB lib/module/assets/assets/fonts/icons/OxyServicesIonicons.ttf
packed 60B lib/module/assets/assets/fonts/icons/OxyServicesIonicons.ttf.d.ts
packed 28.85KB lib/module/assets/assets/fonts/icons/OxyServicesMaterialCommunityIcons.ttf
packed 60B lib/module/assets/assets/fonts/icons/OxyServicesMaterialCommunityIcons.ttf.d.ts
packed 8.14KB lib/module/assets/assets/fonts/icons/manifest.json
packed 4.10KB lib/module/assets/assets/icons/OxyServices.tsx
packed 2.80KB lib/module/assets/assets/icons/logo_OxyServices.svg
packed 13.42KB lib/module/assets/assets/illustrations/HighFive.tsx
packed 30.25KB lib/module/assets/assets/lottie/welcomeheader_background_op1.json
packed 102.17KB lib/module/assets/assets/signIn/slide-1.jpg
packed 150B lib/module/assets/assets/signIn/slide-1.jpg.d.ts
packed 87.91KB lib/module/assets/assets/signIn/slide-2.jpg
packed 150B lib/module/assets/assets/signIn/slide-2.jpg.d.ts
packed 59.19KB lib/module/assets/assets/signIn/slide-3.jpg
packed 150B lib/module/assets/assets/signIn/slide-3.jpg.d.ts
packed 46.64KB lib/module/assets/assets/signIn/slide-4.jpg
packed 150B lib/module/assets/assets/signIn/slide-4.jpg.d.ts
packed 43.0KB lib/module/assets/fonts/icons/OxyServicesIonicons.ttf
packed 28.85KB lib/module/assets/fonts/icons/OxyServicesMaterialCommunityIcons.ttf
packed 8.14KB lib/module/assets/fonts/icons/manifest.json
packed 3.67KB lib/module/assets/icons/OxyServices.js
packed 1.27KB lib/module/assets/icons/OxyServices.js.map
packed 2.80KB lib/module/assets/icons/logo_OxyServices.svg
packed 13.61KB lib/module/assets/illustrations/HighFive.js
packed 1.50KB lib/module/assets/illustrations/HighFive.js.map
packed 30.25KB lib/module/assets/lottie/welcomeheader_background_op1.json
packed 102.17KB lib/module/assets/signIn/slide-1.jpg
packed 87.91KB lib/module/assets/signIn/slide-2.jpg
packed 59.19KB lib/module/assets/signIn/slide-3.jpg
packed 46.64KB lib/module/assets/signIn/slide-4.jpg
packed 15.50KB lib/module/index.js
packed 6.83KB lib/module/index.js.map
packed 16.56KB lib/module/notifications/deviceNotifications.js
packed 7.80KB lib/module/notifications/deviceNotifications.js.map
packed 18B lib/module/package.json
packed 2.66KB lib/module/ui/analytics/productAnalytics.js
packed 3.0KB lib/module/ui/analytics/productAnalytics.js.map
packed 8.99KB lib/module/ui/boot/runProviderColdBoot.js
packed 5.41KB lib/module/ui/boot/runProviderColdBoot.js.map
packed 3.13KB lib/module/ui/client.js
packed 2.31KB lib/module/ui/client.js.map
packed 1.22KB lib/module/ui/components/AvatarCameraBadge.js
packed 1.1KB lib/module/ui/components/AvatarCameraBadge.js.map
packed 2.44KB lib/module/ui/components/BenefitList.js
packed 2.57KB lib/module/ui/components/BenefitList.js.map
packed 1.32KB lib/module/ui/components/BloomLocaleBridge.js
packed 0.68KB lib/module/ui/components/BloomLocaleBridge.js.map
packed 9.68KB lib/module/ui/components/FollowButton.js
packed 9.1KB lib/module/ui/components/FollowButton.js.map
packed 10.23KB lib/module/ui/components/FollowTargetButton.js
packed 7.59KB lib/module/ui/components/FollowTargetButton.js.map
packed 323B lib/module/ui/components/KeyboardBoundary.js
packed 295B lib/module/ui/components/KeyboardBoundary.js.map
packed 382B lib/module/ui/components/KeyboardBoundary.native.js
packed 378B lib/module/ui/components/KeyboardBoundary.native.js.map
packed 299B lib/module/ui/components/KeyboardBoundary.web.js
packed 299B lib/module/ui/components/KeyboardBoundary.web.js.map
packed 1.88KB lib/module/ui/components/LanguageBridge.js
packed 1.25KB lib/module/ui/components/LanguageBridge.js.map
packed 5.48KB lib/module/ui/components/OxyAccountDialogScreen.js
packed 2.39KB lib/module/ui/components/OxyAccountDialogScreen.js.map
packed 18.69KB lib/module/ui/components/OxyAuthChooser.js
packed 12.72KB lib/module/ui/components/OxyAuthChooser.js.map
packed 3.44KB lib/module/ui/components/OxyAuthPrompt.js
packed 3.1KB lib/module/ui/components/OxyAuthPrompt.js.map
packed 19.1KB lib/module/ui/components/OxyConsentScreen.js
packed 17.95KB lib/module/ui/components/OxyConsentScreen.js.map
packed 1.27KB lib/module/ui/components/OxyOAuthCallback.js
packed 1.39KB lib/module/ui/components/OxyOAuthCallback.js.map
packed 356B lib/module/ui/components/OxyPayButton.js
packed 201B lib/module/ui/components/OxyPayButton.js.map
packed 9.59KB lib/module/ui/components/OxyProvider.js
packed 7.16KB lib/module/ui/components/OxyProvider.js.map
packed 12.81KB lib/module/ui/components/OxySignInButton.js
packed 8.84KB lib/module/ui/components/OxySignInButton.js.map
packed 5.61KB lib/module/ui/components/OxySignInRequestSurface.js
packed 3.48KB lib/module/ui/components/OxySignInRequestSurface.js.map
packed 1.90KB lib/module/ui/components/PeableButton.js
packed 2.35KB lib/module/ui/components/PeableButton.js.map
packed 4.78KB lib/module/ui/components/ProfileButton.js
packed 5.1KB lib/module/ui/components/ProfileButton.js.map
packed 2.50KB lib/module/ui/components/ProfileSummaryCard.js
packed 2.28KB lib/module/ui/components/ProfileSummaryCard.js.map
packed 8.90KB lib/module/ui/components/RequireOxyAuth.js
packed 7.42KB lib/module/ui/components/RequireOxyAuth.js.map
packed 1.13KB lib/module/ui/components/SettingsIcon.js
packed 1.24KB lib/module/ui/components/SettingsIcon.js.map
packed 454B lib/module/ui/components/SurfaceHeaderAction.js
packed 0.53KB lib/module/ui/components/SurfaceHeaderAction.js.map
packed 10.28KB lib/module/ui/components/SurfaceScreen.js
packed 8.85KB lib/module/ui/components/SurfaceScreen.js.map
packed 28.0KB lib/module/ui/components/authChooser/AccountsMenuView.js
packed 20.66KB lib/module/ui/components/authChooser/AccountsMenuView.js.map
packed 3.49KB lib/module/ui/components/authChooser/SignInRequestView.js
packed 2.1KB lib/module/ui/components/authChooser/SignInRequestView.js.map
packed 2.72KB lib/module/ui/components/authChooser/TroubleDisclosure.js
packed 2.15KB lib/module/ui/components/authChooser/TroubleDisclosure.js.map
packed 1.32KB lib/module/ui/components/authChooser/primitives.js
packed 0.81KB lib/module/ui/components/authChooser/primitives.js.map
packed 5.12KB lib/module/ui/components/authChooser/requestSurfaces.js
packed 3.63KB lib/module/ui/components/authChooser/requestSurfaces.js.map
packed 1.1KB lib/module/ui/components/authChooser/signInFailureMessage.js
packed 0.65KB lib/module/ui/components/authChooser/signInFailureMessage.js.map
packed 2.1KB lib/module/ui/components/authChooser/signInProgress.js
packed 0.95KB lib/module/ui/components/authChooser/signInProgress.js.map
packed 4.93KB lib/module/ui/components/authChooser/styles.js
packed 2.91KB lib/module/ui/components/authChooser/styles.js.map
packed 2.81KB lib/module/ui/components/authChooser/types.js
packed 0.87KB lib/module/ui/components/authChooser/types.js.map
packed 1.33KB lib/module/ui/components/feedback/constants.js
packed 1.54KB lib/module/ui/components/feedback/constants.js.map
packed 59B lib/module/ui/components/feedback/types.js
packed 135B lib/module/ui/components/feedback/types.js.map
packed 1.00KB lib/module/ui/components/feedback/useFeedbackForm.js
packed 1.37KB lib/module/ui/components/feedback/useFeedbackForm.js.map
packed 4.84KB lib/module/ui/components/fileManagement/FileDetailsModal.js
packed 3.89KB lib/module/ui/components/fileManagement/FileDetailsModal.js.map
packed 13.82KB lib/module/ui/components/fileManagement/FileViewer.js
packed 11.96KB lib/module/ui/components/fileManagement/FileViewer.js.map
packed 5.57KB lib/module/ui/components/fileManagement/UploadPreview.js
packed 5.15KB lib/module/ui/components/fileManagement/UploadPreview.js.map
packed 2.63KB lib/module/ui/components/followButtonAccessibility.js
packed 1.65KB lib/module/ui/components/followButtonAccessibility.js.map
packed 3.27KB lib/module/ui/components/followRules.js
packed 1.99KB lib/module/ui/components/followRules.js.map
packed 2.12KB lib/module/ui/components/icon/FAIRWalletIcon.js
packed 1.76KB lib/module/ui/components/icon/FAIRWalletIcon.js.map
packed 8.92KB lib/module/ui/components/logo/LogoIcon.js
packed 2.0KB lib/module/ui/components/logo/LogoIcon.js.map
packed 12.81KB lib/module/ui/components/logo/LogoText.js
packed 1.75KB lib/module/ui/components/logo/LogoText.js.map
packed 4.46KB lib/module/ui/components/modals/DeleteAccountModal.js
packed 4.21KB lib/module/ui/components/modals/DeleteAccountModal.js.map
packed 3.39KB lib/module/ui/components/oauthNavigation.js
packed 1.80KB lib/module/ui/components/oauthNavigation.js.map
packed 12.36KB lib/module/ui/components/payment/PaymentDetailsStep.js
packed 11.18KB lib/module/ui/components/payment/PaymentDetailsStep.js.map
packed 3.31KB lib/module/ui/components/payment/PaymentMethodStep.js
packed 3.63KB lib/module/ui/components/payment/PaymentMethodStep.js.map
packed 4.93KB lib/module/ui/components/payment/PaymentReviewStep.js
packed 5.0KB lib/module/ui/components/payment/PaymentReviewStep.js.map
packed 2.40KB lib/module/ui/components/payment/PaymentSuccessStep.js
packed 2.72KB lib/module/ui/components/payment/PaymentSuccessStep.js.map
packed 7.58KB lib/module/ui/components/payment/PaymentSummaryStep.js
packed 7.52KB lib/module/ui/components/payment/PaymentSummaryStep.js.map
packed 1.1KB lib/module/ui/components/payment/constants.js
packed 1.36KB lib/module/ui/components/payment/constants.js.map
packed 7.87KB lib/module/ui/components/payment/paymentStyles.js
packed 9.77KB lib/module/ui/components/payment/paymentStyles.js.map
packed 59B lib/module/ui/components/payment/types.js
packed 134B lib/module/ui/components/payment/types.js.map
packed 8.72KB lib/module/ui/components/photogrid/JustifiedPhotoGrid.js
packed 8.39KB lib/module/ui/components/photogrid/JustifiedPhotoGrid.js.map
packed 5.48KB lib/module/ui/components/signIn/InlineCommonsQr.js
packed 5.13KB lib/module/ui/components/signIn/InlineCommonsQr.js.map
packed 8.48KB lib/module/ui/components/signIn/OxyAccountPicker.js
packed 6.87KB lib/module/ui/components/signIn/OxyAccountPicker.js.map
packed 5.31KB lib/module/ui/components/signIn/OxyAuthScreen.js
packed 4.22KB lib/module/ui/components/signIn/OxyAuthScreen.js.map
packed 10.60KB lib/module/ui/components/signIn/OxyAuthenticatorPanel.js
packed 10.30KB lib/module/ui/components/signIn/OxyAuthenticatorPanel.js.map
packed 4.1KB lib/module/ui/components/signIn/OxyDeleteAccountPanel.js
packed 3.98KB lib/module/ui/components/signIn/OxyDeleteAccountPanel.js.map
packed 9.22KB lib/module/ui/components/signIn/OxyLinkCommonsPanel.js
packed 9.14KB lib/module/ui/components/signIn/OxyLinkCommonsPanel.js.map
packed 4.28KB lib/module/ui/components/signIn/OxyPasswordPanel.js
packed 4.49KB lib/module/ui/components/signIn/OxyPasswordPanel.js.map
packed 26.86KB lib/module/ui/components/signIn/OxySignInPanel.js
packed 24.31KB lib/module/ui/components/signIn/OxySignInPanel.js.map
packed 8.52KB lib/module/ui/components/signIn/OxySignUpPanel.js
packed 8.53KB lib/module/ui/components/signIn/OxySignUpPanel.js.map
packed 6.35KB lib/module/ui/components/signIn/ReauthStep.js
packed 6.72KB lib/module/ui/components/signIn/ReauthStep.js.map
packed 11.79KB lib/module/ui/components/signIn/accountFlowParts.js
packed 11.28KB lib/module/ui/components/signIn/accountFlowParts.js.map
packed 0.59KB lib/module/ui/components/signIn/artwork.js
packed 474B lib/module/ui/components/signIn/artwork.js.map
packed 1.47KB lib/module/ui/components/signIn/signInFlowStore.js
packed 1.1KB lib/module/ui/components/signIn/signInFlowStore.js.map
packed 1.0KB lib/module/ui/components/signIn/signInMethods.js
packed 485B lib/module/ui/components/signIn/signInMethods.js.map
packed 2.11KB lib/module/ui/components/styles/overlay.js
packed 3.16KB lib/module/ui/components/styles/overlay.js.map
packed 2.98KB lib/module/ui/components/styles/shadow.js
packed 3.48KB lib/module/ui/components/styles/shadow.js.map
packed 2.35KB lib/module/ui/components/surfaces/ActionSheetSurface.js
packed 2.28KB lib/module/ui/components/surfaces/ActionSheetSurface.js.map
packed 299B lib/module/ui/components/utils/hasTouchHandler.js
packed 451B lib/module/ui/components/utils/hasTouchHandler.js.map
packed 129B lib/module/ui/components/utils/roundLayoutSize.js
packed 273B lib/module/ui/components/utils/roundLayoutSize.js.map
packed 1.70KB lib/module/ui/components/utils/splitStyles.js
packed 1.20KB lib/module/ui/components/utils/splitStyles.js.map
packed 1.40KB lib/module/ui/constants/spacing.js
packed 1.15KB lib/module/ui/constants/spacing.js.map
packed 64.27KB lib/module/ui/context/OxyContext.js
packed 45.15KB lib/module/ui/context/OxyContext.js.map
packed 3.84KB lib/module/ui/context/commitSessionFlow.js
packed 2.36KB lib/module/ui/context/commitSessionFlow.js.map
packed 16.53KB lib/module/ui/context/hooks/useAuthOperations.js
packed 11.49KB lib/module/ui/context/hooks/useAuthOperations.js.map
packed 1.44KB lib/module/ui/context/isolatedOAuthSession.js
packed 1.65KB lib/module/ui/context/isolatedOAuthSession.js.map
packed 0.81KB lib/module/ui/context/oxyContextHelpers.js
packed 0.93KB lib/module/ui/context/oxyContextHelpers.js.map
packed 69B lib/module/ui/context/oxyContextTypes.js
packed 130B lib/module/ui/context/oxyContextTypes.js.map
packed 3.57KB lib/module/ui/context/useOxyAccountGraph.js
packed 3.46KB lib/module/ui/context/useOxyAccountGraph.js.map
packed 1.83KB lib/module/ui/hooks/accountDialogSnapshot.js
packed 1.66KB lib/module/ui/hooks/accountDialogSnapshot.js.map
packed 6.74KB lib/module/ui/hooks/accountQueryPersistence.js
packed 6.63KB lib/module/ui/hooks/accountQueryPersistence.js.map
packed 5.34KB lib/module/ui/hooks/mutations/mutationFactory.js
packed 4.54KB lib/module/ui/hooks/mutations/mutationFactory.js.map
packed 1.37KB lib/module/ui/hooks/mutations/mutationKeys.js
packed 1.25KB lib/module/ui/hooks/mutations/mutationKeys.js.map
packed 24.49KB lib/module/ui/hooks/mutations/useAccountMutations.js
packed 19.13KB lib/module/ui/hooks/mutations/useAccountMutations.js.map
packed 5.35KB lib/module/ui/hooks/mutations/useServicesMutations.js
packed 5.61KB lib/module/ui/hooks/mutations/useServicesMutations.js.map
packed 3.27KB lib/module/ui/hooks/persistedQueryCache.js
packed 2.77KB lib/module/ui/hooks/persistedQueryCache.js.map
packed 54B lib/module/ui/hooks/queries/paymentTypes.js
packed 136B lib/module/ui/hooks/queries/paymentTypes.js.map
packed 7.77KB lib/module/ui/hooks/queries/queryKeys.js
packed 8.27KB lib/module/ui/hooks/queries/queryKeys.js.map
packed 12.13KB lib/module/ui/hooks/queries/useAccountQueries.js
packed 8.1KB lib/module/ui/hooks/queries/useAccountQueries.js.map
packed 1.76KB lib/module/ui/hooks/queries/useAuthMethods.js
packed 1.63KB lib/module/ui/hooks/queries/useAuthMethods.js.map
packed 4.26KB lib/module/ui/hooks/queries/useFileQueries.js
packed 4.25KB lib/module/ui/hooks/queries/useFileQueries.js.map
packed 4.59KB lib/module/ui/hooks/queries/usePaymentQueries.js
packed 3.24KB lib/module/ui/hooks/queries/usePaymentQueries.js.map
packed 2.60KB lib/module/ui/hooks/queries/useSecurityQueries.js
packed 2.90KB lib/module/ui/hooks/queries/useSecurityQueries.js.map
packed 4.86KB lib/module/ui/hooks/queries/useServicesQueries.js
packed 5.0KB lib/module/ui/hooks/queries/useServicesQueries.js.map
packed 18.80KB lib/module/ui/hooks/queries/userCache.js
packed 10.0KB lib/module/ui/hooks/queries/userCache.js.map
packed 1.0KB lib/module/ui/hooks/queries/userCacheRelationship.js
packed 0.83KB lib/module/ui/hooks/queries/userCacheRelationship.js.map
packed 7.14KB lib/module/ui/hooks/queryClient.js
packed 5.0KB lib/module/ui/hooks/queryClient.js.map
packed 6.46KB lib/module/ui/hooks/useAssets.js
packed 6.38KB lib/module/ui/hooks/useAssets.js.map
packed 2.41KB lib/module/ui/hooks/useAsyncAction.js
packed 2.32KB lib/module/ui/hooks/useAsyncAction.js.map
packed 5.24KB lib/module/ui/hooks/useAuth.js
packed 3.90KB lib/module/ui/hooks/useAuth.js.map
packed 4.50KB lib/module/ui/hooks/useAvatarPicker.js
packed 3.10KB lib/module/ui/hooks/useAvatarPicker.js.map
packed 2.32KB lib/module/ui/hooks/useDeviceManagement.js
packed 2.19KB lib/module/ui/hooks/useDeviceManagement.js.map
packed 2.61KB lib/module/ui/hooks/useDeviceSwitcher.js
packed 2.0KB lib/module/ui/hooks/useDeviceSwitcher.js.map
packed 1.75KB lib/module/ui/hooks/useFileDownloadUrl.js
packed 1.89KB lib/module/ui/hooks/useFileDownloadUrl.js.map
packed 2.91KB lib/module/ui/hooks/useFileFiltering.js
packed 3.70KB lib/module/ui/hooks/useFileFiltering.js.map
packed 15.82KB lib/module/ui/hooks/useFollow.js
packed 13.33KB lib/module/ui/hooks/useFollow.js.map
packed 69B lib/module/ui/hooks/useFollow.types.js
packed 128B lib/module/ui/hooks/useFollow.types.js.map
packed 6.99KB lib/module/ui/hooks/useFollowTarget.js
packed 6.1KB lib/module/ui/hooks/useFollowTarget.js.map
packed 1.81KB lib/module/ui/hooks/useI18n.js
packed 0.99KB lib/module/ui/hooks/useI18n.js.map
packed 6.51KB lib/module/ui/hooks/useLanguageManagement.js
packed 5.82KB lib/module/ui/hooks/useLanguageManagement.js.map
packed 2.36KB lib/module/ui/hooks/useMutationStatus.js
packed 2.54KB lib/module/ui/hooks/useMutationStatus.js.map
packed 1.1KB lib/module/ui/hooks/useOnlineStatus.js
packed 0.72KB lib/module/ui/hooks/useOnlineStatus.js.map
packed 0.76KB lib/module/ui/hooks/useOxyEvent.js
packed 0.74KB lib/module/ui/hooks/useOxyEvent.js.map
packed 4.72KB lib/module/ui/hooks/useProfileEditing.js
packed 4.50KB lib/module/ui/hooks/useProfileEditing.js.map
packed 479B lib/module/ui/hooks/useQueryClient.js
packed 430B lib/module/ui/hooks/useQueryClient.js.map
packed 1.90KB lib/module/ui/hooks/useReduceMotion.js
packed 1.50KB lib/module/ui/hooks/useReduceMotion.js.map
packed 6.23KB lib/module/ui/hooks/useResolvedFileUrls.js
packed 4.20KB lib/module/ui/hooks/useResolvedFileUrls.js.map
packed 6.82KB lib/module/ui/hooks/useSessionManagement.js
packed 5.73KB lib/module/ui/hooks/useSessionManagement.js.map
packed 3.46KB lib/module/ui/hooks/useSettingToggle.js
packed 3.40KB lib/module/ui/hooks/useSettingToggle.js.map
packed 1.10KB lib/module/ui/hooks/useStorage.js
packed 1.19KB lib/module/ui/hooks/useStorage.js.map
packed 0.91KB lib/module/ui/hooks/useSurfaceFrameWidth.js
packed 0.65KB lib/module/ui/hooks/useSurfaceFrameWidth.js.map
packed 6.40KB lib/module/ui/hooks/useSurfaceHeader.js
packed 4.81KB lib/module/ui/hooks/useSurfaceHeader.js.map
packed 0.53KB lib/module/ui/icons/Ionicons.js
packed 435B lib/module/ui/icons/Ionicons.js.map
packed 0.64KB lib/module/ui/icons/MaterialCommunityIcons.js
packed 482B lib/module/ui/icons/MaterialCommunityIcons.js.map
packed 2.21KB lib/module/ui/icons/decorativeIconSet.js
packed 1.10KB lib/module/ui/icons/decorativeIconSet.js.map
packed 7.99KB lib/module/ui/icons/subsetGlyphMaps.js
packed 7.25KB lib/module/ui/icons/subsetGlyphMaps.js.map
packed 2.33KB lib/module/ui/index.js
packed 1.23KB lib/module/ui/index.js.map
packed 289B lib/module/ui/isFrontend.js
packed 281B lib/module/ui/isFrontend.js.map
packed 2.99KB lib/module/ui/navigation/accountDialogManager.js
packed 1.96KB lib/module/ui/navigation/accountDialogManager.js.map
packed 2.29KB lib/module/ui/navigation/bottomSheetManager.js
packed 1.38KB lib/module/ui/navigation/bottomSheetManager.js.map
packed 6.58KB lib/module/ui/navigation/routes.js
packed 3.69KB lib/module/ui/navigation/routes.js.map
packed 2.0KB lib/module/ui/navigation/surfaceBackBridge.js
packed 1.94KB lib/module/ui/navigation/surfaceBackBridge.js.map
packed 4.68KB lib/module/ui/navigation/surfaceNavStack.js
packed 4.0KB lib/module/ui/navigation/surfaceNavStack.js.map
packed 6.83KB lib/module/ui/navigation/surfaceRegistry.js
packed 2.59KB lib/module/ui/navigation/surfaceRegistry.js.map
packed 13.0KB lib/module/ui/navigation/surfaces.js
packed 6.91KB lib/module/ui/navigation/surfaces.js.map
packed 1.17KB lib/module/ui/oauth/applicationSessionLane.js
packed 1.32KB lib/module/ui/oauth/applicationSessionLane.js.map
packed 5.86KB lib/module/ui/oauth/browserAuthTransport.js
packed 4.55KB lib/module/ui/oauth/browserAuthTransport.js.map
packed 7.92KB lib/module/ui/oauth/browserBridge.js
packed 7.0KB lib/module/ui/oauth/browserBridge.js.map
packed 2.41KB lib/module/ui/oauth/completeOAuthCode.js
packed 1.94KB lib/module/ui/oauth/completeOAuthCode.js.map
packed 7.0KB lib/module/ui/oauth/explicitOAuthConsent.js
packed 7.0KB lib/module/ui/oauth/explicitOAuthConsent.js.map
packed 3.74KB lib/module/ui/oauth/nativeAuthTransport.js
packed 4.33KB lib/module/ui/oauth/nativeAuthTransport.js.map
packed 1.87KB lib/module/ui/oauth/oauthHandshake.js
packed 1.32KB lib/module/ui/oauth/oauthHandshake.js.map
packed 8.81KB lib/module/ui/oauth/oauthPopup.js
packed 5.91KB lib/module/ui/oauth/oauthPopup.js.map
packed 5.45KB lib/module/ui/oauth/oauthPopupMessages.js
packed 2.99KB lib/module/ui/oauth/oauthPopupMessages.js.map
packed 47B lib/module/ui/oauth/types.js
packed 118B lib/module/ui/oauth/types.js.map
packed 14.53KB lib/module/ui/runtime/createOxyRuntime.js
packed 12.12KB lib/module/ui/runtime/createOxyRuntime.js.map
packed 0.80KB lib/module/ui/runtime/index.js
packed 0.52KB lib/module/ui/runtime/index.js.map
packed 2.87KB lib/module/ui/runtime/runtimeContext.js
packed 2.15KB lib/module/ui/runtime/runtimeContext.js.map
packed 59B lib/module/ui/runtime/types.js
packed 120B lib/module/ui/runtime/types.js.map
packed 1.92KB lib/module/ui/runtime/useRuntimeSnapshot.js
packed 1.41KB lib/module/ui/runtime/useRuntimeSnapshot.js.map
packed 19.30KB lib/module/ui/screens/AccountMembersScreen.js
packed 17.10KB lib/module/ui/screens/AccountMembersScreen.js.map
packed 0.97KB lib/module/ui/screens/AccountSecurityPanelScreen.js
packed 0.83KB lib/module/ui/screens/AccountSecurityPanelScreen.js.map
packed 11.42KB lib/module/ui/screens/AccountSettingsScreen.js
packed 10.96KB lib/module/ui/screens/AccountSettingsScreen.js.map
packed 8.35KB lib/module/ui/screens/AccountVerificationScreen.js
packed 6.54KB lib/module/ui/screens/AccountVerificationScreen.js.map
packed 14.57KB lib/module/ui/screens/AppInfoScreen.js
packed 13.51KB lib/module/ui/screens/AppInfoScreen.js.map
packed 36.96KB lib/module/ui/screens/AvatarCropScreen.js
packed 31.92KB lib/module/ui/screens/AvatarCropScreen.js.map
packed 12.88KB lib/module/ui/screens/ChangeAvatarScreen.js
packed 8.99KB lib/module/ui/screens/ChangeAvatarScreen.js.map
packed 5.91KB lib/module/ui/screens/ConnectedAppsScreen.js
packed 6.0KB lib/module/ui/screens/ConnectedAppsScreen.js.map
packed 19.1KB lib/module/ui/screens/CreateAccountScreen.js
packed 14.52KB lib/module/ui/screens/CreateAccountScreen.js.map
packed 0.59KB lib/module/ui/screens/DeleteAccountScreen.js
packed 0.55KB lib/module/ui/screens/DeleteAccountScreen.js.map
packed 7.79KB lib/module/ui/screens/DomainsScreen.js
packed 8.30KB lib/module/ui/screens/DomainsScreen.js.map
packed 28.0KB lib/module/ui/screens/EditProfileFieldScreen.js
packed 24.19KB lib/module/ui/screens/EditProfileFieldScreen.js.map
packed 6.32KB lib/module/ui/screens/EditProfileScreen.js
packed 5.87KB lib/module/ui/screens/EditProfileScreen.js.map
packed 57.24KB lib/module/ui/screens/FileManagementScreen.js
packed 49.73KB lib/module/ui/screens/FileManagementScreen.js.map
packed 326B lib/module/ui/screens/FollowersListScreen.js
packed 397B lib/module/ui/screens/FollowersListScreen.js.map
packed 326B lib/module/ui/screens/FollowingListScreen.js
packed 397B lib/module/ui/screens/FollowingListScreen.js.map
packed 4.21KB lib/module/ui/screens/HelpSupportScreen.js
packed 4.13KB lib/module/ui/screens/HelpSupportScreen.js.map
packed 6.70KB lib/module/ui/screens/HistoryViewScreen.js
packed 7.32KB lib/module/ui/screens/HistoryViewScreen.js.map
packed 8.72KB lib/module/ui/screens/LanguageSelectorScreen.js
packed 8.55KB lib/module/ui/screens/LanguageSelectorScreen.js.map
packed 4.83KB lib/module/ui/screens/LearnMoreUsernamesScreen.js
packed 3.89KB lib/module/ui/screens/LearnMoreUsernamesScreen.js.map
packed 7.42KB lib/module/ui/screens/LegalDocumentsScreen.js
packed 6.16KB lib/module/ui/screens/LegalDocumentsScreen.js.map
packed 0.52KB lib/module/ui/screens/LinkCommonsScreen.js
packed 452B lib/module/ui/screens/LinkCommonsScreen.js.map
packed 28.93KB lib/module/ui/screens/ManageAccountScreen.js
packed 25.0KB lib/module/ui/screens/ManageAccountScreen.js.map
packed 5.71KB lib/module/ui/screens/NotificationsScreen.js
packed 5.0KB lib/module/ui/screens/NotificationsScreen.js.map
packed 8.84KB lib/module/ui/screens/PaymentGatewayScreen.js
packed 9.1KB lib/module/ui/screens/PaymentGatewayScreen.js.map
packed 7.49KB lib/module/ui/screens/PreferencesScreen.js
packed 6.80KB lib/module/ui/screens/PreferencesScreen.js.map
packed 20.21KB lib/module/ui/screens/PrivacySettingsScreen.js
packed 17.88KB lib/module/ui/screens/PrivacySettingsScreen.js.map
packed 17.32KB lib/module/ui/screens/ProfileScreen.js
packed 15.14KB lib/module/ui/screens/ProfileScreen.js.map
packed 4.55KB lib/module/ui/screens/SearchSettingsScreen.js
packed 4.20KB lib/module/ui/screens/SearchSettingsScreen.js.map
packed 0.56KB lib/module/ui/screens/SignInAuthenticatorScreen.js
packed 470B lib/module/ui/screens/SignInAuthenticatorScreen.js.map
packed 0.59KB lib/module/ui/screens/SignInPasswordScreen.js
packed 0.59KB lib/module/ui/screens/SignInPasswordScreen.js.map
packed 1.71KB lib/module/ui/screens/UserLinksScreen.js
packed 2.1KB lib/module/ui/screens/UserLinksScreen.js.map
packed 10.18KB lib/module/ui/screens/UserListScreen.js
packed 10.65KB lib/module/ui/screens/UserListScreen.js.map
packed 17.58KB lib/module/ui/screens/WelcomeNewUserScreen.js
packed 15.94KB lib/module/ui/screens/WelcomeNewUserScreen.js.map
packed 1.53KB lib/module/ui/screens/fileManagement/FileLibraryError.js
packed 1.25KB lib/module/ui/screens/fileManagement/FileLibraryError.js.map
packed 3.57KB lib/module/ui/screens/fileManagement/FileListSection.js
packed 3.54KB lib/module/ui/screens/fileManagement/FileListSection.js.map
packed 22.17KB lib/module/ui/screens/fileManagement/PhotoPickerSection.js
packed 15.79KB lib/module/ui/screens/fileManagement/PhotoPickerSection.js.map
packed 1.42KB lib/module/ui/screens/fileManagement/UploadBar.js
packed 1.41KB lib/module/ui/screens/fileManagement/UploadBar.js.map
packed 18.75KB lib/module/ui/screens/fileManagement/hooks/useFileUploadState.js
packed 16.1KB lib/module/ui/screens/fileManagement/hooks/useFileUploadState.js.map
packed 1.61KB lib/module/ui/screens/fileManagement/photoGridLayout.js
packed 0.81KB lib/module/ui/screens/fileManagement/photoGridLayout.js.map
packed 2.66KB lib/module/ui/screens/fileManagement/shared.js
packed 2.27KB lib/module/ui/screens/fileManagement/shared.js.map
packed 1.0KB lib/module/ui/screens/index.js
packed 0.68KB lib/module/ui/screens/index.js.map
packed 1.1KB lib/module/ui/screens/linkFormat.js
packed 0.81KB lib/module/ui/screens/linkFormat.js.map
packed 4.29KB lib/module/ui/screens/trust/TrustAboutScreen.js
packed 3.1KB lib/module/ui/screens/trust/TrustAboutScreen.js.map
packed 7.53KB lib/module/ui/screens/trust/TrustCenterScreen.js
packed 7.26KB lib/module/ui/screens/trust/TrustCenterScreen.js.map
packed 3.19KB lib/module/ui/screens/trust/TrustFAQScreen.js
packed 3.49KB lib/module/ui/screens/trust/TrustFAQScreen.js.map
packed 7.71KB lib/module/ui/screens/trust/TrustLeaderboardScreen.js
packed 8.10KB lib/module/ui/screens/trust/TrustLeaderboardScreen.js.map
packed 16.33KB lib/module/ui/screens/trust/TrustRewardsScreen.js
packed 15.74KB lib/module/ui/screens/trust/TrustRewardsScreen.js.map
packed 3.81KB lib/module/ui/screens/trust/TrustRulesScreen.js
packed 4.19KB lib/module/ui/screens/trust/TrustRulesScreen.js.map
packed 1.53KB lib/module/ui/server.js
packed 1.60KB lib/module/ui/server.js.map
packed 2.32KB lib/module/ui/session/authStore.js
packed 1.1KB lib/module/ui/session/authStore.js.map
packed 9.21KB lib/module/ui/session/backgroundSession.js
packed 3.85KB lib/module/ui/session/backgroundSession.js.map
packed 3.1KB lib/module/ui/session/createSessionClient.js
packed 1.55KB lib/module/ui/session/createSessionClient.js.map
packed 1.15KB lib/module/ui/session/deviceCredentialTracker.js
packed 1.0KB lib/module/ui/session/deviceCredentialTracker.js.map
packed 3.76KB lib/module/ui/session/identityBinding.js
packed 1.87KB lib/module/ui/session/identityBinding.js.map
packed 1.18KB lib/module/ui/session/index.js
packed 0.70KB lib/module/ui/session/index.js.map
packed 3.14KB lib/module/ui/session/nativeSecureStorage.js
packed 2.17KB lib/module/ui/session/nativeSecureStorage.js.map
packed 11.0KB lib/module/ui/session/sharedDeviceCredentialStore.js
packed 6.0KB lib/module/ui/session/sharedDeviceCredentialStore.js.map
packed 4.45KB lib/module/ui/session/tokenLossRecovery.js
packed 2.95KB lib/module/ui/session/tokenLossRecovery.js.map
packed 3.27KB lib/module/ui/session/tokenTransport.js
packed 1.33KB lib/module/ui/session/tokenTransport.js.map
packed 2.98KB lib/module/ui/session/useBackgroundSessionSync.js
packed 1.40KB lib/module/ui/session/useBackgroundSessionSync.js.map
packed 5.66KB lib/module/ui/stores/assetStore.js
packed 7.28KB lib/module/ui/stores/assetStore.js.map
packed 5.0KB lib/module/ui/stores/authStore.js
packed 4.1KB lib/module/ui/stores/authStore.js.map
packed 15.92KB lib/module/ui/stores/followStore.js
packed 14.29KB lib/module/ui/stores/followStore.js.map
packed 4.83KB lib/module/ui/stores/followTargetStore.js
packed 2.91KB lib/module/ui/stores/followTargetStore.js.map
packed 0.67KB lib/module/ui/stores/resetSessionScopedStores.js
packed 495B lib/module/ui/stores/resetSessionScopedStores.js.map
packed 68B lib/module/ui/types/fileManagement.js
packed 127B lib/module/ui/types/fileManagement.js.map
packed 64B lib/module/ui/types/navigation.js
packed 123B lib/module/ui/types/navigation.js.map
packed 67B lib/module/ui/types/surfaceScreen.js
packed 126B lib/module/ui/types/surfaceScreen.js.map
packed 3.81KB lib/module/ui/utils/accountDeletionHandoff.js
packed 2.31KB lib/module/ui/utils/accountDeletionHandoff.js.map
packed 1.78KB lib/module/ui/utils/avatarUtils.js
packed 1.49KB lib/module/ui/utils/avatarUtils.js.map
packed 0.98KB lib/module/ui/utils/buildId.js
packed 411B lib/module/ui/utils/buildId.js.map
packed 0.68KB lib/module/ui/utils/clipboard.js
packed 477B lib/module/ui/utils/clipboard.js.map
packed 1.1KB lib/module/ui/utils/clipboard.native.js
packed 394B lib/module/ui/utils/clipboard.native.js.map
packed 385B lib/module/ui/utils/colorUtils.js
packed 361B lib/module/ui/utils/colorUtils.js.map
packed 1.57KB lib/module/ui/utils/commonsStoreLinks.js
packed 0.96KB lib/module/ui/utils/commonsStoreLinks.js.map
packed 2.69KB lib/module/ui/utils/deliveryPlatform.js
packed 1.1KB lib/module/ui/utils/deliveryPlatform.js.map
packed 0.98KB lib/module/ui/utils/deviceCredential.js
packed 0.77KB lib/module/ui/utils/deviceCredential.js.map
packed 1.24KB lib/module/ui/utils/deviceSessionTitle.js
packed 0.91KB lib/module/ui/utils/deviceSessionTitle.js.map
packed 4.52KB lib/module/ui/utils/errorHandlers.js
packed 4.1KB lib/module/ui/utils/errorHandlers.js.map
packed 4.81KB lib/module/ui/utils/fileManagement.js
packed 4.0KB lib/module/ui/utils/fileManagement.js.map
packed 2.90KB lib/module/ui/utils/iconNames.js
packed 2.92KB lib/module/ui/utils/iconNames.js.map
packed 385B lib/module/ui/utils/isWebBrowser.js
packed 201B lib/module/ui/utils/isWebBrowser.js.map
packed 0.80KB lib/module/ui/utils/netConnectivity.js
packed 0.66KB lib/module/ui/utils/netConnectivity.js.map
packed 5.11KB lib/module/ui/utils/oauthReturn.js
packed 3.69KB lib/module/ui/utils/oauthReturn.js.map
packed 2.33KB lib/module/ui/utils/sessionHelpers.js
packed 1.88KB lib/module/ui/utils/sessionHelpers.js.map
packed 2.71KB lib/module/ui/utils/storageHelpers.js
packed 2.68KB lib/module/ui/utils/storageHelpers.js.map
packed 1.72KB lib/module/ui/utils/userUtils.js
packed 1.78KB lib/module/ui/utils/userUtils.js.map
packed 10.83KB lib/module/utils/hookUtils.js
packed 12.50KB lib/module/utils/hookUtils.js.map
packed 60B lib/typescript/assets/fonts/icons/OxyServicesIonicons.ttf.d.ts
packed 60B lib/typescript/assets/fonts/icons/OxyServicesMaterialCommunityIcons.ttf.d.ts
packed 150B lib/typescript/assets/signIn/slide-1.jpg.d.ts
packed 150B lib/typescript/assets/signIn/slide-2.jpg.d.ts
packed 150B lib/typescript/assets/signIn/slide-3.jpg.d.ts
packed 150B lib/typescript/assets/signIn/slide-4.jpg.d.ts
packed 0.74KB lib/typescript/commonjs/assets/icons/OxyServices.d.ts
packed 0.52KB lib/typescript/commonjs/assets/icons/OxyServices.d.ts.map
packed 213B lib/typescript/commonjs/assets/illustrations/HighFive.d.ts
packed 343B lib/typescript/commonjs/assets/illustrations/HighFive.d.ts.map
packed 10.54KB lib/typescript/commonjs/index.d.ts
packed 6.23KB lib/typescript/commonjs/index.d.ts.map
packed 9.70KB lib/typescript/commonjs/notifications/deviceNotifications.d.ts
packed 1.29KB lib/typescript/commonjs/notifications/deviceNotifications.d.ts.map
packed 20B lib/typescript/commonjs/package.json
packed 1.22KB lib/typescript/commonjs/ui/analytics/productAnalytics.d.ts
packed 0.86KB lib/typescript/commonjs/ui/analytics/productAnalytics.d.ts.map
packed 3.52KB lib/typescript/commonjs/ui/boot/runProviderColdBoot.d.ts
packed 1.39KB lib/typescript/commonjs/ui/boot/runProviderColdBoot.d.ts.map
packed 3.59KB lib/typescript/commonjs/ui/client.d.ts
packed 2.1KB lib/typescript/commonjs/ui/client.d.ts.map
packed 156B lib/typescript/commonjs/ui/components/AvatarCameraBadge.d.ts
packed 261B lib/typescript/commonjs/ui/components/AvatarCameraBadge.d.ts.map
packed 1.0KB lib/typescript/commonjs/ui/components/BenefitList.d.ts
packed 0.91KB lib/typescript/commonjs/ui/components/BenefitList.d.ts.map
packed 0.99KB lib/typescript/commonjs/ui/components/BloomLocaleBridge.d.ts
packed 310B lib/typescript/commonjs/ui/components/BloomLocaleBridge.d.ts.map
packed 1.82KB lib/typescript/commonjs/ui/components/FollowButton.d.ts
packed 1.37KB lib/typescript/commonjs/ui/components/FollowButton.d.ts.map
packed 4.45KB lib/typescript/commonjs/ui/components/FollowTargetButton.d.ts
packed 1.19KB lib/typescript/commonjs/ui/components/FollowTargetButton.d.ts.map
packed 247B lib/typescript/commonjs/ui/components/KeyboardBoundary.d.ts
packed 299B lib/typescript/commonjs/ui/components/KeyboardBoundary.d.ts.map
packed 252B lib/typescript/commonjs/ui/components/KeyboardBoundary.native.d.ts
packed 313B lib/typescript/commonjs/ui/components/KeyboardBoundary.native.d.ts.map
packed 223B lib/typescript/commonjs/ui/components/KeyboardBoundary.web.d.ts
packed 307B lib/typescript/commonjs/ui/components/KeyboardBoundary.web.d.ts.map
packed 1.0KB lib/typescript/commonjs/ui/components/LanguageBridge.d.ts
packed 320B lib/typescript/commonjs/ui/components/LanguageBridge.d.ts.map
packed 2.36KB lib/typescript/commonjs/ui/components/OxyAccountDialogScreen.d.ts
packed 386B lib/typescript/commonjs/ui/components/OxyAccountDialogScreen.d.ts.map
packed 2.54KB lib/typescript/commonjs/ui/components/OxyAuthChooser.d.ts
packed 403B lib/typescript/commonjs/ui/components/OxyAuthChooser.d.ts.map
packed 2.22KB lib/typescript/commonjs/ui/components/OxyAuthPrompt.d.ts
packed 0.60KB lib/typescript/commonjs/ui/components/OxyAuthPrompt.d.ts.map
packed 3.33KB lib/typescript/commonjs/ui/components/OxyConsentScreen.d.ts
packed 1.59KB lib/typescript/commonjs/ui/components/OxyConsentScreen.d.ts.map
packed 0.53KB lib/typescript/commonjs/ui/components/OxyOAuthCallback.d.ts
packed 297B lib/typescript/commonjs/ui/components/OxyOAuthCallback.d.ts.map
packed 417B lib/typescript/commonjs/ui/components/OxyPayButton.d.ts
packed 269B lib/typescript/commonjs/ui/components/OxyPayButton.d.ts.map
packed 1.82KB lib/typescript/commonjs/ui/components/OxyProvider.d.ts
packed 372B lib/typescript/commonjs/ui/components/OxyProvider.d.ts.map
packed 5.36KB lib/typescript/commonjs/ui/components/OxySignInButton.d.ts
packed 1.48KB lib/typescript/commonjs/ui/components/OxySignInButton.d.ts.map
packed 5.61KB lib/typescript/commonjs/ui/components/OxySignInRequestSurface.d.ts
packed 0.96KB lib/typescript/commonjs/ui/components/OxySignInRequestSurface.d.ts.map
packed 1.1KB lib/typescript/commonjs/ui/components/PeableButton.d.ts
packed 0.87KB lib/typescript/commonjs/ui/components/PeableButton.d.ts.map
packed 1.79KB lib/typescript/commonjs/ui/components/ProfileButton.d.ts
packed 0.87KB lib/typescript/commonjs/ui/components/ProfileButton.d.ts.map
packed 1.51KB lib/typescript/commonjs/ui/components/ProfileSummaryCard.d.ts
packed 0.68KB lib/typescript/commonjs/ui/components/ProfileSummaryCard.d.ts.map
packed 2.71KB lib/typescript/commonjs/ui/components/RequireOxyAuth.d.ts
packed 0.80KB lib/typescript/commonjs/ui/components/RequireOxyAuth.d.ts.map
packed 0.65KB lib/typescript/commonjs/ui/components/SettingsIcon.d.ts
packed 504B lib/typescript/commonjs/ui/components/SettingsIcon.d.ts.map
packed 507B lib/typescript/commonjs/ui/components/SurfaceHeaderAction.d.ts
packed 444B lib/typescript/commonjs/ui/components/SurfaceHeaderAction.d.ts.map
packed 1.22KB lib/typescript/commonjs/ui/components/SurfaceScreen.d.ts
packed 0.54KB lib/typescript/commonjs/ui/components/SurfaceScreen.d.ts.map
packed 2.46KB lib/typescript/commonjs/ui/components/authChooser/AccountsMenuView.d.ts
packed 0.82KB lib/typescript/commonjs/ui/components/authChooser/AccountsMenuView.d.ts.map
packed 1.62KB lib/typescript/commonjs/ui/components/authChooser/SignInRequestView.d.ts
packed 0.58KB lib/typescript/commonjs/ui/components/authChooser/SignInRequestView.d.ts.map
packed 1.72KB lib/typescript/commonjs/ui/components/authChooser/TroubleDisclosure.d.ts
packed 0.55KB lib/typescript/commonjs/ui/components/authChooser/TroubleDisclosure.d.ts.map
packed 1.0KB lib/typescript/commonjs/ui/components/authChooser/primitives.d.ts
packed 403B lib/typescript/commonjs/ui/components/authChooser/primitives.d.ts.map
packed 2.80KB lib/typescript/commonjs/ui/components/authChooser/requestSurfaces.d.ts
packed 1.16KB lib/typescript/commonjs/ui/components/authChooser/requestSurfaces.d.ts.map
packed 0.63KB lib/typescript/commonjs/ui/components/authChooser/signInFailureMessage.d.ts
packed 397B lib/typescript/commonjs/ui/components/authChooser/signInFailureMessage.d.ts.map
packed 1.13KB lib/typescript/commonjs/ui/components/authChooser/signInProgress.d.ts
packed 463B lib/typescript/commonjs/ui/components/authChooser/signInProgress.d.ts.map
packed 5.15KB lib/typescript/commonjs/ui/components/authChooser/styles.d.ts
packed 444B lib/typescript/commonjs/ui/components/authChooser/styles.d.ts.map
packed 5.34KB lib/typescript/commonjs/ui/components/authChooser/types.d.ts
packed 2.0KB lib/typescript/commonjs/ui/components/authChooser/types.d.ts.map
packed 266B lib/typescript/commonjs/ui/components/feedback/constants.d.ts
packed 353B lib/typescript/commonjs/ui/components/feedback/constants.d.ts.map
packed 1.11KB lib/typescript/commonjs/ui/components/feedback/types.d.ts
packed 1.30KB lib/typescript/commonjs/ui/components/feedback/types.d.ts.map
packed 433B lib/typescript/commonjs/ui/components/feedback/useFeedbackForm.d.ts
packed 315B lib/typescript/commonjs/ui/components/feedback/useFeedbackForm.d.ts.map
packed 1.22KB lib/typescript/commonjs/ui/components/fileManagement/FileDetailsModal.d.ts
packed 0.78KB lib/typescript/commonjs/ui/components/fileManagement/FileDetailsModal.d.ts.map
packed 0.55KB lib/typescript/commonjs/ui/components/fileManagement/FileViewer.d.ts
packed 0.67KB lib/typescript/commonjs/ui/components/fileManagement/FileViewer.d.ts.map
packed 0.52KB lib/typescript/commonjs/ui/components/fileManagement/UploadPreview.d.ts
packed 0.60KB lib/typescript/commonjs/ui/components/fileManagement/UploadPreview.d.ts.map
packed 2.1KB lib/typescript/commonjs/ui/components/followButtonAccessibility.d.ts
packed 0.75KB lib/typescript/commonjs/ui/components/followButtonAccessibility.d.ts.map
packed 2.71KB lib/typescript/commonjs/ui/components/followRules.d.ts
packed 1.15KB lib/typescript/commonjs/ui/components/followRules.d.ts.map
packed 318B lib/typescript/commonjs/ui/components/icon/FAIRWalletIcon.d.ts
packed 437B lib/typescript/commonjs/ui/components/icon/FAIRWalletIcon.d.ts.map
packed 0.83KB lib/typescript/commonjs/ui/components/logo/LogoIcon.d.ts
packed 504B lib/typescript/commonjs/ui/components/logo/LogoIcon.d.ts.map
packed 0.83KB lib/typescript/commonjs/ui/components/logo/LogoText.d.ts
packed 504B lib/typescript/commonjs/ui/components/logo/LogoText.d.ts.map
packed 1.31KB lib/typescript/commonjs/ui/components/modals/DeleteAccountModal.d.ts
packed 0.78KB lib/typescript/commonjs/ui/components/modals/DeleteAccountModal.d.ts.map
packed 2.67KB lib/typescript/commonjs/ui/components/oauthNavigation.d.ts
packed 0.54KB lib/typescript/commonjs/ui/components/oauthNavigation.d.ts.map
packed 0.70KB lib/typescript/commonjs/ui/components/payment/PaymentDetailsStep.d.ts
packed 0.80KB lib/typescript/commonjs/ui/components/payment/PaymentDetailsStep.d.ts.map
packed 0.54KB lib/typescript/commonjs/ui/components/payment/PaymentMethodStep.d.ts
packed 0.61KB lib/typescript/commonjs/ui/components/payment/PaymentMethodStep.d.ts.map
packed 0.54KB lib/typescript/commonjs/ui/components/payment/PaymentReviewStep.d.ts
packed 0.64KB lib/typescript/commonjs/ui/components/payment/PaymentReviewStep.d.ts.map
packed 381B lib/typescript/commonjs/ui/components/payment/PaymentSuccessStep.d.ts
packed 457B lib/typescript/commonjs/ui/components/payment/PaymentSuccessStep.d.ts.map
packed 0.53KB lib/typescript/commonjs/ui/components/payment/PaymentSummaryStep.d.ts
packed 0.62KB lib/typescript/commonjs/ui/components/payment/PaymentSummaryStep.d.ts.map
packed 402B lib/typescript/commonjs/ui/components/payment/constants.d.ts
packed 463B lib/typescript/commonjs/ui/components/payment/constants.d.ts.map
packed 9.14KB lib/typescript/commonjs/ui/components/payment/paymentStyles.d.ts
packed 0.64KB lib/typescript/commonjs/ui/components/payment/paymentStyles.d.ts.map
packed 1.16KB lib/typescript/commonjs/ui/components/payment/types.d.ts
packed 1.21KB lib/typescript/commonjs/ui/components/payment/types.d.ts.map
packed 1.31KB lib/typescript/commonjs/ui/components/photogrid/JustifiedPhotoGrid.d.ts
packed 0.86KB lib/typescript/commonjs/ui/components/photogrid/JustifiedPhotoGrid.d.ts.map
packed 1.00KB lib/typescript/commonjs/ui/components/signIn/InlineCommonsQr.d.ts
packed 367B lib/typescript/commonjs/ui/components/signIn/InlineCommonsQr.d.ts.map
packed 2.0KB lib/typescript/commonjs/ui/components/signIn/OxyAccountPicker.d.ts
packed 0.73KB lib/typescript/commonjs/ui/components/signIn/OxyAccountPicker.d.ts.map
packed 2.10KB lib/typescript/commonjs/ui/components/signIn/OxyAuthScreen.d.ts
packed 0.83KB lib/typescript/commonjs/ui/components/signIn/OxyAuthScreen.d.ts.map
packed 0.84KB lib/typescript/commonjs/ui/components/signIn/OxyAuthenticatorPanel.d.ts
packed 372B lib/typescript/commonjs/ui/components/signIn/OxyAuthenticatorPanel.d.ts.map
packed 0.86KB lib/typescript/commonjs/ui/components/signIn/OxyDeleteAccountPanel.d.ts
packed 419B lib/typescript/commonjs/ui/components/signIn/OxyDeleteAccountPanel.d.ts.map
packed 0.99KB lib/typescript/commonjs/ui/components/signIn/OxyLinkCommonsPanel.d.ts
packed 414B lib/typescript/commonjs/ui/components/signIn/OxyLinkCommonsPanel.d.ts.map
packed 0.62KB lib/typescript/commonjs/ui/components/signIn/OxyPasswordPanel.d.ts
packed 405B lib/typescript/commonjs/ui/components/signIn/OxyPasswordPanel.d.ts.map
packed 2.70KB lib/typescript/commonjs/ui/components/signIn/OxySignInPanel.d.ts
packed 0.66KB lib/typescript/commonjs/ui/components/signIn/OxySignInPanel.d.ts.map
packed 1.12KB lib/typescript/commonjs/ui/components/signIn/OxySignUpPanel.d.ts
packed 448B lib/typescript/commonjs/ui/components/signIn/OxySignUpPanel.d.ts.map
packed 1.47KB lib/typescript/commonjs/ui/components/signIn/ReauthStep.d.ts
packed 0.88KB lib/typescript/commonjs/ui/components/signIn/ReauthStep.d.ts.map
packed 5.47KB lib/typescript/commonjs/ui/components/signIn/accountFlowParts.d.ts
packed 3.19KB lib/typescript/commonjs/ui/components/signIn/accountFlowParts.d.ts.map
packed 371B lib/typescript/commonjs/ui/components/signIn/artwork.d.ts
packed 245B lib/typescript/commonjs/ui/components/signIn/artwork.d.ts.map
packed 1.25KB lib/typescript/commonjs/ui/components/signIn/signInFlowStore.d.ts
packed 0.52KB lib/typescript/commonjs/ui/components/signIn/signInFlowStore.d.ts.map
packed 1.32KB lib/typescript/commonjs/ui/components/signIn/signInMethods.d.ts
packed 511B lib/typescript/commonjs/ui/components/signIn/signInMethods.d.ts.map
packed 438B lib/typescript/commonjs/ui/components/styles/overlay.d.ts
packed 0.54KB lib/typescript/commonjs/ui/components/styles/overlay.d.ts.map
packed 227B lib/typescript/commonjs/ui/components/styles/shadow.d.ts
packed 326B lib/typescript/commonjs/ui/components/styles/shadow.d.ts.map
packed 1.70KB lib/typescript/commonjs/ui/components/surfaces/ActionSheetSurface.d.ts
packed 1.0KB lib/typescript/commonjs/ui/components/surfaces/ActionSheetSurface.d.ts.map
packed 423B lib/typescript/commonjs/ui/components/utils/hasTouchHandler.d.ts
packed 431B lib/typescript/commonjs/ui/components/utils/hasTouchHandler.d.ts.map
packed 109B lib/typescript/commonjs/ui/components/utils/roundLayoutSize.d.ts
packed 208B lib/typescript/commonjs/ui/components/utils/roundLayoutSize.d.ts.map
packed 0.95KB lib/typescript/commonjs/ui/components/utils/splitStyles.d.ts
packed 0.58KB lib/typescript/commonjs/ui/components/utils/splitStyles.d.ts.map
packed 1.18KB lib/typescript/commonjs/ui/constants/spacing.d.ts
packed 0.55KB lib/typescript/commonjs/ui/constants/spacing.d.ts.map
packed 2.31KB lib/typescript/commonjs/ui/context/OxyContext.d.ts
packed 0.86KB lib/typescript/commonjs/ui/context/OxyContext.d.ts.map
packed 2.27KB lib/typescript/commonjs/ui/context/commitSessionFlow.d.ts
packed 1.0KB lib/typescript/commonjs/ui/context/commitSessionFlow.d.ts.map
packed 4.25KB lib/typescript/commonjs/ui/context/hooks/useAuthOperations.d.ts
packed 1.83KB lib/typescript/commonjs/ui/context/hooks/useAuthOperations.d.ts.map
packed 0.95KB lib/typescript/commonjs/ui/context/isolatedOAuthSession.d.ts
packed 0.86KB lib/typescript/commonjs/ui/context/isolatedOAuthSession.d.ts.map
packed 329B lib/typescript/commonjs/ui/context/oxyContextHelpers.d.ts
packed 316B lib/typescript/commonjs/ui/context/oxyContextHelpers.d.ts.map
packed 10.65KB lib/typescript/commonjs/ui/context/oxyContextTypes.d.ts
packed 4.96KB lib/typescript/commonjs/ui/context/oxyContextTypes.d.ts.map
packed 1.56KB lib/typescript/commonjs/ui/context/useOxyAccountGraph.d.ts
packed 1.14KB lib/typescript/commonjs/ui/context/useOxyAccountGraph.d.ts.map
packed 1.1KB lib/typescript/commonjs/ui/hooks/accountDialogSnapshot.d.ts
packed 360B lib/typescript/commonjs/ui/hooks/accountDialogSnapshot.d.ts.map
packed 3.92KB lib/typescript/commonjs/ui/hooks/accountQueryPersistence.d.ts
packed 1.27KB lib/typescript/commonjs/ui/hooks/accountQueryPersistence.d.ts.map
packed 3.58KB lib/typescript/commonjs/ui/hooks/mutations/mutationFactory.d.ts
packed 1.99KB lib/typescript/commonjs/ui/hooks/mutations/mutationFactory.d.ts.map
packed 1.60KB lib/typescript/commonjs/ui/hooks/mutations/mutationKeys.d.ts
packed 217B lib/typescript/commonjs/ui/hooks/mutations/mutationKeys.d.ts.map
packed 12.0KB lib/typescript/commonjs/ui/hooks/mutations/useAccountMutations.d.ts
packed 2.38KB lib/typescript/commonjs/ui/hooks/mutations/useAccountMutations.d.ts.map
packed 0.97KB lib/typescript/commonjs/ui/hooks/mutations/useServicesMutations.d.ts
packed 396B lib/typescript/commonjs/ui/hooks/mutations/useServicesMutations.d.ts.map
packed 2.32KB lib/typescript/commonjs/ui/hooks/persistedQueryCache.d.ts
packed 1.0KB lib/typescript/commonjs/ui/hooks/persistedQueryCache.d.ts.map
packed 5.1KB lib/typescript/commonjs/ui/hooks/queries/paymentTypes.d.ts
packed 2.39KB lib/typescript/commonjs/ui/hooks/queries/paymentTypes.d.ts.map
packed 7.80KB lib/typescript/commonjs/ui/hooks/queries/queryKeys.d.ts
packed 1.50KB lib/typescript/commonjs/ui/hooks/queries/queryKeys.d.ts.map
packed 4.0KB lib/typescript/commonjs/ui/hooks/queries/useAccountQueries.d.ts
packed 1.1KB lib/typescript/commonjs/ui/hooks/queries/useAccountQueries.d.ts.map
packed 6.83KB lib/typescript/commonjs/ui/hooks/queries/useAuthMethods.d.ts
packed 0.73KB lib/typescript/commonjs/ui/hooks/queries/useAuthMethods.d.ts.map
packed 2.65KB lib/typescript/commonjs/ui/hooks/queries/useFileQueries.d.ts
packed 1.51KB lib/typescript/commonjs/ui/hooks/queries/useFileQueries.d.ts.map
packed 2.71KB lib/typescript/commonjs/ui/hooks/queries/usePaymentQueries.d.ts
packed 0.72KB lib/typescript/commonjs/ui/hooks/queries/usePaymentQueries.d.ts.map
packed 1.13KB lib/typescript/commonjs/ui/hooks/queries/useSecurityQueries.d.ts
packed 0.63KB lib/typescript/commonjs/ui/hooks/queries/useSecurityQueries.d.ts.map
packed 1.69KB lib/typescript/commonjs/ui/hooks/queries/useServicesQueries.d.ts
packed 0.80KB lib/typescript/commonjs/ui/hooks/queries/useServicesQueries.d.ts.map
packed 9.80KB lib/typescript/commonjs/ui/hooks/queries/userCache.d.ts
packed 1.60KB lib/typescript/commonjs/ui/hooks/queries/userCache.d.ts.map
packed 0.56KB lib/typescript/commonjs/ui/hooks/queries/userCacheRelationship.d.ts
packed 328B lib/typescript/commonjs/ui/hooks/queries/userCacheRelationship.d.ts.map
packed 3.40KB lib/typescript/commonjs/ui/hooks/queryClient.d.ts
packed 0.89KB lib/typescript/commonjs/ui/hooks/queryClient.d.ts.map
packed 1.62KB lib/typescript/commonjs/ui/hooks/useAssets.d.ts
packed 0.78KB lib/typescript/commonjs/ui/hooks/useAssets.d.ts.map
packed 1.82KB lib/typescript/commonjs/ui/hooks/useAsyncAction.d.ts
packed 1.22KB lib/typescript/commonjs/ui/hooks/useAsyncAction.d.ts.map
packed 4.50KB lib/typescript/commonjs/ui/hooks/useAuth.d.ts
packed 1.48KB lib/typescript/commonjs/ui/hooks/useAuth.d.ts.map
packed 1.64KB lib/typescript/commonjs/ui/hooks/useAvatarPicker.d.ts
packed 0.51KB lib/typescript/commonjs/ui/hooks/useAvatarPicker.d.ts.map
packed 1.1KB lib/typescript/commonjs/ui/hooks/useDeviceManagement.d.ts
packed 0.94KB lib/typescript/commonjs/ui/hooks/useDeviceManagement.d.ts.map
packed 2.65KB lib/typescript/commonjs/ui/hooks/useDeviceSwitcher.d.ts
packed 0.83KB lib/typescript/commonjs/ui/hooks/useDeviceSwitcher.d.ts.map
packed 0.79KB lib/typescript/commonjs/ui/hooks/useFileDownloadUrl.d.ts
packed 0.56KB lib/typescript/commonjs/ui/hooks/useFileDownloadUrl.d.ts.map
packed 1.10KB lib/typescript/commonjs/ui/hooks/useFileFiltering.d.ts
packed 1.0KB lib/typescript/commonjs/ui/hooks/useFileFiltering.d.ts.map
packed 4.38KB lib/typescript/commonjs/ui/hooks/useFollow.d.ts
packed 0.82KB lib/typescript/commonjs/ui/hooks/useFollow.d.ts.map
packed 1.32KB lib/typescript/commonjs/ui/hooks/useFollow.types.d.ts
packed 1.47KB lib/typescript/commonjs/ui/hooks/useFollow.types.d.ts.map
packed 2.21KB lib/typescript/commonjs/ui/hooks/useFollowTarget.d.ts
packed 0.85KB lib/typescript/commonjs/ui/hooks/useFollowTarget.d.ts.map
packed 0.84KB lib/typescript/commonjs/ui/hooks/useI18n.d.ts
packed 228B lib/typescript/commonjs/ui/hooks/useI18n.d.ts.map
packed 3.11KB lib/typescript/commonjs/ui/hooks/useLanguageManagement.d.ts
packed 1.26KB lib/typescript/commonjs/ui/hooks/useLanguageManagement.d.ts.map
packed 0.88KB lib/typescript/commonjs/ui/hooks/useMutationStatus.d.ts
packed 458B lib/typescript/commonjs/ui/hooks/useMutationStatus.d.ts.map
packed 0.60KB lib/typescript/commonjs/ui/hooks/useOnlineStatus.d.ts
packed 198B lib/typescript/commonjs/ui/hooks/useOnlineStatus.d.ts.map
packed 402B lib/typescript/commonjs/ui/hooks/useOxyEvent.d.ts
packed 248B lib/typescript/commonjs/ui/hooks/useOxyEvent.d.ts.map
packed 1.12KB lib/typescript/commonjs/ui/hooks/useProfileEditing.d.ts
packed 1.1KB lib/typescript/commonjs/ui/hooks/useProfileEditing.d.ts.map
packed 263B lib/typescript/commonjs/ui/hooks/useQueryClient.d.ts
packed 238B lib/typescript/commonjs/ui/hooks/useQueryClient.d.ts.map
packed 0.66KB lib/typescript/commonjs/ui/hooks/useReduceMotion.d.ts
packed 198B lib/typescript/commonjs/ui/hooks/useReduceMotion.d.ts.map
packed 2.40KB lib/typescript/commonjs/ui/hooks/useResolvedFileUrls.d.ts
packed 0.97KB lib/typescript/commonjs/ui/hooks/useResolvedFileUrls.d.ts.map
packed 2.50KB lib/typescript/commonjs/ui/hooks/useSessionManagement.d.ts
packed 1.32KB lib/typescript/commonjs/ui/hooks/useSessionManagement.d.ts.map
packed 2.0KB lib/typescript/commonjs/ui/hooks/useSettingToggle.d.ts
packed 1.35KB lib/typescript/commonjs/ui/hooks/useSettingToggle.d.ts.map
packed 0.63KB lib/typescript/commonjs/ui/hooks/useStorage.d.ts
packed 0.56KB lib/typescript/commonjs/ui/hooks/useStorage.d.ts.map
packed 0.70KB lib/typescript/commonjs/ui/hooks/useSurfaceFrameWidth.d.ts
packed 313B lib/typescript/commonjs/ui/hooks/useSurfaceFrameWidth.d.ts.map
packed 2.73KB lib/typescript/commonjs/ui/hooks/useSurfaceHeader.d.ts
packed 0.64KB lib/typescript/commonjs/ui/hooks/useSurfaceHeader.d.ts.map
packed 2.38KB lib/typescript/commonjs/ui/icons/Ionicons.d.ts
packed 195B lib/typescript/commonjs/ui/icons/Ionicons.d.ts.map
packed 3.22KB lib/typescript/commonjs/ui/icons/MaterialCommunityIcons.d.ts
packed 228B lib/typescript/commonjs/ui/icons/MaterialCommunityIcons.d.ts.map
packed 1.44KB lib/typescript/commonjs/ui/icons/decorativeIconSet.d.ts
packed 337B lib/typescript/commonjs/ui/icons/decorativeIconSet.d.ts.map
packed 11.30KB lib/typescript/commonjs/ui/icons/subsetGlyphMaps.d.ts
packed 0.54KB lib/typescript/commonjs/ui/icons/subsetGlyphMaps.d.ts.map
packed 2.44KB lib/typescript/commonjs/ui/index.d.ts
packed 1.40KB lib/typescript/commonjs/ui/index.d.ts.map
packed 102B lib/typescript/commonjs/ui/isFrontend.d.ts
packed 177B lib/typescript/commonjs/ui/isFrontend.d.ts.map
packed 2.86KB lib/typescript/commonjs/ui/navigation/accountDialogManager.d.ts
packed 1.27KB lib/typescript/commonjs/ui/navigation/accountDialogManager.d.ts.map
packed 1.70KB lib/typescript/commonjs/ui/navigation/bottomSheetManager.d.ts
packed 509B lib/typescript/commonjs/ui/navigation/bottomSheetManager.d.ts.map
packed 1.82KB lib/typescript/commonjs/ui/navigation/routes.d.ts
packed 0.85KB lib/typescript/commonjs/ui/navigation/routes.d.ts.map
packed 0.83KB lib/typescript/commonjs/ui/navigation/surfaceBackBridge.d.ts
packed 384B lib/typescript/commonjs/ui/navigation/surfaceBackBridge.d.ts.map
packed 4.0KB lib/typescript/commonjs/ui/navigation/surfaceNavStack.d.ts
packed 1.44KB lib/typescript/commonjs/ui/navigation/surfaceNavStack.d.ts.map
packed 10.26KB lib/typescript/commonjs/ui/navigation/surfaceRegistry.d.ts
packed 2.95KB lib/typescript/commonjs/ui/navigation/surfaceRegistry.d.ts.map
packed 6.41KB lib/typescript/commonjs/ui/navigation/surfaces.d.ts
packed 2.66KB lib/typescript/commonjs/ui/navigation/surfaces.d.ts.map
packed 502B lib/typescript/commonjs/ui/oauth/applicationSessionLane.d.ts
packed 438B lib/typescript/commonjs/ui/oauth/applicationSessionLane.d.ts.map
packed 3.25KB lib/typescript/commonjs/ui/oauth/browserAuthTransport.d.ts
packed 1.1KB lib/typescript/commonjs/ui/oauth/browserAuthTransport.d.ts.map
packed 4.30KB lib/typescript/commonjs/ui/oauth/browserBridge.d.ts
packed 1.64KB lib/typescript/commonjs/ui/oauth/browserBridge.d.ts.map
packed 2.48KB lib/typescript/commonjs/ui/oauth/completeOAuthCode.d.ts
packed 0.78KB lib/typescript/commonjs/ui/oauth/completeOAuthCode.d.ts.map
packed 2.71KB lib/typescript/commonjs/ui/oauth/explicitOAuthConsent.d.ts
packed 1.50KB lib/typescript/commonjs/ui/oauth/explicitOAuthConsent.d.ts.map
packed 1.24KB lib/typescript/commonjs/ui/oauth/nativeAuthTransport.d.ts
packed 1.0KB lib/typescript/commonjs/ui/oauth/nativeAuthTransport.d.ts.map
packed 2.50KB lib/typescript/commonjs/ui/oauth/oauthHandshake.d.ts
packed 0.80KB lib/typescript/commonjs/ui/oauth/oauthHandshake.d.ts.map
packed 4.0KB lib/typescript/commonjs/ui/oauth/oauthPopup.d.ts
packed 0.89KB lib/typescript/commonjs/ui/oauth/oauthPopup.d.ts.map
packed 3.0KB lib/typescript/commonjs/ui/oauth/oauthPopupMessages.d.ts
packed 0.99KB lib/typescript/commonjs/ui/oauth/oauthPopupMessages.d.ts.map
packed 6.31KB lib/typescript/commonjs/ui/oauth/types.d.ts
packed 2.60KB lib/typescript/commonjs/ui/oauth/types.d.ts.map
packed 6.84KB lib/typescript/commonjs/ui/runtime/createOxyRuntime.d.ts
packed 2.99KB lib/typescript/commonjs/ui/runtime/createOxyRuntime.d.ts.map
packed 1.1KB lib/typescript/commonjs/ui/runtime/index.d.ts
packed 0.57KB lib/typescript/commonjs/ui/runtime/index.d.ts.map
packed 2.0KB lib/typescript/commonjs/ui/runtime/runtimeContext.d.ts
packed 0.95KB lib/typescript/commonjs/ui/runtime/runtimeContext.d.ts.map
packed 4.1KB lib/typescript/commonjs/ui/runtime/types.d.ts
packed 1.22KB lib/typescript/commonjs/ui/runtime/types.d.ts.map
packed 1.18KB lib/typescript/commonjs/ui/runtime/useRuntimeSnapshot.d.ts
packed 0.53KB lib/typescript/commonjs/ui/runtime/useRuntimeSnapshot.d.ts.map
packed 470B lib/typescript/commonjs/ui/screens/AccountMembersScreen.d.ts
packed 342B lib/typescript/commonjs/ui/screens/AccountMembersScreen.d.ts.map
packed 502B lib/typescript/commonjs/ui/screens/AccountSecurityPanelScreen.d.ts
packed 317B lib/typescript/commonjs/ui/screens/AccountSecurityPanelScreen.d.ts.map
packed 0.58KB lib/typescript/commonjs/ui/screens/AccountSettingsScreen.d.ts
packed 345B lib/typescript/commonjs/ui/screens/AccountSettingsScreen.d.ts.map
packed 236B lib/typescript/commonjs/ui/screens/AccountVerificationScreen.d.ts
packed 261B lib/typescript/commonjs/ui/screens/AccountVerificationScreen.d.ts.map
packed 221B lib/typescript/commonjs/ui/screens/AppInfoScreen.d.ts
packed 310B lib/typescript/commonjs/ui/screens/AppInfoScreen.d.ts.map
packed 2.63KB lib/typescript/commonjs/ui/screens/AvatarCropScreen.d.ts
packed 0.77KB lib/typescript/commonjs/ui/screens/AvatarCropScreen.d.ts.map
packed 2.1KB lib/typescript/commonjs/ui/screens/ChangeAvatarScreen.d.ts
packed 426B lib/typescript/commonjs/ui/screens/ChangeAvatarScreen.d.ts.map
packed 230B lib/typescript/commonjs/ui/screens/ConnectedAppsScreen.d.ts
packed 249B lib/typescript/commonjs/ui/screens/ConnectedAppsScreen.d.ts.map
packed 0.53KB lib/typescript/commonjs/ui/screens/CreateAccountScreen.d.ts
packed 340B lib/typescript/commonjs/ui/screens/CreateAccountScreen.d.ts.map
packed 318B lib/typescript/commonjs/ui/screens/DeleteAccountScreen.d.ts
packed 337B lib/typescript/commonjs/ui/screens/DeleteAccountScreen.d.ts.map
packed 224B lib/typescript/commonjs/ui/screens/DomainsScreen.d.ts
packed 237B lib/typescript/commonjs/ui/screens/DomainsScreen.d.ts.map
packed 0.58KB lib/typescript/commonjs/ui/screens/EditProfileFieldScreen.d.ts
packed 466B lib/typescript/commonjs/ui/screens/EditProfileFieldScreen.d.ts.map
packed 0.66KB lib/typescript/commonjs/ui/screens/EditProfileScreen.d.ts
packed 338B lib/typescript/commonjs/ui/screens/EditProfileScreen.d.ts.map
packed 266B lib/typescript/commonjs/ui/screens/FileManagementScreen.d.ts
packed 333B lib/typescript/commonjs/ui/screens/FileManagementScreen.d.ts.map
packed 0.52KB lib/typescript/commonjs/ui/screens/FollowersListScreen.d.ts
packed 505B lib/typescript/commonjs/ui/screens/FollowersListScreen.d.ts.map
packed 0.52KB lib/typescript/commonjs/ui/screens/FollowingListScreen.d.ts
packed 505B lib/typescript/commonjs/ui/screens/FollowingListScreen.d.ts.map
packed 228B lib/typescript/commonjs/ui/screens/HelpSupportScreen.d.ts
packed 245B lib/typescript/commonjs/ui/screens/HelpSupportScreen.d.ts.map
packed 228B lib/typescript/commonjs/ui/screens/HistoryViewScreen.d.ts
packed 245B lib/typescript/commonjs/ui/screens/HistoryViewScreen.d.ts.map
packed 311B lib/typescript/commonjs/ui/screens/LanguageSelectorScreen.d.ts
packed 289B lib/typescript/commonjs/ui/screens/LanguageSelectorScreen.d.ts.map
packed 254B lib/typescript/commonjs/ui/screens/LearnMoreUsernamesScreen.d.ts
packed 337B lib/typescript/commonjs/ui/screens/LearnMoreUsernamesScreen.d.ts.map
packed 231B lib/typescript/commonjs/ui/screens/LegalDocumentsScreen.d.ts
packed 251B lib/typescript/commonjs/ui/screens/LegalDocumentsScreen.d.ts.map
packed 315B lib/typescript/commonjs/ui/screens/LinkCommonsScreen.d.ts
packed 333B lib/typescript/commonjs/ui/screens/LinkCommonsScreen.d.ts.map
packed 0.61KB lib/typescript/commonjs/ui/screens/ManageAccountScreen.d.ts
packed 344B lib/typescript/commonjs/ui/screens/ManageAccountScreen.d.ts.map
packed 230B lib/typescript/commonjs/ui/screens/NotificationsScreen.d.ts
packed 249B lib/typescript/commonjs/ui/screens/NotificationsScreen.d.ts.map
packed 0.65KB lib/typescript/commonjs/ui/screens/PaymentGatewayScreen.d.ts
packed 0.69KB lib/typescript/commonjs/ui/screens/PaymentGatewayScreen.d.ts.map
packed 228B lib/typescript/commonjs/ui/screens/PreferencesScreen.d.ts
packed 245B lib/typescript/commonjs/ui/screens/PreferencesScreen.d.ts.map
packed 232B lib/typescript/commonjs/ui/screens/PrivacySettingsScreen.d.ts
packed 253B lib/typescript/commonjs/ui/screens/PrivacySettingsScreen.d.ts.map
packed 324B lib/typescript/commonjs/ui/screens/ProfileScreen.d.ts
packed 401B lib/typescript/commonjs/ui/screens/ProfileScreen.d.ts.map
packed 231B lib/typescript/commonjs/ui/screens/SearchSettingsScreen.d.ts
packed 251B lib/typescript/commonjs/ui/screens/SearchSettingsScreen.d.ts.map
packed 341B lib/typescript/commonjs/ui/screens/SignInAuthenticatorScreen.d.ts
packed 349B lib/typescript/commonjs/ui/screens/SignInAuthenticatorScreen.d.ts.map
packed 305B lib/typescript/commonjs/ui/screens/SignInPasswordScreen.d.ts
packed 339B lib/typescript/commonjs/ui/screens/SignInPasswordScreen.d.ts.map
packed 458B lib/typescript/commonjs/ui/screens/UserLinksScreen.d.ts
packed 0.56KB lib/typescript/commonjs/ui/screens/UserLinksScreen.d.ts.map
packed 0.72KB lib/typescript/commonjs/ui/screens/UserListScreen.d.ts
packed 0.56KB lib/typescript/commonjs/ui/screens/UserListScreen.d.ts.map
packed 0.59KB lib/typescript/commonjs/ui/screens/WelcomeNewUserScreen.d.ts
packed 429B lib/typescript/commonjs/ui/screens/WelcomeNewUserScreen.d.ts.map
packed 0.83KB lib/typescript/commonjs/ui/screens/fileManagement/FileLibraryError.d.ts
packed 0.54KB lib/typescript/commonjs/ui/screens/fileManagement/FileLibraryError.d.ts.map
packed 1.46KB lib/typescript/commonjs/ui/screens/fileManagement/FileListSection.d.ts
packed 1.30KB lib/typescript/commonjs/ui/screens/fileManagement/FileListSection.d.ts.map
packed 1.69KB lib/typescript/commonjs/ui/screens/fileManagement/PhotoPickerSection.d.ts
packed 1.23KB lib/typescript/commonjs/ui/screens/fileManagement/PhotoPickerSection.d.ts.map
packed 424B lib/typescript/commonjs/ui/screens/fileManagement/UploadBar.d.ts
packed 506B lib/typescript/commonjs/ui/screens/fileManagement/UploadBar.d.ts.map
packed 2.47KB lib/typescript/commonjs/ui/screens/fileManagement/hooks/useFileUploadState.d.ts
packed 1.70KB lib/typescript/commonjs/ui/screens/fileManagement/hooks/useFileUploadState.d.ts.map
packed 1.71KB lib/typescript/commonjs/ui/screens/fileManagement/photoGridLayout.d.ts
packed 489B lib/typescript/commonjs/ui/screens/fileManagement/photoGridLayout.d.ts.map
packed 1.99KB lib/typescript/commonjs/ui/screens/fileManagement/shared.d.ts
packed 1.0KB lib/typescript/commonjs/ui/screens/fileManagement/shared.d.ts.map
packed 0.99KB lib/typescript/commonjs/ui/screens/index.d.ts
packed 0.58KB lib/typescript/commonjs/ui/screens/index.d.ts.map
packed 0.99KB lib/typescript/commonjs/ui/screens/linkFormat.d.ts
packed 491B lib/typescript/commonjs/ui/screens/linkFormat.d.ts.map
packed 233B lib/typescript/commonjs/ui/screens/trust/TrustAboutScreen.d.ts
packed 329B lib/typescript/commonjs/ui/screens/trust/TrustAboutScreen.d.ts.map
packed 236B lib/typescript/commonjs/ui/screens/trust/TrustCenterScreen.d.ts
packed 330B lib/typescript/commonjs/ui/screens/trust/TrustCenterScreen.d.ts.map
packed 228B lib/typescript/commonjs/ui/screens/trust/TrustFAQScreen.d.ts
packed 248B lib/typescript/commonjs/ui/screens/trust/TrustFAQScreen.d.ts.map
packed 251B lib/typescript/commonjs/ui/screens/trust/TrustLeaderboardScreen.d.ts
packed 342B lib/typescript/commonjs/ui/screens/trust/TrustLeaderboardScreen.d.ts.map
packed 239B lib/typescript/commonjs/ui/screens/trust/TrustRewardsScreen.d.ts
packed 334B lib/typescript/commonjs/ui/screens/trust/TrustRewardsScreen.d.ts.map
packed 233B lib/typescript/commonjs/ui/screens/trust/TrustRulesScreen.d.ts
packed 329B lib/typescript/commonjs/ui/screens/trust/TrustRulesScreen.d.ts.map
packed 1.33KB lib/typescript/commonjs/ui/server.d.ts
packed 0.72KB lib/typescript/commonjs/ui/server.d.ts.map
packed 2.46KB lib/typescript/commonjs/ui/session/authStore.d.ts
packed 381B lib/typescript/commonjs/ui/session/authStore.d.ts.map
packed 1.93KB lib/typescript/commonjs/ui/session/backgroundSession.d.ts
packed 0.59KB lib/typescript/commonjs/ui/session/backgroundSession.d.ts.map
packed 2.50KB lib/typescript/commonjs/ui/session/createSessionClient.d.ts
packed 0.62KB lib/typescript/commonjs/ui/session/createSessionClient.d.ts.map
packed 1.11KB lib/typescript/commonjs/ui/session/deviceCredentialTracker.d.ts
packed 465B lib/typescript/commonjs/ui/session/deviceCredentialTracker.d.ts.map
packed 3.1KB lib/typescript/commonjs/ui/session/identityBinding.d.ts
packed 0.70KB lib/typescript/commonjs/ui/session/identityBinding.d.ts.map
packed 1.22KB lib/typescript/commonjs/ui/session/index.d.ts
packed 0.52KB lib/typescript/commonjs/ui/session/index.d.ts.map
packed 1.32KB lib/typescript/commonjs/ui/session/nativeSecureStorage.d.ts
packed 281B lib/typescript/commonjs/ui/session/nativeSecureStorage.d.ts.map
packed 1.71KB lib/typescript/commonjs/ui/session/sharedDeviceCredentialStore.d.ts
packed 437B lib/typescript/commonjs/ui/session/sharedDeviceCredentialStore.d.ts.map
packed 1.72KB lib/typescript/commonjs/ui/session/tokenLossRecovery.d.ts
packed 0.91KB lib/typescript/commonjs/ui/session/tokenLossRecovery.d.ts.map
packed 2.1KB lib/typescript/commonjs/ui/session/tokenTransport.d.ts
packed 378B lib/typescript/commonjs/ui/session/tokenTransport.d.ts.map
packed 1.18KB lib/typescript/commonjs/ui/session/useBackgroundSessionSync.d.ts
packed 0.51KB lib/typescript/commonjs/ui/session/useBackgroundSessionSync.d.ts.map
packed 2.60KB lib/typescript/commonjs/ui/stores/assetStore.d.ts
packed 2.37KB lib/typescript/commonjs/ui/stores/assetStore.d.ts.map
packed 2.95KB lib/typescript/commonjs/ui/stores/authStore.d.ts
packed 1.0KB lib/typescript/commonjs/ui/stores/authStore.d.ts.map
packed 1.74KB lib/typescript/commonjs/ui/stores/followStore.d.ts
packed 1.70KB lib/typescript/commonjs/ui/stores/followStore.d.ts.map
packed 4.27KB lib/typescript/commonjs/ui/stores/followTargetStore.d.ts
packed 1.35KB lib/typescript/commonjs/ui/stores/followTargetStore.d.ts.map
packed 461B lib/typescript/commonjs/ui/stores/resetSessionScopedStores.d.ts
packed 214B lib/typescript/commonjs/ui/stores/resetSessionScopedStores.d.ts.map
packed 2.30KB lib/typescript/commonjs/ui/types/fileManagement.d.ts
packed 1.24KB lib/typescript/commonjs/ui/types/fileManagement.d.ts.map
packed 8.1KB lib/typescript/commonjs/ui/types/navigation.d.ts
packed 2.55KB lib/typescript/commonjs/ui/types/navigation.d.ts.map
packed 2.11KB lib/typescript/commonjs/ui/types/surfaceScreen.d.ts
packed 1.1KB lib/typescript/commonjs/ui/types/surfaceScreen.d.ts.map
packed 1.83KB lib/typescript/commonjs/ui/utils/accountDeletionHandoff.d.ts
packed 0.78KB lib/typescript/commonjs/ui/utils/accountDeletionHandoff.d.ts.map
packed 0.93KB lib/typescript/commonjs/ui/utils/avatarUtils.d.ts
packed 502B lib/typescript/commonjs/ui/utils/avatarUtils.d.ts.map
packed 0.85KB lib/typescript/commonjs/ui/utils/buildId.d.ts
packed 183B lib/typescript/commonjs/ui/utils/buildId.d.ts.map
packed 495B lib/typescript/commonjs/ui/utils/clipboard.d.ts
packed 217B lib/typescript/commonjs/ui/utils/clipboard.d.ts.map
packed 0.97KB lib/typescript/commonjs/ui/utils/clipboard.native.d.ts
packed 238B lib/typescript/commonjs/ui/utils/clipboard.native.d.ts.map
packed 372B lib/typescript/commonjs/ui/utils/colorUtils.d.ts
packed 253B lib/typescript/commonjs/ui/utils/colorUtils.d.ts.map
packed 1.17KB lib/typescript/commonjs/ui/utils/commonsStoreLinks.d.ts
packed 417B lib/typescript/commonjs/ui/utils/commonsStoreLinks.d.ts.map
packed 1.86KB lib/typescript/commonjs/ui/utils/deliveryPlatform.d.ts
packed 280B lib/typescript/commonjs/ui/utils/deliveryPlatform.d.ts.map
packed 0.81KB lib/typescript/commonjs/ui/utils/deviceCredential.d.ts
packed 412B lib/typescript/commonjs/ui/utils/deviceCredential.d.ts.map
packed 0.93KB lib/typescript/commonjs/ui/utils/deviceSessionTitle.d.ts
packed 459B lib/typescript/commonjs/ui/utils/deviceSessionTitle.d.ts.map
packed 1.44KB lib/typescript/commonjs/ui/utils/errorHandlers.d.ts
packed 0.79KB lib/typescript/commonjs/ui/utils/errorHandlers.d.ts.map
packed 2.12KB lib/typescript/commonjs/ui/utils/fileManagement.d.ts
packed 0.96KB lib/typescript/commonjs/ui/utils/fileManagement.d.ts.map
packed 3.65KB lib/typescript/commonjs/ui/utils/iconNames.d.ts
packed 0.97KB lib/typescript/commonjs/ui/utils/iconNames.d.ts.map
packed 372B lib/typescript/commonjs/ui/utils/isWebBrowser.d.ts
packed 193B lib/typescript/commonjs/ui/utils/isWebBrowser.d.ts.map
packed 0.73KB lib/typescript/commonjs/ui/utils/netConnectivity.d.ts
packed 412B lib/typescript/commonjs/ui/utils/netConnectivity.d.ts.map
packed 2.52KB lib/typescript/commonjs/ui/utils/oauthReturn.d.ts
packed 0.58KB lib/typescript/commonjs/ui/utils/oauthReturn.d.ts.map
packed 1.89KB lib/typescript/commonjs/ui/utils/sessionHelpers.d.ts
packed 1.00KB lib/typescript/commonjs/ui/utils/sessionHelpers.d.ts.map
packed 1.12KB lib/typescript/commonjs/ui/utils/storageHelpers.d.ts
packed 0.82KB lib/typescript/commonjs/ui/utils/storageHelpers.d.ts.map
packed 0.88KB lib/typescript/commonjs/ui/utils/userUtils.d.ts
packed 462B lib/typescript/commonjs/ui/utils/userUtils.d.ts.map
packed 3.29KB lib/typescript/commonjs/utils/hookUtils.d.ts
packed 1.67KB lib/typescript/commonjs/utils/hookUtils.d.ts.map
packed 0.74KB lib/typescript/module/assets/icons/OxyServices.d.ts
packed 0.52KB lib/typescript/module/assets/icons/OxyServices.d.ts.map
packed 213B lib/typescript/module/assets/illustrations/HighFive.d.ts
packed 343B lib/typescript/module/assets/illustrations/HighFive.d.ts.map
packed 10.86KB lib/typescript/module/index.d.ts
packed 6.23KB lib/typescript/module/index.d.ts.map
packed 9.70KB lib/typescript/module/notifications/deviceNotifications.d.ts
packed 1.29KB lib/typescript/module/notifications/deviceNotifications.d.ts.map
packed 18B lib/typescript/module/package.json
packed 1.22KB lib/typescript/module/ui/analytics/productAnalytics.d.ts
packed 0.86KB lib/typescript/module/ui/analytics/productAnalytics.d.ts.map
packed 3.52KB lib/typescript/module/ui/boot/runProviderColdBoot.d.ts
packed 1.39KB lib/typescript/module/ui/boot/runProviderColdBoot.d.ts.map
packed 3.69KB lib/typescript/module/ui/client.d.ts
packed 2.1KB lib/typescript/module/ui/client.d.ts.map
packed 156B lib/typescript/module/ui/components/AvatarCameraBadge.d.ts
packed 261B lib/typescript/module/ui/components/AvatarCameraBadge.d.ts.map
packed 1.0KB lib/typescript/module/ui/components/BenefitList.d.ts
packed 0.91KB lib/typescript/module/ui/components/BenefitList.d.ts.map
packed 0.99KB lib/typescript/module/ui/components/BloomLocaleBridge.d.ts
packed 310B lib/typescript/module/ui/components/BloomLocaleBridge.d.ts.map
packed 1.82KB lib/typescript/module/ui/components/FollowButton.d.ts
packed 1.37KB lib/typescript/module/ui/components/FollowButton.d.ts.map
packed 4.45KB lib/typescript/module/ui/components/FollowTargetButton.d.ts
packed 1.20KB lib/typescript/module/ui/components/FollowTargetButton.d.ts.map
packed 247B lib/typescript/module/ui/components/KeyboardBoundary.d.ts
packed 299B lib/typescript/module/ui/components/KeyboardBoundary.d.ts.map
packed 252B lib/typescript/module/ui/components/KeyboardBoundary.native.d.ts
packed 313B lib/typescript/module/ui/components/KeyboardBoundary.native.d.ts.map
packed 223B lib/typescript/module/ui/components/KeyboardBoundary.web.d.ts
packed 307B lib/typescript/module/ui/components/KeyboardBoundary.web.d.ts.map
packed 1.0KB lib/typescript/module/ui/components/LanguageBridge.d.ts
packed 321B lib/typescript/module/ui/components/LanguageBridge.d.ts.map
packed 2.37KB lib/typescript/module/ui/components/OxyAccountDialogScreen.d.ts
packed 387B lib/typescript/module/ui/components/OxyAccountDialogScreen.d.ts.map
packed 2.54KB lib/typescript/module/ui/components/OxyAuthChooser.d.ts
packed 403B lib/typescript/module/ui/components/OxyAuthChooser.d.ts.map
packed 2.22KB lib/typescript/module/ui/components/OxyAuthPrompt.d.ts
packed 0.60KB lib/typescript/module/ui/components/OxyAuthPrompt.d.ts.map
packed 3.33KB lib/typescript/module/ui/components/OxyConsentScreen.d.ts
packed 1.59KB lib/typescript/module/ui/components/OxyConsentScreen.d.ts.map
packed 0.53KB lib/typescript/module/ui/components/OxyOAuthCallback.d.ts
packed 297B lib/typescript/module/ui/components/OxyOAuthCallback.d.ts.map
packed 423B lib/typescript/module/ui/components/OxyPayButton.d.ts
packed 270B lib/typescript/module/ui/components/OxyPayButton.d.ts.map
packed 1.82KB lib/typescript/module/ui/components/OxyProvider.d.ts
packed 373B lib/typescript/module/ui/components/OxyProvider.d.ts.map
packed 5.36KB lib/typescript/module/ui/components/OxySignInButton.d.ts
packed 1.48KB lib/typescript/module/ui/components/OxySignInButton.d.ts.map
packed 5.61KB lib/typescript/module/ui/components/OxySignInRequestSurface.d.ts
packed 0.96KB lib/typescript/module/ui/components/OxySignInRequestSurface.d.ts.map
packed 1.1KB lib/typescript/module/ui/components/PeableButton.d.ts
packed 0.87KB lib/typescript/module/ui/components/PeableButton.d.ts.map
packed 1.79KB lib/typescript/module/ui/components/ProfileButton.d.ts
packed 0.87KB lib/typescript/module/ui/components/ProfileButton.d.ts.map
packed 1.51KB lib/typescript/module/ui/components/ProfileSummaryCard.d.ts
packed 0.68KB lib/typescript/module/ui/components/ProfileSummaryCard.d.ts.map
packed 2.71KB lib/typescript/module/ui/components/RequireOxyAuth.d.ts
packed 0.80KB lib/typescript/module/ui/components/RequireOxyAuth.d.ts.map
packed 0.65KB lib/typescript/module/ui/components/SettingsIcon.d.ts
packed 505B lib/typescript/module/ui/components/SettingsIcon.d.ts.map
packed 507B lib/typescript/module/ui/components/SurfaceHeaderAction.d.ts
packed 444B lib/typescript/module/ui/components/SurfaceHeaderAction.d.ts.map
packed 1.22KB lib/typescript/module/ui/components/SurfaceScreen.d.ts
packed 0.55KB lib/typescript/module/ui/components/SurfaceScreen.d.ts.map
packed 2.46KB lib/typescript/module/ui/components/authChooser/AccountsMenuView.d.ts
packed 0.82KB lib/typescript/module/ui/components/authChooser/AccountsMenuView.d.ts.map
packed 1.62KB lib/typescript/module/ui/components/authChooser/SignInRequestView.d.ts
packed 0.58KB lib/typescript/module/ui/components/authChooser/SignInRequestView.d.ts.map
packed 1.72KB lib/typescript/module/ui/components/authChooser/TroubleDisclosure.d.ts
packed 0.56KB lib/typescript/module/ui/components/authChooser/TroubleDisclosure.d.ts.map
packed 1.0KB lib/typescript/module/ui/components/authChooser/primitives.d.ts
packed 403B lib/typescript/module/ui/components/authChooser/primitives.d.ts.map
packed 2.81KB lib/typescript/module/ui/components/authChooser/requestSurfaces.d.ts
packed 1.16KB lib/typescript/module/ui/components/authChooser/requestSurfaces.d.ts.map
packed 0.63KB lib/typescript/module/ui/components/authChooser/signInFailureMessage.d.ts
packed 398B lib/typescript/module/ui/components/authChooser/signInFailureMessage.d.ts.map
packed 1.13KB lib/typescript/module/ui/components/authChooser/signInProgress.d.ts
packed 464B lib/typescript/module/ui/components/authChooser/signInProgress.d.ts.map
packed 5.15KB lib/typescript/module/ui/components/authChooser/styles.d.ts
packed 444B lib/typescript/module/ui/components/authChooser/styles.d.ts.map
packed 5.35KB lib/typescript/module/ui/components/authChooser/types.d.ts
packed 2.0KB lib/typescript/module/ui/components/authChooser/types.d.ts.map
packed 269B lib/typescript/module/ui/components/feedback/constants.d.ts
packed 354B lib/typescript/module/ui/components/feedback/constants.d.ts.map
packed 1.11KB lib/typescript/module/ui/components/feedback/types.d.ts
packed 1.30KB lib/typescript/module/ui/components/feedback/types.d.ts.map
packed 436B lib/typescript/module/ui/components/feedback/useFeedbackForm.d.ts
packed 316B lib/typescript/module/ui/components/feedback/useFeedbackForm.d.ts.map
packed 1.22KB lib/typescript/module/ui/components/fileManagement/FileDetailsModal.d.ts
packed 0.78KB lib/typescript/module/ui/components/fileManagement/FileDetailsModal.d.ts.map
packed 0.55KB lib/typescript/module/ui/components/fileManagement/FileViewer.d.ts
packed 0.67KB lib/typescript/module/ui/components/fileManagement/FileViewer.d.ts.map
packed 0.52KB lib/typescript/module/ui/components/fileManagement/UploadPreview.d.ts
packed 0.60KB lib/typescript/module/ui/components/fileManagement/UploadPreview.d.ts.map
packed 2.1KB lib/typescript/module/ui/components/followButtonAccessibility.d.ts
packed 0.75KB lib/typescript/module/ui/components/followButtonAccessibility.d.ts.map
packed 2.71KB lib/typescript/module/ui/components/followRules.d.ts
packed 1.15KB lib/typescript/module/ui/components/followRules.d.ts.map
packed 318B lib/typescript/module/ui/components/icon/FAIRWalletIcon.d.ts
packed 437B lib/typescript/module/ui/components/icon/FAIRWalletIcon.d.ts.map
packed 0.83KB lib/typescript/module/ui/components/logo/LogoIcon.d.ts
packed 504B lib/typescript/module/ui/components/logo/LogoIcon.d.ts.map
packed 0.83KB lib/typescript/module/ui/components/logo/LogoText.d.ts
packed 504B lib/typescript/module/ui/components/logo/LogoText.d.ts.map
packed 1.31KB lib/typescript/module/ui/components/modals/DeleteAccountModal.d.ts
packed 0.78KB lib/typescript/module/ui/components/modals/DeleteAccountModal.d.ts.map
packed 2.67KB lib/typescript/module/ui/components/oauthNavigation.d.ts
packed 0.54KB lib/typescript/module/ui/components/oauthNavigation.d.ts.map
packed 0.71KB lib/typescript/module/ui/components/payment/PaymentDetailsStep.d.ts
packed 0.80KB lib/typescript/module/ui/components/payment/PaymentDetailsStep.d.ts.map
packed 0.54KB lib/typescript/module/ui/components/payment/PaymentMethodStep.d.ts
packed 0.61KB lib/typescript/module/ui/components/payment/PaymentMethodStep.d.ts.map
packed 0.55KB lib/typescript/module/ui/components/payment/PaymentReviewStep.d.ts
packed 0.64KB lib/typescript/module/ui/components/payment/PaymentReviewStep.d.ts.map
packed 384B lib/typescript/module/ui/components/payment/PaymentSuccessStep.d.ts
packed 458B lib/typescript/module/ui/components/payment/PaymentSuccessStep.d.ts.map
packed 0.53KB lib/typescript/module/ui/components/payment/PaymentSummaryStep.d.ts
packed 0.62KB lib/typescript/module/ui/components/payment/PaymentSummaryStep.d.ts.map
packed 405B lib/typescript/module/ui/components/payment/constants.d.ts
packed 464B lib/typescript/module/ui/components/payment/constants.d.ts.map
packed 9.14KB lib/typescript/module/ui/components/payment/paymentStyles.d.ts
packed 0.64KB lib/typescript/module/ui/components/payment/paymentStyles.d.ts.map
packed 1.16KB lib/typescript/module/ui/components/payment/types.d.ts
packed 1.21KB lib/typescript/module/ui/components/payment/types.d.ts.map
packed 1.31KB lib/typescript/module/ui/components/photogrid/JustifiedPhotoGrid.d.ts
packed 0.86KB lib/typescript/module/ui/components/photogrid/JustifiedPhotoGrid.d.ts.map
packed 1.00KB lib/typescript/module/ui/components/signIn/InlineCommonsQr.d.ts
packed 367B lib/typescript/module/ui/components/signIn/InlineCommonsQr.d.ts.map
packed 2.0KB lib/typescript/module/ui/components/signIn/OxyAccountPicker.d.ts
packed 0.73KB lib/typescript/module/ui/components/signIn/OxyAccountPicker.d.ts.map
packed 2.10KB lib/typescript/module/ui/components/signIn/OxyAuthScreen.d.ts
packed 0.83KB lib/typescript/module/ui/components/signIn/OxyAuthScreen.d.ts.map
packed 0.84KB lib/typescript/module/ui/components/signIn/OxyAuthenticatorPanel.d.ts
packed 372B lib/typescript/module/ui/components/signIn/OxyAuthenticatorPanel.d.ts.map
packed 0.86KB lib/typescript/module/ui/components/signIn/OxyDeleteAccountPanel.d.ts
packed 419B lib/typescript/module/ui/components/signIn/OxyDeleteAccountPanel.d.ts.map
packed 0.99KB lib/typescript/module/ui/components/signIn/OxyLinkCommonsPanel.d.ts
packed 414B lib/typescript/module/ui/components/signIn/OxyLinkCommonsPanel.d.ts.map
packed 0.62KB lib/typescript/module/ui/components/signIn/OxyPasswordPanel.d.ts
packed 405B lib/typescript/module/ui/components/signIn/OxyPasswordPanel.d.ts.map
packed 2.70KB lib/typescript/module/ui/components/signIn/OxySignInPanel.d.ts
packed 0.66KB lib/typescript/module/ui/components/signIn/OxySignInPanel.d.ts.map
packed 1.12KB lib/typescript/module/ui/components/signIn/OxySignUpPanel.d.ts
packed 448B lib/typescript/module/ui/components/signIn/OxySignUpPanel.d.ts.map
packed 1.47KB lib/typescript/module/ui/components/signIn/ReauthStep.d.ts
packed 0.88KB lib/typescript/module/ui/components/signIn/ReauthStep.d.ts.map
packed 5.48KB lib/typescript/module/ui/components/signIn/accountFlowParts.d.ts
packed 3.19KB lib/typescript/module/ui/components/signIn/accountFlowParts.d.ts.map
packed 371B lib/typescript/module/ui/components/signIn/artwork.d.ts
packed 245B lib/typescript/module/ui/components/signIn/artwork.d.ts.map
packed 1.25KB lib/typescript/module/ui/components/signIn/signInFlowStore.d.ts
packed 0.52KB lib/typescript/module/ui/components/signIn/signInFlowStore.d.ts.map
packed 1.32KB lib/typescript/module/ui/components/signIn/signInMethods.d.ts
packed 511B lib/typescript/module/ui/components/signIn/signInMethods.d.ts.map
packed 438B lib/typescript/module/ui/components/styles/overlay.d.ts
packed 0.54KB lib/typescript/module/ui/components/styles/overlay.d.ts.map
packed 227B lib/typescript/module/ui/components/styles/shadow.d.ts
packed 326B lib/typescript/module/ui/components/styles/shadow.d.ts.map
packed 1.70KB lib/typescript/module/ui/components/surfaces/ActionSheetSurface.d.ts
packed 1.0KB lib/typescript/module/ui/components/surfaces/ActionSheetSurface.d.ts.map
packed 423B lib/typescript/module/ui/components/utils/hasTouchHandler.d.ts
packed 431B lib/typescript/module/ui/components/utils/hasTouchHandler.d.ts.map
packed 109B lib/typescript/module/ui/components/utils/roundLayoutSize.d.ts
packed 208B lib/typescript/module/ui/components/utils/roundLayoutSize.d.ts.map
packed 0.95KB lib/typescript/module/ui/components/utils/splitStyles.d.ts
packed 0.58KB lib/typescript/module/ui/components/utils/splitStyles.d.ts.map
packed 1.18KB lib/typescript/module/ui/constants/spacing.d.ts
packed 0.55KB lib/typescript/module/ui/constants/spacing.d.ts.map
packed 2.32KB lib/typescript/module/ui/context/OxyContext.d.ts
packed 0.86KB lib/typescript/module/ui/context/OxyContext.d.ts.map
packed 2.27KB lib/typescript/module/ui/context/commitSessionFlow.d.ts
packed 1.0KB lib/typescript/module/ui/context/commitSessionFlow.d.ts.map
packed 4.26KB lib/typescript/module/ui/context/hooks/useAuthOperations.d.ts
packed 1.83KB lib/typescript/module/ui/context/hooks/useAuthOperations.d.ts.map
packed 0.96KB lib/typescript/module/ui/context/isolatedOAuthSession.d.ts
packed 0.86KB lib/typescript/module/ui/context/isolatedOAuthSession.d.ts.map
packed 329B lib/typescript/module/ui/context/oxyContextHelpers.d.ts
packed 316B lib/typescript/module/ui/context/oxyContextHelpers.d.ts.map
packed 10.67KB lib/typescript/module/ui/context/oxyContextTypes.d.ts
packed 4.96KB lib/typescript/module/ui/context/oxyContextTypes.d.ts.map
packed 1.57KB lib/typescript/module/ui/context/useOxyAccountGraph.d.ts
packed 1.14KB lib/typescript/module/ui/context/useOxyAccountGraph.d.ts.map
packed 1.1KB lib/typescript/module/ui/hooks/accountDialogSnapshot.d.ts
packed 360B lib/typescript/module/ui/hooks/accountDialogSnapshot.d.ts.map
packed 3.92KB lib/typescript/module/ui/hooks/accountQueryPersistence.d.ts
packed 1.27KB lib/typescript/module/ui/hooks/accountQueryPersistence.d.ts.map
packed 3.58KB lib/typescript/module/ui/hooks/mutations/mutationFactory.d.ts
packed 1.99KB lib/typescript/module/ui/hooks/mutations/mutationFactory.d.ts.map
packed 1.60KB lib/typescript/module/ui/hooks/mutations/mutationKeys.d.ts
packed 217B lib/typescript/module/ui/hooks/mutations/mutationKeys.d.ts.map
packed 12.0KB lib/typescript/module/ui/hooks/mutations/useAccountMutations.d.ts
packed 2.38KB lib/typescript/module/ui/hooks/mutations/useAccountMutations.d.ts.map
packed 0.97KB lib/typescript/module/ui/hooks/mutations/useServicesMutations.d.ts
packed 396B lib/typescript/module/ui/hooks/mutations/useServicesMutations.d.ts.map
packed 2.32KB lib/typescript/module/ui/hooks/persistedQueryCache.d.ts
packed 1.0KB lib/typescript/module/ui/hooks/persistedQueryCache.d.ts.map
packed 5.1KB lib/typescript/module/ui/hooks/queries/paymentTypes.d.ts
packed 2.39KB lib/typescript/module/ui/hooks/queries/paymentTypes.d.ts.map
packed 7.80KB lib/typescript/module/ui/hooks/queries/queryKeys.d.ts
packed 1.50KB lib/typescript/module/ui/hooks/queries/queryKeys.d.ts.map
packed 4.0KB lib/typescript/module/ui/hooks/queries/useAccountQueries.d.ts
packed 1.1KB lib/typescript/module/ui/hooks/queries/useAccountQueries.d.ts.map
packed 6.83KB lib/typescript/module/ui/hooks/queries/useAuthMethods.d.ts
packed 0.73KB lib/typescript/module/ui/hooks/queries/useAuthMethods.d.ts.map
packed 2.65KB lib/typescript/module/ui/hooks/queries/useFileQueries.d.ts
packed 1.51KB lib/typescript/module/ui/hooks/queries/useFileQueries.d.ts.map
packed 2.71KB lib/typescript/module/ui/hooks/queries/usePaymentQueries.d.ts
packed 0.72KB lib/typescript/module/ui/hooks/queries/usePaymentQueries.d.ts.map
packed 1.13KB lib/typescript/module/ui/hooks/queries/useSecurityQueries.d.ts
packed 0.63KB lib/typescript/module/ui/hooks/queries/useSecurityQueries.d.ts.map
packed 1.69KB lib/typescript/module/ui/hooks/queries/useServicesQueries.d.ts
packed 0.80KB lib/typescript/module/ui/hooks/queries/useServicesQueries.d.ts.map
packed 9.80KB lib/typescript/module/ui/hooks/queries/userCache.d.ts
packed 1.60KB lib/typescript/module/ui/hooks/queries/userCache.d.ts.map
packed 0.56KB lib/typescript/module/ui/hooks/queries/userCacheRelationship.d.ts
packed 328B lib/typescript/module/ui/hooks/queries/userCacheRelationship.d.ts.map
packed 3.41KB lib/typescript/module/ui/hooks/queryClient.d.ts
packed 0.89KB lib/typescript/module/ui/hooks/queryClient.d.ts.map
packed 1.62KB lib/typescript/module/ui/hooks/useAssets.d.ts
packed 0.78KB lib/typescript/module/ui/hooks/useAssets.d.ts.map
packed 1.82KB lib/typescript/module/ui/hooks/useAsyncAction.d.ts
packed 1.22KB lib/typescript/module/ui/hooks/useAsyncAction.d.ts.map
packed 4.51KB lib/typescript/module/ui/hooks/useAuth.d.ts
packed 1.48KB lib/typescript/module/ui/hooks/useAuth.d.ts.map
packed 1.64KB lib/typescript/module/ui/hooks/useAvatarPicker.d.ts
packed 0.51KB lib/typescript/module/ui/hooks/useAvatarPicker.d.ts.map
packed 1.1KB lib/typescript/module/ui/hooks/useDeviceManagement.d.ts
packed 0.94KB lib/typescript/module/ui/hooks/useDeviceManagement.d.ts.map
packed 2.65KB lib/typescript/module/ui/hooks/useDeviceSwitcher.d.ts
packed 0.83KB lib/typescript/module/ui/hooks/useDeviceSwitcher.d.ts.map
packed 0.79KB lib/typescript/module/ui/hooks/useFileDownloadUrl.d.ts
packed 0.56KB lib/typescript/module/ui/hooks/useFileDownloadUrl.d.ts.map
packed 1.10KB lib/typescript/module/ui/hooks/useFileFiltering.d.ts
packed 1.0KB lib/typescript/module/ui/hooks/useFileFiltering.d.ts.map
packed 4.38KB lib/typescript/module/ui/hooks/useFollow.d.ts
packed 0.82KB lib/typescript/module/ui/hooks/useFollow.d.ts.map
packed 1.32KB lib/typescript/module/ui/hooks/useFollow.types.d.ts
packed 1.47KB lib/typescript/module/ui/hooks/useFollow.types.d.ts.map
packed 2.21KB lib/typescript/module/ui/hooks/useFollowTarget.d.ts
packed 0.85KB lib/typescript/module/ui/hooks/useFollowTarget.d.ts.map
packed 0.84KB lib/typescript/module/ui/hooks/useI18n.d.ts
packed 228B lib/typescript/module/ui/hooks/useI18n.d.ts.map
packed 3.11KB lib/typescript/module/ui/hooks/useLanguageManagement.d.ts
packed 1.26KB lib/typescript/module/ui/hooks/useLanguageManagement.d.ts.map
packed 0.88KB lib/typescript/module/ui/hooks/useMutationStatus.d.ts
packed 458B lib/typescript/module/ui/hooks/useMutationStatus.d.ts.map
packed 0.60KB lib/typescript/module/ui/hooks/useOnlineStatus.d.ts
packed 198B lib/typescript/module/ui/hooks/useOnlineStatus.d.ts.map
packed 402B lib/typescript/module/ui/hooks/useOxyEvent.d.ts
packed 248B lib/typescript/module/ui/hooks/useOxyEvent.d.ts.map
packed 1.12KB lib/typescript/module/ui/hooks/useProfileEditing.d.ts
packed 1.1KB lib/typescript/module/ui/hooks/useProfileEditing.d.ts.map
packed 263B lib/typescript/module/ui/hooks/useQueryClient.d.ts
packed 238B lib/typescript/module/ui/hooks/useQueryClient.d.ts.map
packed 0.66KB lib/typescript/module/ui/hooks/useReduceMotion.d.ts
packed 198B lib/typescript/module/ui/hooks/useReduceMotion.d.ts.map
packed 2.40KB lib/typescript/module/ui/hooks/useResolvedFileUrls.d.ts
packed 0.97KB lib/typescript/module/ui/hooks/useResolvedFileUrls.d.ts.map
packed 2.51KB lib/typescript/module/ui/hooks/useSessionManagement.d.ts
packed 1.32KB lib/typescript/module/ui/hooks/useSessionManagement.d.ts.map
packed 2.0KB lib/typescript/module/ui/hooks/useSettingToggle.d.ts
packed 1.35KB lib/typescript/module/ui/hooks/useSettingToggle.d.ts.map
packed 0.64KB lib/typescript/module/ui/hooks/useStorage.d.ts
packed 0.56KB lib/typescript/module/ui/hooks/useStorage.d.ts.map
packed 0.70KB lib/typescript/module/ui/hooks/useSurfaceFrameWidth.d.ts
packed 313B lib/typescript/module/ui/hooks/useSurfaceFrameWidth.d.ts.map
packed 2.73KB lib/typescript/module/ui/hooks/useSurfaceHeader.d.ts
packed 0.64KB lib/typescript/module/ui/hooks/useSurfaceHeader.d.ts.map
packed 2.38KB lib/typescript/module/ui/icons/Ionicons.d.ts
packed 195B lib/typescript/module/ui/icons/Ionicons.d.ts.map
packed 3.22KB lib/typescript/module/ui/icons/MaterialCommunityIcons.d.ts
packed 228B lib/typescript/module/ui/icons/MaterialCommunityIcons.d.ts.map
packed 1.44KB lib/typescript/module/ui/icons/decorativeIconSet.d.ts
packed 337B lib/typescript/module/ui/icons/decorativeIconSet.d.ts.map
packed 11.30KB lib/typescript/module/ui/icons/subsetGlyphMaps.d.ts
packed 0.54KB lib/typescript/module/ui/icons/subsetGlyphMaps.d.ts.map
packed 2.51KB lib/typescript/module/ui/index.d.ts
packed 1.41KB lib/typescript/module/ui/index.d.ts.map
packed 102B lib/typescript/module/ui/isFrontend.d.ts
packed 177B lib/typescript/module/ui/isFrontend.d.ts.map
packed 2.86KB lib/typescript/module/ui/navigation/accountDialogManager.d.ts
packed 1.27KB lib/typescript/module/ui/navigation/accountDialogManager.d.ts.map
packed 1.70KB lib/typescript/module/ui/navigation/bottomSheetManager.d.ts
packed 510B lib/typescript/module/ui/navigation/bottomSheetManager.d.ts.map
packed 1.82KB lib/typescript/module/ui/navigation/routes.d.ts
packed 0.85KB lib/typescript/module/ui/navigation/routes.d.ts.map
packed 0.83KB lib/typescript/module/ui/navigation/surfaceBackBridge.d.ts
packed 384B lib/typescript/module/ui/navigation/surfaceBackBridge.d.ts.map
packed 4.0KB lib/typescript/module/ui/navigation/surfaceNavStack.d.ts
packed 1.44KB lib/typescript/module/ui/navigation/surfaceNavStack.d.ts.map
packed 10.27KB lib/typescript/module/ui/navigation/surfaceRegistry.d.ts
packed 2.95KB lib/typescript/module/ui/navigation/surfaceRegistry.d.ts.map
packed 6.42KB lib/typescript/module/ui/navigation/surfaces.d.ts
packed 2.66KB lib/typescript/module/ui/navigation/surfaces.d.ts.map
packed 502B lib/typescript/module/ui/oauth/applicationSessionLane.d.ts
packed 438B lib/typescript/module/ui/oauth/applicationSessionLane.d.ts.map
packed 3.26KB lib/typescript/module/ui/oauth/browserAuthTransport.d.ts
packed 1.1KB lib/typescript/module/ui/oauth/browserAuthTransport.d.ts.map
packed 4.31KB lib/typescript/module/ui/oauth/browserBridge.d.ts
packed 1.64KB lib/typescript/module/ui/oauth/browserBridge.d.ts.map
packed 2.48KB lib/typescript/module/ui/oauth/completeOAuthCode.d.ts
packed 0.78KB lib/typescript/module/ui/oauth/completeOAuthCode.d.ts.map
packed 2.71KB lib/typescript/module/ui/oauth/explicitOAuthConsent.d.ts
packed 1.50KB lib/typescript/module/ui/oauth/explicitOAuthConsent.d.ts.map
packed 1.24KB lib/typescript/module/ui/oauth/nativeAuthTransport.d.ts
packed 1.0KB lib/typescript/module/ui/oauth/nativeAuthTransport.d.ts.map
packed 2.50KB lib/typescript/module/ui/oauth/oauthHandshake.d.ts
packed 0.80KB lib/typescript/module/ui/oauth/oauthHandshake.d.ts.map
packed 4.0KB lib/typescript/module/ui/oauth/oauthPopup.d.ts
packed 0.89KB lib/typescript/module/ui/oauth/oauthPopup.d.ts.map
packed 3.0KB lib/typescript/module/ui/oauth/oauthPopupMessages.d.ts
packed 0.99KB lib/typescript/module/ui/oauth/oauthPopupMessages.d.ts.map
packed 6.31KB lib/typescript/module/ui/oauth/types.d.ts
packed 2.60KB lib/typescript/module/ui/oauth/types.d.ts.map
packed 6.85KB lib/typescript/module/ui/runtime/createOxyRuntime.d.ts
packed 2.99KB lib/typescript/module/ui/runtime/createOxyRuntime.d.ts.map
packed 1.1KB lib/typescript/module/ui/runtime/index.d.ts
packed 0.57KB lib/typescript/module/ui/runtime/index.d.ts.map
packed 2.0KB lib/typescript/module/ui/runtime/runtimeContext.d.ts
packed 0.95KB lib/typescript/module/ui/runtime/runtimeContext.d.ts.map
packed 4.1KB lib/typescript/module/ui/runtime/types.d.ts
packed 1.22KB lib/typescript/module/ui/runtime/types.d.ts.map
packed 1.18KB lib/typescript/module/ui/runtime/useRuntimeSnapshot.d.ts
packed 0.53KB lib/typescript/module/ui/runtime/useRuntimeSnapshot.d.ts.map
packed 473B lib/typescript/module/ui/screens/AccountMembersScreen.d.ts
packed 343B lib/typescript/module/ui/screens/AccountMembersScreen.d.ts.map
packed 502B lib/typescript/module/ui/screens/AccountSecurityPanelScreen.d.ts
packed 317B lib/typescript/module/ui/screens/AccountSecurityPanelScreen.d.ts.map
packed 0.59KB lib/typescript/module/ui/screens/AccountSettingsScreen.d.ts
packed 346B lib/typescript/module/ui/screens/AccountSettingsScreen.d.ts.map
packed 239B lib/typescript/module/ui/screens/AccountVerificationScreen.d.ts
packed 262B lib/typescript/module/ui/screens/AccountVerificationScreen.d.ts.map
packed 224B lib/typescript/module/ui/screens/AppInfoScreen.d.ts
packed 311B lib/typescript/module/ui/screens/AppInfoScreen.d.ts.map
packed 2.63KB lib/typescript/module/ui/screens/AvatarCropScreen.d.ts
packed 0.77KB lib/typescript/module/ui/screens/AvatarCropScreen.d.ts.map
packed 2.1KB lib/typescript/module/ui/screens/ChangeAvatarScreen.d.ts
packed 427B lib/typescript/module/ui/screens/ChangeAvatarScreen.d.ts.map
packed 233B lib/typescript/module/ui/screens/ConnectedAppsScreen.d.ts
packed 250B lib/typescript/module/ui/screens/ConnectedAppsScreen.d.ts.map
packed 0.53KB lib/typescript/module/ui/screens/CreateAccountScreen.d.ts
packed 341B lib/typescript/module/ui/screens/CreateAccountScreen.d.ts.map
packed 321B lib/typescript/module/ui/screens/DeleteAccountScreen.d.ts
packed 338B lib/typescript/module/ui/screens/DeleteAccountScreen.d.ts.map
packed 227B lib/typescript/module/ui/screens/DomainsScreen.d.ts
packed 238B lib/typescript/module/ui/screens/DomainsScreen.d.ts.map
packed 0.58KB lib/typescript/module/ui/screens/EditProfileFieldScreen.d.ts
packed 467B lib/typescript/module/ui/screens/EditProfileFieldScreen.d.ts.map
packed 0.66KB lib/typescript/module/ui/screens/EditProfileScreen.d.ts
packed 339B lib/typescript/module/ui/screens/EditProfileScreen.d.ts.map
packed 269B lib/typescript/module/ui/screens/FileManagementScreen.d.ts
packed 334B lib/typescript/module/ui/screens/FileManagementScreen.d.ts.map
packed 0.53KB lib/typescript/module/ui/screens/FollowersListScreen.d.ts
packed 506B lib/typescript/module/ui/screens/FollowersListScreen.d.ts.map
packed 0.53KB lib/typescript/module/ui/screens/FollowingListScreen.d.ts
packed 506B lib/typescript/module/ui/screens/FollowingListScreen.d.ts.map
packed 231B lib/typescript/module/ui/screens/HelpSupportScreen.d.ts
packed 246B lib/typescript/module/ui/screens/HelpSupportScreen.d.ts.map
packed 231B lib/typescript/module/ui/screens/HistoryViewScreen.d.ts
packed 246B lib/typescript/module/ui/screens/HistoryViewScreen.d.ts.map
packed 314B lib/typescript/module/ui/screens/LanguageSelectorScreen.d.ts
packed 290B lib/typescript/module/ui/screens/LanguageSelectorScreen.d.ts.map
packed 257B lib/typescript/module/ui/screens/LearnMoreUsernamesScreen.d.ts
packed 338B lib/typescript/module/ui/screens/LearnMoreUsernamesScreen.d.ts.map
packed 234B lib/typescript/module/ui/screens/LegalDocumentsScreen.d.ts
packed 252B lib/typescript/module/ui/screens/LegalDocumentsScreen.d.ts.map
packed 318B lib/typescript/module/ui/screens/LinkCommonsScreen.d.ts
packed 334B lib/typescript/module/ui/screens/LinkCommonsScreen.d.ts.map
packed 0.61KB lib/typescript/module/ui/screens/ManageAccountScreen.d.ts
packed 345B lib/typescript/module/ui/screens/ManageAccountScreen.d.ts.map
packed 233B lib/typescript/module/ui/screens/NotificationsScreen.d.ts
packed 250B lib/typescript/module/ui/screens/NotificationsScreen.d.ts.map
packed 0.66KB lib/typescript/module/ui/screens/PaymentGatewayScreen.d.ts
packed 0.69KB lib/typescript/module/ui/screens/PaymentGatewayScreen.d.ts.map
packed 231B lib/typescript/module/ui/screens/PreferencesScreen.d.ts
packed 246B lib/typescript/module/ui/screens/PreferencesScreen.d.ts.map
packed 235B lib/typescript/module/ui/screens/PrivacySettingsScreen.d.ts
packed 254B lib/typescript/module/ui/screens/PrivacySettingsScreen.d.ts.map
packed 327B lib/typescript/module/ui/screens/ProfileScreen.d.ts
packed 402B lib/typescript/module/ui/screens/ProfileScreen.d.ts.map
packed 234B lib/typescript/module/ui/screens/SearchSettingsScreen.d.ts
packed 252B lib/typescript/module/ui/screens/SearchSettingsScreen.d.ts.map
packed 344B lib/typescript/module/ui/screens/SignInAuthenticatorScreen.d.ts
packed 350B lib/typescript/module/ui/screens/SignInAuthenticatorScreen.d.ts.map
packed 308B lib/typescript/module/ui/screens/SignInPasswordScreen.d.ts
packed 340B lib/typescript/module/ui/screens/SignInPasswordScreen.d.ts.map
packed 461B lib/typescript/module/ui/screens/UserLinksScreen.d.ts
packed 0.56KB lib/typescript/module/ui/screens/UserLinksScreen.d.ts.map
packed 0.73KB lib/typescript/module/ui/screens/UserListScreen.d.ts
packed 0.56KB lib/typescript/module/ui/screens/UserListScreen.d.ts.map
packed 0.59KB lib/typescript/module/ui/screens/WelcomeNewUserScreen.d.ts
packed 430B lib/typescript/module/ui/screens/WelcomeNewUserScreen.d.ts.map
packed 0.83KB lib/typescript/module/ui/screens/fileManagement/FileLibraryError.d.ts
packed 0.54KB lib/typescript/module/ui/screens/fileManagement/FileLibraryError.d.ts.map
packed 1.46KB lib/typescript/module/ui/screens/fileManagement/FileListSection.d.ts
packed 1.30KB lib/typescript/module/ui/screens/fileManagement/FileListSection.d.ts.map
packed 1.69KB lib/typescript/module/ui/screens/fileManagement/PhotoPickerSection.d.ts
packed 1.23KB lib/typescript/module/ui/screens/fileManagement/PhotoPickerSection.d.ts.map
packed 424B lib/typescript/module/ui/screens/fileManagement/UploadBar.d.ts
packed 506B lib/typescript/module/ui/screens/fileManagement/UploadBar.d.ts.map
packed 2.48KB lib/typescript/module/ui/screens/fileManagement/hooks/useFileUploadState.d.ts
packed 1.70KB lib/typescript/module/ui/screens/fileManagement/hooks/useFileUploadState.d.ts.map
packed 1.71KB lib/typescript/module/ui/screens/fileManagement/photoGridLayout.d.ts
packed 489B lib/typescript/module/ui/screens/fileManagement/photoGridLayout.d.ts.map
packed 1.99KB lib/typescript/module/ui/screens/fileManagement/shared.d.ts
packed 1.0KB lib/typescript/module/ui/screens/fileManagement/shared.d.ts.map
packed 1.0KB lib/typescript/module/ui/screens/index.d.ts
packed 0.58KB lib/typescript/module/ui/screens/index.d.ts.map
packed 0.99KB lib/typescript/module/ui/screens/linkFormat.d.ts
packed 491B lib/typescript/module/ui/screens/linkFormat.d.ts.map
packed 236B lib/typescript/module/ui/screens/trust/TrustAboutScreen.d.ts
packed 330B lib/typescript/module/ui/screens/trust/TrustAboutScreen.d.ts.map
packed 239B lib/typescript/module/ui/screens/trust/TrustCenterScreen.d.ts
packed 331B lib/typescript/module/ui/screens/trust/TrustCenterScreen.d.ts.map
packed 231B lib/typescript/module/ui/screens/trust/TrustFAQScreen.d.ts
packed 249B lib/typescript/module/ui/screens/trust/TrustFAQScreen.d.ts.map
packed 254B lib/typescript/module/ui/screens/trust/TrustLeaderboardScreen.d.ts
packed 343B lib/typescript/module/ui/screens/trust/TrustLeaderboardScreen.d.ts.map
packed 242B lib/typescript/module/ui/screens/trust/TrustRewardsScreen.d.ts
packed 335B lib/typescript/module/ui/screens/trust/TrustRewardsScreen.d.ts.map
packed 236B lib/typescript/module/ui/screens/trust/TrustRulesScreen.d.ts
packed 330B lib/typescript/module/ui/screens/trust/TrustRulesScreen.d.ts.map
packed 1.34KB lib/typescript/module/ui/server.d.ts
packed 0.72KB lib/typescript/module/ui/server.d.ts.map
packed 2.46KB lib/typescript/module/ui/session/authStore.d.ts
packed 381B lib/typescript/module/ui/session/authStore.d.ts.map
packed 1.93KB lib/typescript/module/ui/session/backgroundSession.d.ts
packed 0.59KB lib/typescript/module/ui/session/backgroundSession.d.ts.map
packed 2.50KB lib/typescript/module/ui/session/createSessionClient.d.ts
packed 0.62KB lib/typescript/module/ui/session/createSessionClient.d.ts.map
packed 1.11KB lib/typescript/module/ui/session/deviceCredentialTracker.d.ts
packed 465B lib/typescript/module/ui/session/deviceCredentialTracker.d.ts.map
packed 3.1KB lib/typescript/module/ui/session/identityBinding.d.ts
packed 0.70KB lib/typescript/module/ui/session/identityBinding.d.ts.map
packed 1.23KB lib/typescript/module/ui/session/index.d.ts
packed 0.52KB lib/typescript/module/ui/session/index.d.ts.map
packed 1.32KB lib/typescript/module/ui/session/nativeSecureStorage.d.ts
packed 281B lib/typescript/module/ui/session/nativeSecureStorage.d.ts.map
packed 1.71KB lib/typescript/module/ui/session/sharedDeviceCredentialStore.d.ts
packed 437B lib/typescript/module/ui/session/sharedDeviceCredentialStore.d.ts.map
packed 1.72KB lib/typescript/module/ui/session/tokenLossRecovery.d.ts
packed 0.91KB lib/typescript/module/ui/session/tokenLossRecovery.d.ts.map
packed 2.1KB lib/typescript/module/ui/session/tokenTransport.d.ts
packed 378B lib/typescript/module/ui/session/tokenTransport.d.ts.map
packed 1.18KB lib/typescript/module/ui/session/useBackgroundSessionSync.d.ts
packed 0.51KB lib/typescript/module/ui/session/useBackgroundSessionSync.d.ts.map
packed 2.60KB lib/typescript/module/ui/stores/assetStore.d.ts
packed 2.37KB lib/typescript/module/ui/stores/assetStore.d.ts.map
packed 2.96KB lib/typescript/module/ui/stores/authStore.d.ts
packed 1.0KB lib/typescript/module/ui/stores/authStore.d.ts.map
packed 1.74KB lib/typescript/module/ui/stores/followStore.d.ts
packed 1.70KB lib/typescript/module/ui/stores/followStore.d.ts.map
packed 4.27KB lib/typescript/module/ui/stores/followTargetStore.d.ts
packed 1.35KB lib/typescript/module/ui/stores/followTargetStore.d.ts.map
packed 461B lib/typescript/module/ui/stores/resetSessionScopedStores.d.ts
packed 214B lib/typescript/module/ui/stores/resetSessionScopedStores.d.ts.map
packed 2.30KB lib/typescript/module/ui/types/fileManagement.d.ts
packed 1.24KB lib/typescript/module/ui/types/fileManagement.d.ts.map
packed 8.1KB lib/typescript/module/ui/types/navigation.d.ts
packed 2.55KB lib/typescript/module/ui/types/navigation.d.ts.map
packed 2.12KB lib/typescript/module/ui/types/surfaceScreen.d.ts
packed 1.1KB lib/typescript/module/ui/types/surfaceScreen.d.ts.map
packed 1.83KB lib/typescript/module/ui/utils/accountDeletionHandoff.d.ts
packed 0.78KB lib/typescript/module/ui/utils/accountDeletionHandoff.d.ts.map
packed 0.93KB lib/typescript/module/ui/utils/avatarUtils.d.ts
packed 502B lib/typescript/module/ui/utils/avatarUtils.d.ts.map
packed 0.85KB lib/typescript/module/ui/utils/buildId.d.ts
packed 183B lib/typescript/module/ui/utils/buildId.d.ts.map
packed 495B lib/typescript/module/ui/utils/clipboard.d.ts
packed 217B lib/typescript/module/ui/utils/clipboard.d.ts.map
packed 0.97KB lib/typescript/module/ui/utils/clipboard.native.d.ts
packed 238B lib/typescript/module/ui/utils/clipboard.native.d.ts.map
packed 372B lib/typescript/module/ui/utils/colorUtils.d.ts
packed 253B lib/typescript/module/ui/utils/colorUtils.d.ts.map
packed 1.17KB lib/typescript/module/ui/utils/commonsStoreLinks.d.ts
packed 417B lib/typescript/module/ui/utils/commonsStoreLinks.d.ts.map
packed 1.86KB lib/typescript/module/ui/utils/deliveryPlatform.d.ts
packed 280B lib/typescript/module/ui/utils/deliveryPlatform.d.ts.map
packed 0.81KB lib/typescript/module/ui/utils/deviceCredential.d.ts
packed 412B lib/typescript/module/ui/utils/deviceCredential.d.ts.map
packed 0.93KB lib/typescript/module/ui/utils/deviceSessionTitle.d.ts
packed 459B lib/typescript/module/ui/utils/deviceSessionTitle.d.ts.map
packed 1.44KB lib/typescript/module/ui/utils/errorHandlers.d.ts
packed 0.79KB lib/typescript/module/ui/utils/errorHandlers.d.ts.map
packed 2.12KB lib/typescript/module/ui/utils/fileManagement.d.ts
packed 0.96KB lib/typescript/module/ui/utils/fileManagement.d.ts.map
packed 3.65KB lib/typescript/module/ui/utils/iconNames.d.ts
packed 0.97KB lib/typescript/module/ui/utils/iconNames.d.ts.map
packed 372B lib/typescript/module/ui/utils/isWebBrowser.d.ts
packed 193B lib/typescript/module/ui/utils/isWebBrowser.d.ts.map
packed 0.73KB lib/typescript/module/ui/utils/netConnectivity.d.ts
packed 412B lib/typescript/module/ui/utils/netConnectivity.d.ts.map
packed 2.52KB lib/typescript/module/ui/utils/oauthReturn.d.ts
packed 0.58KB lib/typescript/module/ui/utils/oauthReturn.d.ts.map
packed 1.89KB lib/typescript/module/ui/utils/sessionHelpers.d.ts
packed 1.00KB lib/typescript/module/ui/utils/sessionHelpers.d.ts.map
packed 1.12KB lib/typescript/module/ui/utils/storageHelpers.d.ts
packed 0.82KB lib/typescript/module/ui/utils/storageHelpers.d.ts.map
packed 0.88KB lib/typescript/module/ui/utils/userUtils.d.ts
packed 462B lib/typescript/module/ui/utils/userUtils.d.ts.map
packed 3.29KB lib/typescript/module/utils/hookUtils.d.ts
packed 1.67KB lib/typescript/module/utils/hookUtils.d.ts.map
packed 43B lib/typescript/nativewind-env.d.ts
packed 74B lib/typescript/types/assets.d.ts
packed 0.81KB lib/typescript/types/expo-crypto.d.ts
packed 1.0KB lib/typescript/types/expo-document-picker.d.ts
packed 1.29KB lib/typescript/types/expo-haptics.d.ts
packed 1.1KB lib/typescript/types/expo-image-picker.d.ts
packed 1.11KB lib/typescript/types/expo-secure-store.d.ts
packed 1.11KB lib/typescript/types/express.d.ts
packed 1.85KB lib/typescript/types/react-native-classname.d.ts
packed 1.31KB lib/typescript/types/react-native-web-style.d.ts
packed 3.82KB plugins/withOxySharedPermissions.js
packed 2.36KB plugins/withSharedDeviceSessionProvider.js
packed 2.20KB src/__tests__/esmSourcePurity.test.ts
packed 11.86KB src/assets/OxyLogo.svg
packed 43.0KB src/assets/fonts/icons/OxyServicesIonicons.ttf
packed 60B src/assets/fonts/icons/OxyServicesIonicons.ttf.d.ts
packed 28.85KB src/assets/fonts/icons/OxyServicesMaterialCommunityIcons.ttf
packed 60B src/assets/fonts/icons/OxyServicesMaterialCommunityIcons.ttf.d.ts
packed 8.14KB src/assets/fonts/icons/manifest.json
packed 4.10KB src/assets/icons/OxyServices.tsx
packed 2.80KB src/assets/icons/logo_OxyServices.svg
packed 13.42KB src/assets/illustrations/HighFive.tsx
packed 30.25KB src/assets/lottie/welcomeheader_background_op1.json
packed 102.17KB src/assets/signIn/slide-1.jpg
packed 150B src/assets/signIn/slide-1.jpg.d.ts
packed 87.91KB src/assets/signIn/slide-2.jpg
packed 150B src/assets/signIn/slide-2.jpg.d.ts
packed 59.19KB src/assets/signIn/slide-3.jpg
packed 150B src/assets/signIn/slide-3.jpg.d.ts
packed 46.64KB src/assets/signIn/slide-4.jpg
packed 150B src/assets/signIn/slide-4.jpg.d.ts
packed 19.79KB src/index.ts
packed 43B src/nativewind-env.d.ts
packed 18.0KB src/notifications/deviceNotifications.ts
packed 74B src/types/assets.d.ts
packed 0.81KB src/types/expo-crypto.d.ts
packed 1.0KB src/types/expo-document-picker.d.ts
packed 1.29KB src/types/expo-haptics.d.ts
packed 1.1KB src/types/expo-image-picker.d.ts
packed 1.11KB src/types/expo-secure-store.d.ts
packed 1.11KB src/types/express.d.ts
packed 1.85KB src/types/react-native-classname.d.ts
packed 1.31KB src/types/react-native-web-style.d.ts
packed 3.59KB src/ui/analytics/productAnalytics.tsx
packed 12.0KB src/ui/boot/__tests__/coldBootNoIdpRedirect.test.ts
packed 10.73KB src/ui/boot/runProviderColdBoot.ts
packed 4.0KB src/ui/client.ts
packed 1.14KB src/ui/components/AvatarCameraBadge.tsx
packed 3.57KB src/ui/components/BenefitList.tsx
packed 1.25KB src/ui/components/BloomLocaleBridge.tsx
packed 11.24KB src/ui/components/FollowButton.tsx
packed 12.89KB src/ui/components/FollowTargetButton.tsx
packed 330B src/ui/components/KeyboardBoundary.native.tsx
packed 225B src/ui/components/KeyboardBoundary.tsx
packed 197B src/ui/components/KeyboardBoundary.web.tsx
packed 1.97KB src/ui/components/LanguageBridge.tsx
packed 5.39KB src/ui/components/OxyAccountDialogScreen.tsx
packed 19.57KB src/ui/components/OxyAuthChooser.tsx
packed 4.60KB src/ui/components/OxyAuthPrompt.tsx
packed 20.92KB src/ui/components/OxyConsentScreen.tsx
packed 1.29KB src/ui/components/OxyOAuthCallback.tsx
packed 376B src/ui/components/OxyPayButton.tsx
packed 10.97KB src/ui/components/OxyProvider.tsx
packed 19.1KB src/ui/components/OxySignInButton.tsx
packed 8.36KB src/ui/components/OxySignInRequestSurface.tsx
packed 2.63KB src/ui/components/PeableButton.tsx
packed 6.1KB src/ui/components/ProfileButton.tsx
packed 3.52KB src/ui/components/ProfileSummaryCard.tsx
packed 8.90KB src/ui/components/RequireOxyAuth.tsx
packed 1.43KB src/ui/components/SettingsIcon.tsx
packed 0.64KB src/ui/components/SurfaceHeaderAction.tsx
packed 11.15KB src/ui/components/SurfaceScreen.tsx
packed 1.79KB src/ui/components/__tests__/BloomLocaleBridge.test.tsx
packed 2.98KB src/ui/components/__tests__/LanguageBridge.test.tsx
packed 8.76KB src/ui/components/__tests__/OxyConsentScreen.test.tsx
packed 7.52KB src/ui/components/__tests__/followButtonAccessibility.test.tsx
packed 9.51KB src/ui/components/__tests__/followTargetButton.test.ts
packed 30.1KB src/ui/components/authChooser/AccountsMenuView.tsx
packed 4.0KB src/ui/components/authChooser/SignInRequestView.tsx
packed 3.18KB src/ui/components/authChooser/TroubleDisclosure.tsx
packed 1.34KB src/ui/components/authChooser/primitives.tsx
packed 5.1KB src/ui/components/authChooser/requestSurfaces.tsx
packed 1.19KB src/ui/components/authChooser/signInFailureMessage.ts
packed 2.25KB src/ui/components/authChooser/signInProgress.ts
packed 4.91KB src/ui/components/authChooser/styles.ts
packed 5.46KB src/ui/components/authChooser/types.ts
packed 1.38KB src/ui/components/feedback/constants.ts
packed 1.1KB src/ui/components/feedback/types.ts
packed 1.19KB src/ui/components/feedback/useFeedbackForm.ts
packed 5.57KB src/ui/components/fileManagement/FileDetailsModal.tsx
packed 16.65KB src/ui/components/fileManagement/FileViewer.tsx
packed 6.28KB src/ui/components/fileManagement/UploadPreview.tsx
packed 3.0KB src/ui/components/followButtonAccessibility.ts
packed 4.1KB src/ui/components/followRules.ts
packed 2.1KB src/ui/components/icon/FAIRWalletIcon.tsx
packed 9.33KB src/ui/components/logo/LogoIcon.tsx
packed 13.40KB src/ui/components/logo/LogoText.tsx
packed 5.0KB src/ui/components/modals/DeleteAccountModal.tsx
packed 4.62KB src/ui/components/oauthNavigation.ts
packed 12.99KB src/ui/components/payment/PaymentDetailsStep.tsx
packed 3.80KB src/ui/components/payment/PaymentMethodStep.tsx
packed 5.40KB src/ui/components/payment/PaymentReviewStep.tsx
packed 2.47KB src/ui/components/payment/PaymentSuccessStep.tsx
packed 8.0KB src/ui/components/payment/PaymentSummaryStep.tsx
packed 1.21KB src/ui/components/payment/constants.ts
packed 9.18KB src/ui/components/payment/paymentStyles.ts
packed 1.1KB src/ui/components/payment/types.ts
packed 11.54KB src/ui/components/photogrid/JustifiedPhotoGrid.tsx
packed 1.83KB src/ui/components/photogrid/__tests__/chunkPhotos.test.ts
packed 5.30KB src/ui/components/signIn/InlineCommonsQr.tsx
packed 8.82KB src/ui/components/signIn/OxyAccountPicker.tsx
packed 5.31KB src/ui/components/signIn/OxyAuthScreen.tsx
packed 10.1KB src/ui/components/signIn/OxyAuthenticatorPanel.tsx
packed 4.0KB src/ui/components/signIn/OxyDeleteAccountPanel.tsx
packed 8.61KB src/ui/components/signIn/OxyLinkCommonsPanel.tsx
packed 4.29KB src/ui/components/signIn/OxyPasswordPanel.tsx
packed 27.87KB src/ui/components/signIn/OxySignInPanel.tsx
packed 8.63KB src/ui/components/signIn/OxySignUpPanel.tsx
packed 7.12KB src/ui/components/signIn/ReauthStep.tsx
packed 13.54KB src/ui/components/signIn/accountFlowParts.tsx
packed 0.62KB src/ui/components/signIn/artwork.ts
packed 1.59KB src/ui/components/signIn/signInFlowStore.ts
packed 1.40KB src/ui/components/signIn/signInMethods.ts
packed 2.59KB src/ui/components/styles/overlay.tsx
packed 3.44KB src/ui/components/styles/shadow.tsx
packed 3.40KB src/ui/components/surfaces/ActionSheetSurface.tsx
packed 486B src/ui/components/utils/hasTouchHandler.tsx
packed 91B src/ui/components/utils/roundLayoutSize.ts
packed 2.12KB src/ui/components/utils/splitStyles.ts
packed 1.42KB src/ui/constants/spacing.ts
packed 68.59KB src/ui/context/OxyContext.tsx
packed 9.35KB src/ui/context/__tests__/commitSessionFlow.test.ts
packed 1.72KB src/ui/context/__tests__/isolatedOAuthSession.test.ts
packed 5.42KB src/ui/context/commitSessionFlow.ts
packed 20.43KB src/ui/context/hooks/useAuthOperations.ts
packed 1.87KB src/ui/context/isolatedOAuthSession.ts
packed 0.88KB src/ui/context/oxyContextHelpers.ts
packed 10.21KB src/ui/context/oxyContextTypes.ts
packed 4.73KB src/ui/context/useOxyAccountGraph.ts
packed 1.98KB src/ui/hooks/accountDialogSnapshot.ts
packed 9.15KB src/ui/hooks/accountQueryPersistence.ts
packed 7.59KB src/ui/hooks/mutations/mutationFactory.ts
packed 1.47KB src/ui/hooks/mutations/mutationKeys.ts
packed 26.62KB src/ui/hooks/mutations/useAccountMutations.ts
packed 5.33KB src/ui/hooks/mutations/useServicesMutations.ts
packed 3.92KB src/ui/hooks/persistedQueryCache.ts
packed 15.45KB src/ui/hooks/queries/__tests__/userCache.test.ts
packed 11.77KB src/ui/hooks/queries/__tests__/userCacheClear.test.ts
packed 4.90KB src/ui/hooks/queries/paymentTypes.ts
packed 9.1KB src/ui/hooks/queries/queryKeys.ts
packed 12.46KB src/ui/hooks/queries/useAccountQueries.ts
packed 1.89KB src/ui/hooks/queries/useAuthMethods.ts
packed 5.66KB src/ui/hooks/queries/useFileQueries.ts
packed 4.88KB src/ui/hooks/queries/usePaymentQueries.ts
packed 2.94KB src/ui/hooks/queries/useSecurityQueries.ts
packed 5.15KB src/ui/hooks/queries/useServicesQueries.ts
packed 21.52KB src/ui/hooks/queries/userCache.ts
packed 1.21KB src/ui/hooks/queries/userCacheRelationship.ts
packed 8.0KB src/ui/hooks/queryClient.ts
packed 7.1KB src/ui/hooks/useAssets.ts
packed 3.75KB src/ui/hooks/useAsyncAction.ts
packed 8.22KB src/ui/hooks/useAuth.ts
packed 5.25KB src/ui/hooks/useAvatarPicker.ts
packed 3.25KB src/ui/hooks/useDeviceManagement.ts
packed 4.48KB src/ui/hooks/useDeviceSwitcher.ts
packed 2.1KB src/ui/hooks/useFileDownloadUrl.ts
packed 3.82KB src/ui/hooks/useFileFiltering.ts
packed 16.58KB src/ui/hooks/useFollow.ts
packed 1.37KB src/ui/hooks/useFollow.types.ts
packed 8.53KB src/ui/hooks/useFollowTarget.ts
packed 1.79KB src/ui/hooks/useI18n.ts
packed 8.49KB src/ui/hooks/useLanguageManagement.ts
packed 3.1KB src/ui/hooks/useMutationStatus.ts
packed 1.1KB src/ui/hooks/useOnlineStatus.ts
packed 0.74KB src/ui/hooks/useOxyEvent.ts
packed 6.31KB src/ui/hooks/useProfileEditing.ts
packed 501B src/ui/hooks/useQueryClient.ts
packed 2.0KB src/ui/hooks/useReduceMotion.ts
packed 6.89KB src/ui/hooks/useResolvedFileUrls.ts
packed 8.59KB src/ui/hooks/useSessionManagement.ts
packed 4.93KB src/ui/hooks/useSettingToggle.ts
packed 1.44KB src/ui/hooks/useStorage.ts
packed 0.90KB src/ui/hooks/useSurfaceFrameWidth.ts
packed 7.75KB src/ui/hooks/useSurfaceHeader.ts
packed 493B src/ui/icons/Ionicons.ts
packed 0.59KB src/ui/icons/MaterialCommunityIcons.ts
packed 1.74KB src/ui/icons/__tests__/decorativeIconSet.test.tsx
packed 2.24KB src/ui/icons/decorativeIconSet.ts
packed 7.96KB src/ui/icons/subsetGlyphMaps.ts
packed 2.86KB src/ui/index.ts
packed 241B src/ui/isFrontend.ts
packed 5.57KB src/ui/navigation/__tests__/getSurfaceConfig.test.ts
packed 8.52KB src/ui/navigation/__tests__/surfaceNavStack.test.ts
packed 3.75KB src/ui/navigation/accountDialogManager.ts
packed 2.40KB src/ui/navigation/bottomSheetManager.ts
packed 8.22KB src/ui/navigation/routes.ts
packed 2.11KB src/ui/navigation/surfaceBackBridge.ts
packed 7.55KB src/ui/navigation/surfaceNavStack.ts
packed 13.78KB src/ui/navigation/surfaceRegistry.ts
packed 15.12KB src/ui/navigation/surfaces.ts
packed 13.41KB src/ui/oauth/__tests__/browserAuthTransport.test.ts
packed 8.97KB src/ui/oauth/__tests__/browserBridge.test.ts
packed 4.51KB src/ui/oauth/__tests__/completeOAuthCode.test.ts
packed 8.35KB src/ui/oauth/__tests__/explicitOAuthConsent.test.ts
packed 4.64KB src/ui/oauth/__tests__/nativeAuthTransport.test.ts
packed 6.1KB src/ui/oauth/__tests__/oauthBearerCommit.http.test.ts
packed 10.63KB src/ui/oauth/__tests__/oauthPopup.test.ts
packed 6.27KB src/ui/oauth/__tests__/oauthPopupMessages.test.ts
packed 7.0KB src/ui/oauth/__tests__/sharedCompletionPath.test.ts
packed 1.31KB src/ui/oauth/applicationSessionLane.ts
packed 7.80KB src/ui/oauth/browserAuthTransport.ts
packed 9.65KB src/ui/oauth/browserBridge.ts
packed 3.62KB src/ui/oauth/completeOAuthCode.ts
packed 8.46KB src/ui/oauth/explicitOAuthConsent.ts
packed 4.39KB src/ui/oauth/nativeAuthTransport.ts
packed 3.1KB src/ui/oauth/oauthHandshake.ts
packed 10.12KB src/ui/oauth/oauthPopup.ts
packed 6.26KB src/ui/oauth/oauthPopupMessages.ts
packed 6.18KB src/ui/oauth/types.ts
packed 20.88KB src/ui/runtime/createOxyRuntime.ts
packed 1.1KB src/ui/runtime/index.ts
packed 4.0KB src/ui/runtime/runtimeContext.tsx
packed 4.27KB src/ui/runtime/types.ts
packed 2.11KB src/ui/runtime/useRuntimeSnapshot.ts
packed 20.30KB src/ui/screens/AccountMembersScreen.tsx
packed 0.89KB src/ui/screens/AccountSecurityPanelScreen.tsx
packed 11.55KB src/ui/screens/AccountSettingsScreen.tsx
packed 8.98KB src/ui/screens/AccountVerificationScreen.tsx
packed 17.15KB src/ui/screens/AppInfoScreen.tsx
packed 47.0KB src/ui/screens/AvatarCropScreen.tsx
packed 15.66KB src/ui/screens/ChangeAvatarScreen.tsx
packed 7.16KB src/ui/screens/ConnectedAppsScreen.tsx
packed 20.31KB src/ui/screens/CreateAccountScreen.tsx
packed 0.57KB src/ui/screens/DeleteAccountScreen.tsx
packed 8.60KB src/ui/screens/DomainsScreen.tsx
packed 33.98KB src/ui/screens/EditProfileFieldScreen.tsx
packed 6.90KB src/ui/screens/EditProfileScreen.tsx
packed 62.73KB src/ui/screens/FileManagementScreen.tsx
packed 0.58KB src/ui/screens/FollowersListScreen.tsx
packed 0.58KB src/ui/screens/FollowingListScreen.tsx
packed 4.46KB src/ui/screens/HelpSupportScreen.tsx
packed 7.0KB src/ui/screens/HistoryViewScreen.tsx
packed 10.89KB src/ui/screens/LanguageSelectorScreen.tsx
packed 5.72KB src/ui/screens/LearnMoreUsernamesScreen.tsx
packed 10.31KB src/ui/screens/LegalDocumentsScreen.tsx
packed 0.52KB src/ui/screens/LinkCommonsScreen.tsx
packed 40.66KB src/ui/screens/ManageAccountScreen.tsx
packed 8.14KB src/ui/screens/NotificationsScreen.tsx
packed 10.74KB src/ui/screens/PaymentGatewayScreen.tsx
packed 10.10KB src/ui/screens/PreferencesScreen.tsx
packed 22.87KB src/ui/screens/PrivacySettingsScreen.tsx
packed 19.1KB src/ui/screens/ProfileScreen.tsx
packed 5.61KB src/ui/screens/SearchSettingsScreen.tsx
packed 0.54KB src/ui/screens/SignInAuthenticatorScreen.tsx
packed 0.57KB src/ui/screens/SignInPasswordScreen.tsx
packed 2.1KB src/ui/screens/UserLinksScreen.tsx
packed 10.17KB src/ui/screens/UserListScreen.tsx
packed 18.65KB src/ui/screens/WelcomeNewUserScreen.tsx
packed 2.70KB src/ui/screens/__tests__/linkFormat.test.ts
packed 2.71KB src/ui/screens/__tests__/photoGridLayout.test.ts
packed 1.64KB src/ui/screens/fileManagement/FileLibraryError.tsx
packed 4.67KB src/ui/screens/fileManagement/FileListSection.tsx
packed 27.96KB src/ui/screens/fileManagement/PhotoPickerSection.tsx
packed 1.45KB src/ui/screens/fileManagement/UploadBar.tsx
packed 24.1KB src/ui/screens/fileManagement/hooks/useFileUploadState.ts
packed 1.93KB src/ui/screens/fileManagement/photoGridLayout.ts
packed 3.44KB src/ui/screens/fileManagement/shared.ts
packed 0.95KB src/ui/screens/index.ts
packed 1.26KB src/ui/screens/linkFormat.ts
packed 4.24KB src/ui/screens/trust/TrustAboutScreen.tsx
packed 10.81KB src/ui/screens/trust/TrustCenterScreen.tsx
packed 3.71KB src/ui/screens/trust/TrustFAQScreen.tsx
packed 8.58KB src/ui/screens/trust/TrustLeaderboardScreen.tsx
packed 21.11KB src/ui/screens/trust/TrustRewardsScreen.tsx
packed 4.94KB src/ui/screens/trust/TrustRulesScreen.tsx
packed 1.61KB src/ui/server.ts
packed 3.62KB src/ui/session/__tests__/authStore.test.ts
packed 11.92KB src/ui/session/__tests__/backgroundSession.test.ts
packed 4.45KB src/ui/session/__tests__/createSessionClient.test.ts
packed 12.0KB src/ui/session/__tests__/sharedDeviceCredentialStore.test.ts
packed 6.62KB src/ui/session/__tests__/tokenLossRecovery.test.ts
packed 7.13KB src/ui/session/__tests__/tokenTransport.test.ts
packed 3.1KB src/ui/session/authStore.ts
packed 11.35KB src/ui/session/backgroundSession.ts
packed 3.37KB src/ui/session/createSessionClient.ts
packed 1.71KB src/ui/session/deviceCredentialTracker.ts
packed 4.66KB src/ui/session/identityBinding.ts
packed 1.19KB src/ui/session/index.ts
packed 3.61KB src/ui/session/nativeSecureStorage.ts
packed 12.15KB src/ui/session/sharedDeviceCredentialStore.ts
packed 5.65KB src/ui/session/tokenLossRecovery.ts
packed 3.41KB src/ui/session/tokenTransport.ts
packed 3.34KB src/ui/session/useBackgroundSessionSync.ts
packed 7.17KB src/ui/stores/__tests__/followStore.test.ts
packed 0.85KB src/ui/stores/__tests__/resetSessionScopedStores.test.ts
packed 8.41KB src/ui/stores/assetStore.ts
packed 5.85KB src/ui/stores/authStore.ts
packed 17.76KB src/ui/stores/followStore.ts
packed 5.95KB src/ui/stores/followTargetStore.ts
packed 0.60KB src/ui/stores/resetSessionScopedStores.ts
packed 3.00KB src/ui/types/fileManagement.ts
packed 8.53KB src/ui/types/navigation.ts
packed 2.0KB src/ui/types/surfaceScreen.ts
packed 1.37KB src/ui/utils/__tests__/deviceSessionTitle.test.ts
packed 4.41KB src/ui/utils/accountDeletionHandoff.ts
packed 2.0KB src/ui/utils/avatarUtils.ts
packed 0.94KB src/ui/utils/buildId.ts
packed 1.0KB src/ui/utils/clipboard.native.ts
packed 0.65KB src/ui/utils/clipboard.ts
packed 347B src/ui/utils/colorUtils.ts
packed 1.66KB src/ui/utils/commonsStoreLinks.ts
packed 2.94KB src/ui/utils/deliveryPlatform.ts
packed 1.1KB src/ui/utils/deviceCredential.ts
packed 1.38KB src/ui/utils/deviceSessionTitle.ts
packed 5.41KB src/ui/utils/errorHandlers.ts
packed 5.25KB src/ui/utils/fileManagement.ts
packed 3.50KB src/ui/utils/iconNames.ts
packed 330B src/ui/utils/isWebBrowser.ts
packed 0.93KB src/ui/utils/netConnectivity.ts
packed 5.59KB src/ui/utils/oauthReturn.ts
packed 2.96KB src/ui/utils/sessionHelpers.ts
packed 3.27KB src/ui/utils/storageHelpers.ts
packed 1.91KB src/ui/utils/userUtils.ts
packed 11.34KB src/utils/hookUtils.ts

/home/nate/Oxy/.agent-evidence/i04-services-bloom712-pack/oxy.so-services-11.1.0.tgz

Total files: 2418
Shasum: a7ba9236965e0c2be8ca7cf3acd6e769368ac37c
Integrity: sha512-qHDPYiku9myyP[...]qyNX2uNNLZIJQ==
Unpacked size: 11.48MB
Packed size: 4.26MB
