2026-10-04T13:58:02.2358579Z Current runner version: '2.337.0'
2026-10-04T13:58:02.2381990Z ##[group]Runner Image Provisioner
2026-10-04T13:58:02.2382830Z Hosted Compute Agent
2026-10-04T13:58:02.2383362Z Version: 20260901.588
2026-10-04T13:58:02.2384481Z Commit: f88ec8081b781fac6c440065ac7ff9e710ce3d0b
2026-10-04T13:58:02.2385191Z Build Date: 2026-09-01T19:56:44Z
2026-10-04T13:58:02.2385832Z Worker ID: {d6781766-3f7d-4ace-85b2-1262ff835792}
2026-10-04T13:58:02.2386536Z Azure Region: westcentralus
2026-10-04T13:58:02.2387111Z ##[endgroup]
2026-10-04T13:58:02.2388455Z ##[group]Operating System
2026-10-04T13:58:02.2389486Z Ubuntu
2026-10-04T13:58:02.2390027Z 24.04.5
2026-10-04T13:58:02.2390519Z LTS
2026-10-04T13:58:02.2391005Z ##[endgroup]
2026-10-04T13:58:02.2391534Z ##[group]Runner Image
2026-10-04T13:58:02.2392096Z Image: ubuntu-24.04
2026-10-04T13:58:02.2392599Z Version: 20260927.320.1
2026-10-04T13:58:02.2393826Z Included Software: https://github.com/actions/runner-images/blob/ubuntu24/20260927.320/images/ubuntu/Ubuntu2404-Readme.md
2026-10-04T13:58:02.2395249Z Image Release: https://github.com/actions/runner-images/releases/tag/ubuntu24%2F20260927.320
2026-10-04T13:58:02.2396141Z ##[endgroup]
2026-10-04T13:58:02.2397287Z ##[group]GITHUB_TOKEN Permissions
2026-10-04T13:58:02.2399397Z Contents: read
2026-10-04T13:58:02.2399928Z Metadata: read
2026-10-04T13:58:02.2400526Z ##[endgroup]
2026-10-04T13:58:02.2402435Z Secret source: Actions
2026-10-04T13:58:02.2403282Z Cache mode: write
2026-10-04T13:58:02.2403904Z Prepare workflow directory
2026-10-04T13:58:02.2808568Z Prepare all required actions
2026-10-04T13:58:02.2856053Z Getting action download info
2026-10-04T13:58:02.6037210Z Download action repository 'actions/checkout@v7' (SHA:3d3c42e5aac5ba805825da76410c181273ba90b1)
2026-10-04T13:58:02.7181525Z Download action repository 'oven-sh/setup-bun@v2' (SHA:0c5077e51419868618aeaa5fe8019c62421857d6)
2026-10-04T13:58:03.2749196Z Download action repository 'actions/setup-node@v7' (SHA:820762786026740c76f36085b0efc47a31fe5020)
2026-10-04T13:58:03.3808094Z Download action repository 'actions/cache@55cc8345863c7cc4c66a329aec7e433d2d1c52a9' (SHA:55cc8345863c7cc4c66a329aec7e433d2d1c52a9)
2026-10-04T13:58:03.5490091Z Download action repository 'actions/upload-artifact@v7' (SHA:043fb46d1a93c77aae656e7c1c64a875d1fc6a0a)
2026-10-04T13:58:03.7742109Z Complete job name: API Tests (2/6)
2026-10-04T13:58:03.8203698Z ##[group]Checking docker version
2026-10-04T13:58:03.8216235Z ##[command]/usr/bin/docker version --format '{{.Server.APIVersion}}'
2026-10-04T13:58:03.9321208Z '1.48'
2026-10-04T13:58:03.9334242Z Docker daemon API version: '1.48'
2026-10-04T13:58:03.9335196Z ##[command]/usr/bin/docker version --format '{{.Client.APIVersion}}'
2026-10-04T13:58:03.9509012Z '1.48'
2026-10-04T13:58:03.9517710Z Docker client API version: '1.48'
2026-10-04T13:58:03.9522774Z ##[endgroup]
2026-10-04T13:58:03.9525034Z ##[group]Clean up resources from previous jobs
2026-10-04T13:58:03.9531177Z ##[command]/usr/bin/docker ps --all --quiet --no-trunc --filter "label=34d6a8"
2026-10-04T13:58:03.9685527Z ##[command]/usr/bin/docker network prune --force --filter "label=34d6a8"
2026-10-04T13:58:03.9815159Z ##[endgroup]
2026-10-04T13:58:03.9815754Z ##[group]Create local container network
2026-10-04T13:58:03.9825588Z ##[command]/usr/bin/docker network create --label 34d6a8 github_network_eeb853af386b4f5f90017836e58a8c01
2026-10-04T13:58:04.0461172Z eaa9b6c7b85b7287ff7852b3d0e3aec452bba9b76d367106526a02a924f07d68
2026-10-04T13:58:04.0476245Z ##[endgroup]
2026-10-04T13:58:04.0502335Z ##[group]Starting postgres service container
2026-10-04T13:58:04.0523828Z ##[command]/usr/bin/docker pull postgis/postgis:17-3.5
2026-10-04T13:58:04.7375324Z 17-3.5: Pulling from postgis/postgis
2026-10-04T13:58:04.9343968Z ccaf924377f9: Pulling fs layer
2026-10-04T13:58:04.9348144Z a0a48bd22597: Pulling fs layer
2026-10-04T13:58:04.9349844Z 953b3faade64: Pulling fs layer
2026-10-04T13:58:04.9351626Z 4c5e3cb23b1e: Pulling fs layer
2026-10-04T13:58:04.9353226Z b032a4e70c86: Pulling fs layer
2026-10-04T13:58:04.9355476Z 84e2e0dafa9e: Pulling fs layer
2026-10-04T13:58:04.9357072Z 9388a07819e8: Pulling fs layer
2026-10-04T13:58:04.9358943Z 9b3173aa38c2: Pulling fs layer
2026-10-04T13:58:04.9360180Z 2f600d70ef01: Pulling fs layer
2026-10-04T13:58:04.9361159Z 26a029cc5101: Pulling fs layer
2026-10-04T13:58:04.9362139Z 87746d0d7566: Pulling fs layer
2026-10-04T13:58:04.9363125Z 5756942faa50: Pulling fs layer
2026-10-04T13:58:04.9364100Z dc61d0df75b4: Pulling fs layer
2026-10-04T13:58:04.9365153Z 0c9580cd8863: Pulling fs layer
2026-10-04T13:58:04.9366194Z 26502799a66b: Pulling fs layer
2026-10-04T13:58:04.9367298Z 4f4fb700ef54: Pulling fs layer
2026-10-04T13:58:04.9368329Z ee293c60aa50: Pulling fs layer
2026-10-04T13:58:04.9369644Z ea025e641e62: Pulling fs layer
2026-10-04T13:58:04.9370669Z 4c5e3cb23b1e: Waiting
2026-10-04T13:58:04.9371595Z b032a4e70c86: Waiting
2026-10-04T13:58:04.9372474Z 84e2e0dafa9e: Waiting
2026-10-04T13:58:04.9373457Z 9388a07819e8: Waiting
2026-10-04T13:58:04.9374500Z 26a029cc5101: Waiting
2026-10-04T13:58:04.9375591Z 9b3173aa38c2: Waiting
2026-10-04T13:58:04.9376683Z 87746d0d7566: Waiting
2026-10-04T13:58:04.9377751Z 5756942faa50: Waiting
2026-10-04T13:58:04.9379103Z dc61d0df75b4: Waiting
2026-10-04T13:58:04.9380212Z 0c9580cd8863: Waiting
2026-10-04T13:58:04.9381269Z 2f600d70ef01: Waiting
2026-10-04T13:58:04.9382444Z 26502799a66b: Waiting
2026-10-04T13:58:04.9383631Z 4f4fb700ef54: Waiting
2026-10-04T13:58:04.9384835Z ea025e641e62: Waiting
2026-10-04T13:58:05.1380526Z a0a48bd22597: Verifying Checksum
2026-10-04T13:58:05.1382912Z a0a48bd22597: Download complete
2026-10-04T13:58:05.3136749Z 953b3faade64: Verifying Checksum
2026-10-04T13:58:05.3139210Z 953b3faade64: Download complete
2026-10-04T13:58:05.4086928Z ccaf924377f9: Verifying Checksum
2026-10-04T13:58:05.4089382Z ccaf924377f9: Download complete
2026-10-04T13:58:05.4396744Z 4c5e3cb23b1e: Verifying Checksum
2026-10-04T13:58:05.4402771Z 4c5e3cb23b1e: Download complete
2026-10-04T13:58:05.6282859Z 9388a07819e8: Verifying Checksum
2026-10-04T13:58:05.6288588Z 9388a07819e8: Download complete
2026-10-04T13:58:05.7027495Z b032a4e70c86: Verifying Checksum
2026-10-04T13:58:05.7028235Z b032a4e70c86: Download complete
2026-10-04T13:58:05.7214972Z 84e2e0dafa9e: Verifying Checksum
2026-10-04T13:58:05.7215659Z 84e2e0dafa9e: Download complete
2026-10-04T13:58:05.8329178Z 9b3173aa38c2: Verifying Checksum
2026-10-04T13:58:05.8329781Z 9b3173aa38c2: Download complete
2026-10-04T13:58:05.9268529Z 26a029cc5101: Verifying Checksum
2026-10-04T13:58:05.9269875Z 26a029cc5101: Download complete
2026-10-04T13:58:06.0291187Z 87746d0d7566: Verifying Checksum
2026-10-04T13:58:06.0292344Z 87746d0d7566: Download complete
2026-10-04T13:58:06.1324365Z 5756942faa50: Verifying Checksum
2026-10-04T13:58:06.1325171Z 5756942faa50: Download complete
2026-10-04T13:58:06.2206951Z dc61d0df75b4: Verifying Checksum
2026-10-04T13:58:06.2207948Z dc61d0df75b4: Download complete
2026-10-04T13:58:06.3160085Z 2f600d70ef01: Verifying Checksum
2026-10-04T13:58:06.3160917Z 2f600d70ef01: Download complete
2026-10-04T13:58:06.3267205Z 0c9580cd8863: Verifying Checksum
2026-10-04T13:58:06.3269169Z 0c9580cd8863: Download complete
2026-10-04T13:58:06.4710322Z ccaf924377f9: Pull complete
2026-10-04T13:58:06.5118099Z 4f4fb700ef54: Download complete
2026-10-04T13:58:06.5147820Z ee293c60aa50: Verifying Checksum
2026-10-04T13:58:06.5148814Z ee293c60aa50: Download complete
2026-10-04T13:58:06.7130817Z ea025e641e62: Verifying Checksum
2026-10-04T13:58:06.7152508Z ea025e641e62: Download complete
2026-10-04T13:58:06.7887123Z 26502799a66b: Verifying Checksum
2026-10-04T13:58:06.7887683Z 26502799a66b: Download complete
2026-10-04T13:58:14.5943940Z a0a48bd22597: Pull complete
2026-10-04T13:58:14.7980571Z 953b3faade64: Pull complete
2026-10-04T13:58:14.8585156Z 4c5e3cb23b1e: Pull complete
2026-10-04T13:58:15.2820191Z b032a4e70c86: Pull complete
2026-10-04T13:58:15.3470078Z 84e2e0dafa9e: Pull complete
2026-10-04T13:58:15.3550527Z 9388a07819e8: Pull complete
2026-10-04T13:58:15.3661401Z 9b3173aa38c2: Pull complete
2026-10-04T13:58:19.4586106Z 2f600d70ef01: Pull complete
2026-10-04T13:58:19.4717230Z 26a029cc5101: Pull complete
2026-10-04T13:58:19.4806089Z 87746d0d7566: Pull complete
2026-10-04T13:58:19.4900766Z 5756942faa50: Pull complete
2026-10-04T13:58:19.4988749Z dc61d0df75b4: Pull complete
2026-10-04T13:58:19.5073899Z 0c9580cd8863: Pull complete
2026-10-04T13:58:22.0194732Z 26502799a66b: Pull complete
2026-10-04T13:58:22.0286102Z 4f4fb700ef54: Pull complete
2026-10-04T13:58:22.0385240Z ee293c60aa50: Pull complete
2026-10-04T13:58:22.0486705Z ea025e641e62: Pull complete
2026-10-04T13:58:22.0537160Z Digest: sha256:01a6a70e41e6c4467c8f55f6063555ed72db2d6662cd0d571040d42eadaeb6f6
2026-10-04T13:58:22.0553434Z Status: Downloaded newer image for postgis/postgis:17-3.5
2026-10-04T13:58:22.0566072Z docker.io/postgis/postgis:17-3.5
2026-10-04T13:58:22.0626271Z ##[command]/usr/bin/docker create --name d393710805cc4af4afdf0f5ea129a554_postgispostgis1735_5125f6 --label 34d6a8 --network github_network_eeb853af386b4f5f90017836e58a8c01 --network-alias postgres -p 5432:5432 --health-cmd "pg_isready -U oxy -d oxy_test" --health-interval 10s --health-timeout 5s --health-retries 5 -e "POSTGRES_USER=oxy" -e "POSTGRES_PASSWORD=oxy" -e "POSTGRES_DB=oxy_test" -e GITHUB_ACTIONS=true -e CI=true postgis/postgis:17-3.5
2026-10-04T13:58:22.0879206Z 203b786535d64e6a2b53da00e476dcc4d12ce1a6a06dcf86c258295145023d9b
2026-10-04T13:58:22.0895948Z ##[command]/usr/bin/docker start 203b786535d64e6a2b53da00e476dcc4d12ce1a6a06dcf86c258295145023d9b
2026-10-04T13:58:22.2946603Z 203b786535d64e6a2b53da00e476dcc4d12ce1a6a06dcf86c258295145023d9b
2026-10-04T13:58:22.2964553Z ##[command]/usr/bin/docker ps --all --filter id=203b786535d64e6a2b53da00e476dcc4d12ce1a6a06dcf86c258295145023d9b --filter status=running --no-trunc --format "{{.ID}} {{.Status}}"
2026-10-04T13:58:22.3189201Z 203b786535d64e6a2b53da00e476dcc4d12ce1a6a06dcf86c258295145023d9b Up Less than a second (health: starting)
2026-10-04T13:58:22.3217294Z ##[command]/usr/bin/docker port 203b786535d64e6a2b53da00e476dcc4d12ce1a6a06dcf86c258295145023d9b
2026-10-04T13:58:22.3346480Z 5432/tcp -> 0.0.0.0:5432
2026-10-04T13:58:22.3347241Z 5432/tcp -> [::]:5432
2026-10-04T13:58:22.3396274Z ##[endgroup]
2026-10-04T13:58:22.3409148Z ##[group]Waiting for all services to be ready
2026-10-04T13:58:22.3427909Z ##[command]/usr/bin/docker inspect --format="{{if .Config.Healthcheck}}{{print .State.Health.Status}}{{end}}" 203b786535d64e6a2b53da00e476dcc4d12ce1a6a06dcf86c258295145023d9b
2026-10-04T13:58:22.3557829Z starting
2026-10-04T13:58:22.3572477Z postgres service is starting, waiting 2 seconds before checking again.
2026-10-04T13:58:24.3581512Z ##[command]/usr/bin/docker inspect --format="{{if .Config.Healthcheck}}{{print .State.Health.Status}}{{end}}" 203b786535d64e6a2b53da00e476dcc4d12ce1a6a06dcf86c258295145023d9b
2026-10-04T13:58:24.3710686Z starting
2026-10-04T13:58:24.3719777Z postgres service is starting, waiting 4 seconds before checking again.
2026-10-04T13:58:28.3955964Z ##[command]/usr/bin/docker inspect --format="{{if .Config.Healthcheck}}{{print .State.Health.Status}}{{end}}" 203b786535d64e6a2b53da00e476dcc4d12ce1a6a06dcf86c258295145023d9b
2026-10-04T13:58:28.4088285Z starting
2026-10-04T13:58:28.4097674Z postgres service is starting, waiting 8 seconds before checking again.
2026-10-04T13:58:37.2453649Z ##[command]/usr/bin/docker inspect --format="{{if .Config.Healthcheck}}{{print .State.Health.Status}}{{end}}" 203b786535d64e6a2b53da00e476dcc4d12ce1a6a06dcf86c258295145023d9b
2026-10-04T13:58:37.2593763Z healthy
2026-10-04T13:58:37.2605737Z postgres service is healthy.
2026-10-04T13:58:37.2606380Z ##[endgroup]
2026-10-04T13:58:37.2878085Z ##[group]Run actions/checkout@v7
2026-10-04T13:58:37.2878579Z with:
2026-10-04T13:58:37.2879055Z   repository: OxyHQ/oxy
2026-10-04T13:58:37.2881408Z   token: ***
2026-10-04T13:58:37.2881725Z   ssh-strict: true
2026-10-04T13:58:37.2882082Z   ssh-user: git
2026-10-04T13:58:37.2882389Z   persist-credentials: true
2026-10-04T13:58:37.2882707Z   clean: true
2026-10-04T13:58:37.2883050Z   sparse-checkout-cone-mode: true
2026-10-04T13:58:37.2883566Z   fetch-depth: 1
2026-10-04T13:58:37.2883848Z   fetch-tags: false
2026-10-04T13:58:37.2884140Z   show-progress: true
2026-10-04T13:58:37.2884424Z   lfs: false
2026-10-04T13:58:37.2884707Z   submodules: false
2026-10-04T13:58:37.2885019Z   set-safe-directory: true
2026-10-04T13:58:37.2885327Z   allow-unsafe-pr-checkout: false
2026-10-04T13:58:37.2885825Z ##[endgroup]
2026-10-04T13:58:37.3856528Z Syncing repository: OxyHQ/oxy
2026-10-04T13:58:37.3858599Z ##[group]Getting Git version info
2026-10-04T13:58:37.3859738Z Working directory is '/home/runner/work/oxy/oxy'
2026-10-04T13:58:37.3860930Z [command]/usr/bin/git version
2026-10-04T13:58:37.3892469Z git version 2.55.0
2026-10-04T13:58:37.3909447Z ##[endgroup]
2026-10-04T13:58:37.3917726Z Temporarily overriding HOME='/home/runner/work/_temp/c9f1a621-88fa-4f07-9880-6d5ecf017609' before making global git config changes
2026-10-04T13:58:37.3919247Z Adding repository directory to the temporary git global config as a safe directory
2026-10-04T13:58:37.3924196Z [command]/usr/bin/git config --global --add safe.directory /home/runner/work/oxy/oxy
2026-10-04T13:58:37.3981673Z Deleting the contents of '/home/runner/work/oxy/oxy'
2026-10-04T13:58:37.3986391Z ##[group]Determining repository object format
2026-10-04T13:58:37.3988161Z ##[endgroup]
2026-10-04T13:58:37.3989054Z ##[group]Initializing the repository
2026-10-04T13:58:37.3993777Z [command]/usr/bin/git init /home/runner/work/oxy/oxy
2026-10-04T13:58:37.4092296Z hint: Using 'master' as the name for the initial branch. This default branch name
2026-10-04T13:58:37.4093333Z hint: will change to "main" in Git 3.0. To configure the initial branch name
2026-10-04T13:58:37.4094204Z hint: to use in all of your new repositories, which will suppress this warning,
2026-10-04T13:58:37.4095043Z hint: call:
2026-10-04T13:58:37.4095415Z hint:
2026-10-04T13:58:37.4095983Z hint: 	git config --global init.defaultBranch <name>
2026-10-04T13:58:37.4096741Z hint:
2026-10-04T13:58:37.4097290Z hint: Names commonly chosen instead of 'master' are 'main', 'trunk' and
2026-10-04T13:58:37.4098178Z hint: 'development'. The just-created branch can be renamed via this command:
2026-10-04T13:58:37.4099033Z hint:
2026-10-04T13:58:37.4099438Z hint: 	git branch -m <name>
2026-10-04T13:58:37.4099922Z hint:
2026-10-04T13:58:37.4100525Z hint: Disable this message with "git config set advice.defaultBranchName false"
2026-10-04T13:58:37.4101808Z Initialized empty Git repository in /home/runner/work/oxy/oxy/.git/
2026-10-04T13:58:37.4111449Z [command]/usr/bin/git remote add origin https://github.com/OxyHQ/oxy
2026-10-04T13:58:37.4157442Z ##[endgroup]
2026-10-04T13:58:37.4158295Z ##[group]Disabling automatic garbage collection
2026-10-04T13:58:37.4161773Z [command]/usr/bin/git config --local gc.auto 0
2026-10-04T13:58:37.4189032Z ##[endgroup]
2026-10-04T13:58:37.4189865Z ##[group]Setting up auth
2026-10-04T13:58:37.4190542Z Removing SSH command configuration
2026-10-04T13:58:37.4195520Z [command]/usr/bin/git config --local --name-only --get-regexp core\.sshCommand
2026-10-04T13:58:37.4224023Z [command]/usr/bin/git submodule foreach --recursive sh -c "git config --local --name-only --get-regexp 'core\.sshCommand' && git config --local --unset-all 'core.sshCommand' || :"
2026-10-04T13:58:37.4741889Z Removing HTTP extra header
2026-10-04T13:58:37.4747084Z [command]/usr/bin/git config --local --name-only --get-regexp http\.https\:\/\/github\.com\/\.extraheader
2026-10-04T13:58:37.4773840Z [command]/usr/bin/git submodule foreach --recursive sh -c "git config --local --name-only --get-regexp 'http\.https\:\/\/github\.com\/\.extraheader' && git config --local --unset-all 'http.https://github.com/.extraheader' || :"
2026-10-04T13:58:37.4953321Z Removing includeIf entries pointing to credentials config files
2026-10-04T13:58:37.4959076Z [command]/usr/bin/git config --local --name-only --get-regexp ^includeIf\.gitdir:
2026-10-04T13:58:37.4985285Z [command]/usr/bin/git submodule foreach --recursive git config --local --show-origin --name-only --get-regexp remote.origin.url
2026-10-04T13:58:37.5164157Z [command]/usr/bin/git config --file /home/runner/work/_temp/git-credentials-f4e2c128-9c5d-430f-9c3a-efab63e27a97.config http.https://github.com/.extraheader AUTHORIZATION: basic ***
2026-10-04T13:58:37.5195387Z [command]/usr/bin/git config --local includeIf.gitdir:/home/runner/work/oxy/oxy/.git.path /home/runner/work/_temp/git-credentials-f4e2c128-9c5d-430f-9c3a-efab63e27a97.config
2026-10-04T13:58:37.5224745Z [command]/usr/bin/git config --local includeIf.gitdir:/home/runner/work/oxy/oxy/.git/worktrees/*.path /home/runner/work/_temp/git-credentials-f4e2c128-9c5d-430f-9c3a-efab63e27a97.config
2026-10-04T13:58:37.5257622Z [command]/usr/bin/git config --local includeIf.gitdir:/github/workspace/.git.path /github/runner_temp/git-credentials-f4e2c128-9c5d-430f-9c3a-efab63e27a97.config
2026-10-04T13:58:37.5286548Z [command]/usr/bin/git config --local includeIf.gitdir:/github/workspace/.git/worktrees/*.path /github/runner_temp/git-credentials-f4e2c128-9c5d-430f-9c3a-efab63e27a97.config
2026-10-04T13:58:37.5311815Z ##[endgroup]
2026-10-04T13:58:37.5312407Z ##[group]Fetching the repository
2026-10-04T13:58:37.5319068Z [command]/usr/bin/git -c protocol.version=2 fetch --no-tags --prune --no-recurse-submodules --depth=1 origin +25fdab03d0d6379adf50c6cfdffb277a9eb1a584:refs/remotes/pull/1573/merge
2026-10-04T13:58:38.9430695Z From https://github.com/OxyHQ/oxy
2026-10-04T13:58:38.9431356Z  * [new ref]         25fdab03d0d6379adf50c6cfdffb277a9eb1a584 -> pull/1573/merge
2026-10-04T13:58:38.9435532Z ##[endgroup]
2026-10-04T13:58:38.9436296Z ##[group]Determining the checkout info
2026-10-04T13:58:38.9437103Z ##[endgroup]
2026-10-04T13:58:38.9441808Z [command]/usr/bin/git sparse-checkout disable
2026-10-04T13:58:38.9491723Z [command]/usr/bin/git config --local --unset-all extensions.worktreeConfig
2026-10-04T13:58:38.9520050Z ##[group]Checking out the ref
2026-10-04T13:58:38.9523749Z [command]/usr/bin/git checkout --progress --force refs/remotes/pull/1573/merge
2026-10-04T13:58:39.3859613Z Note: switching to 'refs/remotes/pull/1573/merge'.
2026-10-04T13:58:39.3860087Z 
2026-10-04T13:58:39.3860487Z You are in 'detached HEAD' state. You can look around, make experimental
2026-10-04T13:58:39.3861478Z changes and commit them, and you can discard any commits you make in this
2026-10-04T13:58:39.3862015Z state without impacting any branches by switching back to a branch.
2026-10-04T13:58:39.3862339Z 
2026-10-04T13:58:39.3862631Z If you want to create a new branch to retain commits you create, you may
2026-10-04T13:58:39.3863169Z do so (now or later) by using -c with the switch command. Example:
2026-10-04T13:58:39.3863423Z 
2026-10-04T13:58:39.3863598Z   git switch -c <new-branch-name>
2026-10-04T13:58:39.3863770Z 
2026-10-04T13:58:39.3863996Z Or undo this operation with:
2026-10-04T13:58:39.3864204Z 
2026-10-04T13:58:39.3864317Z   git switch -
2026-10-04T13:58:39.3864506Z 
2026-10-04T13:58:39.3864710Z Turn off this advice by setting config variable advice.detachedHead to false
2026-10-04T13:58:39.3865082Z 
2026-10-04T13:58:39.3865438Z HEAD is now at 25fdab0 Merge 2ec053194f09659fd20d5a11940aa5d5d215f833 into eab1b6dd42b518500b49c03e692738081099d9cc
2026-10-04T13:58:39.3888356Z ##[endgroup]
2026-10-04T13:58:39.3931924Z [command]/usr/bin/git log -1 --format=%H
2026-10-04T13:58:39.3953947Z 25fdab03d0d6379adf50c6cfdffb277a9eb1a584
2026-10-04T13:58:39.4174706Z ##[group]Run oven-sh/setup-bun@v2
2026-10-04T13:58:39.4175071Z with:
2026-10-04T13:58:39.4175403Z   bun-version-file: package.json
2026-10-04T13:58:39.4175743Z   no-cache: false
2026-10-04T13:58:39.4177995Z   token: ***
2026-10-04T13:58:39.4178320Z ##[endgroup]
2026-10-04T13:58:39.5677495Z Obtained version 1.4.2 from package.json
2026-10-04T13:58:39.7386363Z Cache hit for: bun-gmoqYqdUbaYsI0KujeXt7Zg/p0I=
2026-10-04T13:58:40.8248759Z Received 35684133 of 35684133 (100.0%), 38.6 MBs/sec
2026-10-04T13:58:40.8249939Z Cache Size: ~34 MB (35684133 B)
2026-10-04T13:58:40.8281975Z [command]/usr/bin/tar -xf /home/runner/work/_temp/b0585dba-4fd4-4a83-a8be-31c78f242ee5/cache.tzst -P -C /home/runner/work/oxy/oxy --use-compress-program unzstd
2026-10-04T13:58:40.9515918Z Cache restored successfully
2026-10-04T13:58:40.9535465Z [command]/home/runner/.bun/bin/bun --revision
2026-10-04T13:58:40.9569821Z 1.4.2+744846f84
2026-10-04T13:58:40.9575447Z Using a cached version of Bun: 1.4.2+744846f84
2026-10-04T13:58:40.9698412Z ##[group]Run actions/setup-node@v7
2026-10-04T13:58:40.9698973Z with:
2026-10-04T13:58:40.9699245Z   node-version: 24.x
2026-10-04T13:58:40.9699578Z   check-latest: false
2026-10-04T13:58:40.9701804Z   token: ***
2026-10-04T13:58:40.9702215Z   package-manager-cache: true
2026-10-04T13:58:40.9702574Z ##[endgroup]
2026-10-04T13:58:41.0895870Z Found in cache @ /opt/hostedtoolcache/node/24.21.0/x64
2026-10-04T13:58:41.0899428Z ##[group]Environment details
2026-10-04T13:58:41.4862615Z node: v24.21.0
2026-10-04T13:58:41.4863171Z npm: 11.19.0
2026-10-04T13:58:41.4863624Z yarn: 1.22.22
2026-10-04T13:58:41.4864774Z ##[endgroup]
2026-10-04T13:58:41.4976377Z ##[group]Run set -eu
2026-10-04T13:58:41.4976849Z [36;1mset -eu[0m
2026-10-04T13:58:41.4977397Z [36;1mapt_opts='-o Acquire::Retries=3 -o Acquire::http::Timeout=15 -o Acquire::https::Timeout=15'[0m
2026-10-04T13:58:41.4977916Z [36;1mfor attempt in 1 2; do[0m
2026-10-04T13:58:41.4978297Z [36;1m  if sudo timeout -k 15s 420s bash -c \[0m
2026-10-04T13:58:41.4979463Z [36;1m    "apt-get update $apt_opts && apt-get install -y --no-install-recommends $apt_opts -o DPkg::Lock::Timeout=120 ffmpeg"; then[0m
2026-10-04T13:58:41.4980047Z [36;1m    break[0m
2026-10-04T13:58:41.4980420Z [36;1m  fi[0m
2026-10-04T13:58:41.4980722Z [36;1m  if [ "$attempt" = 2 ]; then[0m
2026-10-04T13:58:41.4981143Z [36;1m    echo "::error::apt-get could not install ffmpeg after 2 attempts"[0m
2026-10-04T13:58:41.4981596Z [36;1m    exit 1[0m
2026-10-04T13:58:41.4981941Z [36;1m  fi[0m
2026-10-04T13:58:41.4982332Z [36;1m  # Names the lock holder in the log, so the next failure of this step[0m
2026-10-04T13:58:41.4982957Z [36;1m  # says whether it was our own attempt or something the runner boots.[0m
2026-10-04T13:58:41.4983560Z [36;1m  echo "apt-get attempt $attempt failed or timed out; retrying once. apt/dpkg processes still alive:"[0m
2026-10-04T13:58:41.4984278Z [36;1m  ps -eo pid,user,etimes,stat,args | grep -E '[a]pt-get|[d]pkg|[u]nattended' || echo "  (none)"[0m
2026-10-04T13:58:41.4984755Z [36;1m  sleep 30[0m
2026-10-04T13:58:41.4985274Z [36;1m  sudo timeout -k 15s 120s dpkg --configure -a || echo "dpkg --configure -a did not finish; the retry will say why"[0m
2026-10-04T13:58:41.4985805Z [36;1mdone[0m
2026-10-04T13:58:41.4986163Z [36;1mffmpeg -version | head -1[0m
2026-10-04T13:58:41.4986535Z [36;1mffprobe -version | head -1[0m
2026-10-04T13:58:41.4986973Z [36;1m# The positive control, and the reason the two lines above are not one:[0m
2026-10-04T13:58:41.4987544Z [36;1m# without `pipefail` a pipeline reports `head`'s status, so `ffmpeg[0m
2026-10-04T13:58:41.4988055Z [36;1m# -version | head -1` exits 0 even when the binary is missing entirely —[0m
2026-10-04T13:58:41.4988726Z [36;1m# this step could go green having installed nothing. Encoding one frame[0m
2026-10-04T13:58:41.4989296Z [36;1m# the way the fixture builder does (`-f lavfi testsrc`, `-c:v libx264`)[0m
2026-10-04T13:58:41.4989864Z [36;1m# is the cheapest assertion that what apt installed can do the one thing[0m
2026-10-04T13:58:41.4990352Z [36;1m# the suite needs, and it fails loudly if it cannot.[0m
2026-10-04T13:58:41.4990732Z [36;1mprobe_dir=$(mktemp -d)[0m
2026-10-04T13:58:41.4991172Z [36;1mffmpeg -hide_banner -loglevel error -f lavfi \[0m
2026-10-04T13:58:41.4991612Z [36;1m  -i testsrc=size=64x64:rate=10:duration=1 \[0m
2026-10-04T13:58:41.4992103Z [36;1m  -c:v libx264 -pix_fmt yuv420p -movflags +faststart -y "$probe_dir/probe.mp4"[0m
2026-10-04T13:58:41.4992767Z [36;1mcodec=$(ffprobe -v error -select_streams v:0 -show_entries stream=codec_name -of csv=p=0 "$probe_dir/probe.mp4")[0m
2026-10-04T13:58:41.4993534Z [36;1mrm -rf "$probe_dir"[0m
2026-10-04T13:58:41.4993901Z [36;1mif [ "$codec" != h264 ]; then[0m
2026-10-04T13:58:41.4994431Z [36;1m  echo "::error::ffmpeg is on PATH but encoded '$codec', not h264 — the video variant fixture cannot be built"[0m
2026-10-04T13:58:41.4994989Z [36;1m  exit 1[0m
2026-10-04T13:58:41.4995275Z [36;1mfi[0m
2026-10-04T13:58:41.4995672Z [36;1mecho "ffmpeg encodes h264 via lavfi: the video variant fixture can be built"[0m
2026-10-04T13:58:41.5154356Z shell: /usr/bin/bash -e {0}
2026-10-04T13:58:41.5154745Z ##[endgroup]
2026-10-04T13:58:41.5830155Z Get:1 file:/etc/apt/apt-mirrors.txt Mirrorlist [144 B]
2026-10-04T13:58:41.6191139Z Get:6 https://packages.microsoft.com/ubuntu/24.04/prod noble InRelease [3600 B]
2026-10-04T13:58:41.6762940Z Get:7 https://packages.microsoft.com/ubuntu/24.04/prod noble/main arm64 Packages [458 kB]
2026-10-04T13:58:41.6930115Z Get:8 https://packages.microsoft.com/ubuntu/24.04/prod noble/main amd64 Packages [511 kB]
2026-10-04T13:58:41.6965812Z Get:9 https://packages.microsoft.com/ubuntu/24.04/prod noble/main armhf Packages [12.6 kB]
2026-10-04T13:58:41.7185169Z Hit:2 http://azure.archive.ubuntu.com/ubuntu noble InRelease
2026-10-04T13:58:41.7213626Z Get:3 http://azure.archive.ubuntu.com/ubuntu noble-updates InRelease [126 kB]
2026-10-04T13:58:41.7299812Z Get:4 http://azure.archive.ubuntu.com/ubuntu noble-backports InRelease [126 kB]
2026-10-04T13:58:41.7330358Z Get:5 http://azure.archive.ubuntu.com/ubuntu noble-security InRelease [126 kB]
2026-10-04T13:58:41.8157034Z Get:10 http://azure.archive.ubuntu.com/ubuntu noble-updates/main amd64 Packages [1364 kB]
2026-10-04T13:58:41.8241155Z Get:11 http://azure.archive.ubuntu.com/ubuntu noble-updates/main Translation-en [304 kB]
2026-10-04T13:58:41.8314849Z Get:12 http://azure.archive.ubuntu.com/ubuntu noble-updates/main amd64 Components [181 kB]
2026-10-04T13:58:41.8345753Z Get:13 http://azure.archive.ubuntu.com/ubuntu noble-updates/universe amd64 Packages [1699 kB]
2026-10-04T13:58:41.8423284Z Get:14 http://azure.archive.ubuntu.com/ubuntu noble-updates/universe Translation-en [341 kB]
2026-10-04T13:58:41.8460514Z Get:15 http://azure.archive.ubuntu.com/ubuntu noble-updates/universe amd64 Components [388 kB]
2026-10-04T13:58:41.8481314Z Get:16 http://azure.archive.ubuntu.com/ubuntu noble-updates/restricted amd64 Packages [1720 kB]
2026-10-04T13:58:41.8573975Z Get:17 http://azure.archive.ubuntu.com/ubuntu noble-updates/restricted Translation-en [394 kB]
2026-10-04T13:58:41.8600538Z Get:18 http://azure.archive.ubuntu.com/ubuntu noble-updates/multiverse amd64 Components [940 B]
2026-10-04T13:58:41.8708336Z Get:19 http://azure.archive.ubuntu.com/ubuntu noble-backports/main amd64 Components [5776 B]
2026-10-04T13:58:41.9128244Z Get:20 http://azure.archive.ubuntu.com/ubuntu noble-backports/universe amd64 Components [12.6 kB]
2026-10-04T13:58:41.9141479Z Get:21 http://azure.archive.ubuntu.com/ubuntu noble-security/main amd64 Packages [1069 kB]
2026-10-04T13:58:41.9189723Z Get:22 http://azure.archive.ubuntu.com/ubuntu noble-security/main Translation-en [221 kB]
2026-10-04T13:58:41.9206534Z Get:23 http://azure.archive.ubuntu.com/ubuntu noble-security/main amd64 Components [46.4 kB]
2026-10-04T13:58:41.9217840Z Get:24 http://azure.archive.ubuntu.com/ubuntu noble-security/universe amd64 Packages [1216 kB]
2026-10-04T13:58:41.9282754Z Get:25 http://azure.archive.ubuntu.com/ubuntu noble-security/universe Translation-en [244 kB]
2026-10-04T13:58:41.9304781Z Get:26 http://azure.archive.ubuntu.com/ubuntu noble-security/universe amd64 Components [76.4 kB]
2026-10-04T13:58:41.9317642Z Get:27 http://azure.archive.ubuntu.com/ubuntu noble-security/restricted amd64 Packages [1566 kB]
2026-10-04T13:58:41.9403718Z Get:28 http://azure.archive.ubuntu.com/ubuntu noble-security/restricted Translation-en [361 kB]
2026-10-04T13:58:46.2052628Z Fetched 12.6 MB in 1s (8655 kB/s)
2026-10-04T13:58:46.9913589Z Reading package lists...
2026-10-04T13:58:47.0179170Z Reading package lists...
2026-10-04T13:58:47.1726719Z Building dependency tree...
2026-10-04T13:58:47.1735986Z Reading state information...
2026-10-04T13:58:47.3294432Z The following additional packages will be installed:
2026-10-04T13:58:47.3295875Z   libass9 libasyncns0 libavc1394-0 libavcodec60 libavdevice60 libavfilter9
2026-10-04T13:58:47.3296562Z   libavformat60 libavutil58 libblas3 libbluray2 libbs2b0 libcaca0
2026-10-04T13:58:47.3297235Z   libcdio-cdda2t64 libcdio-paranoia2t64 libcdio19t64 libchromaprint1 libcjson1
2026-10-04T13:58:47.3298154Z   libcodec2-1.2 libdav1d7 libdc1394-25 libdecor-0-0 libflac12t64 libflite1
2026-10-04T13:58:47.3299120Z   libgme0 libgsm1 libhwy1t64 libiec61883-0 libjack-jackd2-0 libjxl0.7
2026-10-04T13:58:47.3299831Z   liblapack3 liblilv-0-0 libmbedcrypto7t64 libmp3lame0 libmpg123-0t64
2026-10-04T13:58:47.3300400Z   libmysofa1 libopenal-data libopenal1 libopenmpt0t64 libopus0 libplacebo338
2026-10-04T13:58:47.3301016Z   libpocketsphinx3 libpostproc57 libpulse0 librav1e0 libraw1394-11 librist4
2026-10-04T13:58:47.3302322Z   librsvg2-2 librubberband2 libsamplerate0 libsdl2-2.0-0 libserd-0-0 libshine3
2026-10-04T13:58:47.3303145Z   libsndfile1 libsndio7.0 libsord-0-0 libsoxr0 libspeex1 libsphinxbase3t64
2026-10-04T13:58:47.3303835Z   libsratom-0-0 libsrt1.5-gnutls libssh-gcrypt-4 libsvtav1enc1d1
2026-10-04T13:58:47.3304627Z   libswresample4 libswscale7 libtheora0 libtwolame0 libudfread0 libunibreak5
2026-10-04T13:58:47.3305469Z   libva-drm2 libva-x11-2 libva2 libvdpau1 libvidstab1.1 libvorbisenc2 libvpl2
2026-10-04T13:58:47.3306229Z   libvpx9 libx264-164 libx265-199 libxcb-shape0 libxv1 libxvidcore4 libzimg2
2026-10-04T13:58:47.3307010Z   libzix-0-0 libzvbi-common libzvbi0t64 ocl-icd-libopencl1
2026-10-04T13:58:47.3308228Z Suggested packages:
2026-10-04T13:58:47.3309143Z   ffmpeg-doc libcuda1 libnvcuvid1 libnvidia-encode1 libbluray-bdj jackd2
2026-10-04T13:58:47.3310063Z   libportaudio2 opus-tools pulseaudio libraw1394-doc librsvg2-bin serdi sndiod
2026-10-04T13:58:47.3310729Z   sordi speex opencl-icd
2026-10-04T13:58:47.3311315Z Recommended packages:
2026-10-04T13:58:47.3311932Z   libaacs0 default-libdecor-0-plugin-1 | libdecor-0-plugin-1
2026-10-04T13:58:47.3312737Z   pocketsphinx-en-us librsvg2-common va-driver-all | va-driver
2026-10-04T13:58:47.3313492Z   vdpau-driver-all | vdpau-driver
2026-10-04T13:58:47.3677638Z The following NEW packages will be installed:
2026-10-04T13:58:47.3678759Z   ffmpeg libass9 libasyncns0 libavc1394-0 libavcodec60 libavdevice60
2026-10-04T13:58:47.3679725Z   libavfilter9 libavformat60 libavutil58 libblas3 libbluray2 libbs2b0 libcaca0
2026-10-04T13:58:47.3680701Z   libcdio-cdda2t64 libcdio-paranoia2t64 libcdio19t64 libchromaprint1 libcjson1
2026-10-04T13:58:47.3681550Z   libcodec2-1.2 libdav1d7 libdc1394-25 libdecor-0-0 libflac12t64 libflite1
2026-10-04T13:58:47.3682424Z   libgme0 libgsm1 libhwy1t64 libiec61883-0 libjack-jackd2-0 libjxl0.7
2026-10-04T13:58:47.3683270Z   liblapack3 liblilv-0-0 libmbedcrypto7t64 libmp3lame0 libmpg123-0t64
2026-10-04T13:58:47.3684271Z   libmysofa1 libopenal-data libopenal1 libopenmpt0t64 libopus0 libplacebo338
2026-10-04T13:58:47.3685234Z   libpocketsphinx3 libpostproc57 libpulse0 librav1e0 libraw1394-11 librist4
2026-10-04T13:58:47.3686244Z   librsvg2-2 librubberband2 libsamplerate0 libsdl2-2.0-0 libserd-0-0 libshine3
2026-10-04T13:58:47.3687447Z   libsndfile1 libsndio7.0 libsord-0-0 libsoxr0 libspeex1 libsphinxbase3t64
2026-10-04T13:58:47.3688398Z   libsratom-0-0 libsrt1.5-gnutls libssh-gcrypt-4 libsvtav1enc1d1
2026-10-04T13:58:47.3689487Z   libswresample4 libswscale7 libtheora0 libtwolame0 libudfread0 libunibreak5
2026-10-04T13:58:47.3690492Z   libva-drm2 libva-x11-2 libva2 libvdpau1 libvidstab1.1 libvorbisenc2 libvpl2
2026-10-04T13:58:47.3691453Z   libvpx9 libx264-164 libx265-199 libxcb-shape0 libxv1 libxvidcore4 libzimg2
2026-10-04T13:58:47.3692340Z   libzix-0-0 libzvbi-common libzvbi0t64 ocl-icd-libopencl1
2026-10-04T13:58:47.3861887Z 0 upgraded, 87 newly installed, 0 to remove and 25 not upgraded.
2026-10-04T13:58:47.3862659Z Need to get 62.8 MB of archives.
2026-10-04T13:58:47.3863303Z After this operation, 173 MB of additional disk space will be used.
2026-10-04T13:58:47.3864169Z Get:1 file:/etc/apt/apt-mirrors.txt Mirrorlist [144 B]
2026-10-04T13:58:47.5788320Z Get:2 http://azure.archive.ubuntu.com/ubuntu noble-updates/universe amd64 libva2 amd64 2.20.0-2ubuntu0.2 [66.4 kB]
2026-10-04T13:58:47.6276170Z Get:3 http://azure.archive.ubuntu.com/ubuntu noble-updates/universe amd64 libva-drm2 amd64 2.20.0-2ubuntu0.2 [7124 B]
2026-10-04T13:58:47.6745740Z Get:4 http://azure.archive.ubuntu.com/ubuntu noble-updates/universe amd64 libva-x11-2 amd64 2.20.0-2ubuntu0.2 [12.0 kB]
2026-10-04T13:58:47.7217056Z Get:5 http://azure.archive.ubuntu.com/ubuntu noble/main amd64 libvdpau1 amd64 1.5-2build1 [27.8 kB]
2026-10-04T13:58:47.7689014Z Get:6 http://azure.archive.ubuntu.com/ubuntu noble/universe amd64 libvpl2 amd64 2023.3.0-1build1 [99.8 kB]
2026-10-04T13:58:47.8165957Z Get:7 http://azure.archive.ubuntu.com/ubuntu noble/universe amd64 ocl-icd-libopencl1 amd64 2.3.2-1build1 [38.5 kB]
2026-10-04T13:58:47.8638854Z Get:8 http://azure.archive.ubuntu.com/ubuntu noble/universe amd64 libavutil58 amd64 7:6.1.1-3ubuntu5 [401 kB]
2026-10-04T13:58:47.9214075Z Get:9 http://azure.archive.ubuntu.com/ubuntu noble/universe amd64 libcodec2-1.2 amd64 1.2.0-2build1 [8998 kB]
2026-10-04T13:58:48.1167468Z Get:10 http://azure.archive.ubuntu.com/ubuntu noble/universe amd64 libdav1d7 amd64 1.4.1-1build1 [604 kB]
2026-10-04T13:58:48.1726127Z Get:11 http://azure.archive.ubuntu.com/ubuntu noble/universe amd64 libgsm1 amd64 1.0.22-1build1 [27.8 kB]
2026-10-04T13:58:48.2181045Z Get:12 http://azure.archive.ubuntu.com/ubuntu noble/universe amd64 libhwy1t64 amd64 1.0.7-8.1build1 [584 kB]
2026-10-04T13:58:48.2792797Z Get:13 http://azure.archive.ubuntu.com/ubuntu noble-updates/universe amd64 libjxl0.7 amd64 0.7.0-10.2ubuntu6.1 [1001 kB]
2026-10-04T13:58:48.3363506Z Get:14 http://azure.archive.ubuntu.com/ubuntu noble/main amd64 libmp3lame0 amd64 3.100-6build1 [142 kB]
2026-10-04T13:58:48.3847068Z Get:15 http://azure.archive.ubuntu.com/ubuntu noble/main amd64 libopus0 amd64 1.4-1build1 [208 kB]
2026-10-04T13:58:48.4347852Z Get:16 http://azure.archive.ubuntu.com/ubuntu noble/universe amd64 librav1e0 amd64 0.7.1-2 [1022 kB]
2026-10-04T13:58:48.4955296Z Get:17 http://azure.archive.ubuntu.com/ubuntu noble/main amd64 librsvg2-2 amd64 2.58.0+dfsg-1build1 [2135 kB]
2026-10-04T13:58:48.5723871Z Get:18 http://azure.archive.ubuntu.com/ubuntu noble/universe amd64 libshine3 amd64 3.1.1-2build1 [23.2 kB]
2026-10-04T13:58:48.6164734Z Get:19 http://azure.archive.ubuntu.com/ubuntu noble-updates/main amd64 libspeex1 amd64 1.2.1-2ubuntu2.24.04.1 [59.6 kB]
2026-10-04T13:58:48.6614407Z Get:20 http://azure.archive.ubuntu.com/ubuntu noble/universe amd64 libsvtav1enc1d1 amd64 1.7.0+dfsg-2build1 [2425 kB]
2026-10-04T13:58:48.7396219Z Get:21 http://azure.archive.ubuntu.com/ubuntu noble/universe amd64 libsoxr0 amd64 0.1.3-4build3 [80.0 kB]
2026-10-04T13:58:48.7857419Z Get:22 http://azure.archive.ubuntu.com/ubuntu noble/universe amd64 libswresample4 amd64 7:6.1.1-3ubuntu5 [63.8 kB]
2026-10-04T13:58:48.8309991Z Get:23 http://azure.archive.ubuntu.com/ubuntu noble/main amd64 libtheora0 amd64 1.1.1+dfsg.1-16.1build3 [211 kB]
2026-10-04T13:58:48.8833060Z Get:24 http://azure.archive.ubuntu.com/ubuntu noble/main amd64 libtwolame0 amd64 0.4.0-2build3 [52.3 kB]
2026-10-04T13:58:48.9292671Z Get:25 http://azure.archive.ubuntu.com/ubuntu noble/main amd64 libvorbisenc2 amd64 1.3.7-1build3 [80.8 kB]
2026-10-04T13:58:48.9761958Z Get:26 http://azure.archive.ubuntu.com/ubuntu noble-updates/main amd64 libvpx9 amd64 1.14.0-1ubuntu2.3 [1143 kB]
2026-10-04T13:58:49.0397447Z Get:27 http://azure.archive.ubuntu.com/ubuntu noble/universe amd64 libx264-164 amd64 2:0.164.3108+git31e19f9-1 [604 kB]
2026-10-04T13:58:49.1009320Z Get:28 http://azure.archive.ubuntu.com/ubuntu noble/universe amd64 libx265-199 amd64 3.5-2build1 [1226 kB]
2026-10-04T13:58:49.1659647Z Get:29 http://azure.archive.ubuntu.com/ubuntu noble/universe amd64 libxvidcore4 amd64 2:1.3.7-1build1 [219 kB]
2026-10-04T13:58:49.2170537Z Get:30 http://azure.archive.ubuntu.com/ubuntu noble/universe amd64 libzvbi-common all 0.2.42-2 [42.4 kB]
2026-10-04T13:58:49.2642818Z Get:31 http://azure.archive.ubuntu.com/ubuntu noble/universe amd64 libzvbi0t64 amd64 0.2.42-2 [261 kB]
2026-10-04T13:58:49.3185736Z Get:32 http://azure.archive.ubuntu.com/ubuntu noble/universe amd64 libavcodec60 amd64 7:6.1.1-3ubuntu5 [5851 kB]
2026-10-04T13:58:49.5175276Z Get:33 http://azure.archive.ubuntu.com/ubuntu noble/main amd64 libraw1394-11 amd64 2.1.2-2build3 [26.2 kB]
2026-10-04T13:58:49.5654858Z Get:34 http://azure.archive.ubuntu.com/ubuntu noble/main amd64 libavc1394-0 amd64 0.5.4-5build3 [15.4 kB]
2026-10-04T13:58:49.6130379Z Get:35 http://azure.archive.ubuntu.com/ubuntu noble/universe amd64 libunibreak5 amd64 5.1-2build1 [25.0 kB]
2026-10-04T13:58:49.6584786Z Get:36 http://azure.archive.ubuntu.com/ubuntu noble/universe amd64 libass9 amd64 1:0.17.1-2build1 [104 kB]
2026-10-04T13:58:49.7056279Z Get:37 http://azure.archive.ubuntu.com/ubuntu noble/universe amd64 libudfread0 amd64 1.1.2-1build1 [19.0 kB]
2026-10-04T13:58:49.7505544Z Get:38 http://azure.archive.ubuntu.com/ubuntu noble/universe amd64 libbluray2 amd64 1:1.3.4-1build1 [159 kB]
2026-10-04T13:58:49.8027569Z Get:39 http://azure.archive.ubuntu.com/ubuntu noble/universe amd64 libchromaprint1 amd64 1.5.1-5 [30.5 kB]
2026-10-04T13:58:49.8500473Z Get:40 http://azure.archive.ubuntu.com/ubuntu noble/universe amd64 libgme0 amd64 0.6.3-7build1 [134 kB]
2026-10-04T13:58:49.8999787Z Get:41 http://azure.archive.ubuntu.com/ubuntu noble-updates/main amd64 libmpg123-0t64 amd64 1.32.5-1ubuntu1.1 [169 kB]
2026-10-04T13:58:49.9511607Z Get:42 http://azure.archive.ubuntu.com/ubuntu noble/universe amd64 libopenmpt0t64 amd64 0.7.3-1.1build3 [647 kB]
2026-10-04T13:58:50.0144429Z Get:43 http://azure.archive.ubuntu.com/ubuntu noble/universe amd64 libcjson1 amd64 1.7.17-1 [24.8 kB]
2026-10-04T13:58:50.0620277Z Get:44 http://azure.archive.ubuntu.com/ubuntu noble/universe amd64 libmbedcrypto7t64 amd64 2.28.8-1 [209 kB]
2026-10-04T13:58:50.1148363Z Get:45 http://azure.archive.ubuntu.com/ubuntu noble/universe amd64 librist4 amd64 0.2.10+dfsg-2 [74.9 kB]
2026-10-04T13:58:50.1627999Z Get:46 http://azure.archive.ubuntu.com/ubuntu noble/universe amd64 libsrt1.5-gnutls amd64 1.5.3-1build2 [316 kB]
2026-10-04T13:58:50.2211165Z Get:47 http://azure.archive.ubuntu.com/ubuntu noble-updates/main amd64 libssh-gcrypt-4 amd64 0.10.6-2ubuntu0.5 [226 kB]
2026-10-04T13:58:50.2757401Z Get:48 http://azure.archive.ubuntu.com/ubuntu noble/universe amd64 libavformat60 amd64 7:6.1.1-3ubuntu5 [1153 kB]
2026-10-04T13:58:50.3445796Z Get:49 http://azure.archive.ubuntu.com/ubuntu noble/universe amd64 libbs2b0 amd64 3.1.0+dfsg-7build1 [10.6 kB]
2026-10-04T13:58:50.3915420Z Get:50 http://azure.archive.ubuntu.com/ubuntu noble/universe amd64 libflite1 amd64 2.2-6build3 [13.6 MB]
2026-10-04T13:58:50.8414615Z Get:51 http://azure.archive.ubuntu.com/ubuntu noble/universe amd64 libserd-0-0 amd64 0.32.2-1 [43.6 kB]
2026-10-04T13:58:50.8865767Z Get:52 http://azure.archive.ubuntu.com/ubuntu noble/universe amd64 libzix-0-0 amd64 0.4.2-2build1 [23.6 kB]
2026-10-04T13:58:50.9319196Z Get:53 http://azure.archive.ubuntu.com/ubuntu noble/universe amd64 libsord-0-0 amd64 0.16.16-2build1 [15.8 kB]
2026-10-04T13:58:50.9797042Z Get:54 http://azure.archive.ubuntu.com/ubuntu noble/universe amd64 libsratom-0-0 amd64 0.6.16-1build1 [17.3 kB]
2026-10-04T13:58:51.0275092Z Get:55 http://azure.archive.ubuntu.com/ubuntu noble/universe amd64 liblilv-0-0 amd64 0.24.22-1build1 [41.0 kB]
2026-10-04T13:58:51.0751199Z Get:56 http://azure.archive.ubuntu.com/ubuntu noble/universe amd64 libmysofa1 amd64 1.3.2+dfsg-2ubuntu2 [1158 kB]
2026-10-04T13:58:51.1423721Z Get:57 http://azure.archive.ubuntu.com/ubuntu noble/universe amd64 libplacebo338 amd64 6.338.2-2build1 [2654 kB]
2026-10-04T13:58:51.2366046Z Get:58 http://azure.archive.ubuntu.com/ubuntu noble-updates/main amd64 libblas3 amd64 3.12.0-3build1.1 [238 kB]
2026-10-04T13:58:51.2874590Z Get:59 http://azure.archive.ubuntu.com/ubuntu noble-updates/main amd64 liblapack3 amd64 3.12.0-3build1.1 [2646 kB]
2026-10-04T13:58:51.4068342Z Get:60 http://azure.archive.ubuntu.com/ubuntu noble/main amd64 libasyncns0 amd64 0.8-6build4 [11.3 kB]
2026-10-04T13:58:51.4542691Z Get:61 http://azure.archive.ubuntu.com/ubuntu noble/main amd64 libflac12t64 amd64 1.4.3+ds-2.1ubuntu2 [197 kB]
2026-10-04T13:58:51.5028955Z Get:62 http://azure.archive.ubuntu.com/ubuntu noble-updates/main amd64 libsndfile1 amd64 1.2.2-1ubuntu5.24.04.1 [209 kB]
2026-10-04T13:58:51.5515177Z Get:63 http://azure.archive.ubuntu.com/ubuntu noble-updates/main amd64 libpulse0 amd64 1:16.1+dfsg1-2ubuntu10.1 [292 kB]
2026-10-04T13:58:51.6013096Z Get:64 http://azure.archive.ubuntu.com/ubuntu noble/universe amd64 libsphinxbase3t64 amd64 0.8+5prealpha+1-17build2 [126 kB]
2026-10-04T13:58:51.6468135Z Get:65 http://azure.archive.ubuntu.com/ubuntu noble/universe amd64 libpocketsphinx3 amd64 0.8.0+real5prealpha+1-15ubuntu5 [133 kB]
2026-10-04T13:58:51.6923577Z Get:66 http://azure.archive.ubuntu.com/ubuntu noble/universe amd64 libpostproc57 amd64 7:6.1.1-3ubuntu5 [49.9 kB]
2026-10-04T13:58:51.7369396Z Get:67 http://azure.archive.ubuntu.com/ubuntu noble/main amd64 libsamplerate0 amd64 0.2.2-4build1 [1344 kB]
2026-10-04T13:58:51.7999821Z Get:68 http://azure.archive.ubuntu.com/ubuntu noble/universe amd64 librubberband2 amd64 3.3.0+dfsg-2build1 [130 kB]
2026-10-04T13:58:51.8450930Z Get:69 http://azure.archive.ubuntu.com/ubuntu noble/universe amd64 libswscale7 amd64 7:6.1.1-3ubuntu5 [193 kB]
2026-10-04T13:58:51.8910874Z Get:70 http://azure.archive.ubuntu.com/ubuntu noble/universe amd64 libvidstab1.1 amd64 1.1.0-2build1 [38.5 kB]
2026-10-04T13:58:51.9359227Z Get:71 http://azure.archive.ubuntu.com/ubuntu noble/universe amd64 libzimg2 amd64 3.0.5+ds1-1build1 [254 kB]
2026-10-04T13:58:51.9837244Z Get:72 http://azure.archive.ubuntu.com/ubuntu noble/universe amd64 libavfilter9 amd64 7:6.1.1-3ubuntu5 [4235 kB]
2026-10-04T13:58:52.1224939Z Get:73 http://azure.archive.ubuntu.com/ubuntu noble-updates/main amd64 libcaca0 amd64 0.99.beta20-4ubuntu0.2 [209 kB]
2026-10-04T13:58:52.1756414Z Get:74 http://azure.archive.ubuntu.com/ubuntu noble-updates/main amd64 libcdio19t64 amd64 2.1.0-4.1ubuntu1.2 [62.4 kB]
2026-10-04T13:58:52.2241737Z Get:75 http://azure.archive.ubuntu.com/ubuntu noble/main amd64 libcdio-cdda2t64 amd64 10.2+2.0.1-1.1build2 [16.5 kB]
2026-10-04T13:58:52.2717627Z Get:76 http://azure.archive.ubuntu.com/ubuntu noble/main amd64 libcdio-paranoia2t64 amd64 10.2+2.0.1-1.1build2 [16.6 kB]
2026-10-04T13:58:52.3189889Z Get:77 http://azure.archive.ubuntu.com/ubuntu noble/universe amd64 libdc1394-25 amd64 2.2.6-4build1 [90.1 kB]
2026-10-04T13:58:52.3678441Z Get:78 http://azure.archive.ubuntu.com/ubuntu noble/main amd64 libiec61883-0 amd64 1.2.0-6build1 [24.5 kB]
2026-10-04T13:58:52.4160081Z Get:79 http://azure.archive.ubuntu.com/ubuntu noble/main amd64 libjack-jackd2-0 amd64 1.9.21~dfsg-3ubuntu3 [289 kB]
2026-10-04T13:58:52.4709376Z Get:80 http://azure.archive.ubuntu.com/ubuntu noble/universe amd64 libopenal-data all 1:1.23.1-4build1 [161 kB]
2026-10-04T13:58:52.5225230Z Get:81 http://azure.archive.ubuntu.com/ubuntu noble/universe amd64 libsndio7.0 amd64 1.9.0-0.3build3 [29.6 kB]
2026-10-04T13:58:52.5699926Z Get:82 http://azure.archive.ubuntu.com/ubuntu noble/universe amd64 libopenal1 amd64 1:1.23.1-4build1 [540 kB]
2026-10-04T13:58:52.6298854Z Get:83 http://azure.archive.ubuntu.com/ubuntu noble/main amd64 libdecor-0-0 amd64 0.2.2-1build2 [16.5 kB]
2026-10-04T13:58:52.6772799Z Get:84 http://azure.archive.ubuntu.com/ubuntu noble-updates/main amd64 libsdl2-2.0-0 amd64 2.30.0+dfsg-1ubuntu3.1 [686 kB]
2026-10-04T13:58:52.7382149Z Get:85 http://azure.archive.ubuntu.com/ubuntu noble/main amd64 libxcb-shape0 amd64 1.15-1ubuntu2 [6100 B]
2026-10-04T13:58:52.7860064Z Get:86 http://azure.archive.ubuntu.com/ubuntu noble/main amd64 libxv1 amd64 2:1.0.11-1.1build1 [10.7 kB]
2026-10-04T13:58:52.8332615Z Get:87 http://azure.archive.ubuntu.com/ubuntu noble/universe amd64 libavdevice60 amd64 7:6.1.1-3ubuntu5 [82.3 kB]
2026-10-04T13:58:52.8825385Z Get:88 http://azure.archive.ubuntu.com/ubuntu noble/universe amd64 ffmpeg amd64 7:6.1.1-3ubuntu5 [1879 kB]
2026-10-04T13:58:53.2026335Z Fetched 62.8 MB in 6s (11.4 MB/s)
2026-10-04T13:58:53.2246313Z Selecting previously unselected package libva2:amd64.
2026-10-04T13:58:53.2454751Z (Reading database ... 
2026-10-04T13:58:53.2455303Z (Reading database ... 5%
2026-10-04T13:58:53.2455852Z (Reading database ... 10%
2026-10-04T13:58:53.2456287Z (Reading database ... 15%
2026-10-04T13:58:53.2456679Z (Reading database ... 20%
2026-10-04T13:58:53.2457041Z (Reading database ... 25%
2026-10-04T13:58:53.2457426Z (Reading database ... 30%
2026-10-04T13:58:53.2457827Z (Reading database ... 35%
2026-10-04T13:58:53.2458217Z (Reading database ... 40%
2026-10-04T13:58:53.2459247Z (Reading database ... 45%
2026-10-04T13:58:53.2459691Z (Reading database ... 50%
2026-10-04T13:58:53.2487259Z (Reading database ... 55%
2026-10-04T13:58:53.3476033Z (Reading database ... 60%
2026-10-04T13:58:53.5951786Z (Reading database ... 65%
2026-10-04T13:58:53.7961487Z (Reading database ... 70%
2026-10-04T13:58:53.9509971Z (Reading database ... 75%
2026-10-04T13:58:54.1029341Z (Reading database ... 80%
2026-10-04T13:58:54.2475160Z (Reading database ... 85%
2026-10-04T13:58:54.3607742Z (Reading database ... 90%
2026-10-04T13:58:54.4715765Z (Reading database ... 95%
2026-10-04T13:58:54.4716446Z (Reading database ... 100%
2026-10-04T13:58:54.4717457Z (Reading database ... 202296 files and directories currently installed.)
2026-10-04T13:58:54.4757914Z Preparing to unpack .../00-libva2_2.20.0-2ubuntu0.2_amd64.deb ...
2026-10-04T13:58:54.4786251Z Unpacking libva2:amd64 (2.20.0-2ubuntu0.2) ...
2026-10-04T13:58:54.4974229Z Selecting previously unselected package libva-drm2:amd64.
2026-10-04T13:58:54.5082483Z Preparing to unpack .../01-libva-drm2_2.20.0-2ubuntu0.2_amd64.deb ...
2026-10-04T13:58:54.5091555Z Unpacking libva-drm2:amd64 (2.20.0-2ubuntu0.2) ...
2026-10-04T13:58:54.5252640Z Selecting previously unselected package libva-x11-2:amd64.
2026-10-04T13:58:54.5356347Z Preparing to unpack .../02-libva-x11-2_2.20.0-2ubuntu0.2_amd64.deb ...
2026-10-04T13:58:54.5365854Z Unpacking libva-x11-2:amd64 (2.20.0-2ubuntu0.2) ...
2026-10-04T13:58:54.5528592Z Selecting previously unselected package libvdpau1:amd64.
2026-10-04T13:58:54.5630606Z Preparing to unpack .../03-libvdpau1_1.5-2build1_amd64.deb ...
2026-10-04T13:58:54.5638879Z Unpacking libvdpau1:amd64 (1.5-2build1) ...
2026-10-04T13:58:54.5802273Z Selecting previously unselected package libvpl2.
2026-10-04T13:58:54.5904063Z Preparing to unpack .../04-libvpl2_2023.3.0-1build1_amd64.deb ...
2026-10-04T13:58:54.5913040Z Unpacking libvpl2 (2023.3.0-1build1) ...
2026-10-04T13:58:54.6195515Z Selecting previously unselected package ocl-icd-libopencl1:amd64.
2026-10-04T13:58:54.6300075Z Preparing to unpack .../05-ocl-icd-libopencl1_2.3.2-1build1_amd64.deb ...
2026-10-04T13:58:54.6310488Z Unpacking ocl-icd-libopencl1:amd64 (2.3.2-1build1) ...
2026-10-04T13:58:54.6508343Z Selecting previously unselected package libavutil58:amd64.
2026-10-04T13:58:54.6611870Z Preparing to unpack .../06-libavutil58_7%3a6.1.1-3ubuntu5_amd64.deb ...
2026-10-04T13:58:54.6622393Z Unpacking libavutil58:amd64 (7:6.1.1-3ubuntu5) ...
2026-10-04T13:58:54.6823124Z Selecting previously unselected package libcodec2-1.2:amd64.
2026-10-04T13:58:54.6925064Z Preparing to unpack .../07-libcodec2-1.2_1.2.0-2build1_amd64.deb ...
2026-10-04T13:58:54.6933272Z Unpacking libcodec2-1.2:amd64 (1.2.0-2build1) ...
2026-10-04T13:58:54.8684725Z Selecting previously unselected package libdav1d7:amd64.
2026-10-04T13:58:54.8799396Z Preparing to unpack .../08-libdav1d7_1.4.1-1build1_amd64.deb ...
2026-10-04T13:58:54.8810098Z Unpacking libdav1d7:amd64 (1.4.1-1build1) ...
2026-10-04T13:58:54.9037304Z Selecting previously unselected package libgsm1:amd64.
2026-10-04T13:58:54.9150757Z Preparing to unpack .../09-libgsm1_1.0.22-1build1_amd64.deb ...
2026-10-04T13:58:54.9160661Z Unpacking libgsm1:amd64 (1.0.22-1build1) ...
2026-10-04T13:58:54.9322672Z Selecting previously unselected package libhwy1t64:amd64.
2026-10-04T13:58:54.9432097Z Preparing to unpack .../10-libhwy1t64_1.0.7-8.1build1_amd64.deb ...
2026-10-04T13:58:54.9442708Z Unpacking libhwy1t64:amd64 (1.0.7-8.1build1) ...
2026-10-04T13:58:54.9776025Z Selecting previously unselected package libjxl0.7:amd64.
2026-10-04T13:58:54.9883873Z Preparing to unpack .../11-libjxl0.7_0.7.0-10.2ubuntu6.1_amd64.deb ...
2026-10-04T13:58:54.9892815Z Unpacking libjxl0.7:amd64 (0.7.0-10.2ubuntu6.1) ...
2026-10-04T13:58:55.0274457Z Selecting previously unselected package libmp3lame0:amd64.
2026-10-04T13:58:55.0384273Z Preparing to unpack .../12-libmp3lame0_3.100-6build1_amd64.deb ...
2026-10-04T13:58:55.0395491Z Unpacking libmp3lame0:amd64 (3.100-6build1) ...
2026-10-04T13:58:55.0567742Z Selecting previously unselected package libopus0:amd64.
2026-10-04T13:58:55.0676519Z Preparing to unpack .../13-libopus0_1.4-1build1_amd64.deb ...
2026-10-04T13:58:55.0753375Z Unpacking libopus0:amd64 (1.4-1build1) ...
2026-10-04T13:58:55.0941437Z Selecting previously unselected package librav1e0:amd64.
2026-10-04T13:58:55.1046216Z Preparing to unpack .../14-librav1e0_0.7.1-2_amd64.deb ...
2026-10-04T13:58:55.1057101Z Unpacking librav1e0:amd64 (0.7.1-2) ...
2026-10-04T13:58:55.1378048Z Selecting previously unselected package librsvg2-2:amd64.
2026-10-04T13:58:55.1483626Z Preparing to unpack .../15-librsvg2-2_2.58.0+dfsg-1build1_amd64.deb ...
2026-10-04T13:58:55.1494374Z Unpacking librsvg2-2:amd64 (2.58.0+dfsg-1build1) ...
2026-10-04T13:58:55.2187020Z Selecting previously unselected package libshine3:amd64.
2026-10-04T13:58:55.2295198Z Preparing to unpack .../16-libshine3_3.1.1-2build1_amd64.deb ...
2026-10-04T13:58:55.2305507Z Unpacking libshine3:amd64 (3.1.1-2build1) ...
2026-10-04T13:58:55.2462884Z Selecting previously unselected package libspeex1:amd64.
2026-10-04T13:58:55.2571638Z Preparing to unpack .../17-libspeex1_1.2.1-2ubuntu2.24.04.1_amd64.deb ...
2026-10-04T13:58:55.2582254Z Unpacking libspeex1:amd64 (1.2.1-2ubuntu2.24.04.1) ...
2026-10-04T13:58:55.2742021Z Selecting previously unselected package libsvtav1enc1d1:amd64.
2026-10-04T13:58:55.2846333Z Preparing to unpack .../18-libsvtav1enc1d1_1.7.0+dfsg-2build1_amd64.deb ...
2026-10-04T13:58:55.2855548Z Unpacking libsvtav1enc1d1:amd64 (1.7.0+dfsg-2build1) ...
2026-10-04T13:58:55.3584981Z Selecting previously unselected package libsoxr0:amd64.
2026-10-04T13:58:55.3719968Z Preparing to unpack .../19-libsoxr0_0.1.3-4build3_amd64.deb ...
2026-10-04T13:58:55.3731122Z Unpacking libsoxr0:amd64 (0.1.3-4build3) ...
2026-10-04T13:58:55.3905681Z Selecting previously unselected package libswresample4:amd64.
2026-10-04T13:58:55.4038808Z Preparing to unpack .../20-libswresample4_7%3a6.1.1-3ubuntu5_amd64.deb ...
2026-10-04T13:58:55.4047122Z Unpacking libswresample4:amd64 (7:6.1.1-3ubuntu5) ...
2026-10-04T13:58:55.4223070Z Selecting previously unselected package libtheora0:amd64.
2026-10-04T13:58:55.4354396Z Preparing to unpack .../21-libtheora0_1.1.1+dfsg.1-16.1build3_amd64.deb ...
2026-10-04T13:58:55.4362883Z Unpacking libtheora0:amd64 (1.1.1+dfsg.1-16.1build3) ...
2026-10-04T13:58:55.4555703Z Selecting previously unselected package libtwolame0:amd64.
2026-10-04T13:58:55.4675961Z Preparing to unpack .../22-libtwolame0_0.4.0-2build3_amd64.deb ...
2026-10-04T13:58:55.4685092Z Unpacking libtwolame0:amd64 (0.4.0-2build3) ...
2026-10-04T13:58:55.4855255Z Selecting previously unselected package libvorbisenc2:amd64.
2026-10-04T13:58:55.4984963Z Preparing to unpack .../23-libvorbisenc2_1.3.7-1build3_amd64.deb ...
2026-10-04T13:58:55.4992917Z Unpacking libvorbisenc2:amd64 (1.3.7-1build3) ...
2026-10-04T13:58:55.5368270Z Selecting previously unselected package libvpx9:amd64.
2026-10-04T13:58:55.5477608Z Preparing to unpack .../24-libvpx9_1.14.0-1ubuntu2.3_amd64.deb ...
2026-10-04T13:58:55.5484980Z Unpacking libvpx9:amd64 (1.14.0-1ubuntu2.3) ...
2026-10-04T13:58:55.5787816Z Selecting previously unselected package libx264-164:amd64.
2026-10-04T13:58:55.5898571Z Preparing to unpack .../25-libx264-164_2%3a0.164.3108+git31e19f9-1_amd64.deb ...
2026-10-04T13:58:55.5910378Z Unpacking libx264-164:amd64 (2:0.164.3108+git31e19f9-1) ...
2026-10-04T13:58:55.6184468Z Selecting previously unselected package libx265-199:amd64.
2026-10-04T13:58:55.6296205Z Preparing to unpack .../26-libx265-199_3.5-2build1_amd64.deb ...
2026-10-04T13:58:55.6304884Z Unpacking libx265-199:amd64 (3.5-2build1) ...
2026-10-04T13:58:55.7871135Z Selecting previously unselected package libxvidcore4:amd64.
2026-10-04T13:58:55.7988090Z Preparing to unpack .../27-libxvidcore4_2%3a1.3.7-1build1_amd64.deb ...
2026-10-04T13:58:55.7998066Z Unpacking libxvidcore4:amd64 (2:1.3.7-1build1) ...
2026-10-04T13:58:55.8176642Z Selecting previously unselected package libzvbi-common.
2026-10-04T13:58:55.8293438Z Preparing to unpack .../28-libzvbi-common_0.2.42-2_all.deb ...
2026-10-04T13:58:55.8302958Z Unpacking libzvbi-common (0.2.42-2) ...
2026-10-04T13:58:55.8919404Z Selecting previously unselected package libzvbi0t64:amd64.
2026-10-04T13:58:55.9034879Z Preparing to unpack .../29-libzvbi0t64_0.2.42-2_amd64.deb ...
2026-10-04T13:58:55.9045109Z Unpacking libzvbi0t64:amd64 (0.2.42-2) ...
2026-10-04T13:58:55.9235961Z Selecting previously unselected package libavcodec60:amd64.
2026-10-04T13:58:55.9346483Z Preparing to unpack .../30-libavcodec60_7%3a6.1.1-3ubuntu5_amd64.deb ...
2026-10-04T13:58:55.9356859Z Unpacking libavcodec60:amd64 (7:6.1.1-3ubuntu5) ...
2026-10-04T13:58:56.1054244Z Selecting previously unselected package libraw1394-11:amd64.
2026-10-04T13:58:56.1170336Z Preparing to unpack .../31-libraw1394-11_2.1.2-2build3_amd64.deb ...
2026-10-04T13:58:56.1181013Z Unpacking libraw1394-11:amd64 (2.1.2-2build3) ...
2026-10-04T13:58:56.1346003Z Selecting previously unselected package libavc1394-0:amd64.
2026-10-04T13:58:56.1460456Z Preparing to unpack .../32-libavc1394-0_0.5.4-5build3_amd64.deb ...
2026-10-04T13:58:56.1470644Z Unpacking libavc1394-0:amd64 (0.5.4-5build3) ...
2026-10-04T13:58:56.1633654Z Selecting previously unselected package libunibreak5:amd64.
2026-10-04T13:58:56.1740206Z Preparing to unpack .../33-libunibreak5_5.1-2build1_amd64.deb ...
2026-10-04T13:58:56.1749391Z Unpacking libunibreak5:amd64 (5.1-2build1) ...
2026-10-04T13:58:56.1913251Z Selecting previously unselected package libass9:amd64.
2026-10-04T13:58:56.2017957Z Preparing to unpack .../34-libass9_1%3a0.17.1-2build1_amd64.deb ...
2026-10-04T13:58:56.2027411Z Unpacking libass9:amd64 (1:0.17.1-2build1) ...
2026-10-04T13:58:56.2350101Z Selecting previously unselected package libudfread0:amd64.
2026-10-04T13:58:56.2454280Z Preparing to unpack .../35-libudfread0_1.1.2-1build1_amd64.deb ...
2026-10-04T13:58:56.2463442Z Unpacking libudfread0:amd64 (1.1.2-1build1) ...
2026-10-04T13:58:56.2623199Z Selecting previously unselected package libbluray2:amd64.
2026-10-04T13:58:56.2727676Z Preparing to unpack .../36-libbluray2_1%3a1.3.4-1build1_amd64.deb ...
2026-10-04T13:58:56.2736324Z Unpacking libbluray2:amd64 (1:1.3.4-1build1) ...
2026-10-04T13:58:56.2912895Z Selecting previously unselected package libchromaprint1:amd64.
2026-10-04T13:58:56.3018120Z Preparing to unpack .../37-libchromaprint1_1.5.1-5_amd64.deb ...
2026-10-04T13:58:56.3026440Z Unpacking libchromaprint1:amd64 (1.5.1-5) ...
2026-10-04T13:58:56.3187347Z Selecting previously unselected package libgme0:amd64.
2026-10-04T13:58:56.3291637Z Preparing to unpack .../38-libgme0_0.6.3-7build1_amd64.deb ...
2026-10-04T13:58:56.3299523Z Unpacking libgme0:amd64 (0.6.3-7build1) ...
2026-10-04T13:58:56.3470789Z Selecting previously unselected package libmpg123-0t64:amd64.
2026-10-04T13:58:56.3574427Z Preparing to unpack .../39-libmpg123-0t64_1.32.5-1ubuntu1.1_amd64.deb ...
2026-10-04T13:58:56.3583690Z Unpacking libmpg123-0t64:amd64 (1.32.5-1ubuntu1.1) ...
2026-10-04T13:58:56.3761849Z Selecting previously unselected package libopenmpt0t64:amd64.
2026-10-04T13:58:56.3864895Z Preparing to unpack .../40-libopenmpt0t64_0.7.3-1.1build3_amd64.deb ...
2026-10-04T13:58:56.3873471Z Unpacking libopenmpt0t64:amd64 (0.7.3-1.1build3) ...
2026-10-04T13:58:56.4093119Z Selecting previously unselected package libcjson1:amd64.
2026-10-04T13:58:56.4197595Z Preparing to unpack .../41-libcjson1_1.7.17-1_amd64.deb ...
2026-10-04T13:58:56.4206208Z Unpacking libcjson1:amd64 (1.7.17-1) ...
2026-10-04T13:58:56.4370069Z Selecting previously unselected package libmbedcrypto7t64:amd64.
2026-10-04T13:58:56.4475611Z Preparing to unpack .../42-libmbedcrypto7t64_2.28.8-1_amd64.deb ...
2026-10-04T13:58:56.4537596Z Unpacking libmbedcrypto7t64:amd64 (2.28.8-1) ...
2026-10-04T13:58:56.4718548Z Selecting previously unselected package librist4:amd64.
2026-10-04T13:58:56.4820813Z Preparing to unpack .../43-librist4_0.2.10+dfsg-2_amd64.deb ...
2026-10-04T13:58:56.4829497Z Unpacking librist4:amd64 (0.2.10+dfsg-2) ...
2026-10-04T13:58:56.4988545Z Selecting previously unselected package libsrt1.5-gnutls:amd64.
2026-10-04T13:58:56.5091449Z Preparing to unpack .../44-libsrt1.5-gnutls_1.5.3-1build2_amd64.deb ...
2026-10-04T13:58:56.5099510Z Unpacking libsrt1.5-gnutls:amd64 (1.5.3-1build2) ...
2026-10-04T13:58:56.5290351Z Selecting previously unselected package libssh-gcrypt-4:amd64.
2026-10-04T13:58:56.5394403Z Preparing to unpack .../45-libssh-gcrypt-4_0.10.6-2ubuntu0.5_amd64.deb ...
2026-10-04T13:58:56.5403339Z Unpacking libssh-gcrypt-4:amd64 (0.10.6-2ubuntu0.5) ...
2026-10-04T13:58:56.5589009Z Selecting previously unselected package libavformat60:amd64.
2026-10-04T13:58:56.5693327Z Preparing to unpack .../46-libavformat60_7%3a6.1.1-3ubuntu5_amd64.deb ...
2026-10-04T13:58:56.5702591Z Unpacking libavformat60:amd64 (7:6.1.1-3ubuntu5) ...
2026-10-04T13:58:56.6050470Z Selecting previously unselected package libbs2b0:amd64.
2026-10-04T13:58:56.6153381Z Preparing to unpack .../47-libbs2b0_3.1.0+dfsg-7build1_amd64.deb ...
2026-10-04T13:58:56.6161994Z Unpacking libbs2b0:amd64 (3.1.0+dfsg-7build1) ...
2026-10-04T13:58:56.6341441Z Selecting previously unselected package libflite1:amd64.
2026-10-04T13:58:56.6443038Z Preparing to unpack .../48-libflite1_2.2-6build3_amd64.deb ...
2026-10-04T13:58:56.6451189Z Unpacking libflite1:amd64 (2.2-6build3) ...
2026-10-04T13:58:56.8273598Z Selecting previously unselected package libserd-0-0:amd64.
2026-10-04T13:58:56.8391907Z Preparing to unpack .../49-libserd-0-0_0.32.2-1_amd64.deb ...
2026-10-04T13:58:56.8402485Z Unpacking libserd-0-0:amd64 (0.32.2-1) ...
2026-10-04T13:58:56.8569091Z Selecting previously unselected package libzix-0-0:amd64.
2026-10-04T13:58:56.8687121Z Preparing to unpack .../50-libzix-0-0_0.4.2-2build1_amd64.deb ...
2026-10-04T13:58:56.8697310Z Unpacking libzix-0-0:amd64 (0.4.2-2build1) ...
2026-10-04T13:58:56.8857758Z Selecting previously unselected package libsord-0-0:amd64.
2026-10-04T13:58:56.8967609Z Preparing to unpack .../51-libsord-0-0_0.16.16-2build1_amd64.deb ...
2026-10-04T13:58:56.9133375Z Unpacking libsord-0-0:amd64 (0.16.16-2build1) ...
2026-10-04T13:58:56.9293853Z Selecting previously unselected package libsratom-0-0:amd64.
2026-10-04T13:58:56.9399043Z Preparing to unpack .../52-libsratom-0-0_0.6.16-1build1_amd64.deb ...
2026-10-04T13:58:56.9408904Z Unpacking libsratom-0-0:amd64 (0.6.16-1build1) ...
2026-10-04T13:58:56.9572123Z Selecting previously unselected package liblilv-0-0:amd64.
2026-10-04T13:58:56.9677340Z Preparing to unpack .../53-liblilv-0-0_0.24.22-1build1_amd64.deb ...
2026-10-04T13:58:56.9689154Z Unpacking liblilv-0-0:amd64 (0.24.22-1build1) ...
2026-10-04T13:58:56.9852852Z Selecting previously unselected package libmysofa1:amd64.
2026-10-04T13:58:56.9954868Z Preparing to unpack .../54-libmysofa1_1.3.2+dfsg-2ubuntu2_amd64.deb ...
2026-10-04T13:58:56.9964288Z Unpacking libmysofa1:amd64 (1.3.2+dfsg-2ubuntu2) ...
2026-10-04T13:58:57.0160471Z Selecting previously unselected package libplacebo338:amd64.
2026-10-04T13:58:57.0260909Z Preparing to unpack .../55-libplacebo338_6.338.2-2build1_amd64.deb ...
2026-10-04T13:58:57.0273056Z Unpacking libplacebo338:amd64 (6.338.2-2build1) ...
2026-10-04T13:58:57.1069948Z Selecting previously unselected package libblas3:amd64.
2026-10-04T13:58:57.1178245Z Preparing to unpack .../56-libblas3_3.12.0-3build1.1_amd64.deb ...
2026-10-04T13:58:57.1204847Z Unpacking libblas3:amd64 (3.12.0-3build1.1) ...
2026-10-04T13:58:57.1474852Z Selecting previously unselected package liblapack3:amd64.
2026-10-04T13:58:57.1582407Z Preparing to unpack .../57-liblapack3_3.12.0-3build1.1_amd64.deb ...
2026-10-04T13:58:57.1608982Z Unpacking liblapack3:amd64 (3.12.0-3build1.1) ...
2026-10-04T13:58:57.2332231Z Selecting previously unselected package libasyncns0:amd64.
2026-10-04T13:58:57.2444218Z Preparing to unpack .../58-libasyncns0_0.8-6build4_amd64.deb ...
2026-10-04T13:58:57.2454713Z Unpacking libasyncns0:amd64 (0.8-6build4) ...
2026-10-04T13:58:57.2615191Z Selecting previously unselected package libflac12t64:amd64.
2026-10-04T13:58:57.2725401Z Preparing to unpack .../59-libflac12t64_1.4.3+ds-2.1ubuntu2_amd64.deb ...
2026-10-04T13:58:57.2733561Z Unpacking libflac12t64:amd64 (1.4.3+ds-2.1ubuntu2) ...
2026-10-04T13:58:57.2910824Z Selecting previously unselected package libsndfile1:amd64.
2026-10-04T13:58:57.3014736Z Preparing to unpack .../60-libsndfile1_1.2.2-1ubuntu5.24.04.1_amd64.deb ...
2026-10-04T13:58:57.3024113Z Unpacking libsndfile1:amd64 (1.2.2-1ubuntu5.24.04.1) ...
2026-10-04T13:58:57.3222620Z Selecting previously unselected package libpulse0:amd64.
2026-10-04T13:58:57.3324119Z Preparing to unpack .../61-libpulse0_1%3a16.1+dfsg1-2ubuntu10.1_amd64.deb ...
2026-10-04T13:58:57.3379395Z Unpacking libpulse0:amd64 (1:16.1+dfsg1-2ubuntu10.1) ...
2026-10-04T13:58:57.3735372Z Selecting previously unselected package libsphinxbase3t64:amd64.
2026-10-04T13:58:57.3838951Z Preparing to unpack .../62-libsphinxbase3t64_0.8+5prealpha+1-17build2_amd64.deb ...
2026-10-04T13:58:57.3847064Z Unpacking libsphinxbase3t64:amd64 (0.8+5prealpha+1-17build2) ...
2026-10-04T13:58:57.4047014Z Selecting previously unselected package libpocketsphinx3:amd64.
2026-10-04T13:58:57.4150732Z Preparing to unpack .../63-libpocketsphinx3_0.8.0+real5prealpha+1-15ubuntu5_amd64.deb ...
2026-10-04T13:58:57.4159096Z Unpacking libpocketsphinx3:amd64 (0.8.0+real5prealpha+1-15ubuntu5) ...
2026-10-04T13:58:57.4329391Z Selecting previously unselected package libpostproc57:amd64.
2026-10-04T13:58:57.4433510Z Preparing to unpack .../64-libpostproc57_7%3a6.1.1-3ubuntu5_amd64.deb ...
2026-10-04T13:58:57.4444043Z Unpacking libpostproc57:amd64 (7:6.1.1-3ubuntu5) ...
2026-10-04T13:58:57.4607874Z Selecting previously unselected package libsamplerate0:amd64.
2026-10-04T13:58:57.4711733Z Preparing to unpack .../65-libsamplerate0_0.2.2-4build1_amd64.deb ...
2026-10-04T13:58:57.4722997Z Unpacking libsamplerate0:amd64 (0.2.2-4build1) ...
2026-10-04T13:58:57.4933309Z Selecting previously unselected package librubberband2:amd64.
2026-10-04T13:58:57.5038022Z Preparing to unpack .../66-librubberband2_3.3.0+dfsg-2build1_amd64.deb ...
2026-10-04T13:58:57.5046075Z Unpacking librubberband2:amd64 (3.3.0+dfsg-2build1) ...
2026-10-04T13:58:57.5216854Z Selecting previously unselected package libswscale7:amd64.
2026-10-04T13:58:57.5322465Z Preparing to unpack .../67-libswscale7_7%3a6.1.1-3ubuntu5_amd64.deb ...
2026-10-04T13:58:57.5331582Z Unpacking libswscale7:amd64 (7:6.1.1-3ubuntu5) ...
2026-10-04T13:58:57.5510376Z Selecting previously unselected package libvidstab1.1:amd64.
2026-10-04T13:58:57.5615469Z Preparing to unpack .../68-libvidstab1.1_1.1.0-2build1_amd64.deb ...
2026-10-04T13:58:57.5626142Z Unpacking libvidstab1.1:amd64 (1.1.0-2build1) ...
2026-10-04T13:58:57.5929410Z Selecting previously unselected package libzimg2:amd64.
2026-10-04T13:58:57.6035258Z Preparing to unpack .../69-libzimg2_3.0.5+ds1-1build1_amd64.deb ...
2026-10-04T13:58:57.6047809Z Unpacking libzimg2:amd64 (3.0.5+ds1-1build1) ...
2026-10-04T13:58:57.6269534Z Selecting previously unselected package libavfilter9:amd64.
2026-10-04T13:58:57.6375314Z Preparing to unpack .../70-libavfilter9_7%3a6.1.1-3ubuntu5_amd64.deb ...
2026-10-04T13:58:57.6383086Z Unpacking libavfilter9:amd64 (7:6.1.1-3ubuntu5) ...
2026-10-04T13:58:57.7692119Z Selecting previously unselected package libcaca0:amd64.
2026-10-04T13:58:57.7808089Z Preparing to unpack .../71-libcaca0_0.99.beta20-4ubuntu0.2_amd64.deb ...
2026-10-04T13:58:57.7819007Z Unpacking libcaca0:amd64 (0.99.beta20-4ubuntu0.2) ...
2026-10-04T13:58:57.8175622Z Selecting previously unselected package libcdio19t64:amd64.
2026-10-04T13:58:57.8290216Z Preparing to unpack .../72-libcdio19t64_2.1.0-4.1ubuntu1.2_amd64.deb ...
2026-10-04T13:58:57.8300508Z Unpacking libcdio19t64:amd64 (2.1.0-4.1ubuntu1.2) ...
2026-10-04T13:58:57.8469026Z Selecting previously unselected package libcdio-cdda2t64:amd64.
2026-10-04T13:58:57.8574897Z Preparing to unpack .../73-libcdio-cdda2t64_10.2+2.0.1-1.1build2_amd64.deb ...
2026-10-04T13:58:57.8583748Z Unpacking libcdio-cdda2t64:amd64 (10.2+2.0.1-1.1build2) ...
2026-10-04T13:58:57.8743346Z Selecting previously unselected package libcdio-paranoia2t64:amd64.
2026-10-04T13:58:57.8846680Z Preparing to unpack .../74-libcdio-paranoia2t64_10.2+2.0.1-1.1build2_amd64.deb ...
2026-10-04T13:58:57.8858086Z Unpacking libcdio-paranoia2t64:amd64 (10.2+2.0.1-1.1build2) ...
2026-10-04T13:58:57.9016944Z Selecting previously unselected package libdc1394-25:amd64.
2026-10-04T13:58:57.9120425Z Preparing to unpack .../75-libdc1394-25_2.2.6-4build1_amd64.deb ...
2026-10-04T13:58:57.9131107Z Unpacking libdc1394-25:amd64 (2.2.6-4build1) ...
2026-10-04T13:58:57.9298980Z Selecting previously unselected package libiec61883-0:amd64.
2026-10-04T13:58:57.9401399Z Preparing to unpack .../76-libiec61883-0_1.2.0-6build1_amd64.deb ...
2026-10-04T13:58:57.9409693Z Unpacking libiec61883-0:amd64 (1.2.0-6build1) ...
2026-10-04T13:58:57.9567898Z Selecting previously unselected package libjack-jackd2-0:amd64.
2026-10-04T13:58:57.9670170Z Preparing to unpack .../77-libjack-jackd2-0_1.9.21~dfsg-3ubuntu3_amd64.deb ...
2026-10-04T13:58:57.9678745Z Unpacking libjack-jackd2-0:amd64 (1.9.21~dfsg-3ubuntu3) ...
2026-10-04T13:58:57.9875131Z Selecting previously unselected package libopenal-data.
2026-10-04T13:58:57.9979191Z Preparing to unpack .../78-libopenal-data_1%3a1.23.1-4build1_all.deb ...
2026-10-04T13:58:57.9988104Z Unpacking libopenal-data (1:1.23.1-4build1) ...
2026-10-04T13:58:58.0362596Z Selecting previously unselected package libsndio7.0:amd64.
2026-10-04T13:58:58.0470777Z Preparing to unpack .../79-libsndio7.0_1.9.0-0.3build3_amd64.deb ...
2026-10-04T13:58:58.0478768Z Unpacking libsndio7.0:amd64 (1.9.0-0.3build3) ...
2026-10-04T13:58:58.0645251Z Selecting previously unselected package libopenal1:amd64.
2026-10-04T13:58:58.0753239Z Preparing to unpack .../80-libopenal1_1%3a1.23.1-4build1_amd64.deb ...
2026-10-04T13:58:58.0762656Z Unpacking libopenal1:amd64 (1:1.23.1-4build1) ...
2026-10-04T13:58:58.1073651Z Selecting previously unselected package libdecor-0-0:amd64.
2026-10-04T13:58:58.1180689Z Preparing to unpack .../81-libdecor-0-0_0.2.2-1build2_amd64.deb ...
2026-10-04T13:58:58.1190204Z Unpacking libdecor-0-0:amd64 (0.2.2-1build2) ...
2026-10-04T13:58:58.1350513Z Selecting previously unselected package libsdl2-2.0-0:amd64.
2026-10-04T13:58:58.1456303Z Preparing to unpack .../82-libsdl2-2.0-0_2.30.0+dfsg-1ubuntu3.1_amd64.deb ...
2026-10-04T13:58:58.1464996Z Unpacking libsdl2-2.0-0:amd64 (2.30.0+dfsg-1ubuntu3.1) ...
2026-10-04T13:58:58.2776694Z Selecting previously unselected package libxcb-shape0:amd64.
2026-10-04T13:58:58.2888892Z Preparing to unpack .../83-libxcb-shape0_1.15-1ubuntu2_amd64.deb ...
2026-10-04T13:58:58.2899896Z Unpacking libxcb-shape0:amd64 (1.15-1ubuntu2) ...
2026-10-04T13:58:58.3056573Z Selecting previously unselected package libxv1:amd64.
2026-10-04T13:58:58.3169685Z Preparing to unpack .../84-libxv1_2%3a1.0.11-1.1build1_amd64.deb ...
2026-10-04T13:58:58.3180822Z Unpacking libxv1:amd64 (2:1.0.11-1.1build1) ...
2026-10-04T13:58:58.3339155Z Selecting previously unselected package libavdevice60:amd64.
2026-10-04T13:58:58.3445475Z Preparing to unpack .../85-libavdevice60_7%3a6.1.1-3ubuntu5_amd64.deb ...
2026-10-04T13:58:58.3454792Z Unpacking libavdevice60:amd64 (7:6.1.1-3ubuntu5) ...
2026-10-04T13:58:58.3613619Z Selecting previously unselected package ffmpeg.
2026-10-04T13:58:58.3716436Z Preparing to unpack .../86-ffmpeg_7%3a6.1.1-3ubuntu5_amd64.deb ...
2026-10-04T13:58:58.3725973Z Unpacking ffmpeg (7:6.1.1-3ubuntu5) ...
2026-10-04T13:58:58.4228220Z Setting up libgme0:amd64 (0.6.3-7build1) ...
2026-10-04T13:58:58.4252621Z Setting up libchromaprint1:amd64 (1.5.1-5) ...
2026-10-04T13:58:58.4276943Z Setting up libssh-gcrypt-4:amd64 (0.10.6-2ubuntu0.5) ...
2026-10-04T13:58:58.4296416Z Setting up libhwy1t64:amd64 (1.0.7-8.1build1) ...
2026-10-04T13:58:58.4315539Z Setting up libudfread0:amd64 (1.1.2-1build1) ...
2026-10-04T13:58:58.4342481Z Setting up libraw1394-11:amd64 (2.1.2-2build3) ...
2026-10-04T13:58:58.4360886Z Setting up libspeex1:amd64 (1.2.1-2ubuntu2.24.04.1) ...
2026-10-04T13:58:58.4384572Z Setting up libshine3:amd64 (3.1.1-2build1) ...
2026-10-04T13:58:58.4403113Z Setting up libcaca0:amd64 (0.99.beta20-4ubuntu0.2) ...
2026-10-04T13:58:58.4422413Z Setting up libvpl2 (2023.3.0-1build1) ...
2026-10-04T13:58:58.4449255Z Setting up libx264-164:amd64 (2:0.164.3108+git31e19f9-1) ...
2026-10-04T13:58:58.4467915Z Setting up libtwolame0:amd64 (0.4.0-2build3) ...
2026-10-04T13:58:58.4486891Z Setting up libmbedcrypto7t64:amd64 (2.28.8-1) ...
2026-10-04T13:58:58.4507950Z Setting up libgsm1:amd64 (1.0.22-1build1) ...
2026-10-04T13:58:58.4531195Z Setting up libsoxr0:amd64 (0.1.3-4build3) ...
2026-10-04T13:58:58.4552692Z Setting up libzix-0-0:amd64 (0.4.2-2build1) ...
2026-10-04T13:58:58.4571600Z Setting up libcodec2-1.2:amd64 (1.2.0-2build1) ...
2026-10-04T13:58:58.4590565Z Setting up libmysofa1:amd64 (1.3.2+dfsg-2ubuntu2) ...
2026-10-04T13:58:58.4625185Z Setting up libxcb-shape0:amd64 (1.15-1ubuntu2) ...
2026-10-04T13:58:58.4646602Z Setting up libcdio19t64:amd64 (2.1.0-4.1ubuntu1.2) ...
2026-10-04T13:58:58.4670518Z Setting up libsvtav1enc1d1:amd64 (1.7.0+dfsg-2build1) ...
2026-10-04T13:58:58.4690124Z Setting up libmpg123-0t64:amd64 (1.32.5-1ubuntu1.1) ...
2026-10-04T13:58:58.4710122Z Setting up libcjson1:amd64 (1.7.17-1) ...
2026-10-04T13:58:58.4734176Z Setting up libxvidcore4:amd64 (2:1.3.7-1build1) ...
2026-10-04T13:58:58.4753047Z Setting up librav1e0:amd64 (0.7.1-2) ...
2026-10-04T13:58:58.4776665Z Setting up libcdio-cdda2t64:amd64 (10.2+2.0.1-1.1build2) ...
2026-10-04T13:58:58.4993539Z Setting up librist4:amd64 (0.2.10+dfsg-2) ...
2026-10-04T13:58:58.5012649Z Setting up librsvg2-2:amd64 (2.58.0+dfsg-1build1) ...
2026-10-04T13:58:58.5034739Z Setting up libblas3:amd64 (3.12.0-3build1.1) ...
2026-10-04T13:58:58.5085574Z update-alternatives: using /usr/lib/x86_64-linux-gnu/blas/libblas.so.3 to provide /usr/lib/x86_64-linux-gnu/libblas.so.3 (libblas.so.3-x86_64-linux-gnu) in auto mode
2026-10-04T13:58:58.5101287Z Setting up libplacebo338:amd64 (6.338.2-2build1) ...
2026-10-04T13:58:58.5127069Z Setting up libva2:amd64 (2.20.0-2ubuntu0.2) ...
2026-10-04T13:58:58.5145711Z Setting up libopus0:amd64 (1.4-1build1) ...
2026-10-04T13:58:58.5167066Z Setting up libcdio-paranoia2t64:amd64 (10.2+2.0.1-1.1build2) ...
2026-10-04T13:58:58.5186447Z Setting up libdc1394-25:amd64 (2.2.6-4build1) ...
2026-10-04T13:58:58.5204901Z Setting up libxv1:amd64 (2:1.0.11-1.1build1) ...
2026-10-04T13:58:58.5225825Z Setting up libunibreak5:amd64 (5.1-2build1) ...
2026-10-04T13:58:58.5244310Z Setting up libjxl0.7:amd64 (0.7.0-10.2ubuntu6.1) ...
2026-10-04T13:58:58.5265730Z Setting up libx265-199:amd64 (3.5-2build1) ...
2026-10-04T13:58:58.5284610Z Setting up libsndio7.0:amd64 (1.9.0-0.3build3) ...
2026-10-04T13:58:58.5302728Z Setting up libvidstab1.1:amd64 (1.1.0-2build1) ...
2026-10-04T13:58:58.5324304Z Setting up libvpx9:amd64 (1.14.0-1ubuntu2.3) ...
2026-10-04T13:58:58.5344733Z Setting up libsrt1.5-gnutls:amd64 (1.5.3-1build2) ...
2026-10-04T13:58:58.5367432Z Setting up libflite1:amd64 (2.2-6build3) ...
2026-10-04T13:58:58.5389434Z Setting up libdav1d7:amd64 (1.4.1-1build1) ...
2026-10-04T13:58:58.5408745Z Setting up libva-drm2:amd64 (2.20.0-2ubuntu0.2) ...
2026-10-04T13:58:58.5431396Z Setting up ocl-icd-libopencl1:amd64 (2.3.2-1build1) ...
2026-10-04T13:58:58.5450542Z Setting up libasyncns0:amd64 (0.8-6build4) ...
2026-10-04T13:58:58.5471681Z Setting up libvdpau1:amd64 (1.5-2build1) ...
2026-10-04T13:58:58.5498348Z Setting up libbs2b0:amd64 (3.1.0+dfsg-7build1) ...
2026-10-04T13:58:58.5521593Z Setting up libtheora0:amd64 (1.1.1+dfsg.1-16.1build3) ...
2026-10-04T13:58:58.5540455Z Setting up libdecor-0-0:amd64 (0.2.2-1build2) ...
2026-10-04T13:58:58.5560747Z Setting up libzimg2:amd64 (3.0.5+ds1-1build1) ...
2026-10-04T13:58:58.5583879Z Setting up libopenal-data (1:1.23.1-4build1) ...
2026-10-04T13:58:58.5613572Z Setting up libflac12t64:amd64 (1.4.3+ds-2.1ubuntu2) ...
2026-10-04T13:58:58.5636244Z Setting up libbluray2:amd64 (1:1.3.4-1build1) ...
2026-10-04T13:58:58.5657118Z Setting up libsamplerate0:amd64 (0.2.2-4build1) ...
2026-10-04T13:58:58.5677632Z Setting up libva-x11-2:amd64 (2.20.0-2ubuntu0.2) ...
2026-10-04T13:58:58.5701178Z Setting up libopenmpt0t64:amd64 (0.7.3-1.1build3) ...
2026-10-04T13:58:58.5723729Z Setting up libzvbi-common (0.2.42-2) ...
2026-10-04T13:58:58.5742377Z Setting up libmp3lame0:amd64 (3.100-6build1) ...
2026-10-04T13:58:58.5770247Z Setting up libvorbisenc2:amd64 (1.3.7-1build3) ...
2026-10-04T13:58:58.5788891Z Setting up libiec61883-0:amd64 (1.2.0-6build1) ...
2026-10-04T13:58:58.5812353Z Setting up libserd-0-0:amd64 (0.32.2-1) ...
2026-10-04T13:58:58.5837954Z Setting up libavc1394-0:amd64 (0.5.4-5build3) ...
2026-10-04T13:58:58.5856811Z Setting up liblapack3:amd64 (3.12.0-3build1.1) ...
2026-10-04T13:58:58.5908192Z update-alternatives: using /usr/lib/x86_64-linux-gnu/lapack/liblapack.so.3 to provide /usr/lib/x86_64-linux-gnu/liblapack.so.3 (liblapack.so.3-x86_64-linux-gnu) in auto mode
2026-10-04T13:58:58.5926056Z Setting up libzvbi0t64:amd64 (0.2.42-2) ...
2026-10-04T13:58:58.5945024Z Setting up libavutil58:amd64 (7:6.1.1-3ubuntu5) ...
2026-10-04T13:58:58.5974775Z Setting up libopenal1:amd64 (1:1.23.1-4build1) ...
2026-10-04T13:58:58.5995024Z Setting up libass9:amd64 (1:0.17.1-2build1) ...
2026-10-04T13:58:58.6013810Z Setting up libswresample4:amd64 (7:6.1.1-3ubuntu5) ...
2026-10-04T13:58:58.6035717Z Setting up libavcodec60:amd64 (7:6.1.1-3ubuntu5) ...
2026-10-04T13:58:58.6054613Z Setting up librubberband2:amd64 (3.3.0+dfsg-2build1) ...
2026-10-04T13:58:58.6073044Z Setting up libjack-jackd2-0:amd64 (1.9.21~dfsg-3ubuntu3) ...
2026-10-04T13:58:58.6093624Z Setting up libsord-0-0:amd64 (0.16.16-2build1) ...
2026-10-04T13:58:58.6112841Z Setting up libpostproc57:amd64 (7:6.1.1-3ubuntu5) ...
2026-10-04T13:58:58.6134289Z Setting up libsratom-0-0:amd64 (0.6.16-1build1) ...
2026-10-04T13:58:58.6155324Z Setting up libsndfile1:amd64 (1.2.2-1ubuntu5.24.04.1) ...
2026-10-04T13:58:58.6177366Z Setting up liblilv-0-0:amd64 (0.24.22-1build1) ...
2026-10-04T13:58:58.6196728Z Setting up libswscale7:amd64 (7:6.1.1-3ubuntu5) ...
2026-10-04T13:58:58.6215244Z Setting up libpulse0:amd64 (1:16.1+dfsg1-2ubuntu10.1) ...
2026-10-04T13:58:58.6282906Z Setting up libavformat60:amd64 (7:6.1.1-3ubuntu5) ...
2026-10-04T13:58:58.6303036Z Setting up libsphinxbase3t64:amd64 (0.8+5prealpha+1-17build2) ...
2026-10-04T13:58:58.6325598Z Setting up libsdl2-2.0-0:amd64 (2.30.0+dfsg-1ubuntu3.1) ...
2026-10-04T13:58:58.6719211Z Setting up libpocketsphinx3:amd64 (0.8.0+real5prealpha+1-15ubuntu5) ...
2026-10-04T13:58:58.6739615Z Setting up libavfilter9:amd64 (7:6.1.1-3ubuntu5) ...
2026-10-04T13:58:58.6758865Z Setting up libavdevice60:amd64 (7:6.1.1-3ubuntu5) ...
2026-10-04T13:58:58.6781027Z Setting up ffmpeg (7:6.1.1-3ubuntu5) ...
2026-10-04T13:58:58.6803229Z Processing triggers for man-db (2.12.0-4build2) ...
2026-10-04T13:58:58.6824143Z Not building database; man-db/auto-update is not 'true'.
2026-10-04T13:58:58.6838733Z Processing triggers for libc-bin (2.39-0ubuntu8.9) ...
2026-10-04T13:58:59.2725261Z 
2026-10-04T13:58:59.2726164Z Running kernel seems to be up-to-date.
2026-10-04T13:58:59.2726705Z 
2026-10-04T13:58:59.2727053Z No services need to be restarted.
2026-10-04T13:58:59.2727529Z 
2026-10-04T13:58:59.2727837Z No containers need to be restarted.
2026-10-04T13:58:59.2728220Z 
2026-10-04T13:58:59.2728754Z No user sessions are running outdated binaries.
2026-10-04T13:58:59.2729212Z 
2026-10-04T13:58:59.2729638Z No VM guests are running outdated hypervisor (qemu) binaries on this host.
2026-10-04T13:59:00.2784402Z ffmpeg version 6.1.1-3ubuntu5 Copyright (c) 2000-2023 the FFmpeg developers
2026-10-04T13:59:00.3221930Z ffprobe version 6.1.1-3ubuntu5 Copyright (c) 2007-2023 the FFmpeg developers
2026-10-04T13:59:00.4116206Z ffmpeg encodes h264 via lavfi: the video variant fixture can be built
2026-10-04T13:59:00.4157403Z ##[group]Run bun install --frozen-lockfile --minimum-release-age=0
2026-10-04T13:59:00.4157938Z [36;1mbun install --frozen-lockfile --minimum-release-age=0[0m
2026-10-04T13:59:00.4198457Z shell: /usr/bin/bash -e {0}
2026-10-04T13:59:00.4199189Z ##[endgroup]
2026-10-04T13:59:00.4282588Z bun install v1.4.2 (744846f84)
2026-10-04T13:59:00.4465712Z Resolving dependencies
2026-10-04T13:59:00.4479915Z Resolved, downloaded and extracted [1]
2026-10-04T13:59:19.9157898Z 
2026-10-04T13:59:19.9159126Z + @types/express@4.17.25
2026-10-04T13:59:19.9159860Z + @types/jest@30.0.0
2026-10-04T13:59:19.9160260Z + drizzle-orm@0.45.2
2026-10-04T13:59:19.9160606Z + expo@57.0.21
2026-10-04T13:59:19.9161023Z + expo-constants@57.0.17
2026-10-04T13:59:19.9161459Z + expo-document-picker@57.0.1
2026-10-04T13:59:19.9161865Z + expo-haptics@57.0.2
2026-10-04T13:59:19.9162256Z + expo-image-manipulator@57.0.16
2026-10-04T13:59:19.9162686Z + expo-linear-gradient@57.0.1
2026-10-04T13:59:19.9163160Z + expo-modules-core@57.0.17
2026-10-04T13:59:19.9163537Z + expo-notifications@57.0.17
2026-10-04T13:59:19.9163878Z + expo-web-browser@57.0.2
2026-10-04T13:59:19.9164279Z + jest-environment-jsdom@30.5.1
2026-10-04T13:59:19.9164683Z + react-native-keyboard-controller@1.21.13
2026-10-04T13:59:19.9165073Z + react-native-web@0.21.2
2026-10-04T13:59:19.9165454Z + ts-jest@29.4.12
2026-10-04T13:59:19.9165740Z + turbo@2.10.12
2026-10-04T13:59:19.9166058Z + typescript@5.9.3
2026-10-04T13:59:19.9166382Z + vite@7.3.1
2026-10-04T13:59:19.9166706Z + @expo/metro-runtime@57.0.15
2026-10-04T13:59:19.9167049Z + @oxy.so/bloom@6.2.1
2026-10-04T13:59:19.9167371Z + expo-contacts@57.0.4
2026-10-04T13:59:19.9167718Z + expo-image-picker@57.0.16
2026-10-04T13:59:19.9168083Z + expo-splash-screen@57.0.8
2026-10-04T13:59:19.9168398Z + is-arrayish@0.3.4
2026-10-04T13:59:19.9169037Z + react-native-worklets@0.10.0
2026-10-04T13:59:19.9169230Z 
2026-10-04T13:59:19.9169418Z 2265 packages installed [19.49s]
2026-10-04T13:59:19.9295568Z ##[group]Run actions/cache/restore@55cc8345863c7cc4c66a329aec7e433d2d1c52a9
2026-10-04T13:59:19.9296088Z with:
2026-10-04T13:59:19.9296380Z   path: .turbo/cache
2026-10-04T13:59:19.9296803Z   key: turbo-build-Linux-X64-25fdab03d0d6379adf50c6cfdffb277a9eb1a584
2026-10-04T13:59:19.9297295Z   restore-keys: turbo-build-Linux-X64-
2026-10-04T13:59:19.9297690Z   enableCrossOsArchive: false
2026-10-04T13:59:19.9298029Z   fail-on-cache-miss: false
2026-10-04T13:59:19.9298343Z   lookup-only: false
2026-10-04T13:59:19.9298803Z ##[endgroup]
2026-10-04T13:59:20.2192054Z Cache hit for restore-key: turbo-build-Linux-X64-eab1b6dd42b518500b49c03e692738081099d9cc
2026-10-04T13:59:21.3650926Z Received 10979332 of 10979332 (100.0%), 11.3 MBs/sec
2026-10-04T13:59:21.3651917Z Cache Size: ~10 MB (10979332 B)
2026-10-04T13:59:21.3744606Z [command]/usr/bin/tar -xf /home/runner/work/_temp/f997162e-34fe-40f6-8061-9bb86f07027c/cache.tzst -P -C /home/runner/work/oxy/oxy --use-compress-program unzstd
2026-10-04T13:59:21.3916002Z Cache restored successfully
2026-10-04T13:59:21.3993824Z Cache restored from key: turbo-build-Linux-X64-eab1b6dd42b518500b49c03e692738081099d9cc
2026-10-04T13:59:21.4217031Z ##[group]Run bunx turbo run build --filter=@oxy.so/contracts --filter=@oxy.so/protocol --filter=@oxy.so/core --filter=@oxy.so/federation --filter=@oxy.so/mcp --filter=@oxy.so/db
2026-10-04T13:59:21.4218855Z [36;1mbunx turbo run build --filter=@oxy.so/contracts --filter=@oxy.so/protocol --filter=@oxy.so/core --filter=@oxy.so/federation --filter=@oxy.so/mcp --filter=@oxy.so/db[0m
2026-10-04T13:59:21.4262060Z shell: /usr/bin/bash -e {0}
2026-10-04T13:59:21.4262336Z ##[endgroup]
2026-10-04T13:59:21.4950251Z 
2026-10-04T13:59:21.4950657Z Attention:
2026-10-04T13:59:21.4951758Z Turborepo now collects completely anonymous telemetry regarding usage.
2026-10-04T13:59:21.4952788Z This information is used to shape the Turborepo roadmap and prioritize features.
2026-10-04T13:59:21.4954154Z You can learn more, including how to opt-out if you'd not like to participate in this anonymous program, by visiting the following URL:
2026-10-04T13:59:21.4955132Z https://turborepo.dev/docs/telemetry
2026-10-04T13:59:21.4955610Z 
2026-10-04T13:59:21.6106639Z 
2026-10-04T13:59:21.6108374Z    • Packages in scope: @oxy.so/contracts, @oxy.so/core, @oxy.so/db, @oxy.so/federation, @oxy.so/mcp, @oxy.so/protocol
2026-10-04T13:59:21.6109885Z    • Running build in 6 packages
2026-10-04T13:59:21.6110580Z    • Remote caching disabled
2026-10-04T13:59:21.6110989Z 
2026-10-04T13:59:21.6209789Z ##[group]@oxy.so/telemetry:build
2026-10-04T13:59:21.6236586Z cache hit, replaying logs 7b56e87853496c60
2026-10-04T13:59:21.6239011Z $ bun run clean && bun run build:cjs && bun run build:esm && bun run build:types
2026-10-04T13:59:21.6239727Z $ rm -rf dist
2026-10-04T13:59:21.6240229Z $ tsc -p tsconfig.cjs.json && node scripts/mark-cjs.mjs
2026-10-04T13:59:21.6240659Z $ tsc -p tsconfig.esm.json
2026-10-04T13:59:21.6241008Z $ tsc -p tsconfig.types.json
2026-10-04T13:59:21.6241590Z ##[endgroup]
2026-10-04T13:59:21.6242270Z ##[group]@oxy.so/db:build
2026-10-04T13:59:21.6242909Z cache hit, replaying logs 7bce3c1e6ec9981b
2026-10-04T13:59:21.6243668Z $ bun run build:cjs && bun run build:esm && bun run build:types
2026-10-04T13:59:21.6244294Z $ tsc -p tsconfig.cjs.json
2026-10-04T13:59:21.6245014Z $ tsc -p tsconfig.esm.json && node scripts/fix-esm-imports.mjs
2026-10-04T13:59:21.6245520Z ESM imports fixed
2026-10-04T13:59:21.6245877Z $ tsc -p tsconfig.types.json
2026-10-04T13:59:21.6247571Z ##[endgroup]
2026-10-04T13:59:36.3323585Z ##[group]@oxy.so/contracts:build
2026-10-04T13:59:36.3324319Z cache miss, executing f7c073193e31e7fc
2026-10-04T13:59:36.3324961Z $ bun run build:cjs && bun run build:esm && bun run build:types
2026-10-04T13:59:36.3326253Z $ tsc -p tsconfig.cjs.json
2026-10-04T13:59:36.3327104Z $ tsc -p tsconfig.esm.json && node scripts/fix-esm-imports.mjs
2026-10-04T13:59:36.3327625Z ESM imports fixed
2026-10-04T13:59:36.3327894Z $ tsc -p tsconfig.types.json
2026-10-04T13:59:36.3328380Z ##[endgroup]
2026-10-04T13:59:43.5530384Z ##[group]@oxy.so/protocol:build
2026-10-04T13:59:43.5540061Z cache miss, executing a1562379ad2957f5
2026-10-04T13:59:43.5600228Z $ bun run build:cjs && bun run build:esm && bun run build:types
2026-10-04T13:59:43.5600890Z $ tsc -p tsconfig.cjs.json
2026-10-04T13:59:43.5629981Z $ tsc -p tsconfig.esm.json && node scripts/fix-esm-imports.mjs
2026-10-04T13:59:43.5659454Z ESM imports fixed
2026-10-04T13:59:43.5659980Z $ tsc -p tsconfig.types.json
2026-10-04T13:59:43.5661137Z ##[endgroup]
2026-10-04T13:59:44.5027220Z ##[group]@oxy.so/mcp:build
2026-10-04T13:59:44.5057282Z cache miss, executing 20b0e00a03832ff4
2026-10-04T13:59:44.5080204Z $ bun run build:cjs && bun run build:esm && bun run build:types
2026-10-04T13:59:44.5091210Z $ tsc -p tsconfig.cjs.json
2026-10-04T13:59:44.5092205Z $ tsc -p tsconfig.esm.json && node scripts/fix-esm-imports.mjs
2026-10-04T13:59:44.5093006Z $ tsc -p tsconfig.types.json
2026-10-04T13:59:44.5093925Z ##[endgroup]
2026-10-04T13:59:57.5093739Z ##[group]@oxy.so/core:build
2026-10-04T13:59:57.5094334Z cache miss, executing 6c9179be9764f942
2026-10-04T13:59:57.5095682Z $ node scripts/build-workspace-deps.mjs @oxy.so/telemetry && bun run build:cjs && bun run build:esm && bun run build:types && node scripts/mark-module-formats.mjs
2026-10-04T13:59:57.5096455Z $ tsc -p tsconfig.cjs.json
2026-10-04T13:59:57.5096925Z $ tsc -p tsconfig.esm.json && node scripts/fix-esm-imports.mjs
2026-10-04T13:59:57.5097384Z ESM imports fixed
2026-10-04T13:59:57.5097753Z $ tsc -p tsconfig.types.json
2026-10-04T13:59:57.5098327Z ##[endgroup]
2026-10-04T14:00:02.1139192Z ##[group]@oxy.so/federation:build
2026-10-04T14:00:02.1139736Z cache miss, executing 696b76fcaa2ae60e
2026-10-04T14:00:02.1140641Z $ node ../core/scripts/build-workspace-deps.mjs @oxy.so/contracts @oxy.so/protocol @oxy.so/core && bun run build:cjs && bun run build:esm && bun run build:types
2026-10-04T14:00:02.1141629Z $ tsc -p tsconfig.cjs.json
2026-10-04T14:00:02.1142091Z $ tsc -p tsconfig.esm.json && node scripts/fix-esm-imports.mjs
2026-10-04T14:00:02.1142543Z ESM imports fixed
2026-10-04T14:00:02.1142887Z $ tsc -p tsconfig.types.json
2026-10-04T14:00:02.1143528Z ##[endgroup]
2026-10-04T14:00:02.1159970Z 
2026-10-04T14:00:02.1160517Z  Tasks:    7 successful, 7 total
2026-10-04T14:00:02.1161148Z Cached:    2 cached, 7 total
2026-10-04T14:00:02.1161633Z   Time:    40.608s 
2026-10-04T14:00:02.1161929Z 
2026-10-04T14:00:02.1289129Z ##[group]Run node -e "const os=require('node:os');console.log('cpus=%d totalmem=%s GiB maxWorkers=%d',os.cpus().length,(os.totalmem()/1073741824).toFixed(1),require('./jest.config.js').maxWorkers)"
2026-10-04T14:00:02.1290238Z [36;1mnode -e "const os=require('node:os');console.log('cpus=%d totalmem=%s GiB maxWorkers=%d',os.cpus().length,(os.totalmem()/1073741824).toFixed(1),require('./jest.config.js').maxWorkers)"[0m
2026-10-04T14:00:02.1332195Z shell: /usr/bin/bash -e {0}
2026-10-04T14:00:02.1332475Z ##[endgroup]
2026-10-04T14:00:02.1644195Z cpus=4 totalmem=15.6 GiB maxWorkers=1
2026-10-04T14:00:02.1718265Z ##[group]Run echo "Running API coverage shard ${SHARD_INDEX}/${SHARD_TOTAL}"
2026-10-04T14:00:02.1719172Z [36;1mecho "Running API coverage shard ${SHARD_INDEX}/${SHARD_TOTAL}"[0m
2026-10-04T14:00:02.1719541Z [36;1mbun run test:coverage -- \[0m
2026-10-04T14:00:02.1719845Z [36;1m  --shard="${SHARD_INDEX}/${SHARD_TOTAL}" \[0m
2026-10-04T14:00:02.1720249Z [36;1m  --json --outputFile="coverage/shard-${SHARD_INDEX}/jest-results.json" \[0m
2026-10-04T14:00:02.1720689Z [36;1m  --coverageDirectory="coverage/shard-${SHARD_INDEX}" \[0m
2026-10-04T14:00:02.1721032Z [36;1m  --coverageReporters=json \[0m
2026-10-04T14:00:02.1721311Z [36;1m  --coverageReporters=lcovonly \[0m
2026-10-04T14:00:02.1721614Z [36;1m  --coverageReporters=text-summary[0m
2026-10-04T14:00:02.1755054Z shell: /usr/bin/bash -e {0}
2026-10-04T14:00:02.1755318Z env:
2026-10-04T14:00:02.1755517Z   SHARD_INDEX: 2
2026-10-04T14:00:02.1755722Z   SHARD_TOTAL: 6
2026-10-04T14:00:02.1756432Z   DATABASE_URL: ***127.0.0.1:5432/oxy_test
2026-10-04T14:00:02.1756786Z   ACCESS_TOKEN_SECRET: test_access_token_secret_minimum_32_characters
2026-10-04T14:00:02.1757209Z   REFRESH_TOKEN_SECRET: test_refresh_token_secret_minimum_32_characters
2026-10-04T14:00:02.1757543Z   AWS_REGION: us-east-1
2026-10-04T14:00:02.1757780Z   AWS_ACCESS_KEY_ID: test_aws_access_key
2026-10-04T14:00:02.1758065Z   AWS_SECRET_ACCESS_KEY: test_aws_secret_key
2026-10-04T14:00:02.1758338Z   AWS_S3_BUCKET: test-bucket
2026-10-04T14:00:02.1758579Z   NODE_ENV: test
2026-10-04T14:00:02.1759087Z ##[endgroup]
2026-10-04T14:00:02.1812457Z Running API coverage shard 2/6
2026-10-04T14:00:02.1843644Z $ jest --coverage "--shard=2/6" --json "--outputFile=coverage/shard-2/jest-results.json" "--coverageDirectory=coverage/shard-2" "--coverageReporters=json" "--coverageReporters=lcovonly" "--coverageReporters=text-summary"
2026-10-04T14:00:11.9844020Z [BABEL] Note: The code generator has deoptimised the styling of /home/runner/work/oxy/oxy/packages/api/src/services/inferenceEdge.service.ts as it exceeds the max of 500KB.
2026-10-04T14:00:23.5816707Z PASS src/routes/__tests__/inferenceEdge.test.ts (18.665 s)
2026-10-04T14:00:23.9018807Z {"level":30,"time":1791122423801,"pid":4606,"hostname":"runnervm8df0l","maxPoolSize":8,"msg":"Connected to PostgreSQL successfully"}
2026-10-04T14:00:25.1020320Z PASS src/services/__tests__/inferenceRoutingConstraints.test.ts
2026-10-04T14:00:28.3779736Z PASS src/routes/__tests__/machineCredentials.test.ts
2026-10-04T14:00:33.9451442Z PASS src/routes/__tests__/inferenceCatalogueRoute.test.ts (5.344 s)
2026-10-04T14:00:34.2475612Z {"level":30,"time":1791122434147,"pid":4606,"hostname":"runnervm8df0l","maxPoolSize":8,"msg":"Connected to PostgreSQL successfully"}
2026-10-04T14:00:34.9275102Z PASS src/services/__tests__/inferenceProviderConnection.service.test.ts
2026-10-04T14:00:35.2051223Z {"level":30,"time":1791122435105,"pid":4606,"hostname":"runnervm8df0l","maxPoolSize":8,"msg":"Connected to PostgreSQL successfully"}
2026-10-04T14:00:35.3781481Z PASS src/db/schema/__tests__/inferenceRoutingPolicy.test.ts
2026-10-04T14:00:36.1964098Z {"level":30,"time":1791122436072,"pid":4606,"hostname":"runnervm8df0l","maxPoolSize":8,"msg":"Connected to PostgreSQL successfully"}
2026-10-04T14:00:36.4093005Z {"level":50,"time":1791122436309,"pid":4606,"hostname":"runnervm8df0l","msg":"ApiError [400] BAD_REQUEST: Validation failed"}
2026-10-04T14:00:36.7203211Z PASS src/routes/__tests__/keyRotation.test.ts
2026-10-04T14:00:37.3309659Z {"level":30,"time":1791122437230,"pid":4606,"hostname":"runnervm8df0l","maxPoolSize":8,"msg":"Connected to PostgreSQL successfully"}
2026-10-04T14:00:37.6364783Z {"level":40,"time":1791122437536,"pid":4606,"hostname":"runnervm8df0l","component":"nodeSync","msg":"Node ingest counter-signing skipped: OXY_PRIVATE_KEY/OXY_PUBLIC_KEY not configured"}
2026-10-04T14:00:37.6366718Z {"level":40,"time":1791122437552,"pid":4606,"hostname":"runnervm8df0l","component":"nodeSync","userId":"01a10737-75a5-73a0-b40a-5f6afff70a58","reason":"public_key_not_a_current_verification_method","msg":"Node ingest rejected a record"}
2026-10-04T14:00:37.6368174Z {"level":40,"time":1791122437566,"pid":4606,"hostname":"runnervm8df0l","component":"nodeSync","userId":"01a10737-75b6-7965-afe9-8dae5fc32fc6","reason":"bad_signature","msg":"Node ingest rejected a record"}
2026-10-04T14:00:37.6370168Z {"level":40,"time":1791122437581,"pid":4606,"hostname":"runnervm8df0l","component":"nodeSync","userId":"01a10737-75c4-7e5d-8b5a-6dbc3aa12a68","reason":"subject_mismatch","msg":"Node ingest rejected a record"}
2026-10-04T14:00:37.6371356Z {"level":40,"time":1791122437593,"pid":4606,"hostname":"runnervm8df0l","component":"nodeSync","userId":"01a10737-75d4-7104-92d1-091099d564b9","msg":"Node ingest rejected a malformed envelope"}
2026-10-04T14:00:37.6373517Z {"level":40,"time":1791122437623,"pid":4606,"hostname":"runnervm8df0l","component":"nodeSync","userId":"01a10737-75e0-7a79-b545-7350b34c03cc","reason":"public_key_not_a_current_verification_method","msg":"Node ingest rejected a record"}
2026-10-04T14:00:37.7622819Z {"level":40,"time":1791122437660,"pid":4606,"hostname":"runnervm8df0l","component":"nodeSync","userId":"01a10737-75fe-781c-ad9d-b1717f16d393","reason":"chain_fork","recordId":"b75243e37b0dccc4cd532b567de5babac5d0eea1f6e153b1bc3a4752c4d94a4e","msg":"Node ingest detected a chain fork; preserved both branches"}
2026-10-04T14:00:37.7626144Z {"level":40,"time":1791122437692,"pid":4606,"hostname":"runnervm8df0l","component":"nodeSync","userId":"01a10737-7622-7cde-920f-c6821bce48d6","reason":"chain_fork","recordId":"c23652b06681fc59261f1b1da3c37e87957368fa8445379563ba15347bf8216e","msg":"Node ingest detected a chain fork; preserved both branches"}
2026-10-04T14:00:37.8563002Z PASS src/services/__tests__/nodeSync.test.ts
2026-10-04T14:00:38.2072083Z {"level":30,"time":1791122438106,"pid":4606,"hostname":"runnervm8df0l","maxPoolSize":8,"msg":"Connected to PostgreSQL successfully"}
2026-10-04T14:00:38.6699626Z PASS src/services/__tests__/locationQueryService.test.ts
2026-10-04T14:00:40.2550308Z PASS src/routes/__tests__/inferenceEdgeAudioChat.test.ts
2026-10-04T14:00:40.5653934Z {"level":30,"time":1791122440464,"pid":4606,"hostname":"runnervm8df0l","maxPoolSize":8,"msg":"Connected to PostgreSQL successfully"}
2026-10-04T14:00:40.7110933Z PASS src/db/schema/__tests__/appUpdates.test.ts
2026-10-04T14:00:41.4752136Z {"level":30,"time":1791122441374,"pid":4606,"hostname":"runnervm8df0l","maxPoolSize":8,"msg":"Connected to PostgreSQL successfully"}
2026-10-04T14:00:42.1329401Z PASS src/routes/__tests__/mcpOAuth.routes.test.ts
2026-10-04T14:00:42.4294945Z {"level":30,"time":1791122442328,"pid":4606,"hostname":"runnervm8df0l","maxPoolSize":8,"msg":"Connected to PostgreSQL successfully"}
2026-10-04T14:00:42.4308772Z {"level":50,"time":1791122442332,"pid":4606,"hostname":"runnervm8df0l","component":"tokenAnomaly","expected":"a number greater than 1, e.g. 3","err":{"type":"Object","message":"INFERENCE_TOKEN_ANOMALY_MULTIPLE is not a number above 1; the default multiple applies","stack":"Error: INFERENCE_TOKEN_ANOMALY_MULTIPLE is not a number above 1; the default multiple applies\n    at reportUnreadableMultiple (/home/runner/work/oxy/oxy/packages/api/src/services/tokenAnomaly.service.ts:159:5)\n    at reportUnreadableMultiple (/home/runner/work/oxy/oxy/packages/api/src/services/tokenAnomaly.service.ts:145:5)\n    at /home/runner/work/oxy/oxy/packages/api/src/services/__tests__/tokenAnomaly.service.test.ts:230:41\n    at Object.<anonymous> (/home/runner/work/oxy/oxy/node_modules/.bun/jest-each@30.5.1/node_modules/jest-each/build/index.js:80:140)\n    at Promise.finally.completed (/home/runner/work/oxy/oxy/node_modules/.bun/jest-circus@30.5.1/node_modules/jest-circus/build/jestAdapterInit.js:1834:28)\n    at new Promise (<anonymous>)\n    at callAsyncCircusFn (/home/runner/work/oxy/oxy/node_modules/.bun/jest-circus@30.5.1/node_modules/jest-circus/build/jestAdapterInit.js:1774:10)\n    at _callCircusTest (/home/runner/work/oxy/oxy/node_modules/.bun/jest-circus@30.5.1/node_modules/jest-circus/build/jestAdapterInit.js:1167:40)\n    at processTicksAndRejections (node:internal/process/task_queues:104:5)\n    at _runTestInContext (/home/runner/work/oxy/oxy/node_modules/.bun/jest-circus@30.5.1/node_modules/jest-circus/build/jestAdapterInit.js:1103:3)\n    at runTestWithContext (/home/runner/work/oxy/oxy/node_modules/.bun/jest-circus@30.5.1/node_modules/jest-circus/build/jestAdapterInit.js:996:5)\n    at _runTestsForDescribeBlockOnce (/home/runner/work/oxy/oxy/node_modules/.bun/jest-circus@30.5.1/node_modules/jest-circus/build/jestAdapterInit.js:1008:11)\n    at _runTestsForDescribeBlock (/home/runner/work/oxy/oxy/node_modules/.bun/jest-circus@30.5.1/node_modules/jest-circus/build/jestAdapterInit.js:824:5)\n    at _runTestsForDescribeBlockOnce (/home/runner/work/oxy/oxy/node_modules/.bun/jest-circus@30.5.1/node_modules/jest-circus/build/jestAdapterInit.js:1003:11)\n    at _runTestsForDescribeBlock (/home/runner/work/oxy/oxy/node_modules/.bun/jest-circus@30.5.1/node_modules/jest-circus/build/jestAdapterInit.js:824:5)\n    at run (/home/runner/work/oxy/oxy/node_modules/.bun/jest-circus@30.5.1/node_modules/jest-circus/build/jestAdapterInit.js:789:3)\n    at runAndTransformResultsToJestFormat (/home/runner/work/oxy/oxy/node_modules/.bun/jest-circus@30.5.1/node_modules/jest-circus/build/jestAdapterInit.js:2300:21)\n    at jestAdapter (/home/runner/work/oxy/oxy/node_modules/.bun/jest-circus@30.5.1/node_modules/jest-circus/build/runner.js:111:19)\n    at runTestInternal (/home/runner/work/oxy/oxy/node_modules/.bun/jest-runner@30.5.1/node_modules/jest-runner/build/index.js:247:16)\n    at runTest (/home/runner/work/oxy/oxy/node_modules/.bun/jest-runner@30.5.1/node_modules/jest-runner/build/index.js:315:7)","name":"Error"},"msg":"inference.tokens.anomaly_multiple_unreadable"}
2026-10-04T14:00:42.4332352Z {"level":50,"time":1791122442333,"pid":4606,"hostname":"runnervm8df0l","component":"tokenAnomaly","expected":"a number greater than 1, e.g. 3","err":{"type":"Object","message":"INFERENCE_TOKEN_ANOMALY_MULTIPLE is not a number above 1; the default multiple applies","stack":"Error: INFERENCE_TOKEN_ANOMALY_MULTIPLE is not a number above 1; the default multiple applies\n    at reportUnreadableMultiple (/home/runner/work/oxy/oxy/packages/api/src/services/tokenAnomaly.service.ts:159:5)\n    at reportUnreadableMultiple (/home/runner/work/oxy/oxy/packages/api/src/services/tokenAnomaly.service.ts:145:5)\n    at /home/runner/work/oxy/oxy/packages/api/src/services/__tests__/tokenAnomaly.service.test.ts:230:41\n    at Object.<anonymous> (/home/runner/work/oxy/oxy/node_modules/.bun/jest-each@30.5.1/node_modules/jest-each/build/index.js:80:140)\n    at Promise.finally.completed (/home/runner/work/oxy/oxy/node_modules/.bun/jest-circus@30.5.1/node_modules/jest-circus/build/jestAdapterInit.js:1834:28)\n    at new Promise (<anonymous>)\n    at callAsyncCircusFn (/home/runner/work/oxy/oxy/node_modules/.bun/jest-circus@30.5.1/node_modules/jest-circus/build/jestAdapterInit.js:1774:10)\n    at _callCircusTest (/home/runner/work/oxy/oxy/node_modules/.bun/jest-circus@30.5.1/node_modules/jest-circus/build/jestAdapterInit.js:1167:40)\n    at processTicksAndRejections (node:internal/process/task_queues:104:5)\n    at _runTestInContext (/home/runner/work/oxy/oxy/node_modules/.bun/jest-circus@30.5.1/node_modules/jest-circus/build/jestAdapterInit.js:1103:3)\n    at runTestWithContext (/home/runner/work/oxy/oxy/node_modules/.bun/jest-circus@30.5.1/node_modules/jest-circus/build/jestAdapterInit.js:996:5)\n    at _runTestsForDescribeBlockOnce (/home/runner/work/oxy/oxy/node_modules/.bun/jest-circus@30.5.1/node_modules/jest-circus/build/jestAdapterInit.js:1008:11)\n    at _runTestsForDescribeBlock (/home/runner/work/oxy/oxy/node_modules/.bun/jest-circus@30.5.1/node_modules/jest-circus/build/jestAdapterInit.js:824:5)\n    at _runTestsForDescribeBlockOnce (/home/runner/work/oxy/oxy/node_modules/.bun/jest-circus@30.5.1/node_modules/jest-circus/build/jestAdapterInit.js:1003:11)\n    at _runTestsForDescribeBlock (/home/runner/work/oxy/oxy/node_modules/.bun/jest-circus@30.5.1/node_modules/jest-circus/build/jestAdapterInit.js:824:5)\n    at run (/home/runner/work/oxy/oxy/node_modules/.bun/jest-circus@30.5.1/node_modules/jest-circus/build/jestAdapterInit.js:789:3)\n    at runAndTransformResultsToJestFormat (/home/runner/work/oxy/oxy/node_modules/.bun/jest-circus@30.5.1/node_modules/jest-circus/build/jestAdapterInit.js:2300:21)\n    at jestAdapter (/home/runner/work/oxy/oxy/node_modules/.bun/jest-circus@30.5.1/node_modules/jest-circus/build/runner.js:111:19)\n    at runTestInternal (/home/runner/work/oxy/oxy/node_modules/.bun/jest-runner@30.5.1/node_modules/jest-runner/build/index.js:247:16)\n    at runTest (/home/runner/work/oxy/oxy/node_modules/.bun/jest-runner@30.5.1/node_modules/jest-runner/build/index.js:315:7)","name":"Error"},"msg":"inference.tokens.anomaly_multiple_unreadable"}
2026-10-04T14:00:42.4353098Z {"level":50,"time":1791122442334,"pid":4606,"hostname":"runnervm8df0l","component":"tokenAnomaly","expected":"a number greater than 1, e.g. 3","err":{"type":"Object","message":"INFERENCE_TOKEN_ANOMALY_MULTIPLE is not a number above 1; the default multiple applies","stack":"Error: INFERENCE_TOKEN_ANOMALY_MULTIPLE is not a number above 1; the default multiple applies\n    at reportUnreadableMultiple (/home/runner/work/oxy/oxy/packages/api/src/services/tokenAnomaly.service.ts:159:5)\n    at reportUnreadableMultiple (/home/runner/work/oxy/oxy/packages/api/src/services/tokenAnomaly.service.ts:145:5)\n    at /home/runner/work/oxy/oxy/packages/api/src/services/__tests__/tokenAnomaly.service.test.ts:230:41\n    at Object.<anonymous> (/home/runner/work/oxy/oxy/node_modules/.bun/jest-each@30.5.1/node_modules/jest-each/build/index.js:80:140)\n    at Promise.finally.completed (/home/runner/work/oxy/oxy/node_modules/.bun/jest-circus@30.5.1/node_modules/jest-circus/build/jestAdapterInit.js:1834:28)\n    at new Promise (<anonymous>)\n    at callAsyncCircusFn (/home/runner/work/oxy/oxy/node_modules/.bun/jest-circus@30.5.1/node_modules/jest-circus/build/jestAdapterInit.js:1774:10)\n    at _callCircusTest (/home/runner/work/oxy/oxy/node_modules/.bun/jest-circus@30.5.1/node_modules/jest-circus/build/jestAdapterInit.js:1167:40)\n    at processTicksAndRejections (node:internal/process/task_queues:104:5)\n    at _runTestInContext (/home/runner/work/oxy/oxy/node_modules/.bun/jest-circus@30.5.1/node_modules/jest-circus/build/jestAdapterInit.js:1103:3)\n    at runTestWithContext (/home/runner/work/oxy/oxy/node_modules/.bun/jest-circus@30.5.1/node_modules/jest-circus/build/jestAdapterInit.js:996:5)\n    at _runTestsForDescribeBlockOnce (/home/runner/work/oxy/oxy/node_modules/.bun/jest-circus@30.5.1/node_modules/jest-circus/build/jestAdapterInit.js:1008:11)\n    at _runTestsForDescribeBlock (/home/runner/work/oxy/oxy/node_modules/.bun/jest-circus@30.5.1/node_modules/jest-circus/build/jestAdapterInit.js:824:5)\n    at _runTestsForDescribeBlockOnce (/home/runner/work/oxy/oxy/node_modules/.bun/jest-circus@30.5.1/node_modules/jest-circus/build/jestAdapterInit.js:1003:11)\n    at _runTestsForDescribeBlock (/home/runner/work/oxy/oxy/node_modules/.bun/jest-circus@30.5.1/node_modules/jest-circus/build/jestAdapterInit.js:824:5)\n    at run (/home/runner/work/oxy/oxy/node_modules/.bun/jest-circus@30.5.1/node_modules/jest-circus/build/jestAdapterInit.js:789:3)\n    at runAndTransformResultsToJestFormat (/home/runner/work/oxy/oxy/node_modules/.bun/jest-circus@30.5.1/node_modules/jest-circus/build/jestAdapterInit.js:2300:21)\n    at jestAdapter (/home/runner/work/oxy/oxy/node_modules/.bun/jest-circus@30.5.1/node_modules/jest-circus/build/runner.js:111:19)\n    at runTestInternal (/home/runner/work/oxy/oxy/node_modules/.bun/jest-runner@30.5.1/node_modules/jest-runner/build/index.js:247:16)\n    at runTest (/home/runner/work/oxy/oxy/node_modules/.bun/jest-runner@30.5.1/node_modules/jest-runner/build/index.js:315:7)","name":"Error"},"msg":"inference.tokens.anomaly_multiple_unreadable"}
2026-10-04T14:00:42.4373779Z {"level":50,"time":1791122442335,"pid":4606,"hostname":"runnervm8df0l","component":"tokenAnomaly","expected":"a number greater than 1, e.g. 3","err":{"type":"Object","message":"INFERENCE_TOKEN_ANOMALY_MULTIPLE is not a number above 1; the default multiple applies","stack":"Error: INFERENCE_TOKEN_ANOMALY_MULTIPLE is not a number above 1; the default multiple applies\n    at reportUnreadableMultiple (/home/runner/work/oxy/oxy/packages/api/src/services/tokenAnomaly.service.ts:159:5)\n    at reportUnreadableMultiple (/home/runner/work/oxy/oxy/packages/api/src/services/tokenAnomaly.service.ts:145:5)\n    at /home/runner/work/oxy/oxy/packages/api/src/services/__tests__/tokenAnomaly.service.test.ts:230:41\n    at Object.<anonymous> (/home/runner/work/oxy/oxy/node_modules/.bun/jest-each@30.5.1/node_modules/jest-each/build/index.js:80:140)\n    at Promise.finally.completed (/home/runner/work/oxy/oxy/node_modules/.bun/jest-circus@30.5.1/node_modules/jest-circus/build/jestAdapterInit.js:1834:28)\n    at new Promise (<anonymous>)\n    at callAsyncCircusFn (/home/runner/work/oxy/oxy/node_modules/.bun/jest-circus@30.5.1/node_modules/jest-circus/build/jestAdapterInit.js:1774:10)\n    at _callCircusTest (/home/runner/work/oxy/oxy/node_modules/.bun/jest-circus@30.5.1/node_modules/jest-circus/build/jestAdapterInit.js:1167:40)\n    at processTicksAndRejections (node:internal/process/task_queues:104:5)\n    at _runTestInContext (/home/runner/work/oxy/oxy/node_modules/.bun/jest-circus@30.5.1/node_modules/jest-circus/build/jestAdapterInit.js:1103:3)\n    at runTestWithContext (/home/runner/work/oxy/oxy/node_modules/.bun/jest-circus@30.5.1/node_modules/jest-circus/build/jestAdapterInit.js:996:5)\n    at _runTestsForDescribeBlockOnce (/home/runner/work/oxy/oxy/node_modules/.bun/jest-circus@30.5.1/node_modules/jest-circus/build/jestAdapterInit.js:1008:11)\n    at _runTestsForDescribeBlock (/home/runner/work/oxy/oxy/node_modules/.bun/jest-circus@30.5.1/node_modules/jest-circus/build/jestAdapterInit.js:824:5)\n    at _runTestsForDescribeBlockOnce (/home/runner/work/oxy/oxy/node_modules/.bun/jest-circus@30.5.1/node_modules/jest-circus/build/jestAdapterInit.js:1003:11)\n    at _runTestsForDescribeBlock (/home/runner/work/oxy/oxy/node_modules/.bun/jest-circus@30.5.1/node_modules/jest-circus/build/jestAdapterInit.js:824:5)\n    at run (/home/runner/work/oxy/oxy/node_modules/.bun/jest-circus@30.5.1/node_modules/jest-circus/build/jestAdapterInit.js:789:3)\n    at runAndTransformResultsToJestFormat (/home/runner/work/oxy/oxy/node_modules/.bun/jest-circus@30.5.1/node_modules/jest-circus/build/jestAdapterInit.js:2300:21)\n    at jestAdapter (/home/runner/work/oxy/oxy/node_modules/.bun/jest-circus@30.5.1/node_modules/jest-circus/build/runner.js:111:19)\n    at runTestInternal (/home/runner/work/oxy/oxy/node_modules/.bun/jest-runner@30.5.1/node_modules/jest-runner/build/index.js:247:16)\n    at runTest (/home/runner/work/oxy/oxy/node_modules/.bun/jest-runner@30.5.1/node_modules/jest-runner/build/index.js:315:7)","name":"Error"},"msg":"inference.tokens.anomaly_multiple_unreadable"}
2026-10-04T14:00:42.4394192Z {"level":50,"time":1791122442335,"pid":4606,"hostname":"runnervm8df0l","component":"tokenAnomaly","expected":"a number greater than 1, e.g. 3","err":{"type":"Object","message":"INFERENCE_TOKEN_ANOMALY_MULTIPLE is not a number above 1; the default multiple applies","stack":"Error: INFERENCE_TOKEN_ANOMALY_MULTIPLE is not a number above 1; the default multiple applies\n    at reportUnreadableMultiple (/home/runner/work/oxy/oxy/packages/api/src/services/tokenAnomaly.service.ts:159:5)\n    at reportUnreadableMultiple (/home/runner/work/oxy/oxy/packages/api/src/services/tokenAnomaly.service.ts:145:5)\n    at /home/runner/work/oxy/oxy/packages/api/src/services/__tests__/tokenAnomaly.service.test.ts:230:41\n    at Object.<anonymous> (/home/runner/work/oxy/oxy/node_modules/.bun/jest-each@30.5.1/node_modules/jest-each/build/index.js:80:140)\n    at Promise.finally.completed (/home/runner/work/oxy/oxy/node_modules/.bun/jest-circus@30.5.1/node_modules/jest-circus/build/jestAdapterInit.js:1834:28)\n    at new Promise (<anonymous>)\n    at callAsyncCircusFn (/home/runner/work/oxy/oxy/node_modules/.bun/jest-circus@30.5.1/node_modules/jest-circus/build/jestAdapterInit.js:1774:10)\n    at _callCircusTest (/home/runner/work/oxy/oxy/node_modules/.bun/jest-circus@30.5.1/node_modules/jest-circus/build/jestAdapterInit.js:1167:40)\n    at processTicksAndRejections (node:internal/process/task_queues:104:5)\n    at _runTestInContext (/home/runner/work/oxy/oxy/node_modules/.bun/jest-circus@30.5.1/node_modules/jest-circus/build/jestAdapterInit.js:1103:3)\n    at runTestWithContext (/home/runner/work/oxy/oxy/node_modules/.bun/jest-circus@30.5.1/node_modules/jest-circus/build/jestAdapterInit.js:996:5)\n    at _runTestsForDescribeBlockOnce (/home/runner/work/oxy/oxy/node_modules/.bun/jest-circus@30.5.1/node_modules/jest-circus/build/jestAdapterInit.js:1008:11)\n    at _runTestsForDescribeBlock (/home/runner/work/oxy/oxy/node_modules/.bun/jest-circus@30.5.1/node_modules/jest-circus/build/jestAdapterInit.js:824:5)\n    at _runTestsForDescribeBlockOnce (/home/runner/work/oxy/oxy/node_modules/.bun/jest-circus@30.5.1/node_modules/jest-circus/build/jestAdapterInit.js:1003:11)\n    at _runTestsForDescribeBlock (/home/runner/work/oxy/oxy/node_modules/.bun/jest-circus@30.5.1/node_modules/jest-circus/build/jestAdapterInit.js:824:5)\n    at run (/home/runner/work/oxy/oxy/node_modules/.bun/jest-circus@30.5.1/node_modules/jest-circus/build/jestAdapterInit.js:789:3)\n    at runAndTransformResultsToJestFormat (/home/runner/work/oxy/oxy/node_modules/.bun/jest-circus@30.5.1/node_modules/jest-circus/build/jestAdapterInit.js:2300:21)\n    at jestAdapter (/home/runner/work/oxy/oxy/node_modules/.bun/jest-circus@30.5.1/node_modules/jest-circus/build/runner.js:111:19)\n    at runTestInternal (/home/runner/work/oxy/oxy/node_modules/.bun/jest-runner@30.5.1/node_modules/jest-runner/build/index.js:247:16)\n    at runTest (/home/runner/work/oxy/oxy/node_modules/.bun/jest-runner@30.5.1/node_modules/jest-runner/build/index.js:315:7)","name":"Error"},"msg":"inference.tokens.anomaly_multiple_unreadable"}
2026-10-04T14:00:42.6245256Z {"level":40,"time":1791122442523,"pid":4606,"hostname":"runnervm8df0l","component":"tokenAnomaly","accountId":"01a10737-8863-7f12-b55f-1adc46600f5e","detectedForHour":"2026-10-04T13:00:00.000Z","hourTokens":10000,"baselineMedianTokens":1000,"thresholdMultiple":3,"observedDays":8,"msg":"inference.tokens.anomaly"}
2026-10-04T14:00:42.6247430Z {"level":40,"time":1791122442524,"pid":4606,"hostname":"runnervm8df0l","component":"tokenAnomaly","accountId":"01a10737-8898-7164-b086-d3905c5d78fc","detectedForHour":"2026-10-04T13:00:00.000Z","hourTokens":4000,"baselineMedianTokens":1000,"thresholdMultiple":3,"observedDays":8,"msg":"inference.tokens.anomaly"}
2026-10-04T14:00:42.6250086Z {"level":40,"time":1791122442526,"pid":4606,"hostname":"runnervm8df0l","component":"tokenAnomaly","accountId":"01a10737-88af-7eaa-868a-bfd5adee6781","detectedForHour":"2026-10-04T13:00:00.000Z","hourTokens":50000,"baselineMedianTokens":1000,"thresholdMultiple":3,"observedDays":7,"msg":"inference.tokens.anomaly"}
2026-10-04T14:00:42.6253390Z {"level":40,"time":1791122442527,"pid":4606,"hostname":"runnervm8df0l","component":"tokenAnomaly","accountId":"01a10737-88da-7ade-8259-564897dae2af","detectedForHour":"2026-10-04T13:00:00.000Z","hourTokens":50000,"baselineMedianTokens":1000,"thresholdMultiple":3,"observedDays":8,"msg":"inference.tokens.anomaly"}
2026-10-04T14:00:42.6255993Z {"level":40,"time":1791122442528,"pid":4606,"hostname":"runnervm8df0l","component":"tokenAnomaly","accountId":"01a10737-88f1-76c0-a060-2ab0a3b82cea","detectedForHour":"2026-10-04T13:00:00.000Z","hourTokens":10000,"baselineMedianTokens":1000,"thresholdMultiple":3,"observedDays":8,"msg":"inference.tokens.anomaly"}
2026-10-04T14:00:42.6259362Z {"level":40,"time":1791122442530,"pid":4606,"hostname":"runnervm8df0l","component":"tokenAnomaly","accountId":"01a10737-8906-7632-8efe-1574a3d11087","detectedForHour":"2026-10-04T13:00:00.000Z","hourTokens":10000,"baselineMedianTokens":1000,"thresholdMultiple":3,"observedDays":8,"msg":"inference.tokens.anomaly"}
2026-10-04T14:00:42.6262624Z {"level":40,"time":1791122442602,"pid":4606,"hostname":"runnervm8df0l","component":"tokenAnomaly","accountId":"01a10737-894a-7e5e-a457-6cb43dc451f2","detectedForHour":"2026-10-04T13:00:00.000Z","hourTokens":4000,"baselineMedianTokens":1000,"thresholdMultiple":3,"observedDays":8,"msg":"inference.tokens.anomaly"}
2026-10-04T14:00:42.6819741Z PASS src/services/__tests__/tokenAnomaly.service.test.ts
2026-10-04T14:00:42.8230133Z {"level":40,"time":1791122442631,"pid":4606,"hostname":"runnervm8df0l","component":"tokenAnomaly","accountId":"01a10737-896c-7f1d-85f6-54d2b5542766","detectedForHour":"2026-10-04T13:00:00.000Z","hourTokens":10000,"baselineMedianTokens":1000,"thresholdMultiple":3,"observedDays":8,"msg":"inference.tokens.anomaly"}
2026-10-04T14:00:42.9504379Z {"level":30,"time":1791122442850,"pid":4606,"hostname":"runnervm8df0l","maxPoolSize":8,"msg":"Connected to PostgreSQL successfully"}
2026-10-04T14:00:43.1296682Z {"level":40,"time":1791122443029,"pid":4606,"hostname":"runnervm8df0l","component":"identityBinding","applicationId":"01a10737-8b0a-7907-b94c-5393ddd9e477","bindingId":"01a10737-8b10-7237-9084-8552c432d936","msg":"Identity binding rebound to a different Oxy user"}
2026-10-04T14:00:43.1300204Z {"level":40,"time":1791122443049,"pid":4606,"hostname":"runnervm8df0l","component":"identityBinding","applicationId":"01a10737-8b1d-79a2-81d5-fd217335ff60","bindingId":"01a10737-8b24-7d7f-a3c7-b2c62076774e","msg":"Identity binding rebound to a different Oxy user"}
2026-10-04T14:00:43.2680466Z PASS src/services/__tests__/identityBinding.service.test.ts
2026-10-04T14:00:43.7493992Z PASS src/controllers/__tests__/analytics.controller.test.ts
2026-10-04T14:00:45.0216282Z PASS src/routes/__tests__/sessionDeliver.test.ts
2026-10-04T14:00:45.0768019Z PASS src/utils/__tests__/accountRoles.test.ts
2026-10-04T14:00:45.6266265Z {"level":30,"time":1791122445525,"pid":4606,"hostname":"runnervm8df0l","maxPoolSize":8,"msg":"Connected to PostgreSQL successfully"}
2026-10-04T14:00:45.8604253Z PASS src/routes/__tests__/capabilitiesSettings.routes.test.ts
2026-10-04T14:00:46.4719671Z {"level":30,"time":1791122446363,"pid":4606,"hostname":"runnervm8df0l","maxPoolSize":8,"msg":"Connected to PostgreSQL successfully"}
2026-10-04T14:00:46.5782611Z {"level":30,"time":1791122446478,"pid":4606,"hostname":"runnervm8df0l","count":0,"userId":"01a10737-981e-73a5-85cb-c8ace7b2dffb","msg":"[SessionService] Deactivated sessions for user"}
2026-10-04T14:00:46.5783612Z {"level":50,"time":1791122446563,"pid":4606,"hostname":"runnervm8df0l","msg":"ApiError [400] BAD_REQUEST: Validation failed"}
2026-10-04T14:00:46.7300076Z {"level":50,"time":1791122446629,"pid":4606,"hostname":"runnervm8df0l","msg":"ApiError [403] SIGNIN_ORIGIN_NOT_ALLOWED: Only official Oxy apps can do this here."}
2026-10-04T14:00:46.7302444Z {"level":30,"time":1791122446705,"pid":4606,"hostname":"runnervm8df0l","count":0,"userId":"01a10737-9948-70cd-83b2-5c696ab297de","msg":"[SessionService] Deactivated sessions for user"}
2026-10-04T14:00:46.8726777Z {"level":30,"time":1791122446772,"pid":4606,"hostname":"runnervm8df0l","count":0,"userId":"01a10737-9974-779f-a1a4-36a4c6c4a7ab","msg":"[SessionService] Deactivated sessions for user"}
2026-10-04T14:00:47.2955849Z {"level":30,"time":1791122447057,"pid":4606,"hostname":"runnervm8df0l","count":0,"userId":"01a10737-99d3-7ac0-8e50-03ea497ccde7","msg":"[SessionService] Deactivated sessions for user"}
2026-10-04T14:00:47.2959259Z {"level":40,"time":1791122447148,"pid":4606,"hostname":"runnervm8df0l","applicationId":"01a10737-9b26-7d2d-bad8-ab1878eb2a24","path":"/207bf1287ff10d3046cbdcc6922b7987/complete","msg":"device.lane.third_party_refused"}
2026-10-04T14:00:47.3029319Z PASS src/routes/__tests__/identityLink.test.ts
2026-10-04T14:00:49.6289742Z PASS src/routes/__tests__/profilesUsername.test.ts
2026-10-04T14:00:50.1596691Z PASS src/routes/__tests__/did.test.ts
2026-10-04T14:00:50.4406796Z {"level":30,"time":1791122450321,"pid":4606,"hostname":"runnervm8df0l","maxPoolSize":8,"msg":"Connected to PostgreSQL successfully"}
2026-10-04T14:00:52.6228101Z PASS src/services/__tests__/aiLabeling.service.test.ts
2026-10-04T14:00:53.0041940Z {"level":30,"time":1791122452904,"pid":4606,"hostname":"runnervm8df0l","maxPoolSize":8,"msg":"Connected to PostgreSQL successfully"}
2026-10-04T14:00:54.5212891Z PASS src/services/__tests__/productAccessPersistence.test.ts
2026-10-04T14:00:54.7175919Z PASS src/capabilities/__tests__/inbox.tools.test.ts
2026-10-04T14:00:55.2936590Z PASS src/routes/__tests__/publicIdentifierNotASecret.test.ts
2026-10-04T14:00:55.5582001Z {"level":30,"time":1791122455458,"pid":4606,"hostname":"runnervm8df0l","maxPoolSize":8,"msg":"Connected to PostgreSQL successfully"}
2026-10-04T14:00:55.6923655Z PASS src/db/schema/__tests__/users.test.ts
2026-10-04T14:00:55.8871176Z PASS src/__tests__/scheduledSweeps.test.ts
2026-10-04T14:00:56.7607683Z PASS src/routes/__tests__/cdnVideoImageVariant.test.ts
2026-10-04T14:00:57.4117356Z PASS src/routes/__tests__/userData.test.ts
2026-10-04T14:00:57.6425721Z {"level":30,"time":1791122457542,"pid":4606,"hostname":"runnervm8df0l","binaryPath":"/usr/bin/ffmpeg","msg":"[VariantService] Using system ffmpeg"}
2026-10-04T14:00:57.6426736Z {"level":30,"time":1791122457551,"pid":4606,"hostname":"runnervm8df0l","binaryPath":"/usr/bin/ffprobe","msg":"[VariantService] Using system ffprobe"}
2026-10-04T14:00:57.6427625Z {"level":30,"time":1791122457551,"pid":4606,"hostname":"runnervm8df0l","ffmpegPath":"/usr/bin/ffmpeg","msg":"[VariantService] Resolved FFmpeg path"}
2026-10-04T14:00:57.6428513Z {"level":30,"time":1791122457551,"pid":4606,"hostname":"runnervm8df0l","ffprobePath":"/usr/bin/ffprobe","msg":"[VariantService] Resolved FFprobe path"}
2026-10-04T14:00:57.6429845Z {"level":30,"time":1791122457551,"pid":4606,"hostname":"runnervm8df0l","ffmpegPath":"/usr/bin/ffmpeg","ffprobePath":"/usr/bin/ffprobe","ffmpegExists":true,"ffprobeExists":true,"msg":"FFmpeg/FFprobe paths initialized"}
2026-10-04T14:00:57.6430938Z {"level":30,"time":1791122457592,"pid":4606,"hostname":"runnervm8df0l","maxPoolSize":8,"msg":"Connected to PostgreSQL successfully"}
2026-10-04T14:00:57.8818557Z {"level":40,"time":1791122457712,"pid":4606,"hostname":"runnervm8df0l","fileId":"01a10737-c467-79b4-8d3a-a4e386d2b914","variantType":"w128","key":"public/variants/2026/10/1d/1d4d7c507cd808285051d30d5b34da26b3cd347a214318af03dff615eda71bc1/w128.webp","msg":"Ready variant metadata points to a missing storage object; regenerating"}
2026-10-04T14:00:57.8820258Z PASS src/services/__tests__/variantService.imageVariants.test.ts
2026-10-04T14:00:58.4747679Z PASS src/routes/__tests__/accountsCreateAsOperatedAccount.test.ts
2026-10-04T14:00:59.9827880Z PASS src/routes/__tests__/profilesSimilar.test.ts
2026-10-04T14:01:00.5883303Z PASS src/routes/__tests__/sessionApproveInfo.test.ts
2026-10-04T14:01:01.1460122Z [BABEL] Note: The code generator has deoptimised the styling of /home/runner/work/oxy/oxy/packages/api/src/services/email.service.ts as it exceeds the max of 500KB.
2026-10-04T14:01:01.5802813Z {"level":30,"time":1791122461478,"pid":4606,"hostname":"runnervm8df0l","maxPoolSize":8,"msg":"Connected to PostgreSQL successfully"}
2026-10-04T14:01:01.8077056Z PASS src/services/__tests__/emailService.subscriptions.test.ts
2026-10-04T14:01:02.0923604Z {"level":30,"time":1791122461989,"pid":4606,"hostname":"runnervm8df0l","maxPoolSize":8,"msg":"Connected to PostgreSQL successfully"}
2026-10-04T14:01:02.4041504Z PASS src/services/__tests__/store.writes.test.ts
2026-10-04T14:01:02.7097590Z {"level":30,"time":1791122462609,"pid":4606,"hostname":"runnervm8df0l","maxPoolSize":8,"msg":"Connected to PostgreSQL successfully"}
2026-10-04T14:01:02.9834965Z PASS src/services/__tests__/emailService.searchMessages.test.ts
2026-10-04T14:01:03.2409618Z {"level":30,"time":1791122463140,"pid":4606,"hostname":"runnervm8df0l","maxPoolSize":8,"msg":"Connected to PostgreSQL successfully"}
2026-10-04T14:01:04.5741578Z PASS src/services/__tests__/cardExtraction.service.test.ts
2026-10-04T14:01:05.1309888Z PASS src/routes/__tests__/oauthAuthorizeRedirect.test.ts
2026-10-04T14:01:05.4354293Z {"level":30,"time":1791122465334,"pid":4606,"hostname":"runnervm8df0l","maxPoolSize":8,"msg":"Connected to PostgreSQL successfully"}
2026-10-04T14:01:05.4356024Z {"level":30,"time":1791122465361,"pid":4606,"hostname":"runnervm8df0l","accountId":"01a10737-e248-7ede-8569-a384ea2b180b","parentAccountId":"01a10737-e239-7295-abf1-e3723d99c255","kind":"project","createdBy":"01a10737-e239-7295-abf1-e3723d99c255","msg":"Account created"}
2026-10-04T14:01:05.4357811Z {"level":30,"time":1791122465388,"pid":4606,"hostname":"runnervm8df0l","accountId":"01a10737-e264-72e9-9b44-a4f1c7feaba8","parentAccountId":"01a10737-e259-7f99-b377-5f2e8e795660","kind":"project","createdBy":"01a10737-e259-7f99-b377-5f2e8e795660","msg":"Account created"}
2026-10-04T14:01:05.4359851Z {"level":30,"time":1791122465411,"pid":4606,"hostname":"runnervm8df0l","accountId":"01a10737-e27c-765f-b0ae-76c13c33b309","parentAccountId":"01a10737-e273-7773-911b-70f85b1fa931","kind":"project","createdBy":"01a10737-e273-7773-911b-70f85b1fa931","msg":"Account created"}
2026-10-04T14:01:05.5465421Z {"level":30,"time":1791122465435,"pid":4606,"hostname":"runnervm8df0l","accountId":"01a10737-e295-7d78-8370-055ea3d454d0","parentAccountId":"01a10737-e28b-7500-becd-120e4ebb9246","kind":"project","createdBy":"01a10737-e28b-7500-becd-120e4ebb9246","msg":"Account created"}
2026-10-04T14:01:05.5468944Z {"level":30,"time":1791122465447,"pid":4606,"hostname":"runnervm8df0l","accountId":"01a10737-e2a0-7862-8e61-85e56a94fc99","parentAccountId":"01a10737-e28b-7500-becd-120e4ebb9246","kind":"project","createdBy":"01a10737-e28b-7500-becd-120e4ebb9246","msg":"Account created"}
2026-10-04T14:01:05.5472161Z {"level":30,"time":1791122465467,"pid":4606,"hostname":"runnervm8df0l","accountId":"01a10737-e2b4-73db-8292-357cf7a21088","parentAccountId":"01a10737-e2ac-7b41-b2b4-798388a0cda8","kind":"project","createdBy":"01a10737-e2ac-7b41-b2b4-798388a0cda8","msg":"Account created"}
2026-10-04T14:01:05.5474726Z {"level":30,"time":1791122465476,"pid":4606,"hostname":"runnervm8df0l","accountId":"01a10737-e2b4-73db-8292-357cf7a21088","msg":"Account updated"}
2026-10-04T14:01:05.5477143Z {"level":30,"time":1791122465492,"pid":4606,"hostname":"runnervm8df0l","accountId":"01a10737-e2cd-7b64-9ca7-9b7645c5a513","parentAccountId":"01a10737-e2c5-7291-b8c8-739332fe6990","kind":"project","createdBy":"01a10737-e2c5-7291-b8c8-739332fe6990","msg":"Account created"}
2026-10-04T14:01:05.6732417Z PASS src/services/__tests__/accountUsernameCollision.test.ts
2026-10-04T14:01:05.9011615Z {"level":30,"time":1791122465596,"pid":4606,"hostname":"runnervm8df0l","accountId":"01a10737-e317-7c4c-a462-1d8ce1ad3840","parentAccountId":"01a10737-e2f9-7f35-b931-ff004a33427c","kind":"project","createdBy":"01a10737-e2f9-7f35-b931-ff004a33427c","msg":"Account created"}
2026-10-04T14:01:06.2104405Z PASS src/routes/__tests__/updatesAdminAuth.test.ts
2026-10-04T14:01:06.2911523Z PASS src/scripts/__tests__/registerCommonsClientsPlan.test.ts
2026-10-04T14:01:06.5547227Z {"level":30,"time":1791122466452,"pid":4606,"hostname":"runnervm8df0l","maxPoolSize":8,"msg":"Connected to PostgreSQL successfully"}
2026-10-04T14:01:07.1705330Z PASS src/services/__tests__/civic.graphExclusion.test.ts
2026-10-04T14:01:07.3164980Z PASS src/db/__tests__/migrationPhases.test.ts
2026-10-04T14:01:07.6363796Z {"level":30,"time":1791122467536,"pid":4606,"hostname":"runnervm8df0l","maxPoolSize":8,"msg":"Connected to PostgreSQL successfully"}
2026-10-04T14:01:07.9643287Z {"level":30,"time":1791122467864,"pid":4606,"hostname":"runnervm8df0l","userId":"01a10737-ebb6-7d96-b745-a389afb52381","username":"del3b1c7aeb07e8","accountEventId":"01a10737-ebf7-7ca2-89bc-c556e9978500","accountEventRecipients":26,"storageDeletionFiles":0,"storageDeletionTargets":0,"msg":"Account deleted"}
2026-10-04T14:01:07.9646848Z {"level":30,"time":1791122467947,"pid":4606,"hostname":"runnervm8df0l","userId":"01a10737-ec1d-70a1-a050-d8b9107c86c2","username":"del72fb97e43719","accountEventId":"01a10737-ec5b-73fa-b3f8-b5392e38a825","accountEventRecipients":26,"storageDeletionFiles":0,"storageDeletionTargets":0,"msg":"Account deleted"}
2026-10-04T14:01:08.1256803Z {"level":30,"time":1791122468022,"pid":4606,"hostname":"runnervm8df0l","userId":"01a10737-ec6d-713d-a2a5-f16db1e3bf9d","username":"del9ad183d8abff","accountEventId":"01a10737-eca8-7ee4-bf20-42e031b8ca36","accountEventRecipients":26,"storageDeletionFiles":0,"storageDeletionTargets":0,"msg":"Account deleted"}
2026-10-04T14:01:08.1258125Z PASS src/scripts/__tests__/deleteAccounts.test.ts
2026-10-04T14:01:08.1259664Z {"level":30,"time":1791122468057,"pid":4606,"hostname":"runnervm8df0l","userId":"01a10737-ec71-7514-a777-fed68510de5c","username":"delf7e20ddadff7","accountEventId":"01a10737-eccd-7bf1-bab2-6afd0e540c85","accountEventRecipients":26,"storageDeletionFiles":0,"storageDeletionTargets":0,"msg":"Account deleted"}
2026-10-04T14:01:08.3864235Z {"level":30,"time":1791122468285,"pid":4606,"hostname":"runnervm8df0l","maxPoolSize":8,"msg":"Connected to PostgreSQL successfully"}
2026-10-04T14:01:08.5105320Z PASS src/db/schema/__tests__/appStore.test.ts
2026-10-04T14:01:08.7792647Z {"level":30,"time":1791122468679,"pid":4606,"hostname":"runnervm8df0l","maxPoolSize":8,"msg":"Connected to PostgreSQL successfully"}
2026-10-04T14:01:08.9335485Z PASS src/services/__tests__/mediaPrivacyService.test.ts
2026-10-04T14:01:10.0253416Z PASS src/routes/__tests__/staffCapabilityGates.test.ts
2026-10-04T14:01:11.2510840Z PASS src/routes/__tests__/email.send.attachments.test.ts
2026-10-04T14:01:11.7599050Z {"level":30,"time":1791122471540,"pid":4606,"hostname":"runnervm8df0l","maxPoolSize":8,"msg":"Connected to PostgreSQL successfully"}
2026-10-04T14:01:11.7602546Z {"level":40,"time":1791122471605,"pid":4606,"hostname":"runnervm8df0l","kid":"dev-ephemeral-b71f26c374c3","msg":"[ServiceToken] no signing key configured; minting with a per-process ephemeral Ed25519 key"}
2026-10-04T14:01:11.7652214Z PASS src/middleware/__tests__/publicIdentifierNotABearer.test.ts
2026-10-04T14:01:12.2211052Z PASS src/services/__tests__/inferenceEdgeModalityCeilings.test.ts
2026-10-04T14:01:12.5117691Z {"level":30,"time":1791122472410,"pid":4606,"hostname":"runnervm8df0l","binaryPath":"/usr/bin/ffmpeg","msg":"[VariantService] Using system ffmpeg"}
2026-10-04T14:01:12.5119551Z {"level":30,"time":1791122472421,"pid":4606,"hostname":"runnervm8df0l","binaryPath":"/usr/bin/ffprobe","msg":"[VariantService] Using system ffprobe"}
2026-10-04T14:01:12.5121103Z {"level":30,"time":1791122472421,"pid":4606,"hostname":"runnervm8df0l","ffmpegPath":"/usr/bin/ffmpeg","msg":"[VariantService] Resolved FFmpeg path"}
2026-10-04T14:01:12.5122614Z {"level":30,"time":1791122472421,"pid":4606,"hostname":"runnervm8df0l","ffprobePath":"/usr/bin/ffprobe","msg":"[VariantService] Resolved FFprobe path"}
2026-10-04T14:01:12.5124453Z {"level":30,"time":1791122472421,"pid":4606,"hostname":"runnervm8df0l","ffmpegPath":"/usr/bin/ffmpeg","ffprobePath":"/usr/bin/ffprobe","ffmpegExists":true,"ffprobeExists":true,"msg":"FFmpeg/FFprobe paths initialized"}
2026-10-04T14:01:12.5126160Z {"level":30,"time":1791122472508,"pid":4606,"hostname":"runnervm8df0l","maxPoolSize":8,"msg":"Connected to PostgreSQL successfully"}
2026-10-04T14:01:12.7498076Z PASS src/services/__tests__/assetService.batchResolve.test.ts
2026-10-04T14:01:12.8389617Z PASS src/utils/__tests__/sanitize.test.ts
2026-10-04T14:01:13.0860964Z {"level":30,"time":1791122472985,"pid":4606,"hostname":"runnervm8df0l","maxPoolSize":8,"msg":"Connected to PostgreSQL successfully"}
2026-10-04T14:01:13.1670062Z PASS src/db/schema/__tests__/families.test.ts
2026-10-04T14:01:13.5284488Z PASS src/services/__tests__/emailPushDelivery.service.test.ts
2026-10-04T14:01:13.8569427Z PASS src/routes/__tests__/emailInbound.test.ts
2026-10-04T14:01:14.0101013Z PASS src/services/__tests__/civic.attestation.moderation.test.ts
2026-10-04T14:01:14.1855371Z {"level":40,"time":1791122473986,"pid":4606,"hostname":"runnervm8df0l","component":"civic.attestation","msg":"Moderation attestation skipped: OXY_PRIVATE_KEY/OXY_PUBLIC_KEY not configured"}
2026-10-04T14:01:14.1857243Z {"level":40,"time":1791122473987,"pid":4606,"hostname":"runnervm8df0l","component":"civic.attestation","reason":"bad_signature","transactionId":"507f1f77bcf86cd799439012","msg":"Moderation attestation rejected (non-fatal)"}
2026-10-04T14:01:14.3564062Z PASS src/routes/__tests__/accountsCreate.test.ts
2026-10-04T14:01:15.4893519Z PASS src/routes/__tests__/usersMutualIds.test.ts
2026-10-04T14:01:15.6215323Z PASS src/config/__tests__/kaanaInitialInventory.test.ts
2026-10-04T14:01:16.0577720Z PASS src/routes/__tests__/chainsRecords.test.ts
2026-10-04T14:01:16.3416885Z {"level":30,"time":1791122476204,"pid":4606,"hostname":"runnervm8df0l","maxPoolSize":8,"msg":"Connected to PostgreSQL successfully"}
2026-10-04T14:01:16.3537362Z PASS src/services/__tests__/inferenceRoutingPolicyPowerLevels.test.ts
2026-10-04T14:01:16.6518048Z PASS src/routes/__tests__/searchProjection.test.ts
2026-10-04T14:01:16.9291323Z PASS src/routes/__tests__/nodesIngest.test.ts
2026-10-04T14:01:17.0418492Z FAIL src/middleware/__tests__/serviceTokenEd25519.test.ts
2026-10-04T14:01:17.0419840Z   ● Oxy API Ed25519 service tokens › rejects over ceiling
2026-10-04T14:01:17.0420207Z 
2026-10-04T14:01:17.0420423Z     expect(received).toMatchObject(expected)
2026-10-04T14:01:17.0420739Z 
2026-10-04T14:01:17.0420884Z     - Expected  - 1
2026-10-04T14:01:17.0421235Z     + Received  + 1
2026-10-04T14:01:17.0421444Z 
2026-10-04T14:01:17.0421575Z       Object {
2026-10-04T14:01:17.0421877Z     -   "ok": false,
2026-10-04T14:01:17.0422204Z     +   "ok": true,
2026-10-04T14:01:17.0422542Z       }
2026-10-04T14:01:17.0422711Z 
2026-10-04T14:01:17.0423342Z     [0m [90m 116 |[39m   ])([32m'rejects %s'[39m[33m,[39m (_label[33m,[39m override) [33m=>[39m {
2026-10-04T14:01:17.0424477Z      [90m 117 |[39m     [36mconst[39m token [33m=[39m signServiceTokenEd25519(claims(override))[33m;[39m
2026-10-04T14:01:17.0425909Z     [31m[1m>[22m[39m[90m 118 |[39m     expect(verifyServiceToken(token[33m![39m))[33m.[39mtoMatchObject({ ok[33m:[39m [36mfalse[39m })[33m;[39m
2026-10-04T14:01:17.0426991Z      [90m     |[39m                                        [31m[1m^[22m[39m
2026-10-04T14:01:17.0427540Z      [90m 119 |[39m   })[33m;[39m
2026-10-04T14:01:17.0428002Z      [90m 120 |[39m })[33m;[39m
2026-10-04T14:01:17.0428396Z      [90m 121 |[39m[0m
2026-10-04T14:01:17.0428748Z 
2026-10-04T14:01:17.0429076Z       at src/middleware/__tests__/serviceTokenEd25519.test.ts:118:40
2026-10-04T14:01:17.0429436Z 
2026-10-04T14:01:17.0429799Z   ● Oxy API Ed25519 service tokens › rejects future issued-at
2026-10-04T14:01:17.0430185Z 
2026-10-04T14:01:17.0430402Z     expect(received).toMatchObject(expected)
2026-10-04T14:01:17.0430695Z 
2026-10-04T14:01:17.0430828Z     - Expected  - 1
2026-10-04T14:01:17.0431513Z     + Received  + 1
2026-10-04T14:01:17.0431715Z 
2026-10-04T14:01:17.0431844Z       Object {
2026-10-04T14:01:17.0432155Z     -   "ok": false,
2026-10-04T14:01:17.0432466Z     +   "ok": true,
2026-10-04T14:01:17.0432772Z       }
2026-10-04T14:01:17.0432920Z 
2026-10-04T14:01:17.0433478Z     [0m [90m 116 |[39m   ])([32m'rejects %s'[39m[33m,[39m (_label[33m,[39m override) [33m=>[39m {
2026-10-04T14:01:17.0434471Z      [90m 117 |[39m     [36mconst[39m token [33m=[39m signServiceTokenEd25519(claims(override))[33m;[39m
2026-10-04T14:01:17.0435755Z     [31m[1m>[22m[39m[90m 118 |[39m     expect(verifyServiceToken(token[33m![39m))[33m.[39mtoMatchObject({ ok[33m:[39m [36mfalse[39m })[33m;[39m
2026-10-04T14:01:17.0436736Z      [90m     |[39m                                        [31m[1m^[22m[39m
2026-10-04T14:01:17.0437288Z      [90m 119 |[39m   })[33m;[39m
2026-10-04T14:01:17.0437748Z      [90m 120 |[39m })[33m;[39m
2026-10-04T14:01:17.0438154Z      [90m 121 |[39m[0m
2026-10-04T14:01:17.0438379Z 
2026-10-04T14:01:17.0438857Z       at src/middleware/__tests__/serviceTokenEd25519.test.ts:118:40
2026-10-04T14:01:17.0439246Z 
2026-10-04T14:01:17.1016450Z PASS src/schemas/__tests__/sdkRequestCompatibility.test.ts
2026-10-04T14:01:17.2720327Z {"level":40,"time":1791122477019,"pid":4606,"hostname":"runnervm8df0l","kid":"dev-ephemeral-0affc9f97bf8","msg":"[ServiceToken] no signing key configured; minting with a per-process ephemeral Ed25519 key"}
2026-10-04T14:01:17.4354660Z PASS src/routes/__tests__/usersFollowGraphSort.test.ts
2026-10-04T14:01:17.7089179Z {"level":30,"time":1791122477607,"pid":4606,"hostname":"runnervm8df0l","maxPoolSize":8,"msg":"Connected to PostgreSQL successfully"}
2026-10-04T14:01:17.8205774Z PASS src/db/schema/__tests__/agentAuthoritySchema.test.ts
2026-10-04T14:01:18.0954447Z PASS src/routes/__tests__/civicAttestations.test.ts
2026-10-04T14:01:18.6472047Z {"level":30,"time":1791122478334,"pid":4606,"hostname":"runnervm8df0l","binaryPath":"/usr/bin/ffmpeg","msg":"[VariantService] Using system ffmpeg"}
2026-10-04T14:01:18.6473575Z {"level":30,"time":1791122478345,"pid":4606,"hostname":"runnervm8df0l","binaryPath":"/usr/bin/ffprobe","msg":"[VariantService] Using system ffprobe"}
2026-10-04T14:01:18.6475033Z {"level":30,"time":1791122478345,"pid":4606,"hostname":"runnervm8df0l","ffmpegPath":"/usr/bin/ffmpeg","msg":"[VariantService] Resolved FFmpeg path"}
2026-10-04T14:01:18.6476511Z {"level":30,"time":1791122478345,"pid":4606,"hostname":"runnervm8df0l","ffprobePath":"/usr/bin/ffprobe","msg":"[VariantService] Resolved FFprobe path"}
2026-10-04T14:01:18.6478242Z {"level":30,"time":1791122478345,"pid":4606,"hostname":"runnervm8df0l","ffmpegPath":"/usr/bin/ffmpeg","ffprobePath":"/usr/bin/ffprobe","ffmpegExists":true,"ffprobeExists":true,"msg":"FFmpeg/FFprobe paths initialized"}
2026-10-04T14:01:18.6479745Z PASS src/utils/__tests__/userIdentityBase.contract.test.ts
2026-10-04T14:01:18.9854177Z {"level":30,"time":1791122478885,"pid":4606,"hostname":"runnervm8df0l","maxPoolSize":8,"msg":"Connected to PostgreSQL successfully"}
2026-10-04T14:01:19.4071429Z PASS src/services/__tests__/externalIdentityGraph.test.ts
2026-10-04T14:01:19.4903884Z PASS src/db/__tests__/migrationLedger.test.ts
2026-10-04T14:01:19.7187327Z {"level":30,"time":1791122479617,"pid":4606,"hostname":"runnervm8df0l","maxPoolSize":8,"msg":"Connected to PostgreSQL successfully"}
2026-10-04T14:01:19.7684040Z PASS src/services/__tests__/inboxDailyBrief.service.test.ts
2026-10-04T14:01:20.2608541Z {"level":30,"time":1791122480159,"pid":4606,"hostname":"runnervm8df0l","binaryPath":"/usr/bin/ffmpeg","msg":"[VariantService] Using system ffmpeg"}
2026-10-04T14:01:20.2610387Z {"level":30,"time":1791122480171,"pid":4606,"hostname":"runnervm8df0l","binaryPath":"/usr/bin/ffprobe","msg":"[VariantService] Using system ffprobe"}
2026-10-04T14:01:20.2611868Z {"level":30,"time":1791122480171,"pid":4606,"hostname":"runnervm8df0l","ffmpegPath":"/usr/bin/ffmpeg","msg":"[VariantService] Resolved FFmpeg path"}
2026-10-04T14:01:20.2613814Z {"level":30,"time":1791122480171,"pid":4606,"hostname":"runnervm8df0l","ffprobePath":"/usr/bin/ffprobe","msg":"[VariantService] Resolved FFprobe path"}
2026-10-04T14:01:20.2615097Z {"level":30,"time":1791122480171,"pid":4606,"hostname":"runnervm8df0l","ffmpegPath":"/usr/bin/ffmpeg","ffprobePath":"/usr/bin/ffprobe","ffmpegExists":true,"ffprobeExists":true,"msg":"FFmpeg/FFprobe paths initialized"}
2026-10-04T14:01:20.6740007Z {"level":30,"time":1791122480287,"pid":4606,"hostname":"runnervm8df0l","maxPoolSize":8,"msg":"Connected to PostgreSQL successfully"}
2026-10-04T14:01:20.6741089Z PASS src/services/__tests__/smtp.inbound.test.ts
2026-10-04T14:01:20.9231350Z PASS src/routes/__tests__/nodes.test.ts
2026-10-04T14:01:21.1043990Z PASS src/config/__tests__/cors.test.ts
2026-10-04T14:01:21.4151920Z {"level":30,"time":1791122481315,"pid":4606,"hostname":"runnervm8df0l","maxPoolSize":8,"msg":"Connected to PostgreSQL successfully"}
2026-10-04T14:01:21.4849458Z PASS src/services/__tests__/serviceAuthorityCeilingTransition.db.test.ts
2026-10-04T14:01:21.8846292Z PASS src/scripts/__tests__/gowaySeedRollback.test.ts
2026-10-04T14:01:22.0921932Z PASS src/services/__tests__/variantService.masterPlaylist.test.ts
2026-10-04T14:01:23.3247041Z {"level":30,"time":1791122482003,"pid":4606,"hostname":"runnervm8df0l","binaryPath":"/usr/bin/ffmpeg","msg":"[VariantService] Using system ffmpeg"}
2026-10-04T14:01:23.3248494Z {"level":30,"time":1791122482014,"pid":4606,"hostname":"runnervm8df0l","binaryPath":"/usr/bin/ffprobe","msg":"[VariantService] Using system ffprobe"}
2026-10-04T14:01:23.3249820Z {"level":30,"time":1791122482014,"pid":4606,"hostname":"runnervm8df0l","ffmpegPath":"/usr/bin/ffmpeg","msg":"[VariantService] Resolved FFmpeg path"}
2026-10-04T14:01:23.3250931Z {"level":30,"time":1791122482014,"pid":4606,"hostname":"runnervm8df0l","ffprobePath":"/usr/bin/ffprobe","msg":"[VariantService] Resolved FFprobe path"}
2026-10-04T14:01:23.3252303Z {"level":30,"time":1791122482014,"pid":4606,"hostname":"runnervm8df0l","ffmpegPath":"/usr/bin/ffmpeg","ffprobePath":"/usr/bin/ffprobe","ffmpegExists":true,"ffprobeExists":true,"msg":"FFmpeg/FFprobe paths initialized"}
2026-10-04T14:01:23.3253650Z {"level":50,"time":1791122483321,"pid":4606,"hostname":"runnervm8df0l","msg":"UPDATES_CODE_SIGNING_PRIVATE_KEY did not decode to a PEM private key; code signing disabled"}
2026-10-04T14:01:23.3406108Z PASS src/services/updates/__tests__/signing.service.test.ts
2026-10-04T14:01:23.3934966Z PASS src/__tests__/commercialTreatmentIgnoresAccountKind.test.ts
2026-10-04T14:01:23.6469706Z PASS src/scripts/__tests__/reportAccountsWithoutIdentity.test.ts
2026-10-04T14:01:23.7102512Z {"level":30,"time":1791122483550,"pid":4606,"hostname":"runnervm8df0l","maxPoolSize":8,"msg":"Connected to PostgreSQL successfully"}
2026-10-04T14:01:23.7103683Z PASS src/services/__tests__/httpScopedExecution.test.ts
2026-10-04T14:01:24.0138184Z {"level":30,"time":1791122483872,"pid":4606,"hostname":"runnervm8df0l","maxPoolSize":8,"msg":"Connected to PostgreSQL successfully"}
2026-10-04T14:01:24.0139592Z PASS src/scripts/__tests__/repair-reply-row-id-threading.test.ts
2026-10-04T14:01:25.1789385Z PASS src/services/__tests__/capabilityAuthority.policy.test.ts
2026-10-04T14:01:25.4429673Z PASS src/services/__tests__/inferenceCapabilityAdmission.test.ts
2026-10-04T14:01:25.6015589Z PASS src/__tests__/profileInspectionCli.test.ts
2026-10-04T14:01:25.6434582Z PASS src/services/__tests__/subscriptionPromotionPolicy.test.ts
2026-10-04T14:01:25.7073039Z PASS src/services/__tests__/platformActivity.schema.test.ts
2026-10-04T14:01:25.8891363Z PASS src/services/__tests__/variantService.binaryResolution.test.ts
2026-10-04T14:01:40.6900790Z 
2026-10-04T14:01:40.6901801Z =============================== Coverage summary ===============================
2026-10-04T14:01:40.6902551Z Statements   : 30.49% ( 14449/47384 )
2026-10-04T14:01:40.6903124Z Branches     : 19.77% ( 7117/35995 )
2026-10-04T14:01:40.6903670Z Functions    : 26.59% ( 2086/7845 )
2026-10-04T14:01:40.6904157Z Lines        : 31.57% ( 13827/43786 )
2026-10-04T14:01:40.6905052Z ================================================================================
2026-10-04T14:01:40.6908997Z 
2026-10-04T14:01:40.6910481Z Summary of all failing tests
2026-10-04T14:01:40.6914790Z FAIL src/middleware/__tests__/serviceTokenEd25519.test.ts
2026-10-04T14:01:40.6915819Z   ● Oxy API Ed25519 service tokens › rejects over ceiling
2026-10-04T14:01:40.6916151Z 
2026-10-04T14:01:40.6916373Z     expect(received).toMatchObject(expected)
2026-10-04T14:01:40.6916667Z 
2026-10-04T14:01:40.6916818Z     - Expected  - 1
2026-10-04T14:01:40.6917132Z     + Received  + 1
2026-10-04T14:01:40.6917315Z 
2026-10-04T14:01:40.6917437Z       Object {
2026-10-04T14:01:40.6917731Z     -   "ok": false,
2026-10-04T14:01:40.6918033Z     +   "ok": true,
2026-10-04T14:01:40.6918323Z       }
2026-10-04T14:01:40.6918481Z 
2026-10-04T14:01:40.6919166Z     [0m [90m 116 |[39m   ])([32m'rejects %s'[39m[33m,[39m (_label[33m,[39m override) [33m=>[39m {
2026-10-04T14:01:40.6920270Z      [90m 117 |[39m     [36mconst[39m token [33m=[39m signServiceTokenEd25519(claims(override))[33m;[39m
2026-10-04T14:01:40.6925115Z     [31m[1m>[22m[39m[90m 118 |[39m     expect(verifyServiceToken(token[33m![39m))[33m.[39mtoMatchObject({ ok[33m:[39m [36mfalse[39m })[33m;[39m
2026-10-04T14:01:40.6927368Z      [90m     |[39m                                        [31m[1m^[22m[39m
2026-10-04T14:01:40.6927957Z      [90m 119 |[39m   })[33m;[39m
2026-10-04T14:01:40.6928473Z      [90m 120 |[39m })[33m;[39m
2026-10-04T14:01:40.6929244Z      [90m 121 |[39m[0m
2026-10-04T14:01:40.6929478Z 
2026-10-04T14:01:40.6930007Z       at src/middleware/__tests__/serviceTokenEd25519.test.ts:118:40
2026-10-04T14:01:40.6930546Z 
2026-10-04T14:01:40.6931089Z   ● Oxy API Ed25519 service tokens › rejects future issued-at
2026-10-04T14:01:40.6931470Z 
2026-10-04T14:01:40.6931787Z     expect(received).toMatchObject(expected)
2026-10-04T14:01:40.6932197Z 
2026-10-04T14:01:40.6932513Z     - Expected  - 1
2026-10-04T14:01:40.6932951Z     + Received  + 1
2026-10-04T14:01:40.6933219Z 
2026-10-04T14:01:40.6933481Z       Object {
2026-10-04T14:01:40.6933801Z     -   "ok": false,
2026-10-04T14:01:40.6934216Z     +   "ok": true,
2026-10-04T14:01:40.6934624Z       }
2026-10-04T14:01:40.6934794Z 
2026-10-04T14:01:40.6935414Z     [0m [90m 116 |[39m   ])([32m'rejects %s'[39m[33m,[39m (_label[33m,[39m override) [33m=>[39m {
2026-10-04T14:01:40.6936600Z      [90m 117 |[39m     [36mconst[39m token [33m=[39m signServiceTokenEd25519(claims(override))[33m;[39m
2026-10-04T14:01:40.6938112Z     [31m[1m>[22m[39m[90m 118 |[39m     expect(verifyServiceToken(token[33m![39m))[33m.[39mtoMatchObject({ ok[33m:[39m [36mfalse[39m })[33m;[39m
2026-10-04T14:01:40.6960038Z      [90m     |[39m                                        [31m[1m^[22m[39m
2026-10-04T14:01:40.6969634Z      [90m 119 |[39m   })[33m;[39m
2026-10-04T14:01:40.6970221Z      [90m 120 |[39m })[33m;[39m
2026-10-04T14:01:40.6970867Z      [90m 121 |[39m[0m
2026-10-04T14:01:40.6971267Z 
2026-10-04T14:01:40.6971695Z       at src/middleware/__tests__/serviceTokenEd25519.test.ts:118:40
2026-10-04T14:01:40.6972064Z 
2026-10-04T14:01:40.6972071Z 
2026-10-04T14:01:40.6972260Z Test Suites: 1 failed, 88 passed, 89 total
2026-10-04T14:01:40.6972792Z Tests:       2 failed, 1330 passed, 1332 total
2026-10-04T14:01:40.6973167Z Snapshots:   0 total
2026-10-04T14:01:40.6973533Z Time:        96.074 s
2026-10-04T14:01:40.6973905Z Ran all test suites.
2026-10-04T14:01:41.1087603Z Test results written to: coverage/shard-2/jest-results.json
2026-10-04T14:01:41.3441607Z error: script "test:coverage" exited with code 1
2026-10-04T14:01:41.3459713Z ##[error]Process completed with exit code 1.
2026-10-04T14:01:41.3575775Z Post job cleanup.
2026-10-04T14:01:41.4380668Z [command]/usr/bin/git version
2026-10-04T14:01:41.4421334Z git version 2.55.0
2026-10-04T14:01:41.4457693Z Temporarily overriding HOME='/home/runner/work/_temp/5676948e-b354-4b93-9e32-ad87fc8cf485' before making global git config changes
2026-10-04T14:01:41.4459204Z Adding repository directory to the temporary git global config as a safe directory
2026-10-04T14:01:41.4463854Z [command]/usr/bin/git config --global --add safe.directory /home/runner/work/oxy/oxy
2026-10-04T14:01:41.4493199Z Removing SSH command configuration
2026-10-04T14:01:41.4500677Z [command]/usr/bin/git config --local --name-only --get-regexp core\.sshCommand
2026-10-04T14:01:41.4532620Z [command]/usr/bin/git submodule foreach --recursive sh -c "git config --local --name-only --get-regexp 'core\.sshCommand' && git config --local --unset-all 'core.sshCommand' || :"
2026-10-04T14:01:41.4744826Z Removing HTTP extra header
2026-10-04T14:01:41.4749963Z [command]/usr/bin/git config --local --name-only --get-regexp http\.https\:\/\/github\.com\/\.extraheader
2026-10-04T14:01:41.4780700Z [command]/usr/bin/git submodule foreach --recursive sh -c "git config --local --name-only --get-regexp 'http\.https\:\/\/github\.com\/\.extraheader' && git config --local --unset-all 'http.https://github.com/.extraheader' || :"
2026-10-04T14:01:41.4983453Z Removing includeIf entries pointing to credentials config files
2026-10-04T14:01:41.4987634Z [command]/usr/bin/git config --local --name-only --get-regexp ^includeIf\.gitdir:
2026-10-04T14:01:41.5015361Z includeif.gitdir:/home/runner/work/oxy/oxy/.git.path
2026-10-04T14:01:41.5016073Z includeif.gitdir:/home/runner/work/oxy/oxy/.git/worktrees/*.path
2026-10-04T14:01:41.5016773Z includeif.gitdir:/github/workspace/.git.path
2026-10-04T14:01:41.5017414Z includeif.gitdir:/github/workspace/.git/worktrees/*.path
2026-10-04T14:01:41.5023819Z [command]/usr/bin/git config --local --get-all includeif.gitdir:/home/runner/work/oxy/oxy/.git.path
2026-10-04T14:01:41.5053169Z /home/runner/work/_temp/git-credentials-f4e2c128-9c5d-430f-9c3a-efab63e27a97.config
2026-10-04T14:01:41.5059933Z [command]/usr/bin/git config --local --unset includeif.gitdir:/home/runner/work/oxy/oxy/.git.path \/home\/runner\/work\/_temp\/git\-credentials\-f4e2c128\-9c5d\-430f\-9c3a\-efab63e27a97\.config
2026-10-04T14:01:41.5086082Z [command]/usr/bin/git config --local --get-all includeif.gitdir:/home/runner/work/oxy/oxy/.git/worktrees/*.path
2026-10-04T14:01:41.5110549Z /home/runner/work/_temp/git-credentials-f4e2c128-9c5d-430f-9c3a-efab63e27a97.config
2026-10-04T14:01:41.5118594Z [command]/usr/bin/git config --local --unset includeif.gitdir:/home/runner/work/oxy/oxy/.git/worktrees/*.path \/home\/runner\/work\/_temp\/git\-credentials\-f4e2c128\-9c5d\-430f\-9c3a\-efab63e27a97\.config
2026-10-04T14:01:41.5157350Z [command]/usr/bin/git config --local --get-all includeif.gitdir:/github/workspace/.git.path
2026-10-04T14:01:41.5176928Z /github/runner_temp/git-credentials-f4e2c128-9c5d-430f-9c3a-efab63e27a97.config
2026-10-04T14:01:41.5182632Z [command]/usr/bin/git config --local --unset includeif.gitdir:/github/workspace/.git.path \/github\/runner_temp\/git\-credentials\-f4e2c128\-9c5d\-430f\-9c3a\-efab63e27a97\.config
2026-10-04T14:01:41.5212805Z [command]/usr/bin/git config --local --get-all includeif.gitdir:/github/workspace/.git/worktrees/*.path
2026-10-04T14:01:41.5247578Z /github/runner_temp/git-credentials-f4e2c128-9c5d-430f-9c3a-efab63e27a97.config
2026-10-04T14:01:41.5265589Z [command]/usr/bin/git config --local --unset includeif.gitdir:/github/workspace/.git/worktrees/*.path \/github\/runner_temp\/git\-credentials\-f4e2c128\-9c5d\-430f\-9c3a\-efab63e27a97\.config
2026-10-04T14:01:41.5289323Z [command]/usr/bin/git submodule foreach --recursive git config --local --show-origin --name-only --get-regexp remote.origin.url
2026-10-04T14:01:41.5483940Z Removing credentials config '/home/runner/work/_temp/git-credentials-f4e2c128-9c5d-430f-9c3a-efab63e27a97.config'
2026-10-04T14:01:41.5606392Z Print service container logs: d393710805cc4af4afdf0f5ea129a554_postgispostgis1735_5125f6
2026-10-04T14:01:41.5611171Z ##[command]/usr/bin/docker logs --details 203b786535d64e6a2b53da00e476dcc4d12ce1a6a06dcf86c258295145023d9b
2026-10-04T14:01:41.5741484Z  The files belonging to this database system will be owned by user "postgres".
2026-10-04T14:01:41.5744293Z  initdb: warning: enabling "trust" authentication for local connections
2026-10-04T14:01:41.5744948Z  This user must also own the server process.
2026-10-04T14:01:41.5746051Z  initdb: hint: You can change this by editing pg_hba.conf or using the option -A, or --auth-local and --auth-host, the next time you run initdb.
2026-10-04T14:01:41.5747658Z  2026-10-04 13:58:25.100 UTC [1] LOG:  starting PostgreSQL 17.5 (Debian 17.5-1.pgdg110+1) on x86_64-pc-linux-gnu, compiled by gcc (Debian 10.2.1-6) 10.2.1 20210110, 64-bit
2026-10-04T14:01:41.5749105Z  2026-10-04 13:58:25.100 UTC [1] LOG:  listening on IPv4 address "0.0.0.0", port 5432
2026-10-04T14:01:41.5749963Z  2026-10-04 13:58:25.100 UTC [1] LOG:  listening on IPv6 address "::", port 5432
2026-10-04T14:01:41.5750815Z  2026-10-04 13:58:25.101 UTC [1] LOG:  listening on Unix socket "/var/run/postgresql/.s.PGSQL.5432"
2026-10-04T14:01:41.5751811Z  2026-10-04 13:58:25.104 UTC [72] LOG:  database system was shut down at 2026-10-04 13:58:24 UTC
2026-10-04T14:01:41.5759342Z  2026-10-04 13:58:25.108 UTC [1] LOG:  database system is ready to accept connections
2026-10-04T14:01:41.5764916Z  2026-10-04 14:00:35.126 UTC [206] ERROR:  new row for relation "inference_routing_policy_versions" violates check constraint "inference_routing_policy_versions_provider_conflict"
2026-10-04T14:01:41.5765865Z  
2026-10-04T14:01:41.5768069Z  2026-10-04 14:00:35.126 UTC [206] DETAIL:  Failing row contains (01a10737-6c34-73ab-b4b2-fbd7f14cbeb6, 01a10737-6c31-7bba-a6c8-ab3154faf903, 100, f, null, null, null, null, {bedrock}, {bedrock}, {}, {}, f, f, null, null, balanced, f, {}, f, f, t, disabled, disabled, 01a10737-6c2c-782b-bedf-beb67ced2df1, 2026-10-04 14:00:35.126+00, {}).
2026-10-04T14:01:41.5772220Z  2026-10-04 14:00:35.126 UTC [206] STATEMENT:  insert into "inference_routing_policy_versions" ("id", "routing_policy_id", "version", "is_current", "default_target_kind", "default_model_id", "default_model_revision_id", "default_routing_profile_id", "provider_allowlist", "provider_denylist", "allowed_regions", "denied_regions", "require_zero_data_retention", "prohibit_training_on_customer_data", "price_ceiling_currency", "max_price_per_request_amount", "optimise_for", "oxy_hosted_only", "allowed_license_ids", "require_commercial_use_rights", "fallback_disabled", "same_model_deployment_fallback", "allowed_routing_profile_ids", "byok_preference", "dedicated_capacity", "created_by_user_id", "created_at") values ($1, $2, $3, default, default, default, default, default, $4, $5, $6, $7, $8, $9, default, default, $10, $11, $12, $13, $14, $15, default, $16, $17, $18, default) returning "id"
2026-10-04T14:01:41.5774871Z  2026-10-04 14:00:35.137 UTC [206] ERROR:  new row for relation "inference_routing_policy_versions" violates check constraint "inference_routing_policy_versions_region_conflict"
2026-10-04T14:01:41.5776184Z  2026-10-04 14:00:35.137 UTC [206] DETAIL:  Failing row contains (01a10737-6c40-7c54-808f-c0839b4b1f53, 01a10737-6c31-7bba-a6c8-ab3154faf903, 110, f, null, null, null, null, {}, {}, {eu-central-1}, {eu-central-1}, f, f, null, null, balanced, f, {}, f, f, t, disabled, disabled, 01a10737-6c2c-782b-bedf-beb67ced2df1, 2026-10-04 14:00:35.136+00, {}).
2026-10-04T14:01:41.5779601Z  2026-10-04 14:00:35.137 UTC [206] STATEMENT:  insert into "inference_routing_policy_versions" ("id", "routing_policy_id", "version", "is_current", "default_target_kind", "default_model_id", "default_model_revision_id", "default_routing_profile_id", "provider_allowlist", "provider_denylist", "allowed_regions", "denied_regions", "require_zero_data_retention", "prohibit_training_on_customer_data", "price_ceiling_currency", "max_price_per_request_amount", "optimise_for", "oxy_hosted_only", "allowed_license_ids", "require_commercial_use_rights", "fallback_disabled", "same_model_deployment_fallback", "allowed_routing_profile_ids", "byok_preference", "dedicated_capacity", "created_by_user_id", "created_at") values ($1, $2, $3, default, default, default, default, default, $4, $5, $6, $7, $8, $9, default, default, $10, $11, $12, $13, $14, $15, default, $16, $17, $18, default) returning "id"
2026-10-04T14:01:41.5783978Z  2026-10-04 14:00:35.139 UTC [206] ERROR:  new row for relation "inference_routing_policy_versions" violates check constraint "inference_routing_policy_versions_fallback_conflict"
2026-10-04T14:01:41.5786053Z  2026-10-04 14:00:35.139 UTC [206] DETAIL:  Failing row contains (01a10737-6c42-730f-b904-795367a1c81d, 01a10737-6c31-7bba-a6c8-ab3154faf903, 120, f, null, null, null, null, {}, {}, {}, {}, f, f, null, null, balanced, f, {}, f, t, t, disabled, disabled, 01a10737-6c2c-782b-bedf-beb67ced2df1, 2026-10-04 14:00:35.139+00, {}).
2026-10-04T14:01:41.5791665Z  2026-10-04 14:00:35.139 UTC [206] STATEMENT:  insert into "inference_routing_policy_versions" ("id", "routing_policy_id", "version", "is_current", "default_target_kind", "default_model_id", "default_model_revision_id", "default_routing_profile_id", "provider_allowlist", "provider_denylist", "allowed_regions", "denied_regions", "require_zero_data_retention", "prohibit_training_on_customer_data", "price_ceiling_currency", "max_price_per_request_amount", "optimise_for", "oxy_hosted_only", "allowed_license_ids", "require_commercial_use_rights", "fallback_disabled", "same_model_deployment_fallback", "allowed_routing_profile_ids", "byok_preference", "dedicated_capacity", "created_by_user_id", "created_at") values ($1, $2, $3, default, default, default, default, default, $4, $5, $6, $7, $8, $9, default, default, $10, $11, $12, $13, $14, $15, default, $16, $17, $18, default) returning "id"
2026-10-04T14:01:41.5796220Z  2026-10-04 14:00:35.142 UTC [206] ERROR:  new row for relation "inference_routing_policy_versions" violates check constraint "inference_routing_policy_versions_hosting_conflict"
2026-10-04T14:01:41.5798246Z  2026-10-04 14:00:35.142 UTC [206] DETAIL:  Failing row contains (01a10737-6c44-719d-954e-78cef9e4a488, 01a10737-6c31-7bba-a6c8-ab3154faf903, 130, f, null, null, null, null, {}, {}, {}, {}, f, f, null, null, balanced, t, {}, f, f, t, require, disabled, 01a10737-6c2c-782b-bedf-beb67ced2df1, 2026-10-04 14:00:35.141+00, {}).
2026-10-04T14:01:41.5801500Z  2026-10-04 14:00:35.142 UTC [206] STATEMENT:  insert into "inference_routing_policy_versions" ("id", "routing_policy_id", "version", "is_current", "default_target_kind", "default_model_id", "default_model_revision_id", "default_routing_profile_id", "provider_allowlist", "provider_denylist", "allowed_regions", "denied_regions", "require_zero_data_retention", "prohibit_training_on_customer_data", "price_ceiling_currency", "max_price_per_request_amount", "optimise_for", "oxy_hosted_only", "allowed_license_ids", "require_commercial_use_rights", "fallback_disabled", "same_model_deployment_fallback", "allowed_routing_profile_ids", "byok_preference", "dedicated_capacity", "created_by_user_id", "created_at") values ($1, $2, $3, default, default, default, default, default, $4, $5, $6, $7, $8, $9, default, default, $10, $11, $12, $13, $14, $15, default, $16, $17, $18, default) returning "id"
2026-10-04T14:01:41.5804032Z  2026-10-04 14:00:35.149 UTC [206] ERROR:  new row for relation "inference_routing_policy_versions" violates check constraint "inference_routing_policy_versions_request_cap_check"
2026-10-04T14:01:41.5805264Z  2026-10-04 14:00:35.149 UTC [206] DETAIL:  Failing row contains (01a10737-6c4b-7885-a251-adaae13f21ab, 01a10737-6c31-7bba-a6c8-ab3154faf903, 140, f, null, null, null, null, {}, {}, {}, {}, f, f, null, 1.000000000000, balanced, f, {}, f, f, t, disabled, disabled, 01a10737-6c2c-782b-bedf-beb67ced2df1, 2026-10-04 14:00:35.148+00, {}).
2026-10-04T14:01:41.5808215Z  2026-10-04 14:00:35.149 UTC [206] STATEMENT:  insert into "inference_routing_policy_versions" ("id", "routing_policy_id", "version", "is_current", "default_target_kind", "default_model_id", "default_model_revision_id", "default_routing_profile_id", "provider_allowlist", "provider_denylist", "allowed_regions", "denied_regions", "require_zero_data_retention", "prohibit_training_on_customer_data", "price_ceiling_currency", "max_price_per_request_amount", "optimise_for", "oxy_hosted_only", "allowed_license_ids", "require_commercial_use_rights", "fallback_disabled", "same_model_deployment_fallback", "allowed_routing_profile_ids", "byok_preference", "dedicated_capacity", "created_by_user_id", "created_at") values ($1, $2, $3, default, default, default, default, default, $4, $5, $6, $7, $8, $9, default, $10, $11, $12, $13, $14, $15, $16, default, $17, $18, $19, default) returning "id"
2026-10-04T14:01:41.5810986Z  2026-10-04 14:00:35.172 UTC [206] ERROR:  new row for relation "inference_routing_policy_versions" violates check constraint "inference_routing_policy_versions_target_check"
2026-10-04T14:01:41.5812202Z  2026-10-04 14:00:35.172 UTC [206] DETAIL:  Failing row contains (01a10737-6c63-7486-8c31-fc92282a0e43, 01a10737-6c50-7055-976b-23e433cd4d43, 210, f, model, null, null, null, {}, {}, {}, {}, f, f, null, null, balanced, f, {}, f, f, t, disabled, disabled, 01a10737-6c4e-7175-b560-fa2ace2c06c8, 2026-10-04 14:00:35.172+00, {}).
2026-10-04T14:01:41.5813188Z  The database cluster will be initialized with locale "en_US.utf8".
2026-10-04T14:01:41.5813599Z  The default database encoding has accordingly been set to "UTF8".
2026-10-04T14:01:41.5813998Z  The default text search configuration will be set to "english".
2026-10-04T14:01:41.5814306Z  
2026-10-04T14:01:41.5814522Z  Data page checksums are disabled.
2026-10-04T14:01:41.5814770Z  
2026-10-04T14:01:41.5815156Z  fixing permissions on existing directory /var/lib/postgresql/data ... ok
2026-10-04T14:01:41.5815542Z  creating subdirectories ... ok
2026-10-04T14:01:41.5815865Z  selecting dynamic shared memory implementation ... posix
2026-10-04T14:01:41.5816201Z  selecting default "max_connections" ... 100
2026-10-04T14:01:41.5816509Z  selecting default "shared_buffers" ... 128MB
2026-10-04T14:01:41.5816800Z  selecting default time zone ... Etc/UTC
2026-10-04T14:01:41.5817080Z  creating configuration files ... ok
2026-10-04T14:01:41.5817353Z  running bootstrap script ... ok
2026-10-04T14:01:41.5817665Z  performing post-bootstrap initialization ... ok
2026-10-04T14:01:41.5817959Z  syncing data to disk ... ok
2026-10-04T14:01:41.5818194Z  
2026-10-04T14:01:41.5818371Z  
2026-10-04T14:01:41.5818719Z  Success. You can now start the database server using:
2026-10-04T14:01:41.5819021Z  
2026-10-04T14:01:41.5819267Z      pg_ctl -D /var/lib/postgresql/data -l logfile start
2026-10-04T14:01:41.5819570Z  
2026-10-04T14:01:41.5820144Z  waiting for server to start....2026-10-04 13:58:23.108 UTC [48] LOG:  starting PostgreSQL 17.5 (Debian 17.5-1.pgdg110+1) on x86_64-pc-linux-gnu, compiled by gcc (Debian 10.2.1-6) 10.2.1 20210110, 64-bit
2026-10-04T14:01:41.5820926Z  2026-10-04 13:58:23.109 UTC [48] LOG:  listening on Unix socket "/var/run/postgresql/.s.PGSQL.5432"
2026-10-04T14:01:41.5821429Z  2026-10-04 13:58:23.111 UTC [51] LOG:  database system was shut down at 2026-10-04 13:58:22 UTC
2026-10-04T14:01:41.5821895Z  2026-10-04 13:58:23.114 UTC [48] LOG:  database system is ready to accept connections
2026-10-04T14:01:41.5822228Z   done
2026-10-04T14:01:41.5822423Z  server started
2026-10-04T14:01:41.5822625Z  CREATE DATABASE
2026-10-04T14:01:41.5822826Z  
2026-10-04T14:01:41.5822996Z  
2026-10-04T14:01:41.5823330Z  /usr/local/bin/docker-entrypoint.sh: sourcing /docker-entrypoint-initdb.d/10_postgis.sh
2026-10-04T14:01:41.5823729Z  CREATE DATABASE
2026-10-04T14:01:41.5823971Z  Loading PostGIS extensions into template_postgis
2026-10-04T14:01:41.5824259Z  CREATE EXTENSION
2026-10-04T14:01:41.5824461Z  CREATE EXTENSION
2026-10-04T14:01:41.5824750Z  You are now connected to database "template_postgis" as user "oxy".
2026-10-04T14:01:41.5825062Z  DO
2026-10-04T14:01:41.5825352Z  Loading PostGIS extensions into oxy_test
2026-10-04T14:01:41.5825617Z  CREATE EXTENSION
2026-10-04T14:01:41.5825817Z  CREATE EXTENSION
2026-10-04T14:01:41.5826083Z  You are now connected to database "oxy_test" as user "oxy".
2026-10-04T14:01:41.5826454Z  DO
2026-10-04T14:01:41.5826641Z  
2026-10-04T14:01:41.5826978Z  waiting for server to shut down...2026-10-04 13:58:24.582 UTC [48] LOG:  received fast shutdown request
2026-10-04T14:01:41.5827456Z  .2026-10-04 13:58:24.583 UTC [48] LOG:  aborting any active transactions
2026-10-04T14:01:41.5827960Z  2026-10-04 13:58:24.585 UTC [48] LOG:  background worker "logical replication launcher" (PID 54) exited with exit code 1
2026-10-04T14:01:41.5828440Z  2026-10-04 13:58:24.585 UTC [49] LOG:  shutting down
2026-10-04T14:01:41.5828928Z  2026-10-04 13:58:24.586 UTC [49] LOG:  checkpoint starting: shutdown immediate
2026-10-04T14:01:41.5829863Z  2026-10-04 13:58:24.998 UTC [49] LOG:  checkpoint complete: wrote 4453 buffers (27.2%); 0 WAL file(s) added, 0 removed, 2 recycled; write=0.255 s, sync=0.156 s, total=0.413 s; sync files=963, longest=0.069 s, average=0.001 s; distance=34775 kB, estimate=34775 kB; lsn=0/36D7588, redo lsn=0/36D7588
2026-10-04T14:01:41.5830760Z  2026-10-04 13:58:25.005 UTC [48] LOG:  database system is shut down
2026-10-04T14:01:41.5831073Z   done
2026-10-04T14:01:41.5831267Z  server stopped
2026-10-04T14:01:41.5831467Z  
2026-10-04T14:01:41.5831718Z  PostgreSQL init process complete; ready for start up.
2026-10-04T14:01:41.5832001Z  
2026-10-04T14:01:41.5834298Z  2026-10-04 14:00:35.172 UTC [206] STATEMENT:  insert into "inference_routing_policy_versions" ("id", "routing_policy_id", "version", "is_current", "default_target_kind", "default_model_id", "default_model_revision_id", "default_routing_profile_id", "provider_allowlist", "provider_denylist", "allowed_regions", "denied_regions", "require_zero_data_retention", "prohibit_training_on_customer_data", "price_ceiling_currency", "max_price_per_request_amount", "optimise_for", "oxy_hosted_only", "allowed_license_ids", "require_commercial_use_rights", "fallback_disabled", "same_model_deployment_fallback", "allowed_routing_profile_ids", "byok_preference", "dedicated_capacity", "created_by_user_id", "created_at") values ($1, $2, $3, default, $4, default, default, default, $5, $6, $7, $8, $9, $10, default, default, $11, $12, $13, $14, $15, $16, default, $17, $18, $19, default) returning "id"
2026-10-04T14:01:41.5836869Z  2026-10-04 14:00:35.174 UTC [206] ERROR:  new row for relation "inference_routing_policy_versions" violates check constraint "inference_routing_policy_versions_target_check"
2026-10-04T14:01:41.5838289Z  2026-10-04 14:00:35.174 UTC [206] DETAIL:  Failing row contains (01a10737-6c65-7427-92f7-4f02ee0de1d9, 01a10737-6c50-7055-976b-23e433cd4d43, 211, f, model, 01a10737-6c53-7163-a2b7-d2e7e9639902, 01a10737-6c55-76d3-a532-c0db783f7415, null, {}, {}, {}, {}, f, f, null, null, balanced, f, {}, f, f, t, disabled, disabled, 01a10737-6c4e-7175-b560-fa2ace2c06c8, 2026-10-04 14:00:35.174+00, {}).
2026-10-04T14:01:41.5841452Z  2026-10-04 14:00:35.174 UTC [206] STATEMENT:  insert into "inference_routing_policy_versions" ("id", "routing_policy_id", "version", "is_current", "default_target_kind", "default_model_id", "default_model_revision_id", "default_routing_profile_id", "provider_allowlist", "provider_denylist", "allowed_regions", "denied_regions", "require_zero_data_retention", "prohibit_training_on_customer_data", "price_ceiling_currency", "max_price_per_request_amount", "optimise_for", "oxy_hosted_only", "allowed_license_ids", "require_commercial_use_rights", "fallback_disabled", "same_model_deployment_fallback", "allowed_routing_profile_ids", "byok_preference", "dedicated_capacity", "created_by_user_id", "created_at") values ($1, $2, $3, default, $4, $5, $6, default, $7, $8, $9, $10, $11, $12, default, default, $13, $14, $15, $16, $17, $18, default, $19, $20, $21, default) returning "id"
2026-10-04T14:01:41.5844016Z  2026-10-04 14:00:35.177 UTC [206] ERROR:  new row for relation "inference_routing_policy_versions" violates check constraint "inference_routing_policy_versions_target_check"
2026-10-04T14:01:41.5845288Z  2026-10-04 14:00:35.177 UTC [206] DETAIL:  Failing row contains (01a10737-6c68-7f55-83d6-d43957e808c6, 01a10737-6c50-7055-976b-23e433cd4d43, 212, f, null, 01a10737-6c53-7163-a2b7-d2e7e9639902, null, null, {}, {}, {}, {}, f, f, null, null, balanced, f, {}, f, f, t, disabled, disabled, 01a10737-6c4e-7175-b560-fa2ace2c06c8, 2026-10-04 14:00:35.176+00, {}).
2026-10-04T14:01:41.5848275Z  2026-10-04 14:00:35.177 UTC [206] STATEMENT:  insert into "inference_routing_policy_versions" ("id", "routing_policy_id", "version", "is_current", "default_target_kind", "default_model_id", "default_model_revision_id", "default_routing_profile_id", "provider_allowlist", "provider_denylist", "allowed_regions", "denied_regions", "require_zero_data_retention", "prohibit_training_on_customer_data", "price_ceiling_currency", "max_price_per_request_amount", "optimise_for", "oxy_hosted_only", "allowed_license_ids", "require_commercial_use_rights", "fallback_disabled", "same_model_deployment_fallback", "allowed_routing_profile_ids", "byok_preference", "dedicated_capacity", "created_by_user_id", "created_at") values ($1, $2, $3, default, default, $4, default, default, $5, $6, $7, $8, $9, $10, default, default, $11, $12, $13, $14, $15, $16, default, $17, $18, $19, default) returning "id"
2026-10-04T14:01:41.5851167Z  2026-10-04 14:00:35.180 UTC [206] ERROR:  new row for relation "inference_routing_policy_versions" violates check constraint "inference_routing_policy_versions_target_check"
2026-10-04T14:01:41.5852484Z  2026-10-04 14:00:35.180 UTC [206] DETAIL:  Failing row contains (01a10737-6c6a-79e7-8f4f-73929d4092fb, 01a10737-6c50-7055-976b-23e433cd4d43, 212, f, null, null, 01a10737-6c55-76d3-a532-c0db783f7415, null, {}, {}, {}, {}, f, f, null, null, balanced, f, {}, f, f, t, disabled, disabled, 01a10737-6c4e-7175-b560-fa2ace2c06c8, 2026-10-04 14:00:35.179+00, {}).
2026-10-04T14:01:41.5855435Z  2026-10-04 14:00:35.180 UTC [206] STATEMENT:  insert into "inference_routing_policy_versions" ("id", "routing_policy_id", "version", "is_current", "default_target_kind", "default_model_id", "default_model_revision_id", "default_routing_profile_id", "provider_allowlist", "provider_denylist", "allowed_regions", "denied_regions", "require_zero_data_retention", "prohibit_training_on_customer_data", "price_ceiling_currency", "max_price_per_request_amount", "optimise_for", "oxy_hosted_only", "allowed_license_ids", "require_commercial_use_rights", "fallback_disabled", "same_model_deployment_fallback", "allowed_routing_profile_ids", "byok_preference", "dedicated_capacity", "created_by_user_id", "created_at") values ($1, $2, $3, default, default, default, $4, default, $5, $6, $7, $8, $9, $10, default, default, $11, $12, $13, $14, $15, $16, default, $17, $18, $19, default) returning "id"
2026-10-04T14:01:41.5857991Z  2026-10-04 14:00:35.182 UTC [206] ERROR:  new row for relation "inference_routing_policy_versions" violates check constraint "inference_routing_policy_versions_target_check"
2026-10-04T14:01:41.5859414Z  2026-10-04 14:00:35.182 UTC [206] DETAIL:  Failing row contains (01a10737-6c6d-71ba-b152-6594e63aebbb, 01a10737-6c50-7055-976b-23e433cd4d43, 212, f, null, null, null, 01a10737-6c57-7b20-969b-87c45be54bb2, {}, {}, {}, {}, f, f, null, null, balanced, f, {}, f, f, t, disabled, disabled, 01a10737-6c4e-7175-b560-fa2ace2c06c8, 2026-10-04 14:00:35.182+00, {}).
2026-10-04T14:01:41.5862527Z  2026-10-04 14:00:35.182 UTC [206] STATEMENT:  insert into "inference_routing_policy_versions" ("id", "routing_policy_id", "version", "is_current", "default_target_kind", "default_model_id", "default_model_revision_id", "default_routing_profile_id", "provider_allowlist", "provider_denylist", "allowed_regions", "denied_regions", "require_zero_data_retention", "prohibit_training_on_customer_data", "price_ceiling_currency", "max_price_per_request_amount", "optimise_for", "oxy_hosted_only", "allowed_license_ids", "require_commercial_use_rights", "fallback_disabled", "same_model_deployment_fallback", "allowed_routing_profile_ids", "byok_preference", "dedicated_capacity", "created_by_user_id", "created_at") values ($1, $2, $3, default, default, default, default, $4, $5, $6, $7, $8, $9, $10, default, default, $11, $12, $13, $14, $15, $16, default, $17, $18, $19, default) returning "id"
2026-10-04T14:01:41.5865151Z  2026-10-04 14:00:35.195 UTC [206] ERROR:  insert or update on table "inference_routing_policy_price_caps" violates foreign key constraint "inference_routing_policy_price_caps_version_fk"
2026-10-04T14:01:41.5866083Z  2026-10-04 14:00:35.195 UTC [206] DETAIL:  Key (version_id, currency)=(01a10737-6c74-78e8-933f-6f0d5a891974, EUR) is not present in table "inference_routing_policy_versions".
2026-10-04T14:01:41.5867003Z  2026-10-04 14:00:35.195 UTC [206] STATEMENT:  insert into "inference_routing_policy_price_caps" ("version_id", "unit", "currency", "amount", "per", "created_at") values ($1, $2, $3, $4, $5, default)
2026-10-04T14:01:41.5867968Z  2026-10-04 14:00:35.196 UTC [206] ERROR:  insert or update on table "inference_routing_policy_price_caps" violates foreign key constraint "inference_routing_policy_price_caps_version_fk"
2026-10-04T14:01:41.5869003Z  2026-10-04 14:00:35.196 UTC [206] DETAIL:  Key (version_id, currency)=(01a10737-6c75-7ea7-bf98-e0589c36ba61, USD) is not present in table "inference_routing_policy_versions".
2026-10-04T14:01:41.5869931Z  2026-10-04 14:00:35.196 UTC [206] STATEMENT:  insert into "inference_routing_policy_price_caps" ("version_id", "unit", "currency", "amount", "per", "created_at") values ($1, $2, $3, $4, $5, default)
2026-10-04T14:01:41.5870781Z  2026-10-04 14:00:35.198 UTC [206] ERROR:  duplicate key value violates unique constraint "inference_routing_policy_price_caps_version_id_unit_pk"
2026-10-04T14:01:41.5871503Z  2026-10-04 14:00:35.198 UTC [206] DETAIL:  Key (version_id, unit)=(01a10737-6c74-78e8-933f-6f0d5a891974, input_tokens) already exists.
2026-10-04T14:01:41.5872300Z  2026-10-04 14:00:35.198 UTC [206] STATEMENT:  insert into "inference_routing_policy_price_caps" ("version_id", "unit", "currency", "amount", "per", "created_at") values ($1, $2, $3, $4, $5, default)
2026-10-04T14:01:41.5873250Z  2026-10-04 14:00:35.214 UTC [206] ERROR:  insert or update on table "inference_routing_policy_fallbacks" violates foreign key constraint "inference_routing_policy_fallbacks_version_fk"
2026-10-04T14:01:41.5874178Z  2026-10-04 14:00:35.214 UTC [206] DETAIL:  Key (version_id, fallback_disabled)=(01a10737-6c89-7524-99c4-683090a43db5, f) is not present in table "inference_routing_policy_versions".
2026-10-04T14:01:41.5875227Z  2026-10-04 14:00:35.214 UTC [206] STATEMENT:  insert into "inference_routing_policy_fallbacks" ("id", "version_id", "fallback_disabled", "model_id", "model_revision_id", "position", "created_at") values ($1, $2, default, $3, default, $4, default)
2026-10-04T14:01:41.5876272Z  2026-10-04 14:00:35.215 UTC [206] ERROR:  new row for relation "inference_routing_policy_fallbacks" violates check constraint "inference_routing_policy_fallbacks_not_disabled"
2026-10-04T14:01:41.5877283Z  2026-10-04 14:00:35.215 UTC [206] DETAIL:  Failing row contains (01a10737-6c8f-79ab-9744-f655b1a32543, 01a10737-6c86-7a78-8f77-97d3b5001a49, t, 01a10737-6c82-7964-a8f1-23674252e561, null, 9, 2026-10-04 14:00:35.215+00).
2026-10-04T14:01:41.5878423Z  2026-10-04 14:00:35.215 UTC [206] STATEMENT:  insert into "inference_routing_policy_fallbacks" ("id", "version_id", "fallback_disabled", "model_id", "model_revision_id", "position", "created_at") values ($1, $2, $3, $4, default, $5, default)
2026-10-04T14:01:41.5879546Z  2026-10-04 14:00:35.217 UTC [206] ERROR:  new row for relation "inference_routing_policy_fallbacks" violates check constraint "inference_routing_policy_fallbacks_names_one"
2026-10-04T14:01:41.5880716Z  2026-10-04 14:00:35.217 UTC [206] DETAIL:  Failing row contains (01a10737-6c90-7ecb-9ff8-3d6908fb316b, 01a10737-6c86-7a78-8f77-97d3b5001a49, f, 01a10737-6c82-7964-a8f1-23674252e561, 01a10737-6c84-7048-b46b-a15d697070f5, 1, 2026-10-04 14:00:35.217+00).
2026-10-04T14:01:41.5881944Z  2026-10-04 14:00:35.217 UTC [206] STATEMENT:  insert into "inference_routing_policy_fallbacks" ("id", "version_id", "fallback_disabled", "model_id", "model_revision_id", "position", "created_at") values ($1, $2, default, $3, $4, $5, default)
2026-10-04T14:01:41.5883020Z  2026-10-04 14:00:35.218 UTC [206] ERROR:  new row for relation "inference_routing_policy_fallbacks" violates check constraint "inference_routing_policy_fallbacks_names_one"
2026-10-04T14:01:41.5883940Z  2026-10-04 14:00:35.218 UTC [206] DETAIL:  Failing row contains (01a10737-6c91-714d-a5b5-c64525818ddb, 01a10737-6c86-7a78-8f77-97d3b5001a49, f, null, null, 2, 2026-10-04 14:00:35.218+00).
2026-10-04T14:01:41.5885019Z  2026-10-04 14:00:35.218 UTC [206] STATEMENT:  insert into "inference_routing_policy_fallbacks" ("id", "version_id", "fallback_disabled", "model_id", "model_revision_id", "position", "created_at") values ($1, $2, default, default, default, $3, default)
2026-10-04T14:01:41.5885997Z  2026-10-04 14:00:35.219 UTC [206] ERROR:  duplicate key value violates unique constraint "inference_routing_policy_fallbacks_model_key"
2026-10-04T14:01:41.5886751Z  2026-10-04 14:00:35.219 UTC [206] DETAIL:  Key (version_id, model_id)=(01a10737-6c86-7a78-8f77-97d3b5001a49, 01a10737-6c82-7964-a8f1-23674252e561) already exists.
2026-10-04T14:01:41.5887745Z  2026-10-04 14:00:35.219 UTC [206] STATEMENT:  insert into "inference_routing_policy_fallbacks" ("id", "version_id", "fallback_disabled", "model_id", "model_revision_id", "position", "created_at") values ($1, $2, default, $3, default, $4, default)
2026-10-04T14:01:41.5888904Z  2026-10-04 14:00:35.242 UTC [206] ERROR:  new row for relation "inference_route_switch_events" violates check constraint "inference_route_switch_events_deployment_shape"
2026-10-04T14:01:41.5890627Z  2026-10-04 14:00:35.242 UTC [206] DETAIL:  Failing row contains (01a10737-6ca9-7275-9181-b25aa2420b31, req-eddb4f91-298c-448d-be63-73daa2601e9a, 0, 01a10737-6c94-7ddf-9aed-9303e73d0665, 01a10737-6c97-7697-a6d4-f2665fee8bfe, production, 01a10737-6ca1-7d54-af95-acde33477955, deployment, deployment_unavailable, pubeef4fad5ea/mdld63dfdb9d3, pubc898ae9d04/mdl571cd02138, oxy-hosted, null, null, null, 2026-10-04 14:00:35.241+00, 2026-10-04 14:00:35.241+00, null).
2026-10-04T14:01:41.5893030Z  2026-10-04 14:00:35.242 UTC [206] STATEMENT:  insert into "inference_route_switch_events" ("id", "request_id", "sequence", "account_id", "application_id", "environment", "routing_policy_version_id", "routing_profile_id", "scope", "reason", "from_model_reference", "to_model_reference", "to_provider", "to_deployment_id", "requested_model_id", "authorization_id", "occurred_at", "created_at") values ($1, $2, $3, $4, $5, $6, $7, default, $8, $9, $10, $11, $12, default, default, default, $13, default)
2026-10-04T14:01:41.5894607Z  2026-10-04 14:00:35.246 UTC [206] ERROR:  new row for relation "inference_route_switch_events" violates check constraint "inference_route_switch_events_model_shape"
2026-10-04T14:01:41.5896309Z  2026-10-04 14:00:35.246 UTC [206] DETAIL:  Failing row contains (01a10737-6cad-7e1e-ac69-caae9e573877, req-22aeb697-820a-432f-9067-37b584fd9ad9, 0, 01a10737-6c94-7ddf-9aed-9303e73d0665, 01a10737-6c97-7697-a6d4-f2665fee8bfe, production, 01a10737-6ca1-7d54-af95-acde33477955, model, deployment_unavailable, pubeef4fad5ea/mdld63dfdb9d3, pubc898ae9d04/mdl571cd02138, oxy-hosted, null, pubeef4fad5ea/mdld63dfdb9d3, null, 2026-10-04 14:00:35.245+00, 2026-10-04 14:00:35.245+00, null).
2026-10-04T14:01:41.5898905Z  2026-10-04 14:00:35.246 UTC [206] STATEMENT:  insert into "inference_route_switch_events" ("id", "request_id", "sequence", "account_id", "application_id", "environment", "routing_policy_version_id", "routing_profile_id", "scope", "reason", "from_model_reference", "to_model_reference", "to_provider", "to_deployment_id", "requested_model_id", "authorization_id", "occurred_at", "created_at") values ($1, $2, $3, $4, $5, $6, $7, default, $8, $9, $10, $11, $12, default, $13, default, $14, default)
2026-10-04T14:01:41.5900542Z  2026-10-04 14:00:35.248 UTC [206] ERROR:  insert or update on table "inference_route_switch_events" violates foreign key constraint "inference_route_switch_events_authorization_fk"
2026-10-04T14:01:41.5901627Z  2026-10-04 14:00:35.248 UTC [206] DETAIL:  Key (authorization_id, routing_policy_version_id)=(01a10737-6ca4-748f-9077-4272fa7cdd03, 01a10737-6ca3-7cf3-8c4e-be8318e576fd) is not present in table "inference_routing_policy_fallbacks".
2026-10-04T14:01:41.5903390Z  2026-10-04 14:00:35.248 UTC [206] STATEMENT:  insert into "inference_route_switch_events" ("id", "request_id", "sequence", "account_id", "application_id", "environment", "routing_policy_version_id", "routing_profile_id", "scope", "reason", "from_model_reference", "to_model_reference", "to_provider", "to_deployment_id", "requested_model_id", "authorization_id", "occurred_at", "created_at") values ($1, $2, $3, $4, $5, $6, $7, default, $8, $9, $10, $11, $12, default, $13, $14, $15, default)
2026-10-04T14:01:41.5904939Z  2026-10-04 14:00:35.250 UTC [206] ERROR:  new row for relation "inference_route_switch_events" violates check constraint "inference_route_switch_events_requested_format"
2026-10-04T14:01:41.5906754Z  2026-10-04 14:00:35.250 UTC [206] DETAIL:  Failing row contains (01a10737-6cb1-739b-bfb6-7e91c5c125fd, req-49fd6cab-a02b-408a-8e5d-46a369be32f2, 0, 01a10737-6c94-7ddf-9aed-9303e73d0665, 01a10737-6c97-7697-a6d4-f2665fee8bfe, production, 01a10737-6ca1-7d54-af95-acde33477955, model, deployment_unavailable, pubeef4fad5ea/mdld63dfdb9d3, pubc898ae9d04/mdl571cd02138, oxy-hosted, null, pubeef4fad5ea/mdld63dfdb9d3@rev6f47101752, 01a10737-6ca4-748f-9077-4272fa7cdd03, 2026-10-04 14:00:35.249+00, 2026-10-04 14:00:35.249+00, null).
2026-10-04T14:01:41.5909365Z  2026-10-04 14:00:35.250 UTC [206] STATEMENT:  insert into "inference_route_switch_events" ("id", "request_id", "sequence", "account_id", "application_id", "environment", "routing_policy_version_id", "routing_profile_id", "scope", "reason", "from_model_reference", "to_model_reference", "to_provider", "to_deployment_id", "requested_model_id", "authorization_id", "occurred_at", "created_at") values ($1, $2, $3, $4, $5, $6, $7, default, $8, $9, $10, $11, $12, default, $13, $14, $15, default)
2026-10-04T14:01:41.5910908Z  2026-10-04 14:00:35.251 UTC [206] ERROR:  new row for relation "inference_route_switch_events" violates check constraint "inference_route_switch_events_model_shape"
2026-10-04T14:01:41.5912645Z  2026-10-04 14:00:35.251 UTC [206] DETAIL:  Failing row contains (01a10737-6cb2-733f-9ed2-06ec6e47d826, req-7da7e2b7-aad2-40aa-9b51-112c5166ab7f, 0, 01a10737-6c94-7ddf-9aed-9303e73d0665, 01a10737-6c97-7697-a6d4-f2665fee8bfe, production, 01a10737-6ca1-7d54-af95-acde33477955, model, deployment_unavailable, pubeef4fad5ea/mdld63dfdb9d3, pubeef4fad5ea/mdld63dfdb9d3, oxy-hosted, null, pubeef4fad5ea/mdld63dfdb9d3, 01a10737-6ca4-748f-9077-4272fa7cdd03, 2026-10-04 14:00:35.25+00, 2026-10-04 14:00:35.251+00, null).
2026-10-04T14:01:41.5915068Z  2026-10-04 14:00:35.251 UTC [206] STATEMENT:  insert into "inference_route_switch_events" ("id", "request_id", "sequence", "account_id", "application_id", "environment", "routing_policy_version_id", "routing_profile_id", "scope", "reason", "from_model_reference", "to_model_reference", "to_provider", "to_deployment_id", "requested_model_id", "authorization_id", "occurred_at", "created_at") values ($1, $2, $3, $4, $5, $6, $7, default, $8, $9, $10, $11, $12, default, $13, $14, $15, default)
2026-10-04T14:01:41.5916686Z  2026-10-04 14:00:35.261 UTC [206] ERROR:  inference_routing_policy_versions.optimise_for is immutable: a request records the exact policy version it executed under, so a change appends a new version
2026-10-04T14:01:41.5917510Z  2026-10-04 14:00:35.261 UTC [206] CONTEXT:  PL/pgSQL function inference_routing_policy_version_immutable() line 11 at RAISE
2026-10-04T14:01:41.5918064Z  2026-10-04 14:00:35.261 UTC [206] STATEMENT:  update inference_routing_policy_versions
2026-10-04T14:01:41.5918485Z  	            set "optimise_for" = 'price'
2026-10-04T14:01:41.5918883Z  	            where id = $1
2026-10-04T14:01:41.5919509Z  2026-10-04 14:00:35.262 UTC [206] ERROR:  inference_routing_policy_versions.oxy_hosted_only is immutable: a request records the exact policy version it executed under, so a change appends a new version
2026-10-04T14:01:41.5920613Z  2026-10-04 14:00:35.262 UTC [206] CONTEXT:  PL/pgSQL function inference_routing_policy_version_immutable() line 11 at RAISE
2026-10-04T14:01:41.5921214Z  2026-10-04 14:00:35.262 UTC [206] STATEMENT:  update inference_routing_policy_versions
2026-10-04T14:01:41.5921627Z  	            set "oxy_hosted_only" = true
2026-10-04T14:01:41.5921892Z  	            where id = $1
2026-10-04T14:01:41.5922519Z  2026-10-04 14:00:35.264 UTC [206] ERROR:  inference_routing_policy_versions.provider_allowlist is immutable: a request records the exact policy version it executed under, so a change appends a new version
2026-10-04T14:01:41.5923410Z  2026-10-04 14:00:35.264 UTC [206] CONTEXT:  PL/pgSQL function inference_routing_policy_version_immutable() line 11 at RAISE
2026-10-04T14:01:41.5924051Z  2026-10-04 14:00:35.264 UTC [206] STATEMENT:  update inference_routing_policy_versions
2026-10-04T14:01:41.5924472Z  	            set "provider_allowlist" = array['bedrock']::text[]
2026-10-04T14:01:41.5924791Z  	            where id = $1
2026-10-04T14:01:41.5925423Z  2026-10-04 14:00:35.265 UTC [206] ERROR:  inference_routing_policy_versions.fallback_disabled is immutable: a request records the exact policy version it executed under, so a change appends a new version
2026-10-04T14:01:41.5926726Z  2026-10-04 14:00:35.265 UTC [206] CONTEXT:  PL/pgSQL function inference_routing_policy_version_immutable() line 11 at RAISE
2026-10-04T14:01:41.5927285Z  2026-10-04 14:00:35.265 UTC [206] STATEMENT:  update inference_routing_policy_versions
2026-10-04T14:01:41.5929172Z  	            set "fallback_disabled" = true
2026-10-04T14:01:41.5929567Z  	            where id = $1
2026-10-04T14:01:41.5930511Z  2026-10-04 14:00:35.267 UTC [206] ERROR:  inference_routing_policy_versions.byok_preference is immutable: a request records the exact policy version it executed under, so a change appends a new version
2026-10-04T14:01:41.5931927Z  2026-10-04 14:00:35.267 UTC [206] CONTEXT:  PL/pgSQL function inference_routing_policy_version_immutable() line 11 at RAISE
2026-10-04T14:01:41.5932498Z  2026-10-04 14:00:35.267 UTC [206] STATEMENT:  update inference_routing_policy_versions
2026-10-04T14:01:41.5932881Z  	            set "byok_preference" = 'prefer'
2026-10-04T14:01:41.5933160Z  	            where id = $1
2026-10-04T14:01:41.5933771Z  2026-10-04 14:00:35.269 UTC [206] ERROR:  inference_routing_policy_versions.version is immutable: a request records the exact policy version it executed under, so a change appends a new version
2026-10-04T14:01:41.5934608Z  2026-10-04 14:00:35.269 UTC [206] CONTEXT:  PL/pgSQL function inference_routing_policy_version_immutable() line 11 at RAISE
2026-10-04T14:01:41.5935148Z  2026-10-04 14:00:35.269 UTC [206] STATEMENT:  update inference_routing_policy_versions
2026-10-04T14:01:41.5935516Z  	            set "version" = 999
2026-10-04T14:01:41.5935760Z  	            where id = $1
2026-10-04T14:01:41.5936362Z  2026-10-04 14:00:35.270 UTC [206] ERROR:  inference_routing_policy_versions.created_at is immutable: a request records the exact policy version it executed under, so a change appends a new version
2026-10-04T14:01:41.5937176Z  2026-10-04 14:00:35.270 UTC [206] CONTEXT:  PL/pgSQL function inference_routing_policy_version_immutable() line 11 at RAISE
2026-10-04T14:01:41.5937717Z  2026-10-04 14:00:35.270 UTC [206] STATEMENT:  update inference_routing_policy_versions
2026-10-04T14:01:41.5938074Z  	            set "created_at" = now()
2026-10-04T14:01:41.5938335Z  	            where id = $1
2026-10-04T14:01:41.5939353Z  2026-10-04 14:00:35.283 UTC [206] ERROR:  inference_routing_policy_price_caps is append-only: it is part of an immutable policy version or a notice already shown to a customer, so a change appends a new version
2026-10-04T14:01:41.5940202Z  2026-10-04 14:00:35.283 UTC [206] CONTEXT:  PL/pgSQL function inference_routing_record_immutable() line 3 at RAISE
2026-10-04T14:01:41.5940931Z  2026-10-04 14:00:35.283 UTC [206] STATEMENT:  update "inference_routing_policy_price_caps" set "amount" = $1 where "inference_routing_policy_price_caps"."version_id" = $2
2026-10-04T14:01:41.5941967Z  2026-10-04 14:00:35.285 UTC [206] ERROR:  inference_routing_policy_fallbacks is append-only: it is part of an immutable policy version or a notice already shown to a customer, so a change appends a new version
2026-10-04T14:01:41.5942784Z  2026-10-04 14:00:35.285 UTC [206] CONTEXT:  PL/pgSQL function inference_routing_record_immutable() line 3 at RAISE
2026-10-04T14:01:41.5943498Z  2026-10-04 14:00:35.285 UTC [206] STATEMENT:  update "inference_routing_policy_fallbacks" set "position" = $1 where "inference_routing_policy_fallbacks"."id" = $2
2026-10-04T14:01:41.5944419Z  2026-10-04 14:00:35.288 UTC [206] ERROR:  inference_route_switch_events is append-only: it is part of an immutable policy version or a notice already shown to a customer, so a change appends a new version
2026-10-04T14:01:41.5945226Z  2026-10-04 14:00:35.288 UTC [206] CONTEXT:  PL/pgSQL function inference_routing_record_immutable() line 3 at RAISE
2026-10-04T14:01:41.5945911Z  2026-10-04 14:00:35.288 UTC [206] STATEMENT:  update "inference_route_switch_events" set "to_provider" = $1 where "inference_route_switch_events"."id" = $2
2026-10-04T14:01:41.5946890Z  2026-10-04 14:00:35.302 UTC [206] ERROR:  update or delete on table "inference_routing_policy_versions" violates foreign key constraint "usage_receipts_routing_policy_version_id_inference_routing_poli" on table "usage_receipts"
2026-10-04T14:01:41.5947853Z  2026-10-04 14:00:35.302 UTC [206] DETAIL:  Key (id)=(01a10737-6ce1-7dc9-8666-8f81a15a4232) is still referenced from table "usage_receipts".
2026-10-04T14:01:41.5948587Z  2026-10-04 14:00:35.302 UTC [206] STATEMENT:  delete from "inference_routing_policy_versions" where "inference_routing_policy_versions"."id" = $1
2026-10-04T14:01:41.5949735Z  2026-10-04 14:00:35.303 UTC [206] ERROR:  update or delete on table "inference_routing_policy_versions" violates foreign key constraint "usage_receipts_routing_policy_version_id_inference_routing_poli" on table "usage_receipts"
2026-10-04T14:01:41.5950708Z  2026-10-04 14:00:35.303 UTC [206] DETAIL:  Key (id)=(01a10737-6ce1-7dc9-8666-8f81a15a4232) is still referenced from table "usage_receipts".
2026-10-04T14:01:41.5951462Z  2026-10-04 14:00:35.303 UTC [206] STATEMENT:  delete from "inference_routing_policies" where "inference_routing_policies"."id" = $1
2026-10-04T14:01:41.5952157Z  2026-10-04 14:00:35.308 UTC [206] ERROR:  duplicate key value violates unique constraint "inference_routing_policies_account_scope_key"
2026-10-04T14:01:41.5952806Z  2026-10-04 14:00:35.308 UTC [206] DETAIL:  Key (account_id)=(01a10737-6ce8-78d8-aaa5-68b508b10b2f) already exists.
2026-10-04T14:01:41.5953749Z  2026-10-04 14:00:35.308 UTC [206] STATEMENT:  insert into "inference_routing_policies" ("id", "scope_kind", "account_id", "application_id", "status", "created_by_user_id", "created_at", "updated_at") values ($1, $2, $3, default, $4, $5, default, default) returning "id"
2026-10-04T14:01:41.5954766Z  2026-10-04 14:00:35.316 UTC [206] ERROR:  duplicate key value violates unique constraint "inference_routing_policies_application_scope_key"
2026-10-04T14:01:41.5955421Z  2026-10-04 14:00:35.316 UTC [206] DETAIL:  Key (application_id)=(01a10737-6cf1-7755-8301-94f0f82e30f6) already exists.
2026-10-04T14:01:41.5956557Z  2026-10-04 14:00:35.316 UTC [206] STATEMENT:  insert into "inference_routing_policies" ("id", "scope_kind", "account_id", "application_id", "status", "created_by_user_id", "created_at", "updated_at") values ($1, $2, $3, $4, $5, $6, default, default) returning "id"
2026-10-04T14:01:41.5958263Z  2026-10-04 14:00:35.321 UTC [206] ERROR:  new row for relation "inference_routing_policies" violates check constraint "inference_routing_policies_scope_target_check"
2026-10-04T14:01:41.5959606Z  2026-10-04 14:00:35.321 UTC [206] DETAIL:  Failing row contains (01a10737-6cf9-7628-8b11-3eba05511fa8, application, 01a10737-6cf5-762c-9f95-fe23e8f97ed0, null, active, 01a10737-6cf5-762c-9f95-fe23e8f97ed0, 2026-10-04 14:00:35.321+00, 2026-10-04 14:00:35.321+00).
2026-10-04T14:01:41.5961052Z  2026-10-04 14:00:35.321 UTC [206] STATEMENT:  insert into "inference_routing_policies" ("id", "scope_kind", "account_id", "application_id", "status", "created_by_user_id", "created_at", "updated_at") values ($1, $2, $3, default, $4, $5, default, default) returning "id"
2026-10-04T14:01:41.5962098Z  2026-10-04 14:00:35.323 UTC [206] ERROR:  new row for relation "inference_routing_policies" violates check constraint "inference_routing_policies_scope_target_check"
2026-10-04T14:01:41.5963263Z  2026-10-04 14:00:35.323 UTC [206] DETAIL:  Failing row contains (01a10737-6cfa-7bdd-92b4-4f720b14868d, account, 01a10737-6cf5-762c-9f95-fe23e8f97ed0, 01a10737-6cf7-78a9-a0ad-5fe61aaa4978, active, 01a10737-6cf5-762c-9f95-fe23e8f97ed0, 2026-10-04 14:00:35.322+00, 2026-10-04 14:00:35.322+00).
2026-10-04T14:01:41.5964612Z  2026-10-04 14:00:35.323 UTC [206] STATEMENT:  insert into "inference_routing_policies" ("id", "scope_kind", "account_id", "application_id", "status", "created_by_user_id", "created_at", "updated_at") values ($1, $2, $3, $4, $5, $6, default, default) returning "id"
2026-10-04T14:01:41.5965493Z  2026-10-04 14:00:40.470 UTC [215] ERROR:  cannot insert a non-DEFAULT value into column "s3_key"
2026-10-04T14:01:41.5965954Z  2026-10-04 14:00:40.470 UTC [215] DETAIL:  Column "s3_key" is a generated column.
2026-10-04T14:01:41.5966322Z  2026-10-04 14:00:40.470 UTC [215] STATEMENT:  
2026-10-04T14:01:41.5967114Z  	        insert into update_assets (id, sha256, s3_key, content_type, size)
2026-10-04T14:01:41.5967729Z  	        values ($1, $2, 'public/elsewhere/evil', 'image/png', 1)
2026-10-04T14:01:41.5968166Z  	      
2026-10-04T14:01:41.5968861Z  2026-10-04 14:00:40.473 UTC [215] ERROR:  new row for relation "update_assets" violates check constraint "update_assets_sha256_check"
2026-10-04T14:01:41.5970069Z  2026-10-04 14:00:40.473 UTC [215] DETAIL:  Failing row contains (01a10737-8118-76c0-86a2-ff2ae0a49256, 494A2456A5E24E9F9B4429B18BF21F7A2F0EF49BDB7847208043F909EE9399CC, public/updates/assets/494A2456A5E24E9F9B4429B18BF21F7A2F0EF49BDB..., image/png, 1, pending, 2026-10-04 14:00:40.473+00, 2026-10-04 14:00:40.473+00).
2026-10-04T14:01:41.5971401Z  2026-10-04 14:00:40.473 UTC [215] STATEMENT:  insert into "update_assets" ("id", "sha256", "content_type", "size", "status", "created_at", "updated_at") values ($1, $2, $3, $4, default, default, default)
2026-10-04T14:01:41.5972212Z  2026-10-04 14:00:40.502 UTC [215] ERROR:  new row for relation "app_updates" violates check constraint "app_updates_update_id_check"
2026-10-04T14:01:41.5973670Z  2026-10-04 14:00:40.502 UTC [215] DETAIL:  Failing row contains (01a10737-8135-7783-bb2e-4ab196aa64eb, not-a-uuid, 01a10737-8131-793e-b978-d31c2d1aa4b2, 01a10737-8132-7c8b-b965-c7af584e266e, 1.0.0, ios, published, 0e2f0f2401964c1b89a05f591a39e6092b6335f50db54d938db2fb9302e7adc5, bundle, application/javascript, null, {"expoClient": {}}, {}, 100, null, null, null, null, 2026-10-04 14:00:40.501+00, 2026-10-04 14:00:40.501+00).
2026-10-04T14:01:41.5976039Z  2026-10-04 14:00:40.502 UTC [215] STATEMENT:  insert into "app_updates" ("id", "update_id", "application_id", "channel_id", "runtime_version", "platform", "status", "launch_asset_sha256", "launch_asset_key", "launch_asset_content_type", "launch_asset_file_extension", "extra", "metadata", "rollout_percent", "git_commit", "git_branch", "message", "promoted_from_update_id", "created_at", "updated_at") values ($1, $2, $3, $4, $5, $6, default, $7, $8, $9, default, $10, default, default, default, default, default, default, default, default)
2026-10-04T14:01:41.5977663Z  2026-10-04 14:00:40.510 UTC [215] ERROR:  new row for relation "app_updates" violates check constraint "app_updates_extra_expo_client_check"
2026-10-04T14:01:41.5979553Z  2026-10-04 14:00:40.510 UTC [215] DETAIL:  Failing row contains (01a10737-813d-7db8-b820-ca92ff3177e5, 41edd2a8-f848-4425-b6df-ed7b98c4171d, 01a10737-8139-7250-9ee4-1205bbad410b, 01a10737-813a-7e71-b2a4-a19a353d7568, 1.0.0, ios, published, b273b822b5b24dfda06554ea9b72bb12d985b9aba88a4d6bb9207b99e52a534d, bundle, application/javascript, null, {"runtimeVersion": "1.0.0"}, {}, 100, null, null, null, null, 2026-10-04 14:00:40.509+00, 2026-10-04 14:00:40.509+00).
2026-10-04T14:01:41.5982017Z  2026-10-04 14:00:40.510 UTC [215] STATEMENT:  insert into "app_updates" ("id", "update_id", "application_id", "channel_id", "runtime_version", "platform", "status", "launch_asset_sha256", "launch_asset_key", "launch_asset_content_type", "launch_asset_file_extension", "extra", "metadata", "rollout_percent", "git_commit", "git_branch", "message", "promoted_from_update_id", "created_at", "updated_at") values ($1, $2, $3, $4, $5, $6, default, $7, $8, $9, default, $10, default, default, default, default, default, default, default, default)
2026-10-04T14:01:41.5983601Z  2026-10-04 14:00:40.512 UTC [215] ERROR:  new row for relation "app_updates" violates check constraint "app_updates_extra_expo_client_check"
2026-10-04T14:01:41.5985094Z  2026-10-04 14:00:40.512 UTC [215] DETAIL:  Failing row contains (01a10737-813f-7e12-acb5-82f2cad18b49, e0374eb3-405b-43a4-8145-7f47c4dcc11c, 01a10737-8139-7250-9ee4-1205bbad410b, 01a10737-813a-7e71-b2a4-a19a353d7568, 1.0.0, ios, published, b273b822b5b24dfda06554ea9b72bb12d985b9aba88a4d6bb9207b99e52a534d, bundle, application/javascript, null, {"expoClient": null}, {}, 100, null, null, null, null, 2026-10-04 14:00:40.512+00, 2026-10-04 14:00:40.512+00).
2026-10-04T14:01:41.5987459Z  2026-10-04 14:00:40.512 UTC [215] STATEMENT:  insert into "app_updates" ("id", "update_id", "application_id", "channel_id", "runtime_version", "platform", "status", "launch_asset_sha256", "launch_asset_key", "launch_asset_content_type", "launch_asset_file_extension", "extra", "metadata", "rollout_percent", "git_commit", "git_branch", "message", "promoted_from_update_id", "created_at", "updated_at") values ($1, $2, $3, $4, $5, $6, default, $7, $8, $9, default, $10, default, default, default, default, default, default, default, default)
2026-10-04T14:01:41.5989215Z  2026-10-04 14:00:40.514 UTC [215] ERROR:  new row for relation "app_updates" violates check constraint "app_updates_extra_expo_client_check"
2026-10-04T14:01:41.5990764Z  2026-10-04 14:00:40.514 UTC [215] DETAIL:  Failing row contains (01a10737-8141-7f7e-9048-3701726e5588, 8296aeef-1f69-4d3a-82ec-82d190d182fc, 01a10737-8139-7250-9ee4-1205bbad410b, 01a10737-813a-7e71-b2a4-a19a353d7568, 1.0.0, ios, published, b273b822b5b24dfda06554ea9b72bb12d985b9aba88a4d6bb9207b99e52a534d, bundle, application/javascript, null, {"expoClient": "commons"}, {}, 100, null, null, null, null, 2026-10-04 14:00:40.513+00, 2026-10-04 14:00:40.513+00).
2026-10-04T14:01:41.5993187Z  2026-10-04 14:00:40.514 UTC [215] STATEMENT:  insert into "app_updates" ("id", "update_id", "application_id", "channel_id", "runtime_version", "platform", "status", "launch_asset_sha256", "launch_asset_key", "launch_asset_content_type", "launch_asset_file_extension", "extra", "metadata", "rollout_percent", "git_commit", "git_branch", "message", "promoted_from_update_id", "created_at", "updated_at") values ($1, $2, $3, $4, $5, $6, default, $7, $8, $9, default, $10, default, default, default, default, default, default, default, default)
2026-10-04T14:01:41.5994793Z  2026-10-04 14:00:40.525 UTC [215] ERROR:  new row for relation "app_updates" violates check constraint "app_updates_metadata_check"
2026-10-04T14:01:41.5996440Z  2026-10-04 14:00:40.525 UTC [215] DETAIL:  Failing row contains (01a10737-8149-79a9-8dce-9b97e9679f48, bfa6b334-65a5-4959-b5d6-ffd2bac8c784, 01a10737-8145-76d7-9245-14de688d0651, 01a10737-8147-76da-9e8c-46ddf644d0d7, 1.0.0, ios, published, d0e3dae74e314dbbb92a166ec0e4202b0e305bb390754d67b31251ee52316fb2, bundle, application/javascript, null, {"expoClient": {"name": "Commons", "slug": "commons"}}, [], 100, null, null, null, null, 2026-10-04 14:00:40.522+00, 2026-10-04 14:00:40.522+00).
2026-10-04T14:01:41.5997823Z  2026-10-04 14:00:40.525 UTC [215] STATEMENT:  
2026-10-04T14:01:41.5998174Z  	        update app_updates set metadata = '[]'::jsonb where id = $1
2026-10-04T14:01:41.5998553Z  	      
2026-10-04T14:01:41.5999197Z  2026-10-04 14:00:40.536 UTC [215] ERROR:  new row for relation "app_updates" violates check constraint "app_updates_rollout_percent_check"
2026-10-04T14:01:41.6000770Z  2026-10-04 14:00:40.536 UTC [215] DETAIL:  Failing row contains (01a10737-8155-737b-8fa2-d2144cbe174d, 06b1743a-d2a7-40eb-bd4a-e5c8be7be6c7, 01a10737-8151-7831-ad3d-d56adcc31f18, 01a10737-8152-7828-80a2-903dce5db098, 1.0.0, ios, published, 9ffa4e66dcb44095a3342dcd80dfc57cc9a0dcdd0b674a348828b08e7a1510cc, bundle, application/javascript, null, {"expoClient": {"name": "Commons", "slug": "commons"}}, {}, 101, null, null, null, null, 2026-10-04 14:00:40.534+00, 2026-10-04 14:00:40.535+00).
2026-10-04T14:01:41.6002350Z  2026-10-04 14:00:40.536 UTC [215] STATEMENT:  update "app_updates" set "rollout_percent" = $1, "updated_at" = $2 where "app_updates"."id" = $3
2026-10-04T14:01:41.6003137Z  2026-10-04 14:00:40.543 UTC [215] ERROR:  insert or update on table "app_updates" violates foreign key constraint "app_updates_launch_asset_sha256_update_assets_sha256_fk"
2026-10-04T14:01:41.6004058Z  2026-10-04 14:00:40.543 UTC [215] DETAIL:  Key (launch_asset_sha256)=(6cc1e3f419ef4a759ef568de3076e14f8d223dd07bf64c8a8f5e07375fec8c63) is not present in table "update_assets".
2026-10-04T14:01:41.6005755Z  2026-10-04 14:00:40.543 UTC [215] STATEMENT:  insert into "app_updates" ("id", "update_id", "application_id", "channel_id", "runtime_version", "platform", "status", "launch_asset_sha256", "launch_asset_key", "launch_asset_content_type", "launch_asset_file_extension", "extra", "metadata", "rollout_percent", "git_commit", "git_branch", "message", "promoted_from_update_id", "created_at", "updated_at") values ($1, $2, $3, $4, $5, $6, default, $7, $8, $9, default, $10, default, default, default, default, default, default, default, default)
2026-10-04T14:01:41.6007436Z  2026-10-04 14:00:40.556 UTC [215] ERROR:  insert or update on table "app_updates" violates foreign key constraint "app_updates_promoted_from_update_id_app_updates_update_id_fk"
2026-10-04T14:01:41.6008285Z  2026-10-04 14:00:40.556 UTC [215] DETAIL:  Key (promoted_from_update_id)=(53a2e42a-525a-4779-bdbc-28113e48908e) is not present in table "app_updates".
2026-10-04T14:01:41.6010042Z  2026-10-04 14:00:40.556 UTC [215] STATEMENT:  insert into "app_updates" ("id", "update_id", "application_id", "channel_id", "runtime_version", "platform", "status", "launch_asset_sha256", "launch_asset_key", "launch_asset_content_type", "launch_asset_file_extension", "extra", "metadata", "rollout_percent", "git_commit", "git_branch", "message", "promoted_from_update_id", "created_at", "updated_at") values ($1, $2, $3, $4, $5, $6, default, $7, $8, $9, default, $10, default, default, default, default, default, $11, default, default)
2026-10-04T14:01:41.6011570Z  2026-10-04 14:00:40.583 UTC [215] ERROR:  duplicate key value violates unique constraint "app_update_assets_pkey"
2026-10-04T14:01:41.6012182Z  2026-10-04 14:00:40.583 UTC [215] DETAIL:  Key (app_update_id, ordinal)=(01a10737-8182-7e6c-b616-086e7e486412, 0) already exists.
2026-10-04T14:01:41.6012975Z  2026-10-04 14:00:40.583 UTC [215] STATEMENT:  insert into "app_update_assets" ("app_update_id", "ordinal", "sha256", "key", "content_type", "file_extension") values ($1, $2, $3, $4, $5, default)
2026-10-04T14:01:41.6013795Z  2026-10-04 14:00:40.592 UTC [215] ERROR:  new row for relation "app_update_assets" violates check constraint "app_update_assets_ordinal_check"
2026-10-04T14:01:41.6014697Z  2026-10-04 14:00:40.592 UTC [215] DETAIL:  Failing row contains (01a10737-818d-79eb-8e98-88fc180e31c3, -1, 4b136275cfdc4a38bc1f75ff2c6c650b25df97bfb8ad4f25ab194ad67fff2c52, a, image/png, null).
2026-10-04T14:01:41.6015729Z  2026-10-04 14:00:40.592 UTC [215] STATEMENT:  insert into "app_update_assets" ("app_update_id", "ordinal", "sha256", "key", "content_type", "file_extension") values ($1, $2, $3, $4, $5, default)
2026-10-04T14:01:41.6016687Z  2026-10-04 14:00:40.603 UTC [215] ERROR:  update or delete on table "update_assets" violates foreign key constraint "app_update_assets_sha256_update_assets_sha256_fk" on table "app_update_assets"
2026-10-04T14:01:41.6017690Z  2026-10-04 14:00:40.603 UTC [215] DETAIL:  Key (sha256)=(f8252435f6314770aef1a9fd83c098352e517f1fb23446bf8fe2f90ac630c8bd) is still referenced from table "app_update_assets".
2026-10-04T14:01:41.6018424Z  2026-10-04 14:00:40.603 UTC [215] STATEMENT:  delete from "update_assets" where "update_assets"."sha256" = $1
2026-10-04T14:01:41.6019345Z  2026-10-04 14:00:40.620 UTC [215] ERROR:  duplicate key value violates unique constraint "update_channel_rollbacks_pkey"
2026-10-04T14:01:41.6020057Z  2026-10-04 14:00:40.620 UTC [215] DETAIL:  Key (channel_id, runtime_version, platform)=(01a10737-81aa-733c-ba13-29905bd692bb, 1.0.0, ios) already exists.
2026-10-04T14:01:41.6020876Z  2026-10-04 14:00:40.620 UTC [215] STATEMENT:  insert into "update_channel_rollbacks" ("channel_id", "runtime_version", "platform", "commit_time") values ($1, $2, $3, $4)
2026-10-04T14:01:41.6021711Z  2026-10-04 14:00:40.639 UTC [215] ERROR:  new row for relation "update_channel_rollbacks" violates check constraint "update_channel_rollbacks_platform_check"
2026-10-04T14:01:41.6022500Z  2026-10-04 14:00:40.639 UTC [215] DETAIL:  Failing row contains (01a10737-81be-79bf-b238-bf8b75e09d54, 1.0.0, web, 2026-10-04 14:00:40.6395+00).
2026-10-04T14:01:41.6023023Z  2026-10-04 14:00:40.639 UTC [215] STATEMENT:  
2026-10-04T14:01:41.6023462Z  	        insert into update_channel_rollbacks (channel_id, runtime_version, platform, commit_time)
2026-10-04T14:01:41.6023895Z  	        values ($1, '1.0.0', 'web', now())
2026-10-04T14:01:41.6024156Z  	      
2026-10-04T14:01:41.6024572Z  2026-10-04 14:00:40.652 UTC [215] ERROR:  duplicate key value violates unique constraint "update_channels_application_id_name_key"
2026-10-04T14:01:41.6025389Z  2026-10-04 14:00:40.652 UTC [215] DETAIL:  Key (application_id, name)=(01a10737-81c9-7b41-892e-3a1399eb0866, production-f52b1b8d-bab4-43d5-b3d4-403681870807) already exists.
2026-10-04T14:01:41.6026274Z  2026-10-04 14:00:40.652 UTC [215] STATEMENT:  insert into "update_channels" ("id", "application_id", "name", "created_at", "updated_at") values ($1, $2, $3, default, default)
2026-10-04T14:01:41.6026962Z  2026-10-04 14:00:53.757 UTC [263] ERROR:  subscription parties and provider identity are immutable
2026-10-04T14:01:41.6027539Z  2026-10-04 14:00:53.757 UTC [263] CONTEXT:  PL/pgSQL function product_access_source_identity_immutable() line 8 at RAISE
2026-10-04T14:01:41.6028368Z  2026-10-04 14:00:53.757 UTC [263] STATEMENT:  update "access_subscription_sources" set "payer_account_id" = $1, "provider_observed_at" = $2, "updated_at" = $3 where "access_subscription_sources"."id" = $4
2026-10-04T14:01:41.6029284Z  2026-10-04 14:00:53.759 UTC [264] ERROR:  access_offer_segments is immutable; append a new version or period
2026-10-04T14:01:41.6029835Z  2026-10-04 14:00:53.759 UTC [264] CONTEXT:  PL/pgSQL function product_access_immutable() line 3 at RAISE
2026-10-04T14:01:41.6030447Z  2026-10-04 14:00:53.759 UTC [264] STATEMENT:  update "access_offer_segments" set "offer_version" = $1 where "access_offer_segments"."id" = $2
2026-10-04T14:01:41.6031044Z  2026-10-04 14:00:53.760 UTC [263] ERROR:  grant provenance is immutable; revocation is one-way
2026-10-04T14:01:41.6031564Z  2026-10-04 14:00:53.760 UTC [263] CONTEXT:  PL/pgSQL function product_access_grant_guard() line 10 at RAISE
2026-10-04T14:01:41.6032169Z  2026-10-04 14:00:53.760 UTC [263] STATEMENT:  update "access_grants" set "beneficiary_account_id" = $1 where "access_grants"."id" = $2
2026-10-04T14:01:41.6032709Z  2026-10-04 14:00:53.761 UTC [264] ERROR:  grant provenance cannot be deleted
2026-10-04T14:01:41.6033232Z  2026-10-04 14:00:53.761 UTC [264] CONTEXT:  PL/pgSQL function product_access_grant_guard() line 5 at RAISE
2026-10-04T14:01:41.6033771Z  2026-10-04 14:00:53.761 UTC [264] STATEMENT:  delete from "access_grants" where "access_grants"."id" = $1
2026-10-04T14:01:41.6034252Z  2026-10-04 14:00:53.826 UTC [263] ERROR:  grant period exceeds its immutable segment
2026-10-04T14:01:41.6034800Z  2026-10-04 14:00:53.826 UTC [263] CONTEXT:  PL/pgSQL function product_access_grant_guard() line 15 at RAISE
2026-10-04T14:01:41.6035830Z  2026-10-04 14:00:53.826 UTC [263] STATEMENT:  insert into "access_grants" ("id", "source_segment_id", "beneficiary_account_id", "offer_id", "offer_version", "origin", "benefit_index", "product_id", "period_start", "period_end", "revoked_at", "created_at") values ($1, $2, $3, $4, $5, $6, $7, $8, $9, $10, default, default)
2026-10-04T14:01:41.6036944Z  2026-10-04 14:00:53.830 UTC [264] ERROR:  insert or update on table "access_grants" violates foreign key constraint "access_grants_source_fk"
2026-10-04T14:01:41.6038101Z  2026-10-04 14:00:53.830 UTC [264] DETAIL:  Key (source_segment_id, beneficiary_account_id, offer_id, offer_version, origin)=(c4c26844-7c35-43a0-af3e-e92e4dda095e, 01a10737-b505-733b-a273-94b6e8c79ade, 99a5ec54-bd3e-45a4-8c86-824582b7b2ad, 1, bundle) is not present in table "access_offer_segments".
2026-10-04T14:01:41.6039849Z  2026-10-04 14:00:53.830 UTC [264] STATEMENT:  insert into "access_grants" ("id", "source_segment_id", "beneficiary_account_id", "offer_id", "offer_version", "origin", "benefit_index", "product_id", "period_start", "period_end", "revoked_at", "created_at") values ($1, $2, $3, $4, $5, $6, $7, $8, $9, $10, default, default)
2026-10-04T14:01:41.6040838Z  2026-10-04 14:00:53.924 UTC [263] ERROR:  grant provenance is immutable; revocation is one-way
2026-10-04T14:01:41.6041361Z  2026-10-04 14:00:53.924 UTC [263] CONTEXT:  PL/pgSQL function product_access_grant_guard() line 10 at RAISE
2026-10-04T14:01:41.6041948Z  2026-10-04 14:00:53.924 UTC [263] STATEMENT:  update "access_grants" set "revoked_at" = $1 where "access_grants"."id" = $2
2026-10-04T14:01:41.6042493Z  2026-10-04 14:00:54.050 UTC [264] ERROR:  benefit index is outside the immutable offer set
2026-10-04T14:01:41.6043009Z  2026-10-04 14:00:54.050 UTC [264] CONTEXT:  PL/pgSQL function product_access_benefit_set_guard() line 7 at RAISE
2026-10-04T14:01:41.6043937Z  2026-10-04 14:00:54.050 UTC [264] STATEMENT:  insert into "access_offer_benefits" ("offer_id", "offer_version", "benefit_index", "product_id", "kind", "key", "unit", "included", "combination", "created_at") values ($1, $2, $3, $4, $5, $6, default, default, default, default)
2026-10-04T14:01:41.6044929Z  2026-10-04 14:00:54.110 UTC [263] ERROR:  new row for relation "access_offers" violates check constraint "access_offers_benefit_count_check"
2026-10-04T14:01:41.6045667Z  2026-10-04 14:00:54.110 UTC [263] DETAIL:  Failing row contains (a3f32c4f-76ac-4822-948e-098475dbe832, 1, -1, bundle, 2026-10-04 14:00:54.11+00).
2026-10-04T14:01:41.6046463Z  2026-10-04 14:00:54.110 UTC [263] STATEMENT:  insert into "access_offers" ("id", "version", "expected_benefit_count", "kind", "created_at") values ($1, $2, $3, $4, default)
2026-10-04T14:01:41.6047125Z  2026-10-04 14:00:54.147 UTC [264] ERROR:  benefit index is outside the immutable offer set
2026-10-04T14:01:41.6047643Z  2026-10-04 14:00:54.147 UTC [264] CONTEXT:  PL/pgSQL function product_access_benefit_set_guard() line 7 at RAISE
2026-10-04T14:01:41.6048579Z  2026-10-04 14:00:54.147 UTC [264] STATEMENT:  insert into "access_offer_benefits" ("offer_id", "offer_version", "benefit_index", "product_id", "kind", "key", "unit", "included", "combination", "created_at") values ($1, $2, $3, $4, $5, $6, default, default, default, default)
2026-10-04T14:01:41.6049654Z  2026-10-04 14:00:54.163 UTC [263] ERROR:  benefit index is outside the immutable offer set
2026-10-04T14:01:41.6050178Z  2026-10-04 14:00:54.163 UTC [263] CONTEXT:  PL/pgSQL function product_access_benefit_set_guard() line 7 at RAISE
2026-10-04T14:01:41.6051183Z  2026-10-04 14:00:54.163 UTC [263] STATEMENT:  insert into "access_offer_benefits" ("offer_id", "offer_version", "benefit_index", "product_id", "kind", "key", "unit", "included", "combination", "created_at") values ($1, $2, $3, $4, $5, $6, default, default, default, default)
2026-10-04T14:01:41.6052150Z  2026-10-04 14:00:55.523 UTC [274] ERROR:  cannot insert a non-DEFAULT value into column "hashed_email"
2026-10-04T14:01:41.6052636Z  2026-10-04 14:00:55.523 UTC [274] DETAIL:  Column "hashed_email" is a generated column.
2026-10-04T14:01:41.6053027Z  2026-10-04 14:00:55.523 UTC [274] STATEMENT:  
2026-10-04T14:01:41.6053350Z  	        insert into users (id, color, email, hashed_email)
2026-10-04T14:01:41.6053669Z  	        values ($1, 'teal', $2, $3)
2026-10-04T14:01:41.6053918Z  	      
2026-10-04T14:01:41.6054289Z  2026-10-04 14:00:55.541 UTC [274] ERROR:  duplicate key value violates unique constraint "users_lower_username_key"
2026-10-04T14:01:41.6054922Z  2026-10-04 14:00:55.541 UTC [274] DETAIL:  Key (lower(btrim(username)))=(ident6deee87c2939494db1d4207de50c6aaa) already exists.
2026-10-04T14:01:41.6062299Z  2026-10-04 14:00:55.541 UTC [274] STATEMENT:  insert into "users" ("id", "username", "email", "phone", "public_key", "refresh_token", "name_first", "name_last", "name_display", "kind", "account_categories", "parent_account_id", "root_account_id", "account_status", "type", "federation_actor_uri", "federation_domain", "federation_actor_id", "federation_last_avatar_fetched_at", "federation_avatar_e_tag", "federation_avatar_last_modified", "federation_avatar_retry_at", "federation_avatar_attempts", "federation_avatar_failure", "federation_last_resolved_at", "federation_unavailable_at", "federation_unavailable_reason", "automation_owner_id", "verified", "reputation_rank_weight", "reputation_tier", "is_staff", "staff_capabilities", "is_seed_verifier", "is_sensitive", "languages", "avatar", "color", "bio", "description", "address", "birthday", "date_of_birth", "links", "account_expires_after_inactivity_days", "privacy_is_private_account", "privacy_hide_online_status", "privacy_hide_last_seen", "privacy_profile_visibility", "privacy_login_alerts", "privacy_block_screenshots", "privacy_login", "privacy_biometric_login", "privacy_show_activity", "privacy_allow_tagging", "privacy_allow_mentions", "privacy_hide_read_receipts", "privacy_allow_direct_messages", "privacy_data_sharing", "privacy_location_sharing", "privacy_analytics_sharing", "privacy_sensitive_content", "privacy_auto_filter", "privacy_mute_keywords", "privacy_discoverable_by_email", "privacy_discoverable_by_phone", "privacy_fediverse_sharing", "email_signature", "auto_reply_enabled", "auto_reply_subject", "auto_reply_body", "auto_reply_start_date", "auto_reply_end_date", "auto_forward_to", "auto_forward_keep_copy", "notification_push_enabled", "notification_email_digest", "notification_security_alerts", "notification_marketing_emails", "preference_language", "preference_theme", "preference_reduce_motion", "preference_timezone", "theme_preference_mode", "theme_preference_color_preset", "created_at", "updated_at") values ($1, $2, default, default, default, default, default, default, default, default, default, default, default, default, default, default, default, default, default, default, default, default, default, default, default, default, default, default, default, default, default, default, default, default, default, default, default, $3, default, default, default, default, default, default, default, default, default, default, default, default, default, default, default, default, default, default, default, default, default, default, default, default, default, default, default, default, default, default, default, default, default, default, default, default, default, default, default, default, default, default, default, default, default, default, default, default, default)
2026-10-04T14:01:41.6069866Z  2026-10-04 14:00:55.546 UTC [274] ERROR:  duplicate key value violates unique constraint "users_lower_email_key"
2026-10-04T14:01:41.6070538Z  2026-10-04 14:00:55.546 UTC [274] DETAIL:  Key (lower(btrim(email)))=(ident718aded0676b4294a07b535e51124342@oxy.so) already exists.
2026-10-04T14:01:41.6077536Z  2026-10-04 14:00:55.546 UTC [274] STATEMENT:  insert into "users" ("id", "username", "email", "phone", "public_key", "refresh_token", "name_first", "name_last", "name_display", "kind", "account_categories", "parent_account_id", "root_account_id", "account_status", "type", "federation_actor_uri", "federation_domain", "federation_actor_id", "federation_last_avatar_fetched_at", "federation_avatar_e_tag", "federation_avatar_last_modified", "federation_avatar_retry_at", "federation_avatar_attempts", "federation_avatar_failure", "federation_last_resolved_at", "federation_unavailable_at", "federation_unavailable_reason", "automation_owner_id", "verified", "reputation_rank_weight", "reputation_tier", "is_staff", "staff_capabilities", "is_seed_verifier", "is_sensitive", "languages", "avatar", "color", "bio", "description", "address", "birthday", "date_of_birth", "links", "account_expires_after_inactivity_days", "privacy_is_private_account", "privacy_hide_online_status", "privacy_hide_last_seen", "privacy_profile_visibility", "privacy_login_alerts", "privacy_block_screenshots", "privacy_login", "privacy_biometric_login", "privacy_show_activity", "privacy_allow_tagging", "privacy_allow_mentions", "privacy_hide_read_receipts", "privacy_allow_direct_messages", "privacy_data_sharing", "privacy_location_sharing", "privacy_analytics_sharing", "privacy_sensitive_content", "privacy_auto_filter", "privacy_mute_keywords", "privacy_discoverable_by_email", "privacy_discoverable_by_phone", "privacy_fediverse_sharing", "email_signature", "auto_reply_enabled", "auto_reply_subject", "auto_reply_body", "auto_reply_start_date", "auto_reply_end_date", "auto_forward_to", "auto_forward_keep_copy", "notification_push_enabled", "notification_email_digest", "notification_security_alerts", "notification_marketing_emails", "preference_language", "preference_theme", "preference_reduce_motion", "preference_timezone", "theme_preference_mode", "theme_preference_color_preset", "created_at", "updated_at") values ($1, default, $2, default, default, default, default, default, default, default, default, default, default, default, default, default, default, default, default, default, default, default, default, default, default, default, default, default, default, default, default, default, default, default, default, default, default, $3, default, default, default, default, default, default, default, default, default, default, default, default, default, default, default, default, default, default, default, default, default, default, default, default, default, default, default, default, default, default, default, default, default, default, default, default, default, default, default, default, default, default, default, default, default, default, default, default, default)
2026-10-04T14:01:41.6084963Z  2026-10-04 14:00:55.551 UTC [274] ERROR:  duplicate key value violates unique constraint "users_lower_public_key_key"
2026-10-04T14:01:41.6085619Z  2026-10-04 14:00:55.551 UTC [274] DETAIL:  Key (lower(btrim(public_key)))=(ident1463eb0d0ea34591ac876fc0eea407cd) already exists.
2026-10-04T14:01:41.6092737Z  2026-10-04 14:00:55.551 UTC [274] STATEMENT:  insert into "users" ("id", "username", "email", "phone", "public_key", "refresh_token", "name_first", "name_last", "name_display", "kind", "account_categories", "parent_account_id", "root_account_id", "account_status", "type", "federation_actor_uri", "federation_domain", "federation_actor_id", "federation_last_avatar_fetched_at", "federation_avatar_e_tag", "federation_avatar_last_modified", "federation_avatar_retry_at", "federation_avatar_attempts", "federation_avatar_failure", "federation_last_resolved_at", "federation_unavailable_at", "federation_unavailable_reason", "automation_owner_id", "verified", "reputation_rank_weight", "reputation_tier", "is_staff", "staff_capabilities", "is_seed_verifier", "is_sensitive", "languages", "avatar", "color", "bio", "description", "address", "birthday", "date_of_birth", "links", "account_expires_after_inactivity_days", "privacy_is_private_account", "privacy_hide_online_status", "privacy_hide_last_seen", "privacy_profile_visibility", "privacy_login_alerts", "privacy_block_screenshots", "privacy_login", "privacy_biometric_login", "privacy_show_activity", "privacy_allow_tagging", "privacy_allow_mentions", "privacy_hide_read_receipts", "privacy_allow_direct_messages", "privacy_data_sharing", "privacy_location_sharing", "privacy_analytics_sharing", "privacy_sensitive_content", "privacy_auto_filter", "privacy_mute_keywords", "privacy_discoverable_by_email", "privacy_discoverable_by_phone", "privacy_fediverse_sharing", "email_signature", "auto_reply_enabled", "auto_reply_subject", "auto_reply_body", "auto_reply_start_date", "auto_reply_end_date", "auto_forward_to", "auto_forward_keep_copy", "notification_push_enabled", "notification_email_digest", "notification_security_alerts", "notification_marketing_emails", "preference_language", "preference_theme", "preference_reduce_motion", "preference_timezone", "theme_preference_mode", "theme_preference_color_preset", "created_at", "updated_at") values ($1, default, default, default, $2, default, default, default, default, default, default, default, default, default, default, default, default, default, default, default, default, default, default, default, default, default, default, default, default, default, default, default, default, default, default, default, default, $3, default, default, default, default, default, default, default, default, default, default, default, default, default, default, default, default, default, default, default, default, default, default, default, default, default, default, default, default, default, default, default, default, default, default, default, default, default, default, default, default, default, default, default, default, default, default, default, default, default)
2026-10-04T14:01:41.6100052Z  2026-10-04 14:00:55.589 UTC [274] ERROR:  new row for relation "users" violates check constraint "users_color_check"
2026-10-04T14:01:41.6101578Z  2026-10-04 14:00:55.589 UTC [274] DETAIL:  Failing row contains (d6702511ba944ba4a522221f7f8c5f09, null, null, null, null, null, null, null, null, null, personal, null, null, null, active, local, null, null, null, null, null, null, null, null, null, null, f, 0.1, new, f, f, f, {en-US}, null, chartreuse, null, null, null, null, null, null, f, f, f, t, t, f, t, f, t, t, t, f, t, t, f, t, f, t, f, f, f, t, null, f, null, null, null, null, null, t, t, t, t, f, null, system, f, null, null, null, 2026-10-04 14:00:55.588+00, 2026-10-04 14:00:55.588+00, null, {}, {}, null, null, 0, null).
2026-10-04T14:01:41.6102943Z  2026-10-04 14:00:55.589 UTC [274] STATEMENT:  
2026-10-04T14:01:41.6103286Z  	        insert into users (id, color) values ($1, 'chartreuse')
2026-10-04T14:01:41.6103595Z  	      
2026-10-04T14:01:41.6104047Z  2026-10-04 14:00:55.603 UTC [274] ERROR:  new row for relation "users" violates check constraint "users_account_expires_after_inactivity_days_check"
2026-10-04T14:01:41.6105615Z  2026-10-04 14:00:55.603 UTC [274] DETAIL:  Failing row contains (01a10737-bc31-7dc0-9a77-c9b3824280ff, null, null, null, null, null, null, null, null, null, personal, null, null, null, active, local, null, null, null, null, null, null, null, null, null, null, f, 0.1, new, f, f, f, {en-US}, null, teal, null, null, null, null, null, 45, f, f, f, t, t, f, t, f, t, t, t, f, t, t, f, t, f, t, f, f, f, t, null, f, null, null, null, null, null, t, t, t, t, f, null, system, f, null, null, null, 2026-10-04 14:00:55.602+00, 2026-10-04 14:00:55.602+00, null, {}, {}, null, null, 0, null).
2026-10-04T14:01:41.6113697Z  2026-10-04 14:00:55.603 UTC [274] STATEMENT:  insert into "users" ("id", "username", "email", "phone", "public_key", "refresh_token", "name_first", "name_last", "name_display", "kind", "account_categories", "parent_account_id", "root_account_id", "account_status", "type", "federation_actor_uri", "federation_domain", "federation_actor_id", "federation_last_avatar_fetched_at", "federation_avatar_e_tag", "federation_avatar_last_modified", "federation_avatar_retry_at", "federation_avatar_attempts", "federation_avatar_failure", "federation_last_resolved_at", "federation_unavailable_at", "federation_unavailable_reason", "automation_owner_id", "verified", "reputation_rank_weight", "reputation_tier", "is_staff", "staff_capabilities", "is_seed_verifier", "is_sensitive", "languages", "avatar", "color", "bio", "description", "address", "birthday", "date_of_birth", "links", "account_expires_after_inactivity_days", "privacy_is_private_account", "privacy_hide_online_status", "privacy_hide_last_seen", "privacy_profile_visibility", "privacy_login_alerts", "privacy_block_screenshots", "privacy_login", "privacy_biometric_login", "privacy_show_activity", "privacy_allow_tagging", "privacy_allow_mentions", "privacy_hide_read_receipts", "privacy_allow_direct_messages", "privacy_data_sharing", "privacy_location_sharing", "privacy_analytics_sharing", "privacy_sensitive_content", "privacy_auto_filter", "privacy_mute_keywords", "privacy_discoverable_by_email", "privacy_discoverable_by_phone", "privacy_fediverse_sharing", "email_signature", "auto_reply_enabled", "auto_reply_subject", "auto_reply_body", "auto_reply_start_date", "auto_reply_end_date", "auto_forward_to", "auto_forward_keep_copy", "notification_push_enabled", "notification_email_digest", "notification_security_alerts", "notification_marketing_emails", "preference_language", "preference_theme", "preference_reduce_motion", "preference_timezone", "theme_preference_mode", "theme_preference_color_preset", "created_at", "updated_at") values ($1, default, default, default, default, default, default, default, default, default, default, default, default, default, default, default, default, default, default, default, default, default, default, default, default, default, default, default, default, default, default, default, default, default, default, default, default, $2, default, default, default, default, default, default, $3, default, default, default, default, default, default, default, default, default, default, default, default, default, default, default, default, default, default, default, default, default, default, default, default, default, default, default, default, default, default, default, default, default, default, default, default, default, default, default, default, default, default) returning "id"
2026-10-04T14:01:41.6121098Z  2026-10-04 14:00:55.604 UTC [274] ERROR:  new row for relation "users" violates check constraint "users_kind_check"
2026-10-04T14:01:41.6122578Z  2026-10-04 14:00:55.604 UTC [274] DETAIL:  Failing row contains (5827b91018314941a5d0a257ae0813a4, null, null, null, null, null, null, null, null, null, chapter, null, null, null, active, local, null, null, null, null, null, null, null, null, null, null, f, 0.1, new, f, f, f, {en-US}, null, teal, null, null, null, null, null, null, f, f, f, t, t, f, t, f, t, t, t, f, t, t, f, t, f, t, f, f, f, t, null, f, null, null, null, null, null, t, t, t, t, f, null, system, f, null, null, null, 2026-10-04 14:00:55.604+00, 2026-10-04 14:00:55.604+00, null, {}, {}, null, null, 0, null).
2026-10-04T14:01:41.6123907Z  2026-10-04 14:00:55.604 UTC [274] STATEMENT:  
2026-10-04T14:01:41.6124205Z  	        insert into users (id, color, kind)
2026-10-04T14:01:41.6124497Z  	        values ($1, 'teal', $2)
2026-10-04T14:01:41.6124742Z  	      
2026-10-04T14:01:41.6125141Z  2026-10-04 14:00:55.606 UTC [274] ERROR:  new row for relation "users" violates check constraint "users_account_status_check"
2026-10-04T14:01:41.6126697Z  2026-10-04 14:00:55.606 UTC [274] DETAIL:  Failing row contains (cf01b06e6c984d539d98892a117e0efe, null, null, null, null, null, null, null, null, null, personal, null, null, null, suspended, local, null, null, null, null, null, null, null, null, null, null, f, 0.1, new, f, f, f, {en-US}, null, teal, null, null, null, null, null, null, f, f, f, t, t, f, t, f, t, t, t, f, t, t, f, t, f, t, f, f, f, t, null, f, null, null, null, null, null, t, t, t, t, f, null, system, f, null, null, null, 2026-10-04 14:00:55.605+00, 2026-10-04 14:00:55.605+00, null, {}, {}, null, null, 0, null).
2026-10-04T14:01:41.6128038Z  2026-10-04 14:00:55.606 UTC [274] STATEMENT:  
2026-10-04T14:01:41.6128356Z  	        insert into users (id, color, account_status)
2026-10-04T14:01:41.6128780Z  	        values ($1, 'teal', $2)
2026-10-04T14:01:41.6129026Z  	      
2026-10-04T14:01:41.6129394Z  2026-10-04 14:00:55.607 UTC [274] ERROR:  new row for relation "users" violates check constraint "users_type_check"
2026-10-04T14:01:41.6130901Z  2026-10-04 14:00:55.607 UTC [274] DETAIL:  Failing row contains (e708713c06cf4d3a8db1e72f30a7288a, null, null, null, null, null, null, null, null, null, personal, null, null, null, active, daemon, null, null, null, null, null, null, null, null, null, null, f, 0.1, new, f, f, f, {en-US}, null, teal, null, null, null, null, null, null, f, f, f, t, t, f, t, f, t, t, t, f, t, t, f, t, f, t, f, f, f, t, null, f, null, null, null, null, null, t, t, t, t, f, null, system, f, null, null, null, 2026-10-04 14:00:55.606+00, 2026-10-04 14:00:55.606+00, null, {}, {}, null, null, 0, null).
2026-10-04T14:01:41.6132244Z  2026-10-04 14:00:55.607 UTC [274] STATEMENT:  
2026-10-04T14:01:41.6132535Z  	        insert into users (id, color, type)
2026-10-04T14:01:41.6132818Z  	        values ($1, 'teal', $2)
2026-10-04T14:01:41.6133051Z  	      
2026-10-04T14:01:41.6133439Z  2026-10-04 14:00:55.608 UTC [274] ERROR:  new row for relation "users" violates check constraint "users_reputation_tier_check"
2026-10-04T14:01:41.6134981Z  2026-10-04 14:00:55.608 UTC [274] DETAIL:  Failing row contains (ac7ec0a8c9de458da4f989d0e18d6675, null, null, null, null, null, null, null, null, null, personal, null, null, null, active, local, null, null, null, null, null, null, null, null, null, null, f, 0.1, legendary, f, f, f, {en-US}, null, teal, null, null, null, null, null, null, f, f, f, t, t, f, t, f, t, t, t, f, t, t, f, t, f, t, f, f, f, t, null, f, null, null, null, null, null, t, t, t, t, f, null, system, f, null, null, null, 2026-10-04 14:00:55.608+00, 2026-10-04 14:00:55.608+00, null, {}, {}, null, null, 0, null).
2026-10-04T14:01:41.6136340Z  2026-10-04 14:00:55.608 UTC [274] STATEMENT:  
2026-10-04T14:01:41.6136650Z  	        insert into users (id, color, reputation_tier)
2026-10-04T14:01:41.6136949Z  	        values ($1, 'teal', $2)
2026-10-04T14:01:41.6137178Z  	      
2026-10-04T14:01:41.6137569Z  2026-10-04 14:00:55.610 UTC [274] ERROR:  new row for relation "users" violates check constraint "users_preference_theme_check"
2026-10-04T14:01:41.6139178Z  2026-10-04 14:00:55.610 UTC [274] DETAIL:  Failing row contains (9413023d0c934e86b24c076f3be89bb1, null, null, null, null, null, null, null, null, null, personal, null, null, null, active, local, null, null, null, null, null, null, null, null, null, null, f, 0.1, new, f, f, f, {en-US}, null, teal, null, null, null, null, null, null, f, f, f, t, t, f, t, f, t, t, t, f, t, t, f, t, f, t, f, f, f, t, null, f, null, null, null, null, null, t, t, t, t, f, null, sepia, f, null, null, null, 2026-10-04 14:00:55.609+00, 2026-10-04 14:00:55.609+00, null, {}, {}, null, null, 0, null).
2026-10-04T14:01:41.6140511Z  2026-10-04 14:00:55.610 UTC [274] STATEMENT:  
2026-10-04T14:01:41.6140821Z  	        insert into users (id, color, preference_theme)
2026-10-04T14:01:41.6141128Z  	        values ($1, 'teal', $2)
2026-10-04T14:01:41.6141357Z  	      
2026-10-04T14:01:41.6141764Z  2026-10-04 14:00:55.611 UTC [274] ERROR:  new row for relation "users" violates check constraint "users_organization_category_check"
2026-10-04T14:01:41.6143339Z  2026-10-04 14:00:55.611 UTC [274] DETAIL:  Failing row contains (07c6e7d917dc44b39d3e70e43b3f6dea, null, null, null, null, null, null, null, null, null, personal, syndicate, null, null, active, local, null, null, null, null, null, null, null, null, null, null, f, 0.1, new, f, f, f, {en-US}, null, teal, null, null, null, null, null, null, f, f, f, t, t, f, t, f, t, t, t, f, t, t, f, t, f, t, f, f, f, t, null, f, null, null, null, null, null, t, t, t, t, f, null, system, f, null, null, null, 2026-10-04 14:00:55.61+00, 2026-10-04 14:00:55.61+00, null, {}, {}, null, null, 0, null).
2026-10-04T14:01:41.6144682Z  2026-10-04 14:00:55.611 UTC [274] STATEMENT:  
2026-10-04T14:01:41.6145004Z  	        insert into users (id, color, organization_category)
2026-10-04T14:01:41.6145371Z  	        values ($1, 'teal', $2)
2026-10-04T14:01:41.6145599Z  	      
2026-10-04T14:01:41.6145997Z  2026-10-04 14:00:55.628 UTC [274] ERROR:  new row for relation "users" violates check constraint "users_theme_preference_check"
2026-10-04T14:01:41.6147514Z  2026-10-04 14:00:55.628 UTC [274] DETAIL:  Failing row contains (01a10737-bc4b-77e2-9946-8050a3ac1ffa, null, null, null, null, null, null, null, null, null, personal, null, null, null, active, local, null, null, null, null, null, null, null, null, null, null, f, 0.1, new, f, f, f, {en-US}, null, teal, null, null, null, null, null, null, f, f, f, t, t, f, t, f, t, t, t, f, t, t, f, t, f, t, f, f, f, t, null, f, null, null, null, null, null, t, t, t, t, f, null, system, f, null, dark, null, 2026-10-04 14:00:55.628+00, 2026-10-04 14:00:55.628+00, null, {}, {}, null, null, 0, null).
2026-10-04T14:01:41.6155522Z  2026-10-04 14:00:55.628 UTC [274] STATEMENT:  insert into "users" ("id", "username", "email", "phone", "public_key", "refresh_token", "name_first", "name_last", "name_display", "kind", "account_categories", "parent_account_id", "root_account_id", "account_status", "type", "federation_actor_uri", "federation_domain", "federation_actor_id", "federation_last_avatar_fetched_at", "federation_avatar_e_tag", "federation_avatar_last_modified", "federation_avatar_retry_at", "federation_avatar_attempts", "federation_avatar_failure", "federation_last_resolved_at", "federation_unavailable_at", "federation_unavailable_reason", "automation_owner_id", "verified", "reputation_rank_weight", "reputation_tier", "is_staff", "staff_capabilities", "is_seed_verifier", "is_sensitive", "languages", "avatar", "color", "bio", "description", "address", "birthday", "date_of_birth", "links", "account_expires_after_inactivity_days", "privacy_is_private_account", "privacy_hide_online_status", "privacy_hide_last_seen", "privacy_profile_visibility", "privacy_login_alerts", "privacy_block_screenshots", "privacy_login", "privacy_biometric_login", "privacy_show_activity", "privacy_allow_tagging", "privacy_allow_mentions", "privacy_hide_read_receipts", "privacy_allow_direct_messages", "privacy_data_sharing", "privacy_location_sharing", "privacy_analytics_sharing", "privacy_sensitive_content", "privacy_auto_filter", "privacy_mute_keywords", "privacy_discoverable_by_email", "privacy_discoverable_by_phone", "privacy_fediverse_sharing", "email_signature", "auto_reply_enabled", "auto_reply_subject", "auto_reply_body", "auto_reply_start_date", "auto_reply_end_date", "auto_forward_to", "auto_forward_keep_copy", "notification_push_enabled", "notification_email_digest", "notification_security_alerts", "notification_marketing_emails", "preference_language", "preference_theme", "preference_reduce_motion", "preference_timezone", "theme_preference_mode", "theme_preference_color_preset", "created_at", "updated_at") values ($1, default, default, default, default, default, default, default, default, default, default, default, default, default, default, default, default, default, default, default, default, default, default, default, default, default, default, default, default, default, default, default, default, default, default, default, default, $2, default, default, default, default, default, default, default, default, default, default, default, default, default, default, default, default, default, default, default, default, default, default, default, default, default, default, default, default, default, default, default, default, default, default, default, default, default, default, default, default, default, default, default, default, default, $3, default, default, default) returning "id"
2026-10-04T14:01:41.6162933Z  2026-10-04 14:00:55.630 UTC [274] ERROR:  new row for relation "users" violates check constraint "users_theme_preference_check"
2026-10-04T14:01:41.6164448Z  2026-10-04 14:00:55.630 UTC [274] DETAIL:  Failing row contains (01a10737-bc4d-7f01-922f-b73026a5c13a, null, null, null, null, null, null, null, null, null, personal, null, null, null, active, local, null, null, null, null, null, null, null, null, null, null, f, 0.1, new, f, f, f, {en-US}, null, teal, null, null, null, null, null, null, f, f, f, t, t, f, t, f, t, t, t, f, t, t, f, t, f, t, f, f, f, t, null, f, null, null, null, null, null, t, t, t, t, f, null, system, f, null, dark, , 2026-10-04 14:00:55.63+00, 2026-10-04 14:00:55.63+00, null, {}, {}, null, null, 0, null).
2026-10-04T14:01:41.6172487Z  2026-10-04 14:00:55.630 UTC [274] STATEMENT:  insert into "users" ("id", "username", "email", "phone", "public_key", "refresh_token", "name_first", "name_last", "name_display", "kind", "account_categories", "parent_account_id", "root_account_id", "account_status", "type", "federation_actor_uri", "federation_domain", "federation_actor_id", "federation_last_avatar_fetched_at", "federation_avatar_e_tag", "federation_avatar_last_modified", "federation_avatar_retry_at", "federation_avatar_attempts", "federation_avatar_failure", "federation_last_resolved_at", "federation_unavailable_at", "federation_unavailable_reason", "automation_owner_id", "verified", "reputation_rank_weight", "reputation_tier", "is_staff", "staff_capabilities", "is_seed_verifier", "is_sensitive", "languages", "avatar", "color", "bio", "description", "address", "birthday", "date_of_birth", "links", "account_expires_after_inactivity_days", "privacy_is_private_account", "privacy_hide_online_status", "privacy_hide_last_seen", "privacy_profile_visibility", "privacy_login_alerts", "privacy_block_screenshots", "privacy_login", "privacy_biometric_login", "privacy_show_activity", "privacy_allow_tagging", "privacy_allow_mentions", "privacy_hide_read_receipts", "privacy_allow_direct_messages", "privacy_data_sharing", "privacy_location_sharing", "privacy_analytics_sharing", "privacy_sensitive_content", "privacy_auto_filter", "privacy_mute_keywords", "privacy_discoverable_by_email", "privacy_discoverable_by_phone", "privacy_fediverse_sharing", "email_signature", "auto_reply_enabled", "auto_reply_subject", "auto_reply_body", "auto_reply_start_date", "auto_reply_end_date", "auto_forward_to", "auto_forward_keep_copy", "notification_push_enabled", "notification_email_digest", "notification_security_alerts", "notification_marketing_emails", "preference_language", "preference_theme", "preference_reduce_motion", "preference_timezone", "theme_preference_mode", "theme_preference_color_preset", "created_at", "updated_at") values ($1, default, default, default, default, default, default, default, default, default, default, default, default, default, default, default, default, default, default, default, default, default, default, default, default, default, default, default, default, default, default, default, default, default, default, default, default, $2, default, default, default, default, default, default, default, default, default, default, default, default, default, default, default, default, default, default, default, default, default, default, default, default, default, default, default, default, default, default, default, default, default, default, default, default, default, default, default, default, default, default, default, default, default, $3, $4, default, default) returning "id"
2026-10-04T14:01:41.6179790Z  2026-10-04 14:01:02.095 UTC [287] ERROR:  new row for relation "app_reviews" violates check constraint "app_reviews_rating_range"
2026-10-04T14:01:41.6180764Z  2026-10-04 14:01:02.095 UTC [287] DETAIL:  Failing row contains (01a10737-d58e-7c69-adb7-c73325d60ea6, 01a10737-d57a-7424-b064-1a631b16f14f, 01a10737-d57d-77e4-8ae7-571ffae1fb1f, 9, null, null, visible, 2026-10-04 14:01:02.095+00, 2026-10-04 14:01:02.095+00).
2026-10-04T14:01:41.6182413Z  2026-10-04 14:01:02.095 UTC [287] STATEMENT:  insert into "app_reviews" ("id", "application_id", "user_id", "rating", "title", "body", "status", "created_at", "updated_at") values ($1, $2, $3, $4, $5, $6, default, default, default) on conflict ("application_id","user_id") do update set "rating" = $7, "title" = $8, "body" = $9, "updated_at" = $10 returning "id", "rating", "title", "body", "status", "created_at", "updated_at"
2026-10-04T14:01:41.6183750Z  2026-10-04 14:01:05.527 UTC [312] ERROR:  duplicate key value violates unique constraint "users_lower_username_key"
2026-10-04T14:01:41.6184327Z  2026-10-04 14:01:05.527 UTC [312] DETAIL:  Key (lower(btrim(username)))=(forced15zmutw2jfg) already exists.
2026-10-04T14:01:41.6196198Z  2026-10-04 14:01:05.527 UTC [312] STATEMENT:  insert into "users" ("id", "username", "email", "phone", "public_key", "refresh_token", "name_first", "name_last", "name_display", "kind", "account_categories", "parent_account_id", "root_account_id", "account_status", "type", "federation_actor_uri", "federation_domain", "federation_actor_id", "federation_last_avatar_fetched_at", "federation_avatar_e_tag", "federation_avatar_last_modified", "federation_avatar_retry_at", "federation_avatar_attempts", "federation_avatar_failure", "federation_last_resolved_at", "federation_unavailable_at", "federation_unavailable_reason", "automation_owner_id", "verified", "reputation_rank_weight", "reputation_tier", "is_staff", "staff_capabilities", "is_seed_verifier", "is_sensitive", "languages", "avatar", "color", "bio", "description", "address", "birthday", "date_of_birth", "links", "account_expires_after_inactivity_days", "privacy_is_private_account", "privacy_hide_online_status", "privacy_hide_last_seen", "privacy_profile_visibility", "privacy_login_alerts", "privacy_block_screenshots", "privacy_login", "privacy_biometric_login", "privacy_show_activity", "privacy_allow_tagging", "privacy_allow_mentions", "privacy_hide_read_receipts", "privacy_allow_direct_messages", "privacy_data_sharing", "privacy_location_sharing", "privacy_analytics_sharing", "privacy_sensitive_content", "privacy_auto_filter", "privacy_mute_keywords", "privacy_discoverable_by_email", "privacy_discoverable_by_phone", "privacy_fediverse_sharing", "email_signature", "auto_reply_enabled", "auto_reply_subject", "auto_reply_body", "auto_reply_start_date", "auto_reply_end_date", "auto_forward_to", "auto_forward_keep_copy", "notification_push_enabled", "notification_email_digest", "notification_security_alerts", "notification_marketing_emails", "preference_language", "preference_theme", "preference_reduce_motion", "preference_timezone", "theme_preference_mode", "theme_preference_color_preset", "created_at", "updated_at") values ($1, $2, default, default, default, default, default, default, default, $3, default, $4, $5, $6, $7, default, default, default, default, default, default, default, default, default, default, default, default, default, $8, default, default, default, default, default, default, default, default, $9, default, default, default, default, default, default, default, default, default, default, default, default, default, default, default, default, default, default, default, default, default, default, default, default, default, default, default, default, default, default, default, default, default, default, default, default, default, default, default, default, default, default, default, default, default, default, default, default, default) returning "id", "username", "email", "phone", "hashed_email", "hashed_phone", "public_key", "refresh_token", "name_first", "name_last", "name_display", "kind", "account_categories", "parent_account_id", "root_account_id", "account_status", "type", "federation_actor_uri", "federation_domain", "federation_actor_id", "federation_last_avatar_fetched_at", "federation_avatar_e_tag", "federation_avatar_last_modified", "federation_avatar_retry_at", "federation_avatar_attempts", "federation_avatar_failure", "federation_last_resolved_at", "federation_unavailable_at", "federation_unavailable_reason", "automation_owner_id", "verified", "reputation_rank_weight", "reputation_tier", "is_staff", "staff_capabilities", "is_seed_verifier", "is_sensitive", "languages", "avatar", "color", "bio", "description", "address", "birthday", "date_of_birth", "links", "account_expires_after_inactivity_days", "privacy_is_private_account", "privacy_hide_online_status", "privacy_hide_last_seen", "privacy_profile_visibility", "privacy_login_alerts", "privacy_block_screenshots", "privacy_login", "privacy_biometric_login", "privacy_show_activity", "privacy_allow_tagging", "privacy_allow_mentions", "privacy_hide_read_receipts", "privacy_allow_direct_messages", "privacy_data_sharing", "privacy_location_sharing", "privacy_analytics_sharing", "privacy_sensitive_content", "privacy_auto_filter", "privacy_mute_keywords", "privacy_discoverable_by_email", "privacy_discoverable_by_phone", "privacy_fediverse_sharing", "email_signature", "auto_reply_enabled", "auto_reply_subject", "auto_reply_body", "auto_reply_start_date", "auto_reply_end_date", "auto_forward_to", "auto_forward_keep_copy", "notification_push_enabled", "notification_email_digest", "notification_security_alerts", "notification_marketing_emails", "preference_language", "preference_theme", "preference_reduce_motion", "preference_timezone", "theme_preference_mode", "theme_preference_color_preset", "created_at", "updated_at"
2026-10-04T14:01:41.6208363Z  2026-10-04 14:01:05.594 UTC [316] ERROR:  duplicate key value violates unique constraint "users_lower_username_key"
2026-10-04T14:01:41.6209019Z  2026-10-04 14:01:05.594 UTC [316] DETAIL:  Key (lower(btrim(username)))=(race17zmutw2jge) already exists.
2026-10-04T14:01:41.6220803Z  2026-10-04 14:01:05.594 UTC [316] STATEMENT:  insert into "users" ("id", "username", "email", "phone", "public_key", "refresh_token", "name_first", "name_last", "name_display", "kind", "account_categories", "parent_account_id", "root_account_id", "account_status", "type", "federation_actor_uri", "federation_domain", "federation_actor_id", "federation_last_avatar_fetched_at", "federation_avatar_e_tag", "federation_avatar_last_modified", "federation_avatar_retry_at", "federation_avatar_attempts", "federation_avatar_failure", "federation_last_resolved_at", "federation_unavailable_at", "federation_unavailable_reason", "automation_owner_id", "verified", "reputation_rank_weight", "reputation_tier", "is_staff", "staff_capabilities", "is_seed_verifier", "is_sensitive", "languages", "avatar", "color", "bio", "description", "address", "birthday", "date_of_birth", "links", "account_expires_after_inactivity_days", "privacy_is_private_account", "privacy_hide_online_status", "privacy_hide_last_seen", "privacy_profile_visibility", "privacy_login_alerts", "privacy_block_screenshots", "privacy_login", "privacy_biometric_login", "privacy_show_activity", "privacy_allow_tagging", "privacy_allow_mentions", "privacy_hide_read_receipts", "privacy_allow_direct_messages", "privacy_data_sharing", "privacy_location_sharing", "privacy_analytics_sharing", "privacy_sensitive_content", "privacy_auto_filter", "privacy_mute_keywords", "privacy_discoverable_by_email", "privacy_discoverable_by_phone", "privacy_fediverse_sharing", "email_signature", "auto_reply_enabled", "auto_reply_subject", "auto_reply_body", "auto_reply_start_date", "auto_reply_end_date", "auto_forward_to", "auto_forward_keep_copy", "notification_push_enabled", "notification_email_digest", "notification_security_alerts", "notification_marketing_emails", "preference_language", "preference_theme", "preference_reduce_motion", "preference_timezone", "theme_preference_mode", "theme_preference_color_preset", "created_at", "updated_at") values ($1, $2, default, default, default, default, default, default, default, $3, default, $4, $5, $6, $7, default, default, default, default, default, default, default, default, default, default, default, default, default, $8, default, default, default, default, default, default, default, default, $9, default, default, default, default, default, default, default, default, default, default, default, default, default, default, default, default, default, default, default, default, default, default, default, default, default, default, default, default, default, default, default, default, default, default, default, default, default, default, default, default, default, default, default, default, default, default, default, default, default) returning "id", "username", "email", "phone", "hashed_email", "hashed_phone", "public_key", "refresh_token", "name_first", "name_last", "name_display", "kind", "account_categories", "parent_account_id", "root_account_id", "account_status", "type", "federation_actor_uri", "federation_domain", "federation_actor_id", "federation_last_avatar_fetched_at", "federation_avatar_e_tag", "federation_avatar_last_modified", "federation_avatar_retry_at", "federation_avatar_attempts", "federation_avatar_failure", "federation_last_resolved_at", "federation_unavailable_at", "federation_unavailable_reason", "automation_owner_id", "verified", "reputation_rank_weight", "reputation_tier", "is_staff", "staff_capabilities", "is_seed_verifier", "is_sensitive", "languages", "avatar", "color", "bio", "description", "address", "birthday", "date_of_birth", "links", "account_expires_after_inactivity_days", "privacy_is_private_account", "privacy_hide_online_status", "privacy_hide_last_seen", "privacy_profile_visibility", "privacy_login_alerts", "privacy_block_screenshots", "privacy_login", "privacy_biometric_login", "privacy_show_activity", "privacy_allow_tagging", "privacy_allow_mentions", "privacy_hide_read_receipts", "privacy_allow_direct_messages", "privacy_data_sharing", "privacy_location_sharing", "privacy_analytics_sharing", "privacy_sensitive_content", "privacy_auto_filter", "privacy_mute_keywords", "privacy_discoverable_by_email", "privacy_discoverable_by_phone", "privacy_fediverse_sharing", "email_signature", "auto_reply_enabled", "auto_reply_subject", "auto_reply_body", "auto_reply_start_date", "auto_reply_end_date", "auto_forward_to", "auto_forward_keep_copy", "notification_push_enabled", "notification_email_digest", "notification_security_alerts", "notification_marketing_emails", "preference_language", "preference_theme", "preference_reduce_motion", "preference_timezone", "theme_preference_mode", "theme_preference_color_preset", "created_at", "updated_at"
2026-10-04T14:01:41.6233090Z  2026-10-04 14:01:05.594 UTC [314] ERROR:  duplicate key value violates unique constraint "users_lower_username_key"
2026-10-04T14:01:41.6233659Z  2026-10-04 14:01:05.594 UTC [314] DETAIL:  Key (lower(btrim(username)))=(race17zmutw2jge) already exists.
2026-10-04T14:01:41.6245406Z  2026-10-04 14:01:05.594 UTC [314] STATEMENT:  insert into "users" ("id", "username", "email", "phone", "public_key", "refresh_token", "name_first", "name_last", "name_display", "kind", "account_categories", "parent_account_id", "root_account_id", "account_status", "type", "federation_actor_uri", "federation_domain", "federation_actor_id", "federation_last_avatar_fetched_at", "federation_avatar_e_tag", "federation_avatar_last_modified", "federation_avatar_retry_at", "federation_avatar_attempts", "federation_avatar_failure", "federation_last_resolved_at", "federation_unavailable_at", "federation_unavailable_reason", "automation_owner_id", "verified", "reputation_rank_weight", "reputation_tier", "is_staff", "staff_capabilities", "is_seed_verifier", "is_sensitive", "languages", "avatar", "color", "bio", "description", "address", "birthday", "date_of_birth", "links", "account_expires_after_inactivity_days", "privacy_is_private_account", "privacy_hide_online_status", "privacy_hide_last_seen", "privacy_profile_visibility", "privacy_login_alerts", "privacy_block_screenshots", "privacy_login", "privacy_biometric_login", "privacy_show_activity", "privacy_allow_tagging", "privacy_allow_mentions", "privacy_hide_read_receipts", "privacy_allow_direct_messages", "privacy_data_sharing", "privacy_location_sharing", "privacy_analytics_sharing", "privacy_sensitive_content", "privacy_auto_filter", "privacy_mute_keywords", "privacy_discoverable_by_email", "privacy_discoverable_by_phone", "privacy_fediverse_sharing", "email_signature", "auto_reply_enabled", "auto_reply_subject", "auto_reply_body", "auto_reply_start_date", "auto_reply_end_date", "auto_forward_to", "auto_forward_keep_copy", "notification_push_enabled", "notification_email_digest", "notification_security_alerts", "notification_marketing_emails", "preference_language", "preference_theme", "preference_reduce_motion", "preference_timezone", "theme_preference_mode", "theme_preference_color_preset", "created_at", "updated_at") values ($1, $2, default, default, default, default, default, default, default, $3, default, $4, $5, $6, $7, default, default, default, default, default, default, default, default, default, default, default, default, default, $8, default, default, default, default, default, default, default, default, $9, default, default, default, default, default, default, default, default, default, default, default, default, default, default, default, default, default, default, default, default, default, default, default, default, default, default, default, default, default, default, default, default, default, default, default, default, default, default, default, default, default, default, default, default, default, default, default, default, default) returning "id", "username", "email", "phone", "hashed_email", "hashed_phone", "public_key", "refresh_token", "name_first", "name_last", "name_display", "kind", "account_categories", "parent_account_id", "root_account_id", "account_status", "type", "federation_actor_uri", "federation_domain", "federation_actor_id", "federation_last_avatar_fetched_at", "federation_avatar_e_tag", "federation_avatar_last_modified", "federation_avatar_retry_at", "federation_avatar_attempts", "federation_avatar_failure", "federation_last_resolved_at", "federation_unavailable_at", "federation_unavailable_reason", "automation_owner_id", "verified", "reputation_rank_weight", "reputation_tier", "is_staff", "staff_capabilities", "is_seed_verifier", "is_sensitive", "languages", "avatar", "color", "bio", "description", "address", "birthday", "date_of_birth", "links", "account_expires_after_inactivity_days", "privacy_is_private_account", "privacy_hide_online_status", "privacy_hide_last_seen", "privacy_profile_visibility", "privacy_login_alerts", "privacy_block_screenshots", "privacy_login", "privacy_biometric_login", "privacy_show_activity", "privacy_allow_tagging", "privacy_allow_mentions", "privacy_hide_read_receipts", "privacy_allow_direct_messages", "privacy_data_sharing", "privacy_location_sharing", "privacy_analytics_sharing", "privacy_sensitive_content", "privacy_auto_filter", "privacy_mute_keywords", "privacy_discoverable_by_email", "privacy_discoverable_by_phone", "privacy_fediverse_sharing", "email_signature", "auto_reply_enabled", "auto_reply_subject", "auto_reply_body", "auto_reply_start_date", "auto_reply_end_date", "auto_forward_to", "auto_forward_keep_copy", "notification_push_enabled", "notification_email_digest", "notification_security_alerts", "notification_marketing_emails", "preference_language", "preference_theme", "preference_reduce_motion", "preference_timezone", "theme_preference_mode", "theme_preference_color_preset", "created_at", "updated_at"
2026-10-04T14:01:41.6257560Z  2026-10-04 14:01:05.594 UTC [311] ERROR:  duplicate key value violates unique constraint "users_lower_username_key"
2026-10-04T14:01:41.6258135Z  2026-10-04 14:01:05.594 UTC [311] DETAIL:  Key (lower(btrim(username)))=(race17zmutw2jge) already exists.
2026-10-04T14:01:41.6270142Z  2026-10-04 14:01:05.594 UTC [311] STATEMENT:  insert into "users" ("id", "username", "email", "phone", "public_key", "refresh_token", "name_first", "name_last", "name_display", "kind", "account_categories", "parent_account_id", "root_account_id", "account_status", "type", "federation_actor_uri", "federation_domain", "federation_actor_id", "federation_last_avatar_fetched_at", "federation_avatar_e_tag", "federation_avatar_last_modified", "federation_avatar_retry_at", "federation_avatar_attempts", "federation_avatar_failure", "federation_last_resolved_at", "federation_unavailable_at", "federation_unavailable_reason", "automation_owner_id", "verified", "reputation_rank_weight", "reputation_tier", "is_staff", "staff_capabilities", "is_seed_verifier", "is_sensitive", "languages", "avatar", "color", "bio", "description", "address", "birthday", "date_of_birth", "links", "account_expires_after_inactivity_days", "privacy_is_private_account", "privacy_hide_online_status", "privacy_hide_last_seen", "privacy_profile_visibility", "privacy_login_alerts", "privacy_block_screenshots", "privacy_login", "privacy_biometric_login", "privacy_show_activity", "privacy_allow_tagging", "privacy_allow_mentions", "privacy_hide_read_receipts", "privacy_allow_direct_messages", "privacy_data_sharing", "privacy_location_sharing", "privacy_analytics_sharing", "privacy_sensitive_content", "privacy_auto_filter", "privacy_mute_keywords", "privacy_discoverable_by_email", "privacy_discoverable_by_phone", "privacy_fediverse_sharing", "email_signature", "auto_reply_enabled", "auto_reply_subject", "auto_reply_body", "auto_reply_start_date", "auto_reply_end_date", "auto_forward_to", "auto_forward_keep_copy", "notification_push_enabled", "notification_email_digest", "notification_security_alerts", "notification_marketing_emails", "preference_language", "preference_theme", "preference_reduce_motion", "preference_timezone", "theme_preference_mode", "theme_preference_color_preset", "created_at", "updated_at") values ($1, $2, default, default, default, default, default, default, default, $3, default, $4, $5, $6, $7, default, default, default, default, default, default, default, default, default, default, default, default, default, $8, default, default, default, default, default, default, default, default, $9, default, default, default, default, default, default, default, default, default, default, default, default, default, default, default, default, default, default, default, default, default, default, default, default, default, default, default, default, default, default, default, default, default, default, default, default, default, default, default, default, default, default, default, default, default, default, default, default, default) returning "id", "username", "email", "phone", "hashed_email", "hashed_phone", "public_key", "refresh_token", "name_first", "name_last", "name_display", "kind", "account_categories", "parent_account_id", "root_account_id", "account_status", "type", "federation_actor_uri", "federation_domain", "federation_actor_id", "federation_last_avatar_fetched_at", "federation_avatar_e_tag", "federation_avatar_last_modified", "federation_avatar_retry_at", "federation_avatar_attempts", "federation_avatar_failure", "federation_last_resolved_at", "federation_unavailable_at", "federation_unavailable_reason", "automation_owner_id", "verified", "reputation_rank_weight", "reputation_tier", "is_staff", "staff_capabilities", "is_seed_verifier", "is_sensitive", "languages", "avatar", "color", "bio", "description", "address", "birthday", "date_of_birth", "links", "account_expires_after_inactivity_days", "privacy_is_private_account", "privacy_hide_online_status", "privacy_hide_last_seen", "privacy_profile_visibility", "privacy_login_alerts", "privacy_block_screenshots", "privacy_login", "privacy_biometric_login", "privacy_show_activity", "privacy_allow_tagging", "privacy_allow_mentions", "privacy_hide_read_receipts", "privacy_allow_direct_messages", "privacy_data_sharing", "privacy_location_sharing", "privacy_analytics_sharing", "privacy_sensitive_content", "privacy_auto_filter", "privacy_mute_keywords", "privacy_discoverable_by_email", "privacy_discoverable_by_phone", "privacy_fediverse_sharing", "email_signature", "auto_reply_enabled", "auto_reply_subject", "auto_reply_body", "auto_reply_start_date", "auto_reply_end_date", "auto_forward_to", "auto_forward_keep_copy", "notification_push_enabled", "notification_email_digest", "notification_security_alerts", "notification_marketing_emails", "preference_language", "preference_theme", "preference_reduce_motion", "preference_timezone", "theme_preference_mode", "theme_preference_color_preset", "created_at", "updated_at"
2026-10-04T14:01:41.6282286Z  2026-10-04 14:01:05.594 UTC [313] ERROR:  duplicate key value violates unique constraint "users_lower_username_key"
2026-10-04T14:01:41.6282845Z  2026-10-04 14:01:05.594 UTC [313] DETAIL:  Key (lower(btrim(username)))=(race17zmutw2jge) already exists.
2026-10-04T14:01:41.6294601Z  2026-10-04 14:01:05.594 UTC [313] STATEMENT:  insert into "users" ("id", "username", "email", "phone", "public_key", "refresh_token", "name_first", "name_last", "name_display", "kind", "account_categories", "parent_account_id", "root_account_id", "account_status", "type", "federation_actor_uri", "federation_domain", "federation_actor_id", "federation_last_avatar_fetched_at", "federation_avatar_e_tag", "federation_avatar_last_modified", "federation_avatar_retry_at", "federation_avatar_attempts", "federation_avatar_failure", "federation_last_resolved_at", "federation_unavailable_at", "federation_unavailable_reason", "automation_owner_id", "verified", "reputation_rank_weight", "reputation_tier", "is_staff", "staff_capabilities", "is_seed_verifier", "is_sensitive", "languages", "avatar", "color", "bio", "description", "address", "birthday", "date_of_birth", "links", "account_expires_after_inactivity_days", "privacy_is_private_account", "privacy_hide_online_status", "privacy_hide_last_seen", "privacy_profile_visibility", "privacy_login_alerts", "privacy_block_screenshots", "privacy_login", "privacy_biometric_login", "privacy_show_activity", "privacy_allow_tagging", "privacy_allow_mentions", "privacy_hide_read_receipts", "privacy_allow_direct_messages", "privacy_data_sharing", "privacy_location_sharing", "privacy_analytics_sharing", "privacy_sensitive_content", "privacy_auto_filter", "privacy_mute_keywords", "privacy_discoverable_by_email", "privacy_discoverable_by_phone", "privacy_fediverse_sharing", "email_signature", "auto_reply_enabled", "auto_reply_subject", "auto_reply_body", "auto_reply_start_date", "auto_reply_end_date", "auto_forward_to", "auto_forward_keep_copy", "notification_push_enabled", "notification_email_digest", "notification_security_alerts", "notification_marketing_emails", "preference_language", "preference_theme", "preference_reduce_motion", "preference_timezone", "theme_preference_mode", "theme_preference_color_preset", "created_at", "updated_at") values ($1, $2, default, default, default, default, default, default, default, $3, default, $4, $5, $6, $7, default, default, default, default, default, default, default, default, default, default, default, default, default, $8, default, default, default, default, default, default, default, default, $9, default, default, default, default, default, default, default, default, default, default, default, default, default, default, default, default, default, default, default, default, default, default, default, default, default, default, default, default, default, default, default, default, default, default, default, default, default, default, default, default, default, default, default, default, default, default, default, default, default) returning "id", "username", "email", "phone", "hashed_email", "hashed_phone", "public_key", "refresh_token", "name_first", "name_last", "name_display", "kind", "account_categories", "parent_account_id", "root_account_id", "account_status", "type", "federation_actor_uri", "federation_domain", "federation_actor_id", "federation_last_avatar_fetched_at", "federation_avatar_e_tag", "federation_avatar_last_modified", "federation_avatar_retry_at", "federation_avatar_attempts", "federation_avatar_failure", "federation_last_resolved_at", "federation_unavailable_at", "federation_unavailable_reason", "automation_owner_id", "verified", "reputation_rank_weight", "reputation_tier", "is_staff", "staff_capabilities", "is_seed_verifier", "is_sensitive", "languages", "avatar", "color", "bio", "description", "address", "birthday", "date_of_birth", "links", "account_expires_after_inactivity_days", "privacy_is_private_account", "privacy_hide_online_status", "privacy_hide_last_seen", "privacy_profile_visibility", "privacy_login_alerts", "privacy_block_screenshots", "privacy_login", "privacy_biometric_login", "privacy_show_activity", "privacy_allow_tagging", "privacy_allow_mentions", "privacy_hide_read_receipts", "privacy_allow_direct_messages", "privacy_data_sharing", "privacy_location_sharing", "privacy_analytics_sharing", "privacy_sensitive_content", "privacy_auto_filter", "privacy_mute_keywords", "privacy_discoverable_by_email", "privacy_discoverable_by_phone", "privacy_fediverse_sharing", "email_signature", "auto_reply_enabled", "auto_reply_subject", "auto_reply_body", "auto_reply_start_date", "auto_reply_end_date", "auto_forward_to", "auto_forward_keep_copy", "notification_push_enabled", "notification_email_digest", "notification_security_alerts", "notification_marketing_emails", "preference_language", "preference_theme", "preference_reduce_motion", "preference_timezone", "theme_preference_mode", "theme_preference_color_preset", "created_at", "updated_at"
2026-10-04T14:01:41.6306667Z  2026-10-04 14:01:05.600 UTC [315] ERROR:  duplicate key value violates unique constraint "users_lower_username_key"
2026-10-04T14:01:41.6307230Z  2026-10-04 14:01:05.600 UTC [315] DETAIL:  Key (lower(btrim(username)))=(race17zmutw2jge) already exists.
2026-10-04T14:01:41.6319145Z  2026-10-04 14:01:05.600 UTC [315] STATEMENT:  insert into "users" ("id", "username", "email", "phone", "public_key", "refresh_token", "name_first", "name_last", "name_display", "kind", "account_categories", "parent_account_id", "root_account_id", "account_status", "type", "federation_actor_uri", "federation_domain", "federation_actor_id", "federation_last_avatar_fetched_at", "federation_avatar_e_tag", "federation_avatar_last_modified", "federation_avatar_retry_at", "federation_avatar_attempts", "federation_avatar_failure", "federation_last_resolved_at", "federation_unavailable_at", "federation_unavailable_reason", "automation_owner_id", "verified", "reputation_rank_weight", "reputation_tier", "is_staff", "staff_capabilities", "is_seed_verifier", "is_sensitive", "languages", "avatar", "color", "bio", "description", "address", "birthday", "date_of_birth", "links", "account_expires_after_inactivity_days", "privacy_is_private_account", "privacy_hide_online_status", "privacy_hide_last_seen", "privacy_profile_visibility", "privacy_login_alerts", "privacy_block_screenshots", "privacy_login", "privacy_biometric_login", "privacy_show_activity", "privacy_allow_tagging", "privacy_allow_mentions", "privacy_hide_read_receipts", "privacy_allow_direct_messages", "privacy_data_sharing", "privacy_location_sharing", "privacy_analytics_sharing", "privacy_sensitive_content", "privacy_auto_filter", "privacy_mute_keywords", "privacy_discoverable_by_email", "privacy_discoverable_by_phone", "privacy_fediverse_sharing", "email_signature", "auto_reply_enabled", "auto_reply_subject", "auto_reply_body", "auto_reply_start_date", "auto_reply_end_date", "auto_forward_to", "auto_forward_keep_copy", "notification_push_enabled", "notification_email_digest", "notification_security_alerts", "notification_marketing_emails", "preference_language", "preference_theme", "preference_reduce_motion", "preference_timezone", "theme_preference_mode", "theme_preference_color_preset", "created_at", "updated_at") values ($1, $2, default, default, default, default, default, default, default, $3, default, $4, $5, $6, $7, default, default, default, default, default, default, default, default, default, default, default, default, default, $8, default, default, default, default, default, default, default, default, $9, default, default, default, default, default, default, default, default, default, default, default, default, default, default, default, default, default, default, default, default, default, default, default, default, default, default, default, default, default, default, default, default, default, default, default, default, default, default, default, default, default, default, default, default, default, default, default, default, default) returning "id", "username", "email", "phone", "hashed_email", "hashed_phone", "public_key", "refresh_token", "name_first", "name_last", "name_display", "kind", "account_categories", "parent_account_id", "root_account_id", "account_status", "type", "federation_actor_uri", "federation_domain", "federation_actor_id", "federation_last_avatar_fetched_at", "federation_avatar_e_tag", "federation_avatar_last_modified", "federation_avatar_retry_at", "federation_avatar_attempts", "federation_avatar_failure", "federation_last_resolved_at", "federation_unavailable_at", "federation_unavailable_reason", "automation_owner_id", "verified", "reputation_rank_weight", "reputation_tier", "is_staff", "staff_capabilities", "is_seed_verifier", "is_sensitive", "languages", "avatar", "color", "bio", "description", "address", "birthday", "date_of_birth", "links", "account_expires_after_inactivity_days", "privacy_is_private_account", "privacy_hide_online_status", "privacy_hide_last_seen", "privacy_profile_visibility", "privacy_login_alerts", "privacy_block_screenshots", "privacy_login", "privacy_biometric_login", "privacy_show_activity", "privacy_allow_tagging", "privacy_allow_mentions", "privacy_hide_read_receipts", "privacy_allow_direct_messages", "privacy_data_sharing", "privacy_location_sharing", "privacy_analytics_sharing", "privacy_sensitive_content", "privacy_auto_filter", "privacy_mute_keywords", "privacy_discoverable_by_email", "privacy_discoverable_by_phone", "privacy_fediverse_sharing", "email_signature", "auto_reply_enabled", "auto_reply_subject", "auto_reply_body", "auto_reply_start_date", "auto_reply_end_date", "auto_forward_to", "auto_forward_keep_copy", "notification_push_enabled", "notification_email_digest", "notification_security_alerts", "notification_marketing_emails", "preference_language", "preference_theme", "preference_reduce_motion", "preference_timezone", "theme_preference_mode", "theme_preference_color_preset", "created_at", "updated_at"
2026-10-04T14:01:41.6331290Z  2026-10-04 14:01:05.614 UTC [311] ERROR:  duplicate key value violates unique constraint "users_lower_email_key"
2026-10-04T14:01:41.6331873Z  2026-10-04 14:01:05.614 UTC [311] DETAIL:  Key (lower(btrim(email)))=(dup19zmutw2jie@example.com) already exists.
2026-10-04T14:01:41.6332465Z  2026-10-04 14:01:05.614 UTC [311] STATEMENT:  update "users" set "email" = $1, "updated_at" = $2 where "users"."id" = $3
2026-10-04T14:01:41.6333084Z  2026-10-04 14:01:08.296 UTC [323] ERROR:  duplicate key value violates unique constraint "app_listings_application_id_key"
2026-10-04T14:01:41.6333721Z  2026-10-04 14:01:08.296 UTC [323] DETAIL:  Key (application_id)=(01a10737-edc4-7c68-b70b-de021f5f4de6) already exists.
2026-10-04T14:01:41.6334853Z  2026-10-04 14:01:08.296 UTC [323] STATEMENT:  insert into "app_listings" ("id", "application_id", "slug", "tagline", "description", "category_id", "support_url", "support_email", "status", "published_at", "created_at", "updated_at") values ($1, $2, $3, default, default, default, default, default, default, default, default, default) returning "id"
2026-10-04T14:01:41.6335984Z  2026-10-04 14:01:08.307 UTC [323] ERROR:  duplicate key value violates unique constraint "app_listings_slug_unique"
2026-10-04T14:01:41.6336497Z  2026-10-04 14:01:08.307 UTC [323] DETAIL:  Key (slug)=(dup-876249f3) already exists.
2026-10-04T14:01:41.6337499Z  2026-10-04 14:01:08.307 UTC [323] STATEMENT:  insert into "app_listings" ("id", "application_id", "slug", "tagline", "description", "category_id", "support_url", "support_email", "status", "published_at", "created_at", "updated_at") values ($1, $2, $3, default, default, default, default, default, default, default, default, default)
2026-10-04T14:01:41.6338849Z  2026-10-04 14:01:08.348 UTC [323] ERROR:  update or delete on table "files" violates foreign key constraint "app_listing_screenshots_file_id_files_id_fk" on table "app_listing_screenshots"
2026-10-04T14:01:41.6339711Z  2026-10-04 14:01:08.348 UTC [323] DETAIL:  Key (id)=(01a10737-edf8-780b-a3a8-3b4799caac9c) is still referenced from table "app_listing_screenshots".
2026-10-04T14:01:41.6340323Z  2026-10-04 14:01:08.348 UTC [323] STATEMENT:  delete from "files" where "files"."id" = $1
2026-10-04T14:01:41.6340925Z  2026-10-04 14:01:08.353 UTC [323] ERROR:  new row for relation "app_reviews" violates check constraint "app_reviews_rating_range"
2026-10-04T14:01:41.6341937Z  2026-10-04 14:01:08.353 UTC [323] DETAIL:  Failing row contains (01a10737-ee01-7bfc-8520-45526bcc7ccd, 01a10737-edff-7084-8ac9-3c60fdaffe44, 01a10737-edfd-7b51-9a3f-9739a747f978, 0, null, Fine., visible, 2026-10-04 14:01:08.353+00, 2026-10-04 14:01:08.353+00).
2026-10-04T14:01:41.6343235Z  2026-10-04 14:01:08.353 UTC [323] STATEMENT:  insert into "app_reviews" ("id", "application_id", "user_id", "rating", "title", "body", "status", "created_at", "updated_at") values ($1, $2, $3, $4, default, $5, default, default, default) returning "id"
2026-10-04T14:01:41.6344139Z  2026-10-04 14:01:08.361 UTC [323] ERROR:  new row for relation "app_reviews" violates check constraint "app_reviews_rating_range"
2026-10-04T14:01:41.6345125Z  2026-10-04 14:01:08.361 UTC [323] DETAIL:  Failing row contains (01a10737-ee08-7b4f-9200-7cbbb1839f19, 01a10737-ee06-7da9-a6a9-ef18ade91fdf, 01a10737-ee03-7e44-8907-08918f0f63a1, 6, null, Fine., visible, 2026-10-04 14:01:08.36+00, 2026-10-04 14:01:08.36+00).
2026-10-04T14:01:41.6346354Z  2026-10-04 14:01:08.361 UTC [323] STATEMENT:  insert into "app_reviews" ("id", "application_id", "user_id", "rating", "title", "body", "status", "created_at", "updated_at") values ($1, $2, $3, $4, default, $5, default, default, default) returning "id"
2026-10-04T14:01:41.6347253Z  2026-10-04 14:01:08.367 UTC [323] ERROR:  new row for relation "app_reviews" violates check constraint "app_reviews_rating_range"
2026-10-04T14:01:41.6348252Z  2026-10-04 14:01:08.367 UTC [323] DETAIL:  Failing row contains (01a10737-ee0e-722c-bab8-20804706bc9a, 01a10737-ee0d-73c0-8a3f-751e34c21677, 01a10737-ee0a-7ed9-a840-ae32b57558f2, -1, null, Fine., visible, 2026-10-04 14:01:08.367+00, 2026-10-04 14:01:08.367+00).
2026-10-04T14:01:41.6349549Z  2026-10-04 14:01:08.367 UTC [323] STATEMENT:  insert into "app_reviews" ("id", "application_id", "user_id", "rating", "title", "body", "status", "created_at", "updated_at") values ($1, $2, $3, $4, default, $5, default, default, default) returning "id"
2026-10-04T14:01:41.6350503Z  2026-10-04 14:01:08.390 UTC [323] ERROR:  duplicate key value violates unique constraint "app_reviews_application_id_user_id_key"
2026-10-04T14:01:41.6351275Z  2026-10-04 14:01:08.390 UTC [323] DETAIL:  Key (application_id, user_id)=(01a10737-ee23-7fa0-b650-2108c0506608, 01a10737-ee21-7646-ad2e-8ae3717227e0) already exists.
2026-10-04T14:01:41.6352267Z  2026-10-04 14:01:08.390 UTC [323] STATEMENT:  insert into "app_reviews" ("id", "application_id", "user_id", "rating", "title", "body", "status", "created_at", "updated_at") values ($1, $2, $3, $4, default, $5, default, default, default) returning "id"
2026-10-04T14:01:41.6353162Z  2026-10-04 14:01:08.422 UTC [323] ERROR:  duplicate key value violates unique constraint "app_review_replies_review_id_key"
2026-10-04T14:01:41.6353764Z  2026-10-04 14:01:08.422 UTC [323] DETAIL:  Key (review_id)=(01a10737-ee43-7041-a190-e6c3549dd613) already exists.
2026-10-04T14:01:41.6354516Z  2026-10-04 14:01:08.422 UTC [323] STATEMENT:  insert into "app_review_replies" ("id", "review_id", "author_user_id", "body", "created_at", "updated_at") values ($1, $2, $3, $4, default, default)
2026-10-04T14:01:41.6355298Z  2026-10-04 14:01:12.550 UTC [333] ERROR:  duplicate key value violates unique constraint "files_sha256_owner_user_live_key"
2026-10-04T14:01:41.6356117Z  2026-10-04 14:01:12.550 UTC [333] DETAIL:  Key (sha256, owner_user_id)=(7ff7f423b463dcd297181c6131e839b0170764cad691c128a78bc6b90f336064, 01a10737-fe5f-7053-960c-2637ac88f22f) already exists.
2026-10-04T14:01:41.6357465Z  2026-10-04 14:01:12.550 UTC [333] STATEMENT:  insert into "files" ("id", "sha256", "size", "mime", "ext", "owner_user_id", "system_owner", "status", "visibility", "purpose", "storage_key", "original_name", "metadata", "created_at", "updated_at") values ($1, $2, $3, $4, $5, $6, default, default, default, default, $7, default, default, default, default) returning "id"
2026-10-04T14:01:41.6358735Z  2026-10-04 14:01:12.993 UTC [335] ERROR:  new row for relation "family_members" violates check constraint "family_members_role_check"
2026-10-04T14:01:41.6359770Z  2026-10-04 14:01:12.993 UTC [335] DETAIL:  Failing row contains (2cd23cfc-34ca-41ff-9a3e-42ca88d592ab, 01a10738-001a-78f2-a6da-d110b666a1b2, 01a10738-001d-7b2d-a5df-55bcb92eccf5, admin, active, null, null, 2026-10-04 14:01:12.993+00, 2026-10-04 14:01:12.993+00).
2026-10-04T14:01:41.6360656Z  2026-10-04 14:01:12.993 UTC [335] STATEMENT:  
2026-10-04T14:01:41.6361040Z  	        insert into family_members (id, family_id, member_user_id, role, status)
2026-10-04T14:01:41.6361412Z  	        values ($1, $2, $3, 'admin', 'active')
2026-10-04T14:01:41.6361683Z  	      
2026-10-04T14:01:41.6362092Z  2026-10-04 14:01:12.999 UTC [335] ERROR:  new row for relation "family_members" violates check constraint "family_members_status_check"
2026-10-04T14:01:41.6363122Z  2026-10-04 14:01:12.999 UTC [335] DETAIL:  Failing row contains (fdd7631c-4bfe-4cd9-9a76-34c8e22d24d4, 01a10738-0023-726a-85b5-a40c60448187, 01a10738-0024-73c0-8df6-8e1b634b5544, member, pending, null, null, 2026-10-04 14:01:12.999+00, 2026-10-04 14:01:12.999+00).
2026-10-04T14:01:41.6363946Z  2026-10-04 14:01:12.999 UTC [335] STATEMENT:  
2026-10-04T14:01:41.6364320Z  	        insert into family_members (id, family_id, member_user_id, role, status)
2026-10-04T14:01:41.6364694Z  	        values ($1, $2, $3, 'member', 'pending')
2026-10-04T14:01:41.6364964Z  	      
2026-10-04T14:01:41.6365384Z  2026-10-04 14:01:13.007 UTC [335] ERROR:  duplicate key value violates unique constraint "family_members_family_id_member_user_id_key"
2026-10-04T14:01:41.6366156Z  2026-10-04 14:01:13.007 UTC [335] DETAIL:  Key (family_id, member_user_id)=(01a10738-0028-7683-8dda-043624131493, 01a10738-002a-73d4-8444-a7f2bc95e2fc) already exists.
2026-10-04T14:01:41.6367168Z  2026-10-04 14:01:13.007 UTC [335] STATEMENT:  insert into "family_members" ("id", "family_id", "member_user_id", "role", "status", "invited_by_user_id", "joined_at", "created_at", "updated_at") values ($1, $2, $3, $4, $5, default, default, default, default)
2026-10-04T14:01:41.6368122Z  2026-10-04 14:01:13.032 UTC [335] ERROR:  duplicate key value violates unique constraint "family_members_family_id_organizer_key"
2026-10-04T14:01:41.6368802Z  2026-10-04 14:01:13.032 UTC [335] DETAIL:  Key (family_id)=(01a10738-0041-7b6d-868d-05be32bc78f0) already exists.
2026-10-04T14:01:41.6369681Z  2026-10-04 14:01:13.032 UTC [335] STATEMENT:  insert into "family_members" ("id", "family_id", "member_user_id", "role", "status", "invited_by_user_id", "joined_at", "created_at", "updated_at") values ($1, $2, $3, $4, $5, default, default, default, default)
2026-10-04T14:01:41.6370639Z  2026-10-04 14:01:17.666 UTC [350] ERROR:  insert or update on table "sessions" violates foreign key constraint "sessions_auth_method_owner_fk"
2026-10-04T14:01:41.6371544Z  2026-10-04 14:01:17.666 UTC [350] DETAIL:  Key (auth_method_id, auth_method_owner_id)=(01a10738-125c-7a78-878f-0dd4740ae072, 01a10738-1257-7763-ae0a-0296c88ae2db) is not present in table "user_auth_methods".
2026-10-04T14:01:41.6373776Z  2026-10-04 14:01:17.666 UTC [350] STATEMENT:  insert into "sessions" ("id", "session_id", "user_id", "device_id", "device_name", "device_type", "platform", "browser", "os", "last_active_at", "user_agent", "device_fingerprint", "access_token", "refresh_token", "previous_refresh_token", "token_rotated_at", "operated_by_user_id", "auth_method_id", "auth_method_owner_id", "application_id", "client_id", "scopes", "device_session_id", "device_context_id", "is_active", "expires_at", "last_refresh", "created_at", "updated_at") values ($1, $2, $3, $4, default, $5, $6, default, default, default, default, default, $7, $8, default, default, $9, $10, $11, default, default, default, default, default, default, $12, default, default, default)
2026-10-04T14:01:41.6375864Z  2026-10-04 14:01:17.679 UTC [350] ERROR:  new row for relation "sessions" violates check constraint "sessions_auth_method_owner_check"
2026-10-04T14:01:41.6377606Z  2026-10-04 14:01:17.679 UTC [350] DETAIL:  Failing row contains (01a10738-126f-7f39-8d43-b73db36cd2e4, 2866ad40-c17c-471d-8471-5c43b2546eda, 01a10738-1263-73a0-a08a-a0d1a951bfa3, 3e7b1c67-4ced-41a9-861d-ff05ebc9e50f, null, server, test, null, null, 2026-10-04 14:01:17.679657+00, null, null, f1b83552-88e7-4918-8b36-c47653a4c5f1, a3c7cbcb-8442-4264-9d3e-ff99c2fd42df, null, null, null, t, 2026-10-04 14:02:17.678+00, 2026-10-04 14:01:17.679657+00, 2026-10-04 14:01:17.679+00, 2026-10-04 14:01:17.679+00, null, null, {}, null, null, 01a10738-126b-754d-8b85-dfc16cfe6034, null).
2026-10-04T14:01:41.6380818Z  2026-10-04 14:01:17.679 UTC [350] STATEMENT:  insert into "sessions" ("id", "session_id", "user_id", "device_id", "device_name", "device_type", "platform", "browser", "os", "last_active_at", "user_agent", "device_fingerprint", "access_token", "refresh_token", "previous_refresh_token", "token_rotated_at", "operated_by_user_id", "auth_method_id", "auth_method_owner_id", "application_id", "client_id", "scopes", "device_session_id", "device_context_id", "is_active", "expires_at", "last_refresh", "created_at", "updated_at") values ($1, $2, $3, $4, default, $5, $6, default, default, default, default, default, $7, $8, default, default, $9, $10, $11, default, default, default, default, default, default, $12, default, default, default)
2026-10-04T14:01:41.6382851Z  2026-10-04 14:01:17.681 UTC [350] ERROR:  new row for relation "sessions" violates check constraint "sessions_auth_method_owner_check"
2026-10-04T14:01:41.6384667Z  2026-10-04 14:01:17.681 UTC [350] DETAIL:  Failing row contains (01a10738-1270-7463-b347-3d1b4faac4bd, 66a05d81-9cbb-4478-9371-d031733daa13, 01a10738-1267-7fc0-aee3-e07551e9d49b, 08ffb8dd-0f39-4687-8b04-97bbfe6ebbfb, null, server, test, null, null, 2026-10-04 14:01:17.681209+00, null, null, a0449db5-7370-4736-ad4e-aa72e15135d1, 8ead703b-abaf-46ef-9c7c-7bd16c4e000d, null, null, null, t, 2026-10-04 14:02:17.68+00, 2026-10-04 14:01:17.681209+00, 2026-10-04 14:01:17.681+00, 2026-10-04 14:01:17.681+00, null, null, {}, null, null, 01a10738-126b-754d-8b85-dfc16cfe6034, 01a10738-1263-73a0-a08a-a0d1a951bfa3).
2026-10-04T14:01:41.6387821Z  2026-10-04 14:01:17.681 UTC [350] STATEMENT:  insert into "sessions" ("id", "session_id", "user_id", "device_id", "device_name", "device_type", "platform", "browser", "os", "last_active_at", "user_agent", "device_fingerprint", "access_token", "refresh_token", "previous_refresh_token", "token_rotated_at", "operated_by_user_id", "auth_method_id", "auth_method_owner_id", "application_id", "client_id", "scopes", "device_session_id", "device_context_id", "is_active", "expires_at", "last_refresh", "created_at", "updated_at") values ($1, $2, $3, $4, default, $5, $6, default, default, default, default, default, $7, $8, default, default, $9, $10, $11, default, default, default, default, default, default, $12, default, default, default)
2026-10-04T14:01:41.6390058Z  2026-10-04 14:01:17.698 UTC [350] ERROR:  update or delete on table "user_auth_methods" violates foreign key constraint "sessions_auth_method_owner_fk" on table "sessions"
2026-10-04T14:01:41.6390963Z  2026-10-04 14:01:17.698 UTC [350] DETAIL:  Key (id, user_id)=(01a10738-127a-78b1-a5a8-e8b3298cc893, 01a10738-1272-7921-a677-bd479cc680ad) is still referenced from table "sessions".
2026-10-04T14:01:41.6391713Z  2026-10-04 14:01:17.698 UTC [350] STATEMENT:  delete from "user_auth_methods" where "user_auth_methods"."id" = $1
2026-10-04T14:01:41.6392476Z  2026-10-04 14:01:17.769 UTC [350] ERROR:  new row for relation "service_acting_as_authority_epochs" violates check constraint "service_acting_as_authority_epochs_nonnegative_check"
2026-10-04T14:01:41.6393387Z  2026-10-04 14:01:17.769 UTC [350] DETAIL:  Failing row contains (01a10738-12b7-7c50-abac-ed36b3ecf338, 01a10738-12c1-78d2-ad73-1b025594ef7e, -1, 2026-10-04 14:01:17.769+00).
2026-10-04T14:01:41.6394355Z  2026-10-04 14:01:17.769 UTC [350] STATEMENT:  update "service_acting_as_authority_epochs" set "epoch" = -1, "updated_at" = $1 where "service_acting_as_authority_epochs"."user_id" = $2
2026-10-04T14:01:41.6395077Z  2026-10-04 14:01:21.766 UTC [361] ERROR:  GoWay credential receipt no longer matches; refusing rollback
2026-10-04T14:01:41.6395601Z  2026-10-04 14:01:21.766 UTC [361] CONTEXT:  PL/pgSQL function inline_code_block line 24 at RAISE
2026-10-04T14:01:41.6396091Z  2026-10-04 14:01:21.766 UTC [361] STATEMENT:  DO $$
2026-10-04T14:01:41.6396376Z  	BEGIN
2026-10-04T14:01:41.6396676Z  	  IF (SELECT count(*) FROM public.applications a, goway_rollback_expected e
2026-10-04T14:01:41.6397047Z  	      WHERE a.id = '73176d04c3654667138c23ec'
2026-10-04T14:01:41.6397374Z  	        AND a.xmin::text = e.app_xmin AND a.name = 'GoWay'
2026-10-04T14:01:41.6397769Z  	        AND a.owner_account_id = e.owner_id AND a.created_by_user_id = e.owner_id
2026-10-04T14:01:41.6398171Z  	        AND a.status = 'active' AND a.type = 'first_party'
2026-10-04T14:01:41.6398488Z  	        AND a.is_official AND NOT a.is_internal
2026-10-04T14:01:41.6398886Z  	        AND a.website_url = 'https://goway.to'
2026-10-04T14:01:41.6399232Z  	        AND a.redirect_uris = ARRAY['https://goway.to']::text[]
2026-10-04T14:01:41.6399576Z  	        AND a.scopes = ARRAY['user:read']::text[]
2026-10-04T14:01:41.6399892Z  	        AND a.capabilities = ARRAY[]::text[]) <> 1 THEN
2026-10-04T14:01:41.6400314Z  	    RAISE EXCEPTION 'GoWay application receipt no longer matches; refusing rollback';
2026-10-04T14:01:41.6400686Z  	  END IF;
2026-10-04T14:01:41.6400940Z  	  IF (SELECT count(*) FROM public.application_credentials
2026-10-04T14:01:41.6401314Z  	      WHERE application_id = '73176d04c3654667138c23ec') <> 1 OR
2026-10-04T14:01:41.6401740Z  	     (SELECT count(*) FROM public.application_credentials c, goway_rollback_expected e
2026-10-04T14:01:41.6402240Z  	      WHERE c.id = e.credential_id AND c.application_id = '73176d04c3654667138c23ec'
2026-10-04T14:01:41.6402694Z  	        AND c.xmin::text = e.credential_xmin AND c.public_key = e.public_client_id
2026-10-04T14:01:41.6403115Z  	        AND c.created_by_user_id = e.owner_id AND c.type = 'public'
2026-10-04T14:01:41.6403487Z  	        AND c.environment = 'production' AND c.status = 'active'
2026-10-04T14:01:41.6403843Z  	        AND c.secret_hash IS NULL AND c.expires_at IS NULL
2026-10-04T14:01:41.6404183Z  	        AND c.scopes = ARRAY['user:read']::text[]) <> 1 THEN
2026-10-04T14:01:41.6404600Z  	    RAISE EXCEPTION 'GoWay credential receipt no longer matches; refusing rollback';
2026-10-04T14:01:41.6404964Z  	  END IF;
2026-10-04T14:01:41.6405153Z  	END $$;
2026-10-04T14:01:41.6405501Z  2026-10-04 14:01:21.823 UTC [362] ERROR:  GoWay application receipt no longer matches; refusing rollback
2026-10-04T14:01:41.6406021Z  2026-10-04 14:01:21.823 UTC [362] CONTEXT:  PL/pgSQL function inline_code_block line 13 at RAISE
2026-10-04T14:01:41.6406436Z  2026-10-04 14:01:21.823 UTC [362] STATEMENT:  DO $$
2026-10-04T14:01:41.6406703Z  	BEGIN
2026-10-04T14:01:41.6406996Z  	  IF (SELECT count(*) FROM public.applications a, goway_rollback_expected e
2026-10-04T14:01:41.6407359Z  	      WHERE a.id = '73176d04c3654667138c23ec'
2026-10-04T14:01:41.6407673Z  	        AND a.xmin::text = e.app_xmin AND a.name = 'GoWay'
2026-10-04T14:01:41.6408058Z  	        AND a.owner_account_id = e.owner_id AND a.created_by_user_id = e.owner_id
2026-10-04T14:01:41.6408456Z  	        AND a.status = 'active' AND a.type = 'first_party'
2026-10-04T14:01:41.6408839Z  	        AND a.is_official AND NOT a.is_internal
2026-10-04T14:01:41.6409141Z  	        AND a.website_url = 'https://goway.to'
2026-10-04T14:01:41.6409482Z  	        AND a.redirect_uris = ARRAY['https://goway.to']::text[]
2026-10-04T14:01:41.6409811Z  	        AND a.scopes = ARRAY['user:read']::text[]
2026-10-04T14:01:41.6410125Z  	        AND a.capabilities = ARRAY[]::text[]) <> 1 THEN
2026-10-04T14:01:41.6410522Z  	    RAISE EXCEPTION 'GoWay application receipt no longer matches; refusing rollback';
2026-10-04T14:01:41.6410899Z  	  END IF;
2026-10-04T14:01:41.6411211Z  	  IF (SELECT count(*) FROM public.application_credentials
2026-10-04T14:01:41.6411579Z  	      WHERE application_id = '73176d04c3654667138c23ec') <> 1 OR
2026-10-04T14:01:41.6412003Z  	     (SELECT count(*) FROM public.application_credentials c, goway_rollback_expected e
2026-10-04T14:01:41.6412474Z  	      WHERE c.id = e.credential_id AND c.application_id = '73176d04c3654667138c23ec'
2026-10-04T14:01:41.6412973Z  	        AND c.xmin::text = e.credential_xmin AND c.public_key = e.public_client_id
2026-10-04T14:01:41.6413382Z  	        AND c.created_by_user_id = e.owner_id AND c.type = 'public'
2026-10-04T14:01:41.6413753Z  	        AND c.environment = 'production' AND c.status = 'active'
2026-10-04T14:01:41.6414096Z  	        AND c.secret_hash IS NULL AND c.expires_at IS NULL
2026-10-04T14:01:41.6414431Z  	        AND c.scopes = ARRAY['user:read']::text[]) <> 1 THEN
2026-10-04T14:01:41.6414830Z  	    RAISE EXCEPTION 'GoWay credential receipt no longer matches; refusing rollback';
2026-10-04T14:01:41.6415197Z  	  END IF;
2026-10-04T14:01:41.6415386Z  	END $$;
2026-10-04T14:01:41.6415728Z  2026-10-04 14:01:21.878 UTC [363] ERROR:  GoWay credential receipt no longer matches; refusing rollback
2026-10-04T14:01:41.6416245Z  2026-10-04 14:01:21.878 UTC [363] CONTEXT:  PL/pgSQL function inline_code_block line 24 at RAISE
2026-10-04T14:01:41.6416662Z  2026-10-04 14:01:21.878 UTC [363] STATEMENT:  DO $$
2026-10-04T14:01:41.6416934Z  	BEGIN
2026-10-04T14:01:41.6417220Z  	  IF (SELECT count(*) FROM public.applications a, goway_rollback_expected e
2026-10-04T14:01:41.6417593Z  	      WHERE a.id = '73176d04c3654667138c23ec'
2026-10-04T14:01:41.6417903Z  	        AND a.xmin::text = e.app_xmin AND a.name = 'GoWay'
2026-10-04T14:01:41.6418292Z  	        AND a.owner_account_id = e.owner_id AND a.created_by_user_id = e.owner_id
2026-10-04T14:01:41.6418749Z  	        AND a.status = 'active' AND a.type = 'first_party'
2026-10-04T14:01:41.6419076Z  	        AND a.is_official AND NOT a.is_internal
2026-10-04T14:01:41.6419380Z  	        AND a.website_url = 'https://goway.to'
2026-10-04T14:01:41.6419719Z  	        AND a.redirect_uris = ARRAY['https://goway.to']::text[]
2026-10-04T14:01:41.6420047Z  	        AND a.scopes = ARRAY['user:read']::text[]
2026-10-04T14:01:41.6420359Z  	        AND a.capabilities = ARRAY[]::text[]) <> 1 THEN
2026-10-04T14:01:41.6420761Z  	    RAISE EXCEPTION 'GoWay application receipt no longer matches; refusing rollback';
2026-10-04T14:01:41.6421131Z  	  END IF;
2026-10-04T14:01:41.6421375Z  	  IF (SELECT count(*) FROM public.application_credentials
2026-10-04T14:01:41.6421732Z  	      WHERE application_id = '73176d04c3654667138c23ec') <> 1 OR
2026-10-04T14:01:41.6422154Z  	     (SELECT count(*) FROM public.application_credentials c, goway_rollback_expected e
2026-10-04T14:01:41.6422617Z  	      WHERE c.id = e.credential_id AND c.application_id = '73176d04c3654667138c23ec'
2026-10-04T14:01:41.6423064Z  	        AND c.xmin::text = e.credential_xmin AND c.public_key = e.public_client_id
2026-10-04T14:01:41.6423466Z  	        AND c.created_by_user_id = e.owner_id AND c.type = 'public'
2026-10-04T14:01:41.6423843Z  	        AND c.environment = 'production' AND c.status = 'active'
2026-10-04T14:01:41.6424190Z  	        AND c.secret_hash IS NULL AND c.expires_at IS NULL
2026-10-04T14:01:41.6424533Z  	        AND c.scopes = ARRAY['user:read']::text[]) <> 1 THEN
2026-10-04T14:01:41.6424941Z  	    RAISE EXCEPTION 'GoWay credential receipt no longer matches; refusing rollback';
2026-10-04T14:01:41.6425310Z  	  END IF;
2026-10-04T14:01:41.6425498Z  	END $$;
2026-10-04T14:01:41.6425780Z  2026-10-04 14:01:40.721 UTC [70] LOG:  checkpoint starting: immediate force wait
2026-10-04T14:01:41.6426705Z  2026-10-04 14:01:40.743 UTC [70] LOG:  checkpoint complete: wrote 670 buffers (4.1%); 0 WAL file(s) added, 0 removed, 3 recycled; write=0.018 s, sync=0.001 s, total=0.022 s; sync files=102, longest=0.001 s, average=0.001 s; distance=45344 kB, estimate=45344 kB; lsn=0/631F740, redo lsn=0/631F6E8
2026-10-04T14:01:41.6432692Z Stop and remove container: d393710805cc4af4afdf0f5ea129a554_postgispostgis1735_5125f6
2026-10-04T14:01:41.6436610Z ##[command]/usr/bin/docker rm --force 203b786535d64e6a2b53da00e476dcc4d12ce1a6a06dcf86c258295145023d9b
2026-10-04T14:01:42.1973834Z 203b786535d64e6a2b53da00e476dcc4d12ce1a6a06dcf86c258295145023d9b
2026-10-04T14:01:42.1998592Z Remove container network: github_network_eeb853af386b4f5f90017836e58a8c01
2026-10-04T14:01:42.2003800Z ##[command]/usr/bin/docker network rm github_network_eeb853af386b4f5f90017836e58a8c01
2026-10-04T14:01:42.2992501Z github_network_eeb853af386b4f5f90017836e58a8c01
2026-10-04T14:01:42.3057931Z Cleaning up orphan processes
